movieId,title,title_ja,movie_year,genres,imdb_id,wikidata_qid,country_qids,is_coproduction,metadata_status,metadata_retrieved_at_utc,evidence_query_sha256
211874,Goldman v Silverman (2020),,2020,Comedy|Drama,tt11620752,,,,unmatched,2026-10-02T05:27:45Z,7c9bd0ead99fe1cedc1a83296f869770878c94b34ace67bc1d4760f1d4760822
211940,Leslie Jones: Time Machine (2020),,2020,Comedy,tt10795784,,,,unmatched,2026-10-02T05:26:58Z,be36a9a8fd48cdbb5f4129bdee4f66542e1c60a09f313d3f9b67e57b76bd26b3
212118,The Mercenary (2020),,2020,Action,tt8408218,,,,unmatched,2026-10-02T05:33:27Z,967066a3425e07f15cedaa50cd34fa619db7ae0620a3db8362c242f6d1812f5d
212221,Vir Das: For India (2020),,2020,Comedy,tt11611314,,,,unmatched,2026-10-02T05:27:45Z,7c9bd0ead99fe1cedc1a83296f869770878c94b34ace67bc1d4760f1d4760822
212403,Speed of Life (2020),,2020,Drama|Sci-Fi,tt8353466,,,,unmatched,2026-10-02T05:33:25Z,3dcc65c2c6a9891bfaae0b2ae3b9fde6953e3d71d8c9c4b2874ddbd33ef748af
212409,Patients of a Saint (2020),,2020,Horror,tt8406660,,,,unmatched,2026-10-02T05:33:27Z,967066a3425e07f15cedaa50cd34fa619db7ae0620a3db8362c242f6d1812f5d
212469,#cats_the_mewvie (2020),,2020,Documentary,tt11642302,,,,unmatched,2026-10-02T05:27:47Z,a8236c0e6b8985af815c1d1bda172de550fdb96a5ba869d592348be2747f7270
212477,My Valentine (2020),,2020,Horror|Thriller,tt11510064,,,,unmatched,2026-10-02T05:27:41Z,a8f7d11754e0bc083aadf57c6ceada40e22345891dec61fdd2e0ab9507354734
212511,Alone (2020),,2020,Thriller,tt10332854,,,,unmatched,2026-10-02T05:26:43Z,a81d988e3844a98140fa8938cb015f71b9ad770b7bc9163a855d68952217c1ff
212947,Uppity: The Willy T. Ribbs Story (2020),,2020,Documentary,tt5862338,,,,unmatched,2026-10-02T05:32:59Z,4151fd5e58e550c7338d4a11cd83c034b2e4d1d9e2718a940b4dcb8cb559fe27
213423,Pete Davidson: Alive from New York (2020),,2020,Comedy,tt11474156,,,,unmatched,2026-10-02T05:27:41Z,a8f7d11754e0bc083aadf57c6ceada40e22345891dec61fdd2e0ab9507354734
213543,Broken Swords: The Last In Line (2020),,2020,(no genres listed),tt5367690,,,,unmatched,2026-10-02T05:32:57Z,77fbf9f61e0b979c32dfb5d0fffabf5fd5302d17d60c1a40e58346c0c1bed1f8
213646,Cruel Peter (2020),,2020,Horror,tt6051260,,,,unmatched,2026-10-02T05:33:01Z,f2932b6f041cbc5d33a7a6aaa6b55d38b5d72368d5857c02f206e850b8a898c2
213668,Taylor Tomlinson: Quarter-Life Crisis (2020),,2020,Comedy,tt11738792,,,,unmatched,2026-10-02T05:27:51Z,e9bbcfb28ea411beedb0c53939e63a662ed31be8b0882f5217eae963f4dcdfda
213710,Alien Outbreak (2020),,2020,Horror|Sci-Fi,tt6409856,,,,unmatched,2026-10-02T05:33:03Z,4d0015a18bb85f96266dbd5815f966af9440cf4499ebae118fb32b3da8395963
213846,Agora ΙΙ: Δεσμώτες (2020),,2020,(no genres listed),tt11313114,,,,unmatched,2026-10-02T05:27:16Z,143bfc5b41d9d303a9735e7cd089995dd8292bbc89dba3eda0074e6269cd9c59
213848,...Για Πάντα (2020),,2020,Drama|Romance,tt11621650,,,,unmatched,2026-10-02T05:27:45Z,7c9bd0ead99fe1cedc1a83296f869770878c94b34ace67bc1d4760f1d4760822
214070,Marc Maron: End Times Fun (2020),,2020,Comedy,tt11810418,,,,unmatched,2026-10-02T05:27:54Z,4e274bd6e566ed2b99ab7845c0c09603d0c2e3284d9c6be80056ffb7c1c7bce4
214152,Love in Store (2020),,2020,Romance,tt10606866,,,,unmatched,2026-10-02T05:26:53Z,c214a6ae33c2588faea1cb69d7521e56b47c81e7ad693a75ab4268afa75dd19f
214180,Clown Fear (2020),,2020,Horror,tt8516596,,,,unmatched,2026-10-02T05:33:29Z,57b2f3a200c8ffeb18659ba69dd5eb345bdd477071b8caf2f038830b2a1add41
214240,Altered Carbon: Resleeved (2020),,2020,Animation|Crime|Drama|Fantasy|Mystery|Sci-Fi,tt9310328,Q90302055|Q97230768,Q17,,ambiguous,2026-10-02T05:33:41Z,5f5e45fa009bf17169d8dc52c69b46061be0180e56cfc03bad06e90f3e3402ab
214432,Sabre Dance (2020),,2020,Drama,tt9724734,,,,unmatched,2026-10-02T05:33:49Z,7d982dc21aa08adb9529914d43f83bb47a916287e182e5d34c676e43653c84b5
214604,Norm of the North: Family Vacation (2020),,2020,Animation|Children|Comedy,tt9434836,,,,unmatched,2026-10-02T05:33:45Z,9665b352781b47915d2d96f42fecad2af1c01f2be0dc6377fe925c22d683e16c
214698,Tom Segura: Ball Hog (2020),,2020,Comedy,tt11861072,,,,unmatched,2026-10-02T05:27:56Z,bddcd4b125e2d35d7ecefdba01a42d949881e708974efab5bed6f28014c6b62c
214720,The Improv Guru (2020),,2020,Comedy|Drama,tt11696350,,,,unmatched,2026-10-02T05:27:49Z,15de515b89a9aef6bc176883bde63f4cf5e4c755511a47ae843b8f8f8ccb041f
214752,Pandamonium (2020),,2020,Horror,tt9515298,,,,unmatched,2026-10-02T05:33:45Z,9665b352781b47915d2d96f42fecad2af1c01f2be0dc6377fe925c22d683e16c
215053,David Batra: Elephant in The Room (2020),,2020,Comedy,tt11987330,,,,unmatched,2026-10-02T05:27:59Z,43dddbb06fe1f457521da23c16ae47513cc16e3d34c296320b13af573b4f9703
215251,The Scheme (2020),,2020,Documentary,tt11916278,,,,unmatched,2026-10-02T05:27:57Z,08245447db9f5a5dd73f979b78ed0b0b18999be17b06b992117886893b449487
215283,The Nothing (2020),,2020,(no genres listed),tt7948854,,,,unmatched,2026-10-02T05:33:18Z,db3fa481ad3ef967d24896db5eb117b7f7a733054f4fc63e3dccc8532199946e
215293,The Neighbor in the Window (2020),,2020,Drama|Thriller,tt11379322,,,,unmatched,2026-10-02T05:27:17Z,3b250e9f26f0adb678b35c7491f1fe30a41d8b2a3ab5e523dc9b67d157bb8bb5
215311,You're Bacon Me Crazy (2020),,2020,Romance,tt11348950,,,,unmatched,2026-10-02T05:27:17Z,3b250e9f26f0adb678b35c7491f1fe30a41d8b2a3ab5e523dc9b67d157bb8bb5
215365,By Day's End (2020),,2020,Horror|Romance,tt4693840,,,,unmatched,2026-10-02T05:32:53Z,ffd3efa65aa8983380b863cd861d56f77a04a998cbb2cde24690a11c980ae5ab
215613,Love on Iceland (2020),,2020,Romance,tt11274564,,,,unmatched,2026-10-02T05:27:14Z,36399839ce18efd1da879e78899daf9733841799fd315985393e342d3934b68c
215929,Pooka Lives! (2020),,2020,Horror,tt11828642,,,,unmatched,2026-10-02T05:27:54Z,4e274bd6e566ed2b99ab7845c0c09603d0c2e3284d9c6be80056ffb7c1c7bce4
216235,An English Haunting (2020),,2020,Horror,tt9612368,,,,unmatched,2026-10-02T05:33:47Z,4fcad9c664cf0854fd0130a1c1950e3c9ceaee2a56caaaef0aaf50c7e4863dce
216444,Her Secret Family Killer (2020),,2020,Mystery|Thriller,tt10696018,,,,unmatched,2026-10-02T05:26:56Z,27762538674d29f4da22543f9476cb8f360b8416958807123e91c13a1dd7c42f
216452,Skinned (2020),,2020,Thriller,tt9214950,,,,unmatched,2026-10-02T05:33:40Z,d4d7e97e8533382be6c4413a96367f7488ded020b123ee2682b9f98cf635749e
216509,Chris D'Elia: No Pain (2020),,2020,Comedy,tt11987296,,,,unmatched,2026-10-02T05:27:59Z,43dddbb06fe1f457521da23c16ae47513cc16e3d34c296320b13af573b4f9703
216567,Gold Dust (2020),,2020,Adventure|Comedy,tt5588938,,,,unmatched,2026-10-02T05:32:57Z,77fbf9f61e0b979c32dfb5d0fffabf5fd5302d17d60c1a40e58346c0c1bed1f8
216581,40: The Temptation of Christ (2020),,2020,Drama,tt7697348,,,,unmatched,2026-10-02T05:33:16Z,560a5a14e8ca1ca22beec789ea96cdcb1e33a7acbb841a63a203485ece82276d
216607,Esther (2020),,2020,Comedy,tt12144478,,,,unmatched,2026-10-02T05:28:05Z,11e539e25cfd2edc140fb3daef430ef79ef3e6574e582595b465ce09b510c3b4
216609,Marcy Learns Something New (2020),,2020,(no genres listed),tt11660248,,,,unmatched,2026-10-02T05:27:47Z,a8236c0e6b8985af815c1d1bda172de550fdb96a5ba869d592348be2747f7270
216775,Visit (2020),,2020,Drama,tt12193474,,,,unmatched,2026-10-02T05:28:05Z,11e539e25cfd2edc140fb3daef430ef79ef3e6574e582595b465ce09b510c3b4
216967,The Stand at Paxton County (2020),,2020,Thriller,tt8362228,,,,unmatched,2026-10-02T05:33:25Z,3dcc65c2c6a9891bfaae0b2ae3b9fde6953e3d71d8c9c4b2874ddbd33ef748af
217023,Here We Are: Notes for Living on Planet Earth (2020),,2020,Animation|Children,tt11692010,Q115342402,,,country_missing,2026-10-02T05:27:49Z,15de515b89a9aef6bc176883bde63f4cf5e4c755511a47ae843b8f8f8ccb041f
217079,Patton Oswalt: I Love Everything (2020),,2020,Comedy,tt12146952,,,,unmatched,2026-10-02T05:28:05Z,11e539e25cfd2edc140fb3daef430ef79ef3e6574e582595b465ce09b510c3b4
217164,Sex and the Future (2020),,2020,Comedy,tt7541838,,,,unmatched,2026-10-02T05:33:14Z,1b206242f3146468dedfb936aba8ec73f64746c797407020197153c92bab6a15
217218,The Source of Shadows (2020),,2020,Horror,tt10695464,,,,unmatched,2026-10-02T05:26:56Z,27762538674d29f4da22543f9476cb8f360b8416958807123e91c13a1dd7c42f
217282,Trigger Points (2020),,2020,Drama|Sci-Fi,tt12159766,,,,unmatched,2026-10-02T05:28:05Z,11e539e25cfd2edc140fb3daef430ef79ef3e6574e582595b465ce09b510c3b4
217451,A Mother Knows Worst (2020),,2020,Drama|Thriller,tt12036096,,,,unmatched,2026-10-02T05:28:01Z,37abd2947849dfc1bad5ec9d6b05847939d338b85852f00f4eeaa736eed9fa72
217481,The Unborn (2020),,2020,Horror,tt10423074,,,,unmatched,2026-10-02T05:26:48Z,f703e0f4cfd16f0b2475fcf92fdcdc99dd42481e780b5d2d75a69c6b4be227ed
217497,The Jonestown Haunting (2020),,2020,Crime|Horror,tt9011916,,,,unmatched,2026-10-02T05:33:36Z,6f5a5f3548d636e34beaf2a15cfec9103eddf5cca1119b5a46f72c56ed1f9323
217557,Agent Jade Black (2020),,2020,Action,tt10275080,,,,unmatched,2026-10-02T05:26:41Z,788c96e7c12b4f240aa2500dff649dfa04d6ef48a7cdb9ca140a908ead0137ad
217565,A Perfect Plan (2020),,2020,Action|Crime|Mystery|Thriller,tt9261042,,,,unmatched,2026-10-02T05:33:41Z,5f5e45fa009bf17169d8dc52c69b46061be0180e56cfc03bad06e90f3e3402ab
217573,5G Zombies (2020),,2020,Horror,tt12142012,,,,unmatched,2026-10-02T05:28:03Z,79444bce0b48f7ceca561c950387a53acf5f989026a2e3df3cc895cd31d330c5
217647,Kenny Sebastian: The Most Interesting Person in the Room (2020),,2020,Comedy,tt12241424,,,,unmatched,2026-10-02T05:28:06Z,e604dea7f15fc68e7ca97c4f49c339822ac8d6942b907b49e4679178b63d84b5
217741,Furries the Movie (2020),,2020,Comedy|Horror,tt10796960,,,,unmatched,2026-10-02T05:26:58Z,be36a9a8fd48cdbb5f4129bdee4f66542e1c60a09f313d3f9b67e57b76bd26b3
217775,The Adventures of Açela (2020),,2020,Adventure|Animation|Comedy,tt9646548,,,,unmatched,2026-10-02T05:33:47Z,4fcad9c664cf0854fd0130a1c1950e3c9ceaee2a56caaaef0aaf50c7e4863dce
217777,Hope Ranch (2020),,2020,Children,tt5244812,,,,unmatched,2026-10-02T05:32:55Z,9c8487159e5dd4c42186272879c0aa92d2a6b7c87032a31061d9fd751e21c495
217793,8 Graves (2020),,2020,Horror,tt6669466,,,,unmatched,2026-10-02T05:33:04Z,465712e306b2c34c02bd3cc5a4b04d57c4d52326d843878a76948bd22b7805f3
217807,Out of Shadows (2020),,2020,Documentary,tt12131262,,,,unmatched,2026-10-02T05:28:03Z,79444bce0b48f7ceca561c950387a53acf5f989026a2e3df3cc895cd31d330c5
217885,Close Encounters of the Fifth Kind (2020),,2020,Documentary,tt12108272,,,,unmatched,2026-10-02T05:28:03Z,79444bce0b48f7ceca561c950387a53acf5f989026a2e3df3cc895cd31d330c5
217971,Primal: Tales of Savagery (2020),,2020,Action|Adventure|Animation,tt11191124,,,,unmatched,2026-10-02T05:27:12Z,2b41504b93e1d0f3ab052fe75b578bbd598982d6455640975ae87d4ccbee48b0
217991,Human Zoo (2020),,2020,Horror|Thriller,tt5575918,,,,unmatched,2026-10-02T05:32:57Z,77fbf9f61e0b979c32dfb5d0fffabf5fd5302d17d60c1a40e58346c0c1bed1f8
217997,The Insurrection (2020),,2020,Action,tt11718728,,,,unmatched,2026-10-02T05:27:51Z,e9bbcfb28ea411beedb0c53939e63a662ed31be8b0882f5217eae963f4dcdfda
218009,Batsh*t Bride (2020),,2020,Comedy,tt8026432,,,,unmatched,2026-10-02T05:33:19Z,94c443b20b34ac610786ccf0c5df8d23935a2482c2c95d02a22df12678703b2e
218029,Fame-ish (2020),,2020,(no genres listed),tt7931602,,,,unmatched,2026-10-02T05:33:18Z,db3fa481ad3ef967d24896db5eb117b7f7a733054f4fc63e3dccc8532199946e
218037,All for Nikki (2020),,2020,Comedy|Crime,tt4160608,,,,unmatched,2026-10-02T05:32:51Z,a69c82fe6dc658866d1241c253044ba8dfd1579d4c09583fd71c1aa73280da06
218229,Zoom (2020),,2020,Horror,tt12171626,,,,unmatched,2026-10-02T05:28:05Z,11e539e25cfd2edc140fb3daef430ef79ef3e6574e582595b465ce09b510c3b4
218237,Jesus (2020),,2020,Children,tt11010804,,,,unmatched,2026-10-02T05:27:06Z,c646d5a823a996130ca5aee18094953a7cfd27a0c73f52c866b6a8d1d8ee59bb
218305,Agent Toby Barks (2020),,2020,Adventure|Children|Comedy,tt11014432,,,,unmatched,2026-10-02T05:27:06Z,c646d5a823a996130ca5aee18094953a7cfd27a0c73f52c866b6a8d1d8ee59bb
218469,Good Boy (2020),,2020,Horror|Thriller,tt11828640,,,,unmatched,2026-10-02T05:27:54Z,4e274bd6e566ed2b99ab7845c0c09603d0c2e3284d9c6be80056ffb7c1c7bce4
218487,Long Gone Summer (2020),,2020,Documentary,tt12510864,Q131549875,,,country_missing,2026-10-02T05:28:12Z,5e1afcfbedcb6928e914055f59768f191817b7b1d66a96868c43b2febae42536
218575,Fortune Feimster: Sweet & Salty (2020),,2020,Comedy,tt11488724,,,,unmatched,2026-10-02T05:27:41Z,a8f7d11754e0bc083aadf57c6ceada40e22345891dec61fdd2e0ab9507354734
218645,Healing River (2020),,2020,Drama,tt5848326,,,,unmatched,2026-10-02T05:32:59Z,4151fd5e58e550c7338d4a11cd83c034b2e4d1d9e2718a940b4dcb8cb559fe27
218801,Gabriel's Inferno (2020),,2020,Romance,tt11316854,,,,unmatched,2026-10-02T05:27:16Z,143bfc5b41d9d303a9735e7cd089995dd8292bbc89dba3eda0074e6269cd9c59
218813,The Last Beyond (2020),,2020,Drama,tt6275002,,,,unmatched,2026-10-02T05:33:03Z,4d0015a18bb85f96266dbd5815f966af9440cf4499ebae118fb32b3da8395963
219017,The Haunting of Molly Bannister (2020),,2020,Drama|Horror,tt8636456,,,,unmatched,2026-10-02T05:33:31Z,9079f516a486cf64dfc5992724f04569e9ceae4b6fa40b33f9686cae79ff16f9
219045,I Blame Society (2020),,2020,(no genres listed),tt11469196,,,,unmatched,2026-10-02T05:27:41Z,a8f7d11754e0bc083aadf57c6ceada40e22345891dec61fdd2e0ab9507354734
219115,A Clear Shot (2020),,2020,Drama|Thriller,tt9866202,,,,unmatched,2026-10-02T05:33:55Z,1fd7dac2c76356ce4197d92e642ec08dfb1fece05708f9d97f9ef30f7849409c
219218,Space (2020),,2020,Horror|Sci-Fi,tt8710832,,,,unmatched,2026-10-02T05:33:31Z,9079f516a486cf64dfc5992724f04569e9ceae4b6fa40b33f9686cae79ff16f9
219228,Carrion (2020),,2020,Horror,tt10419672,,,,unmatched,2026-10-02T05:26:48Z,f703e0f4cfd16f0b2475fcf92fdcdc99dd42481e780b5d2d75a69c6b4be227ed
219286,Heroes (2020),,2020,Documentary,tt11620786,,,,unmatched,2026-10-02T05:27:45Z,7c9bd0ead99fe1cedc1a83296f869770878c94b34ace67bc1d4760f1d4760822
219300,Finding Randy (2020),,2020,(no genres listed),tt12012266,,,,unmatched,2026-10-02T05:28:01Z,37abd2947849dfc1bad5ec9d6b05847939d338b85852f00f4eeaa736eed9fa72
219330,George Lopez: We'll Do It for Half (2020),,2020,(no genres listed),tt12358794,,,,unmatched,2026-10-02T05:28:08Z,263cba6f5ea26c4ff9f92f33a23b18cb9f4cbcb1dc4090295a6f74c47776071f
219418,The Swing of Things (2020),,2020,Comedy,tt6833470,,,,unmatched,2026-10-02T05:33:06Z,0d61171dc2a9cf28d0358032ddf83bd9bcc54a227710069734878685e6dcb8ca
219442,Thiago Ventura: POKAS (2020),,2020,Comedy,tt12547440,,,,unmatched,2026-10-02T05:28:14Z,59e1c683b047ca20bf821fd5c2008e64290ae4df2de665436a2a9dafd10e71d2
219531,Variant (2020),,2020,Sci-Fi,tt7236054,,,,unmatched,2026-10-02T05:33:11Z,1abab7ed0ecd62c0f24a2762907eea175e20f7e9dbc6bd7019d93e269c3a85c0
219565,NASA & SpaceX: Journey to the Future (2020),,2020,Documentary,tt12397734,,,,unmatched,2026-10-02T05:28:10Z,d82b2042d25de54ec50448df498ce73e86406d6bf74c2887b71b1856bdd3f36e
219573,We Bare Bears: The Movie (2020),ぼくらベアベアーズ: ザ・ムービー,2020,Adventure|Animation|Children|Comedy,tt10474606,Q95154246,,,country_missing,2026-10-02T05:26:50Z,f8c65246a2303e0a91172bdf896d40eba3b911da444a0269d9cb0e949557c342
219623,Psycho Yoga Instructor (2020),,2020,Drama,tt12467140,,,,unmatched,2026-10-02T05:28:12Z,5e1afcfbedcb6928e914055f59768f191817b7b1d66a96868c43b2febae42536
219669,Jim Jefferies: Intolerant (2020),,2020,Comedy,tt12588160,,,,unmatched,2026-10-02T05:28:14Z,59e1c683b047ca20bf821fd5c2008e64290ae4df2de665436a2a9dafd10e71d2
219822,Gina Brillon: The Floor Is Lava (2020),,2020,Comedy,tt12323842,,,,unmatched,2026-10-02T05:28:08Z,263cba6f5ea26c4ff9f92f33a23b18cb9f4cbcb1dc4090295a6f74c47776071f
219966,Tainted (2020),,2020,Crime|Drama|Thriller,tt3952864,,,,unmatched,2026-10-02T05:32:51Z,a69c82fe6dc658866d1241c253044ba8dfd1579d4c09583fd71c1aa73280da06
219986,Hidden Orchard Mysteries: The Case of the Air B and B Robbery (2020),,2020,Children|Mystery,tt11242340,,,,unmatched,2026-10-02T05:27:14Z,36399839ce18efd1da879e78899daf9733841799fd315985393e342d3934b68c
220068,Eric Andre: Legalize Everything (2020),,2020,Comedy,tt12327104,,,,unmatched,2026-10-02T05:28:08Z,263cba6f5ea26c4ff9f92f33a23b18cb9f4cbcb1dc4090295a6f74c47776071f
220258,Stealing School (2020),,2020,Comedy|Drama,tt9000528,,,,unmatched,2026-10-02T05:33:36Z,6f5a5f3548d636e34beaf2a15cfec9103eddf5cca1119b5a46f72c56ed1f9323
220310,Allan The Dog (2020),,2020,Comedy,tt9286670,,,,unmatched,2026-10-02T05:33:41Z,5f5e45fa009bf17169d8dc52c69b46061be0180e56cfc03bad06e90f3e3402ab
220342,A Stormy Night (2020),,2020,(no genres listed),tt10264878,,,,unmatched,2026-10-02T05:26:38Z,98388e59f7129bd2b73d0df86462a131865604a9bd1dd056abd72ee8bf302442
220708,The Current Occupant (2020),,2020,Horror|Mystery|Thriller,tt11629124,,,,unmatched,2026-10-02T05:27:47Z,a8236c0e6b8985af815c1d1bda172de550fdb96a5ba869d592348be2747f7270
220844,Deadly Mile High Club (2020),,2020,Thriller,tt12014538,,,,unmatched,2026-10-02T05:28:01Z,37abd2947849dfc1bad5ec9d6b05847939d338b85852f00f4eeaa736eed9fa72
220964,BET Awards (2020),,2020,(no genres listed),tt12368594,,,,unmatched,2026-10-02T05:28:08Z,263cba6f5ea26c4ff9f92f33a23b18cb9f4cbcb1dc4090295a6f74c47776071f
220984,"Yvonne Orji: Momma, I Made It! (2020)",,2020,Comedy,tt12384684,,,,unmatched,2026-10-02T05:28:08Z,263cba6f5ea26c4ff9f92f33a23b18cb9f4cbcb1dc4090295a6f74c47776071f
221024,Dead Voices (2020),,2020,Horror|Mystery|Thriller,tt10437542,,,,unmatched,2026-10-02T05:26:48Z,f703e0f4cfd16f0b2475fcf92fdcdc99dd42481e780b5d2d75a69c6b4be227ed
221152,Browse (2020),,2020,Horror|Thriller,tt5580306,,,,unmatched,2026-10-02T05:32:57Z,77fbf9f61e0b979c32dfb5d0fffabf5fd5302d17d60c1a40e58346c0c1bed1f8
221158,Jack Whitehall: I'm Only Joking (2020),,2020,Comedy,tt12588432,,,,unmatched,2026-10-02T05:28:14Z,59e1c683b047ca20bf821fd5c2008e64290ae4df2de665436a2a9dafd10e71d2
221208,Choke (2020),,2020,Horror|Thriller,tt11127256,,,,unmatched,2026-10-02T05:27:08Z,127d606e775dce36dc1f55a3f8b276c41f3cae74a383e6a04c806cd8f248e627
221236,One World: Together at Home (2020),,2020,(no genres listed),tt12144858,,,,unmatched,2026-10-02T05:28:05Z,11e539e25cfd2edc140fb3daef430ef79ef3e6574e582595b465ce09b510c3b4
221286,Nowhere Alaska (2020),,2020,(no genres listed),tt8696480,,,,unmatched,2026-10-02T05:33:31Z,9079f516a486cf64dfc5992724f04569e9ceae4b6fa40b33f9686cae79ff16f9
221290,Millennial Killer (2020),,2020,Horror,tt8090624,,,,unmatched,2026-10-02T05:33:21Z,d6f2ae622aad071d11307bb1ccc7fa8264dabab7a967bcdc0f4622c976875e54
221318,Amityville Island (2020),,2020,Horror,tt12057580,,,,unmatched,2026-10-02T05:28:01Z,37abd2947849dfc1bad5ec9d6b05847939d338b85852f00f4eeaa736eed9fa72
221406,Mighty Oak (2020),,2020,Comedy|Drama,tt9702438,,,,unmatched,2026-10-02T05:33:49Z,7d982dc21aa08adb9529914d43f83bb47a916287e182e5d34c676e43653c84b5
221624,Slow Ride Home (2020),,2020,(no genres listed),tt12261752,,,,unmatched,2026-10-02T05:28:06Z,e604dea7f15fc68e7ca97c4f49c339822ac8d6942b907b49e4679178b63d84b5
221670,PS5 - The Future of Gaming (2020),,2020,Documentary,tt12505594,,,,unmatched,2026-10-02T05:28:12Z,5e1afcfbedcb6928e914055f59768f191817b7b1d66a96868c43b2febae42536
221842,Urzila Carlson: Overqualified Loser (2020),,2020,(no genres listed),tt12580626,,,,unmatched,2026-10-02T05:28:14Z,59e1c683b047ca20bf821fd5c2008e64290ae4df2de665436a2a9dafd10e71d2
221858,Sam Jay: 3 in the Morning (2020),,2020,Comedy,tt12689876,,,,unmatched,2026-10-02T05:28:18Z,1d66962e3349c1e5167447f957a3b4e9238cadf658d89fc06a5e5dabb118905e
221860,After The Disaster: Stories from The Tsunami (2020),,2020,Documentary,tt11946080,,,,unmatched,2026-10-02T05:27:59Z,43dddbb06fe1f457521da23c16ae47513cc16e3d34c296320b13af573b4f9703
221892,Pollywood (2020),,2020,Documentary,tt5594424,,,,unmatched,2026-10-02T05:32:57Z,77fbf9f61e0b979c32dfb5d0fffabf5fd5302d17d60c1a40e58346c0c1bed1f8
221902,Todd McFarlane: Like Hell I Won't (2020),,2020,Documentary,tt12752496,,,,unmatched,2026-10-02T05:28:19Z,218012112723c4c561103120856f249ea0a344797f17512f3710cdcd512eeaa5
221973,DIVOS! (2020),,2020,Comedy,tt8342232,,,,unmatched,2026-10-02T05:33:25Z,3dcc65c2c6a9891bfaae0b2ae3b9fde6953e3d71d8c9c4b2874ddbd33ef748af
222075,We Are Freestyle Love Supreme (2020),,2020,Documentary,tt11426644,,,,unmatched,2026-10-02T05:27:39Z,08a8d2dd3fb772690e72388559bcdf4bb3e23e43be9a6657d270252f1eaa9302
222115,"Rob Schneider: Asian Momma, Mexican Kids (2020)",,2020,Comedy,tt12724632,,,,unmatched,2026-10-02T05:28:18Z,1d66962e3349c1e5167447f957a3b4e9238cadf658d89fc06a5e5dabb118905e
222294,A Killer Next Door (2020),,2020,Thriller,tt10293308,,,,unmatched,2026-10-02T05:26:41Z,788c96e7c12b4f240aa2500dff649dfa04d6ef48a7cdb9ca140a908ead0137ad
222469,Attack of the Unknown (2020),,2020,Action|Sci-Fi,tt8804580,,,,unmatched,2026-10-02T05:33:33Z,ead8b99b6ebb5910a8d6d20ab243bac8ac8abe5b3af19102baa84a40690ee863
222507,Murder Death Koreatown (2020),,2020,Crime|Horror|Mystery,tt11777308,,,,unmatched,2026-10-02T05:27:52Z,36246feddf237bea6772977dbe79de062da143f99b8b3bbd1c26d27cfa104201
222545,Vibration (2020),,2020,Horror,tt11821034,,,,unmatched,2026-10-02T05:27:54Z,4e274bd6e566ed2b99ab7845c0c09603d0c2e3284d9c6be80056ffb7c1c7bce4
222587,Black Friday (2020),,2020,Comedy|Horror,tt11242292,,,,unmatched,2026-10-02T05:27:14Z,36399839ce18efd1da879e78899daf9733841799fd315985393e342d3934b68c
222619,Tribal Get Out Alive (2020),,2020,Action|Horror|Thriller,tt10126136,,,,unmatched,2026-10-02T05:26:34Z,656ced9738d28e3817f807f3b3ce4b9cc8464e0d49f5aad4e40adc2f869b03be
222635,Battle Scars (2020),,2020,War,tt12071472,,,,unmatched,2026-10-02T05:28:03Z,79444bce0b48f7ceca561c950387a53acf5f989026a2e3df3cc895cd31d330c5
222637,Ghoul Catchers (2020),,2020,Comedy,tt10383944,,,,unmatched,2026-10-02T05:26:45Z,48b37011911d89b063fe966e90953b3c2e02003899ff9ddd98fb5318813c5bbe
222681,Heartbeat (2020),,2020,Thriller,tt11127512,,,,unmatched,2026-10-02T05:27:10Z,7aaa0828219af88ec0aae588bf603c00fba846ebcbd63c37fb196fa103f909a0
222727,Shifter (2020),,2020,Horror|Sci-Fi|Thriller,tt11685574,,,,unmatched,2026-10-02T05:27:49Z,15de515b89a9aef6bc176883bde63f4cf5e4c755511a47ae843b8f8f8ccb041f
222765,Shadow of Violence (2020),,2020,(no genres listed),tt9054242,,,,unmatched,2026-10-02T05:33:36Z,6f5a5f3548d636e34beaf2a15cfec9103eddf5cca1119b5a46f72c56ed1f9323
222833,Steve-O: Gnarly (2020),,2020,Comedy,tt12764048,,,,unmatched,2026-10-02T05:28:19Z,218012112723c4c561103120856f249ea0a344797f17512f3710cdcd512eeaa5
223041,Gabriel's Inferno Part II (2020),,2020,Romance,tt11641654,,,,unmatched,2026-10-02T05:27:47Z,a8236c0e6b8985af815c1d1bda172de550fdb96a5ba869d592348be2747f7270
223069,The Complex: Lockdown (2020),,2020,Sci-Fi,tt12550060,,,,unmatched,2026-10-02T05:28:14Z,59e1c683b047ca20bf821fd5c2008e64290ae4df2de665436a2a9dafd10e71d2
223075,The Dalton Gang (2020),,2020,(no genres listed),tt11902980,,,,unmatched,2026-10-02T05:27:57Z,08245447db9f5a5dd73f979b78ed0b0b18999be17b06b992117886893b449487
223081,Green Rush (2020),,2020,Action|Drama|Thriller,tt8170358,,,,unmatched,2026-10-02T05:33:21Z,d6f2ae622aad071d11307bb1ccc7fa8264dabab7a967bcdc0f4622c976875e54
223099,Nothing But the Blood (2020),,2020,Drama|Horror|Thriller,tt11742524,,,,unmatched,2026-10-02T05:27:51Z,e9bbcfb28ea411beedb0c53939e63a662ed31be8b0882f5217eae963f4dcdfda
223175,The Last Big Save (2020),,2020,Drama,tt9673140,,,,unmatched,2026-10-02T05:33:49Z,7d982dc21aa08adb9529914d43f83bb47a916287e182e5d34c676e43653c84b5
223290,The Haunting of Margam Castle (2020),,2020,(no genres listed),tt10648146,,,,unmatched,2026-10-02T05:26:55Z,3a950305fc0d41589e532c30cd7a5f7bbba3a5e9133df80c92c70027dffa2d6b
223324,How to Fake a War (2020),,2020,(no genres listed),tt4665586,,,,unmatched,2026-10-02T05:32:53Z,ffd3efa65aa8983380b863cd861d56f77a04a998cbb2cde24690a11c980ae5ab
223340,The Last Conception (2020),,2020,Children|Comedy|Drama,tt9129362,,,,unmatched,2026-10-02T05:33:38Z,1a816c8bf268f2bfd9a20f8f2131f32b36146b00b21d5a7e287cb71aee5b7652
223394,Rook (2020),,2020,Comedy|Crime|Drama,tt8487982,,,,unmatched,2026-10-02T05:33:27Z,967066a3425e07f15cedaa50cd34fa619db7ae0620a3db8362c242f6d1812f5d
223404,Ballbuster (2020),,2020,Comedy,tt8334452,,,,unmatched,2026-10-02T05:33:25Z,3dcc65c2c6a9891bfaae0b2ae3b9fde6953e3d71d8c9c4b2874ddbd33ef748af
223496,Dark Stories (2020),,2020,Horror,tt9598554,,,,unmatched,2026-10-02T05:33:47Z,4fcad9c664cf0854fd0130a1c1950e3c9ceaee2a56caaaef0aaf50c7e4863dce
223576,Almost Human (2020),,2020,Crime|Mystery|Romance|Sci-Fi,tt12734252,,,,unmatched,2026-10-02T05:28:18Z,1d66962e3349c1e5167447f957a3b4e9238cadf658d89fc06a5e5dabb118905e
223600,Free Burma Rangers (2020),,2020,Documentary,tt10683800,,,,unmatched,2026-10-02T05:26:55Z,3a950305fc0d41589e532c30cd7a5f7bbba3a5e9133df80c92c70027dffa2d6b
223626,James Veitch: Straight to VHS (2020),,2020,Comedy,tt12919740,,,,unmatched,2026-10-02T05:28:25Z,30280bbfa3df7b5339857b827f5f9bd1c1c0ecd3f4dd0cdd57312f765e907087
223842,From Bedrooms to Billions: The PlayStation Revolution (2020),,2020,Documentary,tt5843300,,,,unmatched,2026-10-02T05:32:59Z,4151fd5e58e550c7338d4a11cd83c034b2e4d1d9e2718a940b4dcb8cb559fe27
223936,Switched (2020),,2020,Children,tt8068826,,,,unmatched,2026-10-02T05:33:19Z,94c443b20b34ac610786ccf0c5df8d23935a2482c2c95d02a22df12678703b2e
223940,In My Room (2020),,2020,Documentary,tt12762684,,,,unmatched,2026-10-02T05:28:19Z,218012112723c4c561103120856f249ea0a344797f17512f3710cdcd512eeaa5
223958,Magnum Dopus: The Making of Jay and Silent Bob Reboot (2020),,2020,Documentary,tt12179904,,,,unmatched,2026-10-02T05:28:05Z,11e539e25cfd2edc140fb3daef430ef79ef3e6574e582595b465ce09b510c3b4
223992,Qarakoz (2020),,2020,Horror,tt9239802,,,,unmatched,2026-10-02T05:33:41Z,5f5e45fa009bf17169d8dc52c69b46061be0180e56cfc03bad06e90f3e3402ab
224074,The Astronaut of God (2020),,2020,Drama|Sci-Fi,tt11689278,,,,unmatched,2026-10-02T05:27:49Z,15de515b89a9aef6bc176883bde63f4cf5e4c755511a47ae843b8f8f8ccb041f
224140,Clownface (2020),,2020,Horror,tt4773982,,,,unmatched,2026-10-02T05:32:53Z,ffd3efa65aa8983380b863cd861d56f77a04a998cbb2cde24690a11c980ae5ab
224156,Pretending I'm a Superman: The Tony Hawk Video Game Story (2020),,2020,Documentary,tt11698280,,,,unmatched,2026-10-02T05:27:49Z,15de515b89a9aef6bc176883bde63f4cf5e4c755511a47ae843b8f8f8ccb041f
224226,Sifir Bir (2020),,2020,Action|Drama,tt11493232,Q118212762,,,country_missing,2026-10-02T05:27:41Z,a8f7d11754e0bc083aadf57c6ceada40e22345891dec61fdd2e0ab9507354734
224236,Vampire Virus (2020),,2020,Horror|Thriller,tt10960976,,,,unmatched,2026-10-02T05:27:04Z,6bf8bbc4cdcbf2378683a76547ea7f87b48fb11ba6803fa98827de7b1853d87a
224240,The Last Laugh (2020),,2020,Horror|Thriller,tt8333418,,,,unmatched,2026-10-02T05:33:25Z,3dcc65c2c6a9891bfaae0b2ae3b9fde6953e3d71d8c9c4b2874ddbd33ef748af
224300,Rose Matafeo: Horndog (2020),,2020,Comedy,tt11459860,Q125975859,,,country_missing,2026-10-02T05:27:41Z,a8f7d11754e0bc083aadf57c6ceada40e22345891dec61fdd2e0ab9507354734
224411,You're Not Alone (2020),,2020,Horror|Thriller,tt6332158,,,,unmatched,2026-10-02T05:33:03Z,4d0015a18bb85f96266dbd5815f966af9440cf4499ebae118fb32b3da8395963
224433,Emerson Heights (2020),,2020,Drama|Romance,tt6720438,,,,unmatched,2026-10-02T05:33:06Z,0d61171dc2a9cf28d0358032ddf83bd9bcc54a227710069734878685e6dcb8ca
224461,Cookie (2020),,2020,Drama|Horror,tt11743900,,,,unmatched,2026-10-02T05:27:51Z,e9bbcfb28ea411beedb0c53939e63a662ed31be8b0882f5217eae963f4dcdfda
224509,Beth Stelling: Girl Daddy (2020),,2020,Comedy,tt12929230,,,,unmatched,2026-10-02T05:28:25Z,30280bbfa3df7b5339857b827f5f9bd1c1c0ecd3f4dd0cdd57312f765e907087
224591,Last Shot (2020),,2020,Drama,tt7641334,,,,unmatched,2026-10-02T05:33:16Z,560a5a14e8ca1ca22beec789ea96cdcb1e33a7acbb841a63a203485ece82276d
224683,Half White (2020),,2020,(no genres listed),tt6902000,,,,unmatched,2026-10-02T05:33:09Z,1e5f97a70bd788473de953003d22877cf92b95c4581befbec11976b51b4f63d8
224689,Guardian of the Palace (2020),,2020,(no genres listed),tt12849496,,,,unmatched,2026-10-02T05:28:24Z,0bd6a12470cb2b08cd584fa7fb45cf59fdb21f213662507c41f950e14225b849
224713,Up On The Glass (2020),,2020,Drama|Thriller,tt7907898,,,,unmatched,2026-10-02T05:33:18Z,db3fa481ad3ef967d24896db5eb117b7f7a733054f4fc63e3dccc8532199946e
224731,The Secret Ingredient (2020),,2020,Romance,tt11421396,,,,unmatched,2026-10-02T05:27:39Z,08a8d2dd3fb772690e72388559bcdf4bb3e23e43be9a6657d270252f1eaa9302
224745,First Lady (2020),,2020,Drama|Romance,tt9068272,,,,unmatched,2026-10-02T05:33:38Z,1a816c8bf268f2bfd9a20f8f2131f32b36146b00b21d5a7e287cb71aee5b7652
224773,Extra Innings (2020),,2020,Drama,tt5502524,,,,unmatched,2026-10-02T05:32:57Z,77fbf9f61e0b979c32dfb5d0fffabf5fd5302d17d60c1a40e58346c0c1bed1f8
224811,Fantasy Magician (2020),,2020,Action|Drama,tt12008944,,,,unmatched,2026-10-02T05:28:01Z,37abd2947849dfc1bad5ec9d6b05847939d338b85852f00f4eeaa736eed9fa72
224873,A Dark Path (2020),,2020,Horror,tt10546058,,,,unmatched,2026-10-02T05:26:53Z,c214a6ae33c2588faea1cb69d7521e56b47c81e7ad693a75ab4268afa75dd19f
224875,DTF (2020),,2020,Documentary,tt6642788,,,,unmatched,2026-10-02T05:33:04Z,465712e306b2c34c02bd3cc5a4b04d57c4d52326d843878a76948bd22b7805f3
224879,Older (2020),,2020,Drama|Romance,tt3391908,,,,unmatched,2026-10-02T05:32:47Z,a0384fcc80646bd19d44f452f6cab05bad58f55922309b9f5985d937b1f02eea
224903,Rundfunk: Jachterwachter (2020),,2020,Comedy,tt10699348,,,,unmatched,2026-10-02T05:26:56Z,27762538674d29f4da22543f9476cb8f360b8416958807123e91c13a1dd7c42f
224925,Fernando Torres: The Last Symbol (2020),,2020,Documentary,tt11162304,,,,unmatched,2026-10-02T05:27:10Z,7aaa0828219af88ec0aae588bf603c00fba846ebcbd63c37fb196fa103f909a0
224941,I've Got Issues (2020),,2020,Comedy|Drama,tt9043132,,,,unmatched,2026-10-02T05:33:36Z,6f5a5f3548d636e34beaf2a15cfec9103eddf5cca1119b5a46f72c56ed1f9323
225037,Parallel Minds (2020),,2020,Sci-Fi|Thriller,tt7642500,,,,unmatched,2026-10-02T05:33:16Z,560a5a14e8ca1ca22beec789ea96cdcb1e33a7acbb841a63a203485ece82276d
225039,Time Loop (2020),,2020,Sci-Fi,tt8458534,,,,unmatched,2026-10-02T05:33:27Z,967066a3425e07f15cedaa50cd34fa619db7ae0620a3db8362c242f6d1812f5d
225067,Public Trust (2020),,2020,Documentary,tt12267100,,,,unmatched,2026-10-02T05:28:06Z,e604dea7f15fc68e7ca97c4f49c339822ac8d6942b907b49e4679178b63d84b5
225331,David Blaine: Ascension (2020),,2020,Documentary,tt12974804,,,,unmatched,2026-10-02T05:28:27Z,6737767853427b644d3c347b89fee8b357a567896acdee568249ae856781d507
225337,First One In (2020),,2020,Comedy,tt11049086,,,,unmatched,2026-10-02T05:27:06Z,c646d5a823a996130ca5aee18094953a7cfd27a0c73f52c866b6a8d1d8ee59bb
225643,Killer Cheerleader (2020),,2020,Thriller,tt10466526,,,,unmatched,2026-10-02T05:26:50Z,f8c65246a2303e0a91172bdf896d40eba3b911da444a0269d9cb0e949557c342
225693,Burn the Witch (2020),,2020,Action|Animation|Fantasy,tt12011442,,,,unmatched,2026-10-02T05:28:01Z,37abd2947849dfc1bad5ec9d6b05847939d338b85852f00f4eeaa736eed9fa72
225745,The Choice 2020 (2020),,2020,Documentary,tt12694832,,,,unmatched,2026-10-02T05:28:18Z,1d66962e3349c1e5167447f957a3b4e9238cadf658d89fc06a5e5dabb118905e
225824,The Sit-In: Harry Belafonte Hosts The Tonight Show (2020),,2020,Documentary,tt11723904,,,,unmatched,2026-10-02T05:27:51Z,e9bbcfb28ea411beedb0c53939e63a662ed31be8b0882f5217eae963f4dcdfda
225846,Paranormal Attraction (2020),,2020,Horror,tt10223876,,,,unmatched,2026-10-02T05:26:38Z,98388e59f7129bd2b73d0df86462a131865604a9bd1dd056abd72ee8bf302442
225900,Pretty People (2020),,2020,(no genres listed),tt11468906,,,,unmatched,2026-10-02T05:27:41Z,a8f7d11754e0bc083aadf57c6ceada40e22345891dec61fdd2e0ab9507354734
225990,Inspector Ike (2020),,2020,Comedy,tt11463324,,,,unmatched,2026-10-02T05:27:41Z,a8f7d11754e0bc083aadf57c6ceada40e22345891dec61fdd2e0ab9507354734
226010,Ouija Craft (2020),,2020,(no genres listed),tt10990970,,,,unmatched,2026-10-02T05:27:04Z,6bf8bbc4cdcbf2378683a76547ea7f87b48fb11ba6803fa98827de7b1853d87a
226022,The House in Between (2020),,2020,Documentary|Horror|Thriller,tt11568236,,,,unmatched,2026-10-02T05:27:43Z,c15e85383259189558d760784a7090e52d81cacc7ef49b8561e330647f008467
226038,Welcome to the Circle (2020),,2020,Horror,tt3918800,,,,unmatched,2026-10-02T05:32:51Z,a69c82fe6dc658866d1241c253044ba8dfd1579d4c09583fd71c1aa73280da06
226076,The Black Emperor of Broadway (2020),,2020,(no genres listed),tt9612892,,,,unmatched,2026-10-02T05:33:47Z,4fcad9c664cf0854fd0130a1c1950e3c9ceaee2a56caaaef0aaf50c7e4863dce
226094,Undone (2020),,2020,Documentary,tt11595776,,,,unmatched,2026-10-02T05:27:45Z,7c9bd0ead99fe1cedc1a83296f869770878c94b34ace67bc1d4760f1d4760822
226164,In Other Words (2020),,2020,Comedy|Romance,tt9104196,,,,unmatched,2026-10-02T05:33:38Z,1a816c8bf268f2bfd9a20f8f2131f32b36146b00b21d5a7e287cb71aee5b7652
226182,Endgame 2050 (2020),,2020,Documentary,tt12292428,,,,unmatched,2026-10-02T05:28:06Z,e604dea7f15fc68e7ca97c4f49c339822ac8d6942b907b49e4679178b63d84b5
226198,Barbie & Kendra Save the Tiger King (2020),,2020,Comedy|Horror,tt12338128,,,,unmatched,2026-10-02T05:28:08Z,263cba6f5ea26c4ff9f92f33a23b18cb9f4cbcb1dc4090295a6f74c47776071f
226244,Wild Card: The Downfall of a Radio Loudmouth (2020),,2020,Documentary,tt13085760,,,,unmatched,2026-10-02T05:29:16Z,31963caaca5afa65978012f1c57b1f4cc727c44413fa07639eee178d1b60a84e
226260,Michelle Buteau: Welcome to Buteaupia (2020),,2020,Comedy,tt12509942,,,,unmatched,2026-10-02T05:28:12Z,5e1afcfbedcb6928e914055f59768f191817b7b1d66a96868c43b2febae42536
226304,Michael McIntyre: Showman (2020),,2020,Comedy,tt11860624,,,,unmatched,2026-10-02T05:27:56Z,bddcd4b125e2d35d7ecefdba01a42d949881e708974efab5bed6f28014c6b62c
226518,A Feral World (2020),,2020,Drama|Horror|Sci-Fi,tt9542116,,,,unmatched,2026-10-02T05:33:45Z,9665b352781b47915d2d96f42fecad2af1c01f2be0dc6377fe925c22d683e16c
226530,Safeguard: An Electoral College Story (2020),,2020,Documentary,tt12981236,,,,unmatched,2026-10-02T05:28:27Z,6737767853427b644d3c347b89fee8b357a567896acdee568249ae856781d507
226572,Tom Papa: You're Doing Great! (2020),,2020,Comedy,tt11177308,,,,unmatched,2026-10-02T05:27:10Z,7aaa0828219af88ec0aae588bf603c00fba846ebcbd63c37fb196fa103f909a0
226584,Being a Human Person (2020),,2020,Documentary,tt9308410,,,,unmatched,2026-10-02T05:33:41Z,5f5e45fa009bf17169d8dc52c69b46061be0180e56cfc03bad06e90f3e3402ab
226630,Unparalleled Mulan (2020),,2020,Action|War,tt12186846,,,,unmatched,2026-10-02T05:28:05Z,11e539e25cfd2edc140fb3daef430ef79ef3e6574e582595b465ce09b510c3b4
226806,The Scientist (2020),,2020,Horror,tt7741388,,,,unmatched,2026-10-02T05:33:16Z,560a5a14e8ca1ca22beec789ea96cdcb1e33a7acbb841a63a203485ece82276d
226854,Cheer Squad Secrets (2020),,2020,Thriller,tt11203772,,,,unmatched,2026-10-02T05:27:12Z,2b41504b93e1d0f3ab052fe75b578bbd598982d6455640975ae87d4ccbee48b0
226872,Cult (2020),,2020,Comedy|Drama,tt10122846,,,,unmatched,2026-10-02T05:26:34Z,656ced9738d28e3817f807f3b3ce4b9cc8464e0d49f5aad4e40adc2f869b03be
227150,Algorithm: BLISS (2020),,2020,Sci-Fi|Thriller,tt3212608,,,,unmatched,2026-10-02T05:32:47Z,a0384fcc80646bd19d44f452f6cab05bad58f55922309b9f5985d937b1f02eea
227280,Getaway (2020),,2020,Horror|Thriller,tt6263490,,,,unmatched,2026-10-02T05:33:01Z,f2932b6f041cbc5d33a7a6aaa6b55d38b5d72368d5857c02f206e850b8a898c2
227434,An Evening With Tim Heidecker (2020),,2020,Comedy,tt13345776,,,,unmatched,2026-10-02T05:30:02Z,5995c664c4e5252493569ade0c9badba5751d7a8eedb74ce78290d38015fc9ad
227450,People You May Know (2020),,2020,Documentary,tt12606876,,,,unmatched,2026-10-02T05:28:16Z,a9a7cbd00545c874a15c40ff85ae3363bcdb92ca0c69ae2b7686835a54bfb223
227454,Max and Me (2020),,2020,Drama|Romance,tt9070798,,,,unmatched,2026-10-02T05:33:38Z,1a816c8bf268f2bfd9a20f8f2131f32b36146b00b21d5a7e287cb71aee5b7652
227492,Neon Days (2020),,2020,Comedy|Drama,tt7656446,,,,unmatched,2026-10-02T05:33:16Z,560a5a14e8ca1ca22beec789ea96cdcb1e33a7acbb841a63a203485ece82276d
227785,The Wrong Wedding Planner (2020),,2020,Drama|Thriller,tt12070904,,,,unmatched,2026-10-02T05:28:03Z,79444bce0b48f7ceca561c950387a53acf5f989026a2e3df3cc895cd31d330c5
227827,Stalin and the Katyn Massacre (2020),,2020,Documentary,tt11822898,,,,unmatched,2026-10-02T05:27:54Z,4e274bd6e566ed2b99ab7845c0c09603d0c2e3284d9c6be80056ffb7c1c7bce4
227875,What the Constitution Means to Me (2020),,2020,Drama,tt13096334,,,,unmatched,2026-10-02T05:29:16Z,31963caaca5afa65978012f1c57b1f4cc727c44413fa07639eee178d1b60a84e
228003,Tidy Tims (2020),,2020,Comedy,tt8005256,,,,unmatched,2026-10-02T05:33:19Z,94c443b20b34ac610786ccf0c5df8d23935a2482c2c95d02a22df12678703b2e
228025,The Shade Shepherd (2020),,2020,Thriller,tt4887002,,,,unmatched,2026-10-02T05:32:55Z,9c8487159e5dd4c42186272879c0aa92d2a6b7c87032a31061d9fd751e21c495
228031,Archons (2020),,2020,Horror|Sci-Fi|Thriller,tt5790218,,,,unmatched,2026-10-02T05:32:59Z,4151fd5e58e550c7338d4a11cd83c034b2e4d1d9e2718a940b4dcb8cb559fe27
228089,The Haunting at Death Valley Junction (2020),,2020,Horror|Thriller,tt8359620,,,,unmatched,2026-10-02T05:33:25Z,3dcc65c2c6a9891bfaae0b2ae3b9fde6953e3d71d8c9c4b2874ddbd33ef748af
228383,The Last Exorcist (2020),,2020,Thriller,tt7311330,,,,unmatched,2026-10-02T05:33:12Z,a4776f47ff2e8a250f43056c08a582a51817740cf3e1b0b789c281642ae74da4
228415,Pool Boy Nightmare (2020),,2020,(no genres listed),tt12986260,,,,unmatched,2026-10-02T05:28:27Z,6737767853427b644d3c347b89fee8b357a567896acdee568249ae856781d507
228435,The Special (2020),,2020,Comedy|Horror,tt9118804,,,,unmatched,2026-10-02T05:33:38Z,1a816c8bf268f2bfd9a20f8f2131f32b36146b00b21d5a7e287cb71aee5b7652
228493,ClownDoll (2020),,2020,Horror,tt8066470,,,,unmatched,2026-10-02T05:33:19Z,94c443b20b34ac610786ccf0c5df8d23935a2482c2c95d02a22df12678703b2e
228509,Bigfoot: Path of the Beast (2020),,2020,Horror,tt11151696,,,,unmatched,2026-10-02T05:27:10Z,7aaa0828219af88ec0aae588bf603c00fba846ebcbd63c37fb196fa103f909a0
228517,Akashinga: The Brave Ones (2020),,2020,Documentary,tt12191656,Q120442207,,,country_missing,2026-10-02T05:28:05Z,11e539e25cfd2edc140fb3daef430ef79ef3e6574e582595b465ce09b510c3b4
228555,Dark October (2020),,2020,Horror,tt13198458,,,,unmatched,2026-10-02T05:29:20Z,31a0cb6509824becae00bf265094c70d59c0b5589aeb1b7e5e914655ec329aef
228737,Kylie: Infinite Disco (2020),,2020,(no genres listed),tt13428008,,,,unmatched,2026-10-02T05:30:06Z,f0b950f1745458c5581fe75f2e06da0a5109e544853c927490b23b7e4cc6d96b
228829,The Burning of Atlanta (2020),,2020,Action,tt12935100,,,,unmatched,2026-10-02T05:28:25Z,30280bbfa3df7b5339857b827f5f9bd1c1c0ecd3f4dd0cdd57312f765e907087
228897,The Weekend Fix (2020),,2020,(no genres listed),tt13236108,,,,unmatched,2026-10-02T05:29:20Z,31a0cb6509824becae00bf265094c70d59c0b5589aeb1b7e5e914655ec329aef
228919,Wheels of Fortune (2020),,2020,Comedy,tt9735976,,,,unmatched,2026-10-02T05:33:51Z,08eb8ded71126f7e751ad4a5b7aae836f1bab633e8b7a4ace25833d3c5858e2f
228991,PAW Patrol: Jet to the Rescue (2020),,2020,Animation|Children,tt13107908,,,,unmatched,2026-10-02T05:29:16Z,31963caaca5afa65978012f1c57b1f4cc727c44413fa07639eee178d1b60a84e
229067,Killer Dream Home (2020),,2020,Thriller,tt11922698,,,,unmatched,2026-10-02T05:27:57Z,08245447db9f5a5dd73f979b78ed0b0b18999be17b06b992117886893b449487
229097,Tyler Perry's Madea's Farewell Play (2020),,2020,Comedy,tt12682144,,,,unmatched,2026-10-02T05:28:16Z,a9a7cbd00545c874a15c40ff85ae3363bcdb92ca0c69ae2b7686835a54bfb223
229131,John Bronco (2020),,2020,Comedy,tt11961700,,,,unmatched,2026-10-02T05:27:59Z,43dddbb06fe1f457521da23c16ae47513cc16e3d34c296320b13af573b4f9703
229249,The Mystery of the Pink Flamingo (2020),,2020,Documentary,tt9249166,,,,unmatched,2026-10-02T05:33:41Z,5f5e45fa009bf17169d8dc52c69b46061be0180e56cfc03bad06e90f3e3402ab
229323,Falling for Look Lodge (2020),,2020,Romance,tt11212172,,,,unmatched,2026-10-02T05:27:12Z,2b41504b93e1d0f3ab052fe75b578bbd598982d6455640975ae87d4ccbee48b0
229329,Tar (2020),,2020,Adventure|Horror|Thriller,tt4351684,,,,unmatched,2026-10-02T05:32:51Z,a69c82fe6dc658866d1241c253044ba8dfd1579d4c09583fd71c1aa73280da06
229351,Blue Ridge (2020),,2020,Action|Crime|Drama,tt11695190,,,,unmatched,2026-10-02T05:27:49Z,15de515b89a9aef6bc176883bde63f4cf5e4c755511a47ae843b8f8f8ccb041f
229359,Expulsion (2020),,2020,Drama|Sci-Fi|Thriller,tt5862242,,,,unmatched,2026-10-02T05:32:59Z,4151fd5e58e550c7338d4a11cd83c034b2e4d1d9e2718a940b4dcb8cb559fe27
229663,Bruce Springsteen's Letter to You (2020),,2020,Documentary,tt13093506,,,,unmatched,2026-10-02T05:29:16Z,31963caaca5afa65978012f1c57b1f4cc727c44413fa07639eee178d1b60a84e
229681,Chelsea Handler: Evolution (2020),,2020,Comedy,tt12736220,,,,unmatched,2026-10-02T05:28:18Z,1d66962e3349c1e5167447f957a3b4e9238cadf658d89fc06a5e5dabb118905e
229889,Banging Lanie (2020),,2020,(no genres listed),tt8222346,,,,unmatched,2026-10-02T05:33:23Z,1b998874c5d8e792c80204f167afb25c3c65fec9a3a30d08c0268a64db79c3ef
229891,Nature of Love (2020),,2020,Romance,tt8531658,Q136824631,,,country_missing,2026-10-02T05:33:29Z,57b2f3a200c8ffeb18659ba69dd5eb345bdd477071b8caf2f038830b2a1add41
229919,Psycho Sister-In-Law (2020),,2020,(no genres listed),tt12458720,,,,unmatched,2026-10-02T05:28:12Z,5e1afcfbedcb6928e914055f59768f191817b7b1d66a96868c43b2febae42536
230099,The Soul of America (2020),,2020,Documentary,tt12944564,,,,unmatched,2026-10-02T05:28:25Z,30280bbfa3df7b5339857b827f5f9bd1c1c0ecd3f4dd0cdd57312f765e907087
230113,Voices (2020),,2020,Drama|Horror|Thriller,tt8640928,,,,unmatched,2026-10-02T05:33:31Z,9079f516a486cf64dfc5992724f04569e9ceae4b6fa40b33f9686cae79ff16f9
230229,The Mystery of D.B. Cooper (2020),,2020,Documentary,tt8694594,,,,unmatched,2026-10-02T05:33:31Z,9079f516a486cf64dfc5992724f04569e9ceae4b6fa40b33f9686cae79ff16f9
230313,"Driving While Black: Race, Space and Mobility in America (2020)",,2020,Documentary,tt13321042,,,,unmatched,2026-10-02T05:30:00Z,1a4ee30b61c4b0e05386c5f3669dcd3940d1f9662e6767a7a41632817da17f96
230329,Citizen Bio (2020),,2020,Documentary,tt13134270,,,,unmatched,2026-10-02T05:29:16Z,31963caaca5afa65978012f1c57b1f4cc727c44413fa07639eee178d1b60a84e
230349,Beyond Barricades (2020),,2020,Documentary,tt5537096,,,,unmatched,2026-10-02T05:32:57Z,77fbf9f61e0b979c32dfb5d0fffabf5fd5302d17d60c1a40e58346c0c1bed1f8
230355,Who Was Phone? (2020),,2020,Comedy|Horror,tt8584048,,,,unmatched,2026-10-02T05:33:29Z,57b2f3a200c8ffeb18659ba69dd5eb345bdd477071b8caf2f038830b2a1add41
230389,2020 (2020),,2020,Documentary,tt13424166,,,,unmatched,2026-10-02T05:30:06Z,f0b950f1745458c5581fe75f2e06da0a5109e544853c927490b23b7e4cc6d96b
230395,Blood From Stone (2020),,2020,(no genres listed),tt8075634,,,,unmatched,2026-10-02T05:33:19Z,94c443b20b34ac610786ccf0c5df8d23935a2482c2c95d02a22df12678703b2e
230497,Darkness in Tenement 45 (2020),,2020,Drama|Horror|Thriller,tt6806766,,,,unmatched,2026-10-02T05:33:06Z,0d61171dc2a9cf28d0358032ddf83bd9bcc54a227710069734878685e6dcb8ca
230569,Onus (2020),,2020,(no genres listed),tt11906018,,,,unmatched,2026-10-02T05:27:57Z,08245447db9f5a5dd73f979b78ed0b0b18999be17b06b992117886893b449487
230641,The Farmer and the Belle: Saving Santaland (2020),,2020,Children|Comedy|Romance,tt7756084,,,,unmatched,2026-10-02T05:33:16Z,560a5a14e8ca1ca22beec789ea96cdcb1e33a7acbb841a63a203485ece82276d
230769,Greatland (2020),,2020,Fantasy|Sci-Fi,tt8215480,,,,unmatched,2026-10-02T05:33:23Z,1b998874c5d8e792c80204f167afb25c3c65fec9a3a30d08c0268a64db79c3ef
230781,After the Flames: An Apocalypse Anthology (2020),,2020,Horror|Thriller,tt13380054,,,,unmatched,2026-10-02T05:30:04Z,61377a62aedcc18b3d8935cc9910d6c752b163d417f895f8580e84e0c3249c5f
230783,Follow Me to Daisy Hills (2020),,2020,Romance,tt13085592,,,,unmatched,2026-10-02T05:29:16Z,31963caaca5afa65978012f1c57b1f4cc727c44413fa07639eee178d1b60a84e
230975,From the Dark (2020),,2020,Horror|Mystery|Thriller,tt11250368,,,,unmatched,2026-10-02T05:27:14Z,36399839ce18efd1da879e78899daf9733841799fd315985393e342d3934b68c
231027,Barbie & Kendra Storm Area 51 (2020),,2020,Comedy|Sci-Fi,tt13361756,,,,unmatched,2026-10-02T05:30:02Z,5995c664c4e5252493569ade0c9badba5751d7a8eedb74ce78290d38015fc9ad
231087,My Brother's Keeper (2020),,2020,Documentary|War,tt11935548,,,,unmatched,2026-10-02T05:27:59Z,43dddbb06fe1f457521da23c16ae47513cc16e3d34c296320b13af573b4f9703
231141,Past Death (2020),,2020,Thriller,tt13293334,,,,unmatched,2026-10-02T05:29:22Z,0c2354828e96968037e9d061e2e0cc48f43890bb09fa6f8178c30631351f9e71
231255,Still Today (2020),,2020,Comedy|Romance,tt10230492,,,,unmatched,2026-10-02T05:26:38Z,98388e59f7129bd2b73d0df86462a131865604a9bd1dd056abd72ee8bf302442
231259,Thrive II: This is What it Takes (2020),,2020,Documentary,tt9846650,,,,unmatched,2026-10-02T05:33:53Z,a8d806b367c5f53cd65705285b7c0b870237004febf26cfb23438d25a6d1771a
231289,LIFE BEYOND: Chapter 2. The Museum of Alien Life (2020),,2020,Documentary,tt13117728,,,,unmatched,2026-10-02T05:29:16Z,31963caaca5afa65978012f1c57b1f4cc727c44413fa07639eee178d1b60a84e
231301,A New York Christmas Wedding (2020),,2020,Romance,tt10768194,,,,unmatched,2026-10-02T05:26:58Z,be36a9a8fd48cdbb5f4129bdee4f66542e1c60a09f313d3f9b67e57b76bd26b3
231341,Attack on Titan: Chronicle (2020),,2020,Action|Adventure|Animation|Fantasy,tt12415546,,,,unmatched,2026-10-02T05:28:10Z,d82b2042d25de54ec50448df498ce73e86406d6bf74c2887b71b1856bdd3f36e
231439,The Longest War (2020),,2020,Documentary|War,tt11611650,,,,unmatched,2026-10-02T05:27:45Z,7c9bd0ead99fe1cedc1a83296f869770878c94b34ace67bc1d4760f1d4760822
231445,Squatter (2020),,2020,Horror|Thriller,tt8245904,,,,unmatched,2026-10-02T05:33:23Z,1b998874c5d8e792c80204f167afb25c3c65fec9a3a30d08c0268a64db79c3ef
231525,Andre and His Olive Tree (2020),,2020,Documentary,tt13610390,,,,unmatched,2026-10-02T05:30:12Z,6c065b6adc8ad66dcb06c6f6aeea650822d40ab4b0606883a6ccd45824bf0756
231699,Charles Bronson: The Spirit of Masculinity (2020),,2020,Documentary,tt12623000,,,,unmatched,2026-10-02T05:28:16Z,a9a7cbd00545c874a15c40ff85ae3363bcdb92ca0c69ae2b7686835a54bfb223
231741,Contracts (2020),,2020,Action,tt7479288,,,,unmatched,2026-10-02T05:33:14Z,1b206242f3146468dedfb936aba8ec73f64746c797407020197153c92bab6a15
231837,Feliz NaviDAD (2020),,2020,Romance,tt11192852,,,,unmatched,2026-10-02T05:27:12Z,2b41504b93e1d0f3ab052fe75b578bbd598982d6455640975ae87d4ccbee48b0
231855,Cold Meridian (2020),,2020,(no genres listed),tt12315576,,,,unmatched,2026-10-02T05:28:08Z,263cba6f5ea26c4ff9f92f33a23b18cb9f4cbcb1dc4090295a6f74c47776071f
231907,Freshman Friday (2020),,2020,Comedy,tt7078610,,,,unmatched,2026-10-02T05:33:11Z,1abab7ed0ecd62c0f24a2762907eea175e20f7e9dbc6bd7019d93e269c3a85c0
232005,Alabama Snake (2020),,2020,Crime|Documentary,tt12837230,,,,unmatched,2026-10-02T05:28:21Z,25dd3628e35eab3cd31715e9cd7b1f93bb1fb11789d6738d318de6a3d1a8d34d
232039,Obscura (2020),,2020,Crime|Thriller,tt3576242,,,,unmatched,2026-10-02T05:32:49Z,b6582f1073d60302cc1986f190f272c359b2b20c02ca9afa632b0bc95110f2e0
232241,What's the Matter with Tony Slattery? (2020),,2020,Documentary,tt11337790,,,,unmatched,2026-10-02T05:27:16Z,143bfc5b41d9d303a9735e7cd089995dd8292bbc89dba3eda0074e6269cd9c59
232287,One Night Only: The Best of Broadway (2020),,2020,(no genres listed),tt13522686,,,,unmatched,2026-10-02T05:30:10Z,5741eeb682eb055b20badbace3d983d87001c5c1b48a790a5ed9757d21c4701d
232313,The Last Christmas Party (2020),,2020,Drama|Romance,tt11324626,,,,unmatched,2026-10-02T05:27:16Z,143bfc5b41d9d303a9735e7cd089995dd8292bbc89dba3eda0074e6269cd9c59
232339,Truth or Consequences (2020),,2020,Documentary|Sci-Fi,tt11405324,,,,unmatched,2026-10-02T05:27:39Z,08a8d2dd3fb772690e72388559bcdf4bb3e23e43be9a6657d270252f1eaa9302
232421,A Timeless Christmas (2020),,2020,Romance,tt13341414,,,,unmatched,2026-10-02T05:30:02Z,5995c664c4e5252493569ade0c9badba5751d7a8eedb74ce78290d38015fc9ad
232431,A Valentine's Match (2020),,2020,Drama|Romance,tt11274306,,,,unmatched,2026-10-02T05:27:14Z,36399839ce18efd1da879e78899daf9733841799fd315985393e342d3934b68c
232509,Unlocking Christmas (2020),,2020,Romance,tt13246926,,,,unmatched,2026-10-02T05:29:20Z,31a0cb6509824becae00bf265094c70d59c0b5589aeb1b7e5e914655ec329aef
232593,Christmas on the Vine (2020),,2020,Romance,tt11828420,,,,unmatched,2026-10-02T05:27:54Z,4e274bd6e566ed2b99ab7845c0c09603d0c2e3284d9c6be80056ffb7c1c7bce4
232647,The Three Wise Men (2020),,2020,Children,tt13319946,,,,unmatched,2026-10-02T05:30:00Z,1a4ee30b61c4b0e05386c5f3669dcd3940d1f9662e6767a7a41632817da17f96
232661,Deathwell (2020),,2020,Crime|Drama|Sci-Fi,tt10476718,,,,unmatched,2026-10-02T05:26:50Z,f8c65246a2303e0a91172bdf896d40eba3b911da444a0269d9cb0e949557c342
232721,Out Of Time (2020),,2020,Drama,tt8599512,,,,unmatched,2026-10-02T05:33:29Z,57b2f3a200c8ffeb18659ba69dd5eb345bdd477071b8caf2f038830b2a1add41
232989,Peter Sellers: A State of Comic Ecstasy (2020),,2020,Documentary,tt12217128,,,,unmatched,2026-10-02T05:28:05Z,11e539e25cfd2edc140fb3daef430ef79ef3e6574e582595b465ce09b510c3b4
233033,The Real Right Stuff (2020),,2020,Documentary,tt13237174,,,,unmatched,2026-10-02T05:29:20Z,31a0cb6509824becae00bf265094c70d59c0b5589aeb1b7e5e914655ec329aef
233071,Concrete Plans (2020),,2020,Thriller,tt10975750,,,,unmatched,2026-10-02T05:27:04Z,6bf8bbc4cdcbf2378683a76547ea7f87b48fb11ba6803fa98827de7b1853d87a
233087,Crock of Gold: A Few Rounds with Shane MacGowan (2020),,2020,Documentary,tt12490228,,,,unmatched,2026-10-02T05:28:12Z,5e1afcfbedcb6928e914055f59768f191817b7b1d66a96868c43b2febae42536
233097,Girl Lost: A Hollywood Story (2020),,2020,Drama,tt10274284,,,,unmatched,2026-10-02T05:26:41Z,788c96e7c12b4f240aa2500dff649dfa04d6ef48a7cdb9ca140a908ead0137ad
233139,The Jinkx and DeLa Holiday Special (2020),,2020,(no genres listed),tt13327258,,,,unmatched,2026-10-02T05:30:00Z,1a4ee30b61c4b0e05386c5f3669dcd3940d1f9662e6767a7a41632817da17f96
233195,A Wrestling Christmas Miracle (2020),,2020,Children|Comedy,tt11702278,,,,unmatched,2026-10-02T05:27:51Z,e9bbcfb28ea411beedb0c53939e63a662ed31be8b0882f5217eae963f4dcdfda
233197,The Man in the Woods (2020),,2020,Mystery|Thriller,tt12903840,,,,unmatched,2026-10-02T05:28:25Z,30280bbfa3df7b5339857b827f5f9bd1c1c0ecd3f4dd0cdd57312f765e907087
233383,"Hold Fast, Good Luck (2020)",,2020,Drama|Romance,tt5905352,,,,unmatched,2026-10-02T05:32:59Z,4151fd5e58e550c7338d4a11cd83c034b2e4d1d9e2718a940b4dcb8cb559fe27
233511,Illumination Presents: Minions Holiday Special (2020),,2020,Animation|Children|Comedy,tt13457952,,,,unmatched,2026-10-02T05:30:06Z,f0b950f1745458c5581fe75f2e06da0a5109e544853c927490b23b7e4cc6d96b
233523,My Psychedelic Love Story (2020),,2020,Documentary,tt12860964,Q141162779,,,country_missing,2026-10-02T05:28:24Z,0bd6a12470cb2b08cd584fa7fb45cf59fdb21f213662507c41f950e14225b849
233529,You Are My Home (2020),,2020,Children,tt6693156,,,,unmatched,2026-10-02T05:33:04Z,465712e306b2c34c02bd3cc5a4b04d57c4d52326d843878a76948bd22b7805f3
233633,The Edge of Theocracy (2020),,2020,Comedy,tt13546440,,,,unmatched,2026-10-02T05:30:10Z,5741eeb682eb055b20badbace3d983d87001c5c1b48a790a5ed9757d21c4701d
233753,40 Years a Prisoner (2020),,2020,Documentary,tt9697452,,,,unmatched,2026-10-02T05:33:49Z,7d982dc21aa08adb9529914d43f83bb47a916287e182e5d34c676e43653c84b5
233773,Complete Strangers (2020),,2020,Drama|Mystery|Romance|Thriller,tt8354306,,,,unmatched,2026-10-02T05:33:25Z,3dcc65c2c6a9891bfaae0b2ae3b9fde6953e3d71d8c9c4b2874ddbd33ef748af
233781,Break Even (2020),,2020,Action,tt9707580,,,,unmatched,2026-10-02T05:33:49Z,7d982dc21aa08adb9529914d43f83bb47a916287e182e5d34c676e43653c84b5
233789,King of Knives (2020),,2020,Comedy|Drama,tt8395326,,,,unmatched,2026-10-02T05:33:27Z,967066a3425e07f15cedaa50cd34fa619db7ae0620a3db8362c242f6d1812f5d
233873,The Legend of Baron Toa (2020),,2020,Action|Comedy,tt11690838,,,,unmatched,2026-10-02T05:27:49Z,15de515b89a9aef6bc176883bde63f4cf5e4c755511a47ae843b8f8f8ccb041f
233939,A Very Charming Christmas Town (2020),,2020,Romance,tt11929008,,,,unmatched,2026-10-02T05:27:59Z,43dddbb06fe1f457521da23c16ae47513cc16e3d34c296320b13af573b4f9703
234306,Night on Earth: Shot in the Dark (2020),,2020,Documentary,tt12687448,,,,unmatched,2026-10-02T05:28:18Z,1d66962e3349c1e5167447f957a3b4e9238cadf658d89fc06a5e5dabb118905e
234310,Count Basie: Through His Own Eyes (2020),,2020,Documentary,tt11417720,,,,unmatched,2026-10-02T05:27:39Z,08a8d2dd3fb772690e72388559bcdf4bb3e23e43be9a6657d270252f1eaa9302
234338,Zombie Bro (2020),,2020,Children|Comedy|Fantasy,tt5852314,,,,unmatched,2026-10-02T05:32:59Z,4151fd5e58e550c7338d4a11cd83c034b2e4d1d9e2718a940b4dcb8cb559fe27
234444,Macho: The Hector Camacho Story (2020),,2020,Documentary,tt13357738,,,,unmatched,2026-10-02T05:30:02Z,5995c664c4e5252493569ade0c9badba5751d7a8eedb74ce78290d38015fc9ad
234577,Not-So Amazing (2020),,2020,(no genres listed),tt9529756,,,,unmatched,2026-10-02T05:33:45Z,9665b352781b47915d2d96f42fecad2af1c01f2be0dc6377fe925c22d683e16c
234591,Best of Stand-up 2020 (2020),,2020,Comedy,tt13649688,,,,unmatched,2026-10-02T05:30:14Z,ab5a77e410ab51011e70e88731eb8ac75ebb115999c231f071aafd33c082e452
234599,Ari Eldjárn: Pardon My Icelandic (2020),,2020,Comedy,tt10277516,,,,unmatched,2026-10-02T05:26:41Z,788c96e7c12b4f240aa2500dff649dfa04d6ef48a7cdb9ca140a908ead0137ad
234609,Afonso Padilha: Classless (2020),,2020,Comedy,tt12930476,,,,unmatched,2026-10-02T05:28:25Z,30280bbfa3df7b5339857b827f5f9bd1c1c0ecd3f4dd0cdd57312f765e907087
234683,Under The Grapefruit Tree: The CC Sabathia Story (2020),,2020,Documentary,tt13692182,,,,unmatched,2026-10-02T05:30:16Z,b1b1817c8660697b26e80a5621546a00c4060195fa97f88d895d1df99a08d6ac
234779,The Family Tree (2020),,2020,Romance,tt8449154,,,,unmatched,2026-10-02T05:33:27Z,967066a3425e07f15cedaa50cd34fa619db7ae0620a3db8362c242f6d1812f5d
234989,Sous la glace (2020),,2020,(no genres listed),tt12298812,,,,unmatched,2026-10-02T05:28:06Z,e604dea7f15fc68e7ca97c4f49c339822ac8d6942b907b49e4679178b63d84b5
235085,Psychopomp (2020),,2020,(no genres listed),tt10172986,,,,unmatched,2026-10-02T05:26:37Z,090828f270556752be6e03c905d9d335a4e1c964cd2c9518f0bc729ab2e27894
235179,Planet Earth: A Celebration (2020),,2020,(no genres listed),tt12833022,,,,unmatched,2026-10-02T05:28:21Z,25dd3628e35eab3cd31715e9cd7b1f93bb1fb11789d6738d318de6a3d1a8d34d
235213,Silent Night (2020),,2020,Crime|Drama|Thriller,tt9752248,,,,unmatched,2026-10-02T05:33:51Z,08eb8ded71126f7e751ad4a5b7aae836f1bab633e8b7a4ace25833d3c5858e2f
235401,Aviva (2020),,2020,Drama|Romance,tt10373830,,,,unmatched,2026-10-02T05:26:45Z,48b37011911d89b063fe966e90953b3c2e02003899ff9ddd98fb5318813c5bbe
235405,The Curse of Hobbes House (2020),,2020,Horror|Thriller,tt9253926,,,,unmatched,2026-10-02T05:33:41Z,5f5e45fa009bf17169d8dc52c69b46061be0180e56cfc03bad06e90f3e3402ab
235407,Reversion (2020),,2020,Mystery|Thriller,tt3896836,,,,unmatched,2026-10-02T05:32:49Z,b6582f1073d60302cc1986f190f272c359b2b20c02ca9afa632b0bc95110f2e0
235469,Paradox Lost (2020),,2020,Comedy|Drama|Sci-Fi,tt7890974,,,,unmatched,2026-10-02T05:33:18Z,db3fa481ad3ef967d24896db5eb117b7f7a733054f4fc63e3dccc8532199946e
235587,A Friendly Tale... (2020),,2020,Comedy,tt11018048,,,,unmatched,2026-10-02T05:27:06Z,c646d5a823a996130ca5aee18094953a7cfd27a0c73f52c866b6a8d1d8ee59bb
235609,The Blackwell Ghost 4 (2020),,2020,Horror,tt11553304,,,,unmatched,2026-10-02T05:27:43Z,c15e85383259189558d760784a7090e52d81cacc7ef49b8561e330647f008467
235693,Insert Coin (2020),,2020,Documentary,tt11916218,,,,unmatched,2026-10-02T05:27:57Z,08245447db9f5a5dd73f979b78ed0b0b18999be17b06b992117886893b449487
235723,Heks (2020),,2020,Drama|Horror,tt9719452,,,,unmatched,2026-10-02T05:33:49Z,7d982dc21aa08adb9529914d43f83bb47a916287e182e5d34c676e43653c84b5
235727,Return To Epipo (2020),,2020,Documentary,tt11906004,,,,unmatched,2026-10-02T05:27:57Z,08245447db9f5a5dd73f979b78ed0b0b18999be17b06b992117886893b449487
235759,Doug Stanhope: The Dying of a Last Breed (2020),,2020,Comedy,tt12466128,,,,unmatched,2026-10-02T05:28:12Z,5e1afcfbedcb6928e914055f59768f191817b7b1d66a96868c43b2febae42536
235801,Biography: The Nine Lives of Ozzy Osbourne (2020),,2020,Documentary,tt11723944,,,,unmatched,2026-10-02T05:27:51Z,e9bbcfb28ea411beedb0c53939e63a662ed31be8b0882f5217eae963f4dcdfda
235889,Loves Spell (2020),,2020,Comedy|Romance,tt12436252,,,,unmatched,2026-10-02T05:28:10Z,d82b2042d25de54ec50448df498ce73e86406d6bf74c2887b71b1856bdd3f36e
235927,One Life at a Time (2020),,2020,Drama,tt12649538,,,,unmatched,2026-10-02T05:28:16Z,a9a7cbd00545c874a15c40ff85ae3363bcdb92ca0c69ae2b7686835a54bfb223
235929,Rockfield : The Studio on the Farm (2020),,2020,Documentary,tt10541126,,,,unmatched,2026-10-02T05:26:53Z,c214a6ae33c2588faea1cb69d7521e56b47c81e7ad693a75ab4268afa75dd19f
236055,Strain 100 (2020),,2020,Adventure|Horror,tt5170778,,,,unmatched,2026-10-02T05:32:55Z,9c8487159e5dd4c42186272879c0aa92d2a6b7c87032a31061d9fd751e21c495
236275,Rose: A Love Story (2020),,2020,Horror,tt9643228,,,,unmatched,2026-10-02T05:33:47Z,4fcad9c664cf0854fd0130a1c1950e3c9ceaee2a56caaaef0aaf50c7e4863dce
236313,A Werewolf in England (2020),,2020,Horror,tt11924476,,,,unmatched,2026-10-02T05:27:59Z,43dddbb06fe1f457521da23c16ae47513cc16e3d34c296320b13af573b4f9703
236735,Fine China (2020),,2020,(no genres listed),tt13198676,,,,unmatched,2026-10-02T05:29:20Z,31a0cb6509824becae00bf265094c70d59c0b5589aeb1b7e5e914655ec329aef
236857,Tripping with Nils Frahm (2020),,2020,Documentary,tt13562678,,,,unmatched,2026-10-02T05:30:10Z,5741eeb682eb055b20badbace3d983d87001c5c1b48a790a5ed9757d21c4701d
236869,The One You Feed (2020),,2020,Drama|Thriller,tt9716058,,,,unmatched,2026-10-02T05:33:49Z,7d982dc21aa08adb9529914d43f83bb47a916287e182e5d34c676e43653c84b5
236899,The Young Observant (2020),,2020,Documentary,tt10661340,,,,unmatched,2026-10-02T05:26:55Z,3a950305fc0d41589e532c30cd7a5f7bbba3a5e9133df80c92c70027dffa2d6b
236943,Citadel (2021),,2021,(no genres listed),tt13914060,,,,unmatched,2026-10-02T05:30:20Z,12d6233b944dd62e0ec8224958f2aba252e9032f1516503f02971edb01845265
236995,"Summer Of Soul (…Or, When The Revolution Could Not Be Televised) (2021)",,2021,Documentary,tt11422728,,,,unmatched,2026-10-02T05:27:39Z,08a8d2dd3fb772690e72388559bcdf4bb3e23e43be9a6657d270252f1eaa9302
237131,Earthbound (2021),,2021,(no genres listed),tt13940274,,,,unmatched,2026-10-02T05:30:22Z,9c09440ed53ff0360cbca034c22fb36468c70796d9aae9d70492b03afa8c8b92
237234,You’re Always 20 (2021),,2021,Documentary,tt13699548,,,,unmatched,2026-10-02T05:30:16Z,b1b1817c8660697b26e80a5621546a00c4060195fa97f88d895d1df99a08d6ac
237264,Dude Perfect: Backstage Pass (2020),,2020,Documentary,tt12404220,,,,unmatched,2026-10-02T05:28:10Z,d82b2042d25de54ec50448df498ce73e86406d6bf74c2887b71b1856bdd3f36e
237390,The Long Shadow (2020),,2020,(no genres listed),tt7629818,,,,unmatched,2026-10-02T05:33:16Z,560a5a14e8ca1ca22beec789ea96cdcb1e33a7acbb841a63a203485ece82276d
237658,Troubled Waters (2020),,2020,Drama,tt12350830,,,,unmatched,2026-10-02T05:28:08Z,263cba6f5ea26c4ff9f92f33a23b18cb9f4cbcb1dc4090295a6f74c47776071f
237662,Holiday Heartbreak (2020),,2020,Comedy|Romance,tt12766850,,,,unmatched,2026-10-02T05:28:19Z,218012112723c4c561103120856f249ea0a344797f17512f3710cdcd512eeaa5
237754,The Day of the Living Dead (2020),,2020,Horror,tt11967450,,,,unmatched,2026-10-02T05:27:59Z,43dddbb06fe1f457521da23c16ae47513cc16e3d34c296320b13af573b4f9703
237762,Step (2020),,2020,(no genres listed),tt11691830,,,,unmatched,2026-10-02T05:27:49Z,15de515b89a9aef6bc176883bde63f4cf5e4c755511a47ae843b8f8f8ccb041f
237772,"Love, Lost & Found (2021)",,2021,Romance,tt13303456,,,,unmatched,2026-10-02T05:29:22Z,0c2354828e96968037e9d061e2e0cc48f43890bb09fa6f8178c30631351f9e71
237782,A Life of Endless Summers: The Bruce Brown Story (2020),,2020,Documentary,tt12931780,,,,unmatched,2026-10-02T05:28:25Z,30280bbfa3df7b5339857b827f5f9bd1c1c0ecd3f4dd0cdd57312f765e907087
237800,Entombed (2020),,2020,Horror|Thriller,tt8414224,,,,unmatched,2026-10-02T05:33:27Z,967066a3425e07f15cedaa50cd34fa619db7ae0620a3db8362c242f6d1812f5d
237802,Todd (2021),,2021,Drama|Mystery|Thriller,tt9412088,,,,unmatched,2026-10-02T05:33:45Z,9665b352781b47915d2d96f42fecad2af1c01f2be0dc6377fe925c22d683e16c
237818,Norman (2021),,2021,Sci-Fi|Thriller,tt3484204,,,,unmatched,2026-10-02T05:32:49Z,b6582f1073d60302cc1986f190f272c359b2b20c02ca9afa632b0bc95110f2e0
237838,The Ride (2020),,2020,Comedy,tt11469920,,,,unmatched,2026-10-02T05:27:41Z,a8f7d11754e0bc083aadf57c6ceada40e22345891dec61fdd2e0ab9507354734
237958,Cinderella: A Comic Relief Pantomime for Christmas (2020),,2020,Comedy,tt13577160,,,,unmatched,2026-10-02T05:30:10Z,5741eeb682eb055b20badbace3d983d87001c5c1b48a790a5ed9757d21c4701d
237970,Space & Time (2020),,2020,Comedy|Drama|Romance,tt6966098,,,,unmatched,2026-10-02T05:33:09Z,1e5f97a70bd788473de953003d22877cf92b95c4581befbec11976b51b4f63d8
238094,Her Effortless Brilliance: A Celebration of Lynn Shelton Through Film and Music (2020),,2020,Documentary,tt12616998,,,,unmatched,2026-10-02T05:28:16Z,a9a7cbd00545c874a15c40ff85ae3363bcdb92ca0c69ae2b7686835a54bfb223
238096,David Blaine: The Magic Way (2020),,2020,Documentary,tt12038270,,,,unmatched,2026-10-02T05:28:01Z,37abd2947849dfc1bad5ec9d6b05847939d338b85852f00f4eeaa736eed9fa72
238110,Inn Love by Christmas (2020),,2020,Romance,tt11666938,,,,unmatched,2026-10-02T05:27:49Z,15de515b89a9aef6bc176883bde63f4cf5e4c755511a47ae843b8f8f8ccb041f
238136,4 Presidents (2020),,2020,Documentary,tt9257616,,,,unmatched,2026-10-02T05:33:41Z,5f5e45fa009bf17169d8dc52c69b46061be0180e56cfc03bad06e90f3e3402ab
238340,The Dead Ones (2020),,2020,Horror,tt1482457,,,,unmatched,2026-10-02T05:30:56Z,7aafc3dd33d6f73000c61cace5d6ceede555a4260464331311499d6ce40936e1
238564,Absolute Proof (2021),,2021,Documentary,tt13991470,,,,unmatched,2026-10-02T05:30:22Z,9c09440ed53ff0360cbca034c22fb36468c70796d9aae9d70492b03afa8c8b92
238822,Cactus Jack (2021),,2021,Drama|Horror|Thriller,tt9001474,,,,unmatched,2026-10-02T05:33:36Z,6f5a5f3548d636e34beaf2a15cfec9103eddf5cca1119b5a46f72c56ed1f9323
239194,Heart of the Home (2021),,2021,Horror,tt8247902,,,,unmatched,2026-10-02T05:33:23Z,1b998874c5d8e792c80204f167afb25c3c65fec9a3a30d08c0268a64db79c3ef
239222,Kill Plan (2021),,2021,Thriller,tt13332610,,,,unmatched,2026-10-02T05:30:02Z,5995c664c4e5252493569ade0c9badba5751d7a8eedb74ce78290d38015fc9ad
239248,Narco Sub (2021),,2021,Action|Crime|Drama,tt10342228,,,,unmatched,2026-10-02T05:26:43Z,a81d988e3844a98140fa8938cb015f71b9ad770b7bc9163a855d68952217c1ff
239342,Sebastian’s Unholy Flesh (2020),,2020,Fantasy|Horror,tt13242274,,,,unmatched,2026-10-02T05:29:20Z,31a0cb6509824becae00bf265094c70d59c0b5589aeb1b7e5e914655ec329aef
239358,Lonely Blue Night (2020),,2020,(no genres listed),tt10559834,,,,unmatched,2026-10-02T05:26:53Z,c214a6ae33c2588faea1cb69d7521e56b47c81e7ad693a75ab4268afa75dd19f
239404,Dead in the Water (2021),,2021,Thriller,tt13081358,,,,unmatched,2026-10-02T05:29:14Z,b7cb52088b2416e8320786db7afafe94bfcb9e0276579498507d423fa90ebbd2
239408,We Are The Missing (2020),,2020,Drama|Mystery|Thriller,tt11537730,,,,unmatched,2026-10-02T05:27:43Z,c15e85383259189558d760784a7090e52d81cacc7ef49b8561e330647f008467
239410,The Man Who Fell From The Sky (2021),,2021,Documentary,tt13782038,,,,unmatched,2026-10-02T05:30:16Z,b1b1817c8660697b26e80a5621546a00c4060195fa97f88d895d1df99a08d6ac
239414,The Flower Tapes (2020),,2020,Horror|Thriller,tt13284350,,,,unmatched,2026-10-02T05:29:22Z,0c2354828e96968037e9d061e2e0cc48f43890bb09fa6f8178c30631351f9e71
239416,RIP: Rest in Pieces (2020),,2020,Action|Horror,tt13382992,,,,unmatched,2026-10-02T05:30:04Z,61377a62aedcc18b3d8935cc9910d6c752b163d417f895f8580e84e0c3249c5f
239418,Liverpool FC: The 30 Year Wait (2020),,2020,Documentary,tt13017850,,,,unmatched,2026-10-02T05:28:27Z,6737767853427b644d3c347b89fee8b357a567896acdee568249ae856781d507
239612,A Christmas for Mary (2020),,2020,Romance,tt13391592,,,,unmatched,2026-10-02T05:30:04Z,61377a62aedcc18b3d8935cc9910d6c752b163d417f895f8580e84e0c3249c5f
239670,Dani Rovira: Odio (2021),,2021,Comedy,tt13323166,,,,unmatched,2026-10-02T05:30:00Z,1a4ee30b61c4b0e05386c5f3669dcd3940d1f9662e6767a7a41632817da17f96
239794,Chateau Christmas (2020),,2020,Romance,tt13350688,,,,unmatched,2026-10-02T05:30:02Z,5995c664c4e5252493569ade0c9badba5751d7a8eedb74ce78290d38015fc9ad
239798,One Royal Holiday (2020),,2020,Romance,tt12773628,,,,unmatched,2026-10-02T05:28:19Z,218012112723c4c561103120856f249ea0a344797f17512f3710cdcd512eeaa5
239810,The Christmas Ring (2020),,2020,Romance,tt13267034,,,,unmatched,2026-10-02T05:29:22Z,0c2354828e96968037e9d061e2e0cc48f43890bb09fa6f8178c30631351f9e71
239814,The Angel Tree (2020),,2020,Mystery,tt11348926,,,,unmatched,2026-10-02T05:27:17Z,3b250e9f26f0adb678b35c7491f1fe30a41d8b2a3ab5e523dc9b67d157bb8bb5
239836,Penguins: Life on the Edge (2020),,2020,Documentary,tt12080904,,,,unmatched,2026-10-02T05:28:03Z,79444bce0b48f7ceca561c950387a53acf5f989026a2e3df3cc895cd31d330c5
239856,Bigfoot: The Conspiracy (2020),,2020,Thriller,tt13397326,,,,unmatched,2026-10-02T05:30:04Z,61377a62aedcc18b3d8935cc9910d6c752b163d417f895f8580e84e0c3249c5f
239872,Bleed with Me (2020),,2020,Horror,tt13188312,Q128196755,,,country_missing,2026-10-02T05:29:18Z,666cede00bc86dbe726ef31ffd82c507f0d0105405544f90bb344d2fd87a367c
239874,s01e03 (2020),,2020,Romance,tt12261772,,,,unmatched,2026-10-02T05:28:06Z,e604dea7f15fc68e7ca97c4f49c339822ac8d6942b907b49e4679178b63d84b5
239878,Build the Wall (2020),,2020,Comedy,tt12992754,,,,unmatched,2026-10-02T05:28:27Z,6737767853427b644d3c347b89fee8b357a567896acdee568249ae856781d507
240122,ETs Among Us 5: Binary Code - Secret Messages from the Cosmos (with Linda Moulton Howe) (2020),,2020,(no genres listed),tt13091310,,,,unmatched,2026-10-02T05:29:16Z,31963caaca5afa65978012f1c57b1f4cc727c44413fa07639eee178d1b60a84e
240126,ETs Among Us 6: My Cosmic Journey - Revelations of a Psychic CEO (2020),,2020,(no genres listed),tt13108806,,,,unmatched,2026-10-02T05:29:16Z,31963caaca5afa65978012f1c57b1f4cc727c44413fa07639eee178d1b60a84e
240172,Paradise Z (2020),,2020,Action|Drama|Horror|Thriller,tt6391282,,,,unmatched,2026-10-02T05:33:03Z,4d0015a18bb85f96266dbd5815f966af9440cf4499ebae118fb32b3da8395963
240220,Forky Asks a Question: What Is Cheese? (2020),,2020,Animation,tt11194650,Q101143794,,,country_missing,2026-10-02T05:27:12Z,2b41504b93e1d0f3ab052fe75b578bbd598982d6455640975ae87d4ccbee48b0
240288,"Cryptopia: Bitcoin, Blockchains and the Future of the Internet (2020)",,2020,Documentary,tt9203586,,,,unmatched,2026-10-02T05:33:40Z,d4d7e97e8533382be6c4413a96367f7488ded020b123ee2682b9f98cf635749e
240366,Driven to the Edge (2020),,2020,Thriller,tt12832148,,,,unmatched,2026-10-02T05:28:21Z,25dd3628e35eab3cd31715e9cd7b1f93bb1fb11789d6738d318de6a3d1a8d34d
240368,Ten Minutes to Midnight (2020),,2020,Horror,tt10369866,,,,unmatched,2026-10-02T05:26:45Z,48b37011911d89b063fe966e90953b3c2e02003899ff9ddd98fb5318813c5bbe
240374,Kitty Mammas (2020),,2020,Comedy,tt9614040,,,,unmatched,2026-10-02T05:33:47Z,4fcad9c664cf0854fd0130a1c1950e3c9ceaee2a56caaaef0aaf50c7e4863dce
240384,Inside the Mind of Agatha Christie (2020),,2020,Documentary,tt11723190,,,,unmatched,2026-10-02T05:27:51Z,e9bbcfb28ea411beedb0c53939e63a662ed31be8b0882f5217eae963f4dcdfda
240818,Noise in the Middle (2020),,2020,Horror,tt9377332,,,,unmatched,2026-10-02T05:33:43Z,8d75a5ca073768427707ad9108da09fb04dae4c3220a95a63f9a8c6515ca6454
240968,The Race to Alaska (2020),,2020,Documentary,tt11166370,,,,unmatched,2026-10-02T05:27:10Z,7aaa0828219af88ec0aae588bf603c00fba846ebcbd63c37fb196fa103f909a0
240992,Some Southern Waters (2020),,2020,Mystery|Thriller,tt10214316,,,,unmatched,2026-10-02T05:26:37Z,090828f270556752be6e03c905d9d335a4e1c964cd2c9518f0bc729ab2e27894
241012,Red Woods (2021),,2021,Adventure|Horror|Mystery,tt12832916,,,,unmatched,2026-10-02T05:28:21Z,25dd3628e35eab3cd31715e9cd7b1f93bb1fb11789d6738d318de6a3d1a8d34d
241042,Birds (Or How to Be One) (2020),,2020,Comedy|Documentary|Drama,tt12159334,,,,unmatched,2026-10-02T05:28:05Z,11e539e25cfd2edc140fb3daef430ef79ef3e6574e582595b465ce09b510c3b4
241100,Circumstances 2: The Chase (2020),,2020,Drama,tt13225308,,,,unmatched,2026-10-02T05:29:20Z,31a0cb6509824becae00bf265094c70d59c0b5589aeb1b7e5e914655ec329aef
241126,COVID-19: The System (2020),,2020,Documentary,tt13446050,,,,unmatched,2026-10-02T05:30:06Z,f0b950f1745458c5581fe75f2e06da0a5109e544853c927490b23b7e4cc6d96b
241138,The Last Bite (2020),,2020,Drama|Mystery|Sci-Fi,tt8425648,,,,unmatched,2026-10-02T05:33:27Z,967066a3425e07f15cedaa50cd34fa619db7ae0620a3db8362c242f6d1812f5d
241312,Killer Weekend (2020),,2020,Thriller,tt3165282,,,,unmatched,2026-10-02T05:32:47Z,a0384fcc80646bd19d44f452f6cab05bad58f55922309b9f5985d937b1f02eea
241448,Project Dreams - How to Build Mazinger Z's Hangar (2020),,2020,Comedy,tt12980392,,,,unmatched,2026-10-02T05:28:27Z,6737767853427b644d3c347b89fee8b357a567896acdee568249ae856781d507
241474,The Undefeated Presents: Hamilton In-Depth (2020),,2020,Documentary,tt12690904,Q101128971,,,country_missing,2026-10-02T05:28:18Z,1d66962e3349c1e5167447f957a3b4e9238cadf658d89fc06a5e5dabb118905e
241626,Cheeni (2020),,2020,Drama,tt13575922,,,,unmatched,2026-10-02T05:30:10Z,5741eeb682eb055b20badbace3d983d87001c5c1b48a790a5ed9757d21c4701d
241638,Brian Regan: On the Rocks (2021),,2021,Comedy,tt13926994,,,,unmatched,2026-10-02T05:30:22Z,9c09440ed53ff0360cbca034c22fb36468c70796d9aae9d70492b03afa8c8b92
241670,Driven to Abstraction (2020),,2020,(no genres listed),tt6001862,,,,unmatched,2026-10-02T05:33:01Z,f2932b6f041cbc5d33a7a6aaa6b55d38b5d72368d5857c02f206e850b8a898c2
241788,Death of a Fool (2020),,2020,Adventure|Fantasy|Mystery,tt9510324,,,,unmatched,2026-10-02T05:33:45Z,9665b352781b47915d2d96f42fecad2af1c01f2be0dc6377fe925c22d683e16c
241790,No Witnesses (2021),,2021,Crime,tt7235666,Q127599842,,,country_missing,2026-10-02T05:33:11Z,1abab7ed0ecd62c0f24a2762907eea175e20f7e9dbc6bd7019d93e269c3a85c0
241814,The Donkey King (2020),,2020,Adventure|Animation|Comedy,tt10518240,,,,unmatched,2026-10-02T05:26:50Z,f8c65246a2303e0a91172bdf896d40eba3b911da444a0269d9cb0e949557c342
241954,Come Here (2021),,2021,Drama,tt14109800,,,,unmatched,2026-10-02T05:30:36Z,ffa46737d793ad01d27ebac44f2bafb6890958f793c89db29af96d8de6936798
241968,Cam Girls (2021),,2021,Romance,tt12319706,,,,unmatched,2026-10-02T05:28:08Z,263cba6f5ea26c4ff9f92f33a23b18cb9f4cbcb1dc4090295a6f74c47776071f
241976,aTypical Wednesday (2020),,2020,Comedy,tt9324808,,,,unmatched,2026-10-02T05:33:43Z,8d75a5ca073768427707ad9108da09fb04dae4c3220a95a63f9a8c6515ca6454
241986,Life After The Navigator (2020),,2020,Documentary,tt8320096,,,,unmatched,2026-10-02T05:33:23Z,1b998874c5d8e792c80204f167afb25c3c65fec9a3a30d08c0268a64db79c3ef
242044,Tulsa (2020),,2020,Comedy|Drama,tt8477134,,,,unmatched,2026-10-02T05:33:27Z,967066a3425e07f15cedaa50cd34fa619db7ae0620a3db8362c242f6d1812f5d
242056,Plaza (2020),,2020,Drama,tt12737834,,,,unmatched,2026-10-02T05:28:18Z,1d66962e3349c1e5167447f957a3b4e9238cadf658d89fc06a5e5dabb118905e
242100,Hate by Dani Rovira (2021),,2021,Comedy,tt13323128,,,,unmatched,2026-10-02T05:30:00Z,1a4ee30b61c4b0e05386c5f3669dcd3940d1f9662e6767a7a41632817da17f96
242350,My Comic Shop Country (2020),,2020,Documentary,tt10162142,,,,unmatched,2026-10-02T05:26:37Z,090828f270556752be6e03c905d9d335a4e1c964cd2c9518f0bc729ab2e27894
242360,Creating The Queen's Gambit (2020),,2020,Documentary,tt13818410,,,,unmatched,2026-10-02T05:30:18Z,1cffa4ff45e3ac3222b912537a05dbf96f44d4ebcb0cb99eabfde3ec3350e06a
242450,Running Naked (2020),,2020,Comedy|Drama,tt8502944,,,,unmatched,2026-10-02T05:33:29Z,57b2f3a200c8ffeb18659ba69dd5eb345bdd477071b8caf2f038830b2a1add41
242498,HEAVEN (2021),,2021,Documentary,tt14163634,,,,unmatched,2026-10-02T05:30:38Z,973dfd0e61a4df6c470ee8c15968187a4e9ddb921bbb94e1aa8deac9b923c36f
242506,Goddess of the Fireflies (2020),,2020,Drama,tt11905872,,,,unmatched,2026-10-02T05:27:57Z,08245447db9f5a5dd73f979b78ed0b0b18999be17b06b992117886893b449487
242744,The Legend of Fall Creek (2021),,2021,Crime|Drama|Horror,tt12747444,,,,unmatched,2026-10-02T05:28:18Z,1d66962e3349c1e5167447f957a3b4e9238cadf658d89fc06a5e5dabb118905e
242760,Before/During/After (2020),,2020,Comedy|Drama,tt6393674,,,,unmatched,2026-10-02T05:33:03Z,4d0015a18bb85f96266dbd5815f966af9440cf4499ebae118fb32b3da8395963
242940,Fearless Faith (2020),,2020,Drama,tt8292804,,,,unmatched,2026-10-02T05:33:23Z,1b998874c5d8e792c80204f167afb25c3c65fec9a3a30d08c0268a64db79c3ef
243072,Mystery of the Kingdom of God (2021),,2021,Animation|Children,tt13434692,,,,unmatched,2026-10-02T05:30:06Z,f0b950f1745458c5581fe75f2e06da0a5109e544853c927490b23b7e4cc6d96b
243242,Persona: The Dark Truth Behind Personality Tests (2021),,2021,Documentary,tt14173880,,,,unmatched,2026-10-02T05:30:38Z,973dfd0e61a4df6c470ee8c15968187a4e9ddb921bbb94e1aa8deac9b923c36f
243274,Calm Before (2021),,2021,Thriller,tt6708828,,,,unmatched,2026-10-02T05:33:06Z,0d61171dc2a9cf28d0358032ddf83bd9bcc54a227710069734878685e6dcb8ca
243278,The Monster at the End of This Story (2020),,2020,Animation|Children,tt13309726,,,,unmatched,2026-10-02T05:30:00Z,1a4ee30b61c4b0e05386c5f3669dcd3940d1f9662e6767a7a41632817da17f96
243282,Bureau 39: Kim's Cash Machine (2020),,2020,Documentary,tt11816260,,,,unmatched,2026-10-02T05:27:54Z,4e274bd6e566ed2b99ab7845c0c09603d0c2e3284d9c6be80056ffb7c1c7bce4
243298,Modern Love (2021),,2021,Comedy|Drama|Romance,tt3065036,,,,unmatched,2026-10-02T05:32:47Z,a0384fcc80646bd19d44f452f6cab05bad58f55922309b9f5985d937b1f02eea
243326,The Hunger: The Story of the Irish Famine (2020),,2020,(no genres listed),tt13414418,,,,unmatched,2026-10-02T05:30:06Z,f0b950f1745458c5581fe75f2e06da0a5109e544853c927490b23b7e4cc6d96b
243352,The Pond (2021),,2021,Drama|Horror|Mystery,tt10739160,,,,unmatched,2026-10-02T05:26:58Z,be36a9a8fd48cdbb5f4129bdee4f66542e1c60a09f313d3f9b67e57b76bd26b3
243368,The App That Stole Christmas (2020),,2020,Children|Comedy|Drama,tt11378154,,,,unmatched,2026-10-02T05:27:17Z,3b250e9f26f0adb678b35c7491f1fe30a41d8b2a3ab5e523dc9b67d157bb8bb5
243382,J.E.S.U.S.A. (2020),,2020,(no genres listed),tt11303880,,,,unmatched,2026-10-02T05:27:16Z,143bfc5b41d9d303a9735e7cd089995dd8292bbc89dba3eda0074e6269cd9c59
243392,Performaniax (2020),,2020,Comedy|Horror,tt8892756,,,,unmatched,2026-10-02T05:33:34Z,ffae24f5c61c2e589b5f9ebe3d4b5a1f4b9b658661fa629034a6c6f2d518026a
243432,World Cup Heist (2020),,2020,Drama,tt13617604,,,,unmatched,2026-10-02T05:30:12Z,6c065b6adc8ad66dcb06c6f6aeea650822d40ab4b0606883a6ccd45824bf0756
243486,Never and Again (2021),,2021,Romance,tt11056732,,,,unmatched,2026-10-02T05:27:06Z,c646d5a823a996130ca5aee18094953a7cfd27a0c73f52c866b6a8d1d8ee59bb
243490,The Red Nightmare (2021),,2021,Horror,tt13978498,,,,unmatched,2026-10-02T05:30:22Z,9c09440ed53ff0360cbca034c22fb36468c70796d9aae9d70492b03afa8c8b92
243492,Trunkfish (2021),,2021,Comedy,tt8551680,,,,unmatched,2026-10-02T05:33:29Z,57b2f3a200c8ffeb18659ba69dd5eb345bdd477071b8caf2f038830b2a1add41
243506,Love in the Forecast (2020),,2020,Romance,tt11836852,,,,unmatched,2026-10-02T05:27:54Z,4e274bd6e566ed2b99ab7845c0c09603d0c2e3284d9c6be80056ffb7c1c7bce4
243802,Digging to Death (2021),,2021,(no genres listed),tt7752100,,,,unmatched,2026-10-02T05:33:16Z,560a5a14e8ca1ca22beec789ea96cdcb1e33a7acbb841a63a203485ece82276d
243856,What Will Summer Bring (2021),,2021,Documentary,tt14134116,Q107294707,,,country_missing,2026-10-02T05:30:36Z,ffa46737d793ad01d27ebac44f2bafb6890958f793c89db29af96d8de6936798
243936,Paranormal Prison (2021),,2021,Comedy|Horror|Thriller,tt9013780,,,,unmatched,2026-10-02T05:33:36Z,6f5a5f3548d636e34beaf2a15cfec9103eddf5cca1119b5a46f72c56ed1f9323
243942,Ride or Die (2021),,2021,(no genres listed),tt7866320,,,,unmatched,2026-10-02T05:33:18Z,db3fa481ad3ef967d24896db5eb117b7f7a733054f4fc63e3dccc8532199946e
243944,Take Me to Tarzana (2021),,2021,Comedy,tt10188398,,,,unmatched,2026-10-02T05:26:37Z,090828f270556752be6e03c905d9d335a4e1c964cd2c9518f0bc729ab2e27894
243946,Dead Air (2021),,2021,Thriller,tt12262224,,,,unmatched,2026-10-02T05:28:06Z,e604dea7f15fc68e7ca97c4f49c339822ac8d6942b907b49e4679178b63d84b5
243954,Exodus (2021),,2021,Sci-Fi,tt7740204,,,,unmatched,2026-10-02T05:33:16Z,560a5a14e8ca1ca22beec789ea96cdcb1e33a7acbb841a63a203485ece82276d
244052,Patrice O'Neal: Killing Is Easy (2021),,2021,Comedy|Documentary,tt11188422,Q128107046,,,country_missing,2026-10-02T05:27:12Z,2b41504b93e1d0f3ab052fe75b578bbd598982d6455640975ae87d4ccbee48b0
244088,Pompei ultima scoperta (2020),,2020,Documentary,tt13727438,,,,unmatched,2026-10-02T05:30:16Z,b1b1817c8660697b26e80a5621546a00c4060195fa97f88d895d1df99a08d6ac
244150,Banksters (2020),,2020,Crime|Drama,tt12869176,,,,unmatched,2026-10-02T05:28:24Z,0bd6a12470cb2b08cd584fa7fb45cf59fdb21f213662507c41f950e14225b849
244166,Violet (2020),,2020,Drama|Horror,tt9521590,,,,unmatched,2026-10-02T05:33:45Z,9665b352781b47915d2d96f42fecad2af1c01f2be0dc6377fe925c22d683e16c
244170,Survival Guide (2020),,2020,Horror,tt11594696,,,,unmatched,2026-10-02T05:27:45Z,7c9bd0ead99fe1cedc1a83296f869770878c94b34ace67bc1d4760f1d4760822
244184,Nate Bargatze: The Greatest Average American (2021),,2021,Comedy,tt14078164,,,,unmatched,2026-10-02T05:30:35Z,5b89c543a3784f01c09eee1157118ebdd81b0ad9de4125d8061df831da3d4b1b
244400,The 7th Annual Live 'On Cinema' Oscar Special (2020),,2020,Comedy,tt11853754,,,,unmatched,2026-10-02T05:27:56Z,bddcd4b125e2d35d7ecefdba01a42d949881e708974efab5bed6f28014c6b62c
244478,ETs Among Us 4: The Reality of ET/Human Hybrids (2020),,2020,(no genres listed),tt11905190,,,,unmatched,2026-10-02T05:27:57Z,08245447db9f5a5dd73f979b78ed0b0b18999be17b06b992117886893b449487
244480,Confessions of a Time Traveler - The Man from 3036 (2020),,2020,Documentary|Sci-Fi,tt12343322,,,,unmatched,2026-10-02T05:28:08Z,263cba6f5ea26c4ff9f92f33a23b18cb9f4cbcb1dc4090295a6f74c47776071f
244682,Sensation (2021),,2021,Fantasy|Mystery|Thriller,tt10247678,,,,unmatched,2026-10-02T05:26:38Z,98388e59f7129bd2b73d0df86462a131865604a9bd1dd056abd72ee8bf302442
244690,My Brother Jordan (2020),,2020,Documentary,tt6918740,,,,unmatched,2026-10-02T05:33:09Z,1e5f97a70bd788473de953003d22877cf92b95c4581befbec11976b51b4f63d8
244704,"Our Lady of San Juan, Four Centuries of Miracles (2021)",,2021,Drama,tt10038660,,,,unmatched,2026-10-02T05:26:32Z,d7e565545bd4dc9780f8f935845acccb6658273617895df66f221fcf02041a72
244748,Twyla Moves (2021),,2021,Documentary,tt12441458,,,,unmatched,2026-10-02T05:28:10Z,d82b2042d25de54ec50448df498ce73e86406d6bf74c2887b71b1856bdd3f36e
244786,concrete_savanna (2021),,2021,Horror|Thriller,tt13056108,,,,unmatched,2026-10-02T05:29:14Z,b7cb52088b2416e8320786db7afafe94bfcb9e0276579498507d423fa90ebbd2
244852,Shadowland (2021),,2021,Action|Horror|Mystery,tt9015714,,,,unmatched,2026-10-02T05:33:36Z,6f5a5f3548d636e34beaf2a15cfec9103eddf5cca1119b5a46f72c56ed1f9323
244952,Not a Game (2020),,2020,Documentary,tt11843712,,,,unmatched,2026-10-02T05:27:56Z,bddcd4b125e2d35d7ecefdba01a42d949881e708974efab5bed6f28014c6b62c
244962,Buoyancy (2020),,2020,Thriller,tt8424638,,,,unmatched,2026-10-02T05:33:27Z,967066a3425e07f15cedaa50cd34fa619db7ae0620a3db8362c242f6d1812f5d
244982,A Crafty Christmas Romance (2020),,2020,Romance,tt11508080,,,,unmatched,2026-10-02T05:27:41Z,a8f7d11754e0bc083aadf57c6ceada40e22345891dec61fdd2e0ab9507354734
245010,Mile High Escorts (2020),,2020,Thriller,tt11114708,,,,unmatched,2026-10-02T05:27:08Z,127d606e775dce36dc1f55a3f8b276c41f3cae74a383e6a04c806cd8f248e627
245052,Hyde (2021),,2021,Thriller,tt8338100,,,,unmatched,2026-10-02T05:33:25Z,3dcc65c2c6a9891bfaae0b2ae3b9fde6953e3d71d8c9c4b2874ddbd33ef748af
245118,Christmas on the Menu (2020),,2020,Romance,tt12968696,,,,unmatched,2026-10-02T05:28:25Z,30280bbfa3df7b5339857b827f5f9bd1c1c0ecd3f4dd0cdd57312f765e907087
245126,"Sex, Drugs & Bicycles (2020)",,2020,Documentary,tt12537774,,,,unmatched,2026-10-02T05:28:12Z,5e1afcfbedcb6928e914055f59768f191817b7b1d66a96868c43b2febae42536
245132,Country at Heart (2020),,2020,Romance,tt10887492,,,,unmatched,2026-10-02T05:27:02Z,b5f5aa581bf576c8d90f197e81519a49e63356ffd7afdfb27cfc10e02af9a7ce
245234,2020 (2020),,2020,Comedy,tt13110216,,,,unmatched,2026-10-02T05:29:16Z,31963caaca5afa65978012f1c57b1f4cc727c44413fa07639eee178d1b60a84e
245270,Truly Texas Mexican (2021),,2021,Documentary,tt13932972,,,,unmatched,2026-10-02T05:30:22Z,9c09440ed53ff0360cbca034c22fb36468c70796d9aae9d70492b03afa8c8b92
245276,Highline (2020),,2020,(no genres listed),tt11628154,,,,unmatched,2026-10-02T05:27:47Z,a8236c0e6b8985af815c1d1bda172de550fdb96a5ba869d592348be2747f7270
245288,Sometime Other Than Now (2021),,2021,Drama,tt10448458,,,,unmatched,2026-10-02T05:26:48Z,f703e0f4cfd16f0b2475fcf92fdcdc99dd42481e780b5d2d75a69c6b4be227ed
245302,Climbing Blind (2020),,2020,Documentary,tt11801494,,,,unmatched,2026-10-02T05:27:52Z,36246feddf237bea6772977dbe79de062da143f99b8b3bbd1c26d27cfa104201
245334,The Fear Footage 3AM (2021),,2021,Horror,tt13964002,,,,unmatched,2026-10-02T05:30:22Z,9c09440ed53ff0360cbca034c22fb36468c70796d9aae9d70492b03afa8c8b92
245336,The Hill and the Hole (2020),,2020,Fantasy|Horror|Sci-Fi,tt8357336,,,,unmatched,2026-10-02T05:33:25Z,3dcc65c2c6a9891bfaae0b2ae3b9fde6953e3d71d8c9c4b2874ddbd33ef748af
245434,Christmas Ever After (2020),,2020,Romance,tt13341908,,,,unmatched,2026-10-02T05:30:02Z,5995c664c4e5252493569ade0c9badba5751d7a8eedb74ce78290d38015fc9ad
245616,Relaxing Old Footage With Joe Pera (2020),,2020,Comedy|Documentary,tt11065340,,,,unmatched,2026-10-02T05:27:08Z,127d606e775dce36dc1f55a3f8b276c41f3cae74a383e6a04c806cd8f248e627
245632,Pray: The Story of Patrick Peyton (2020),,2020,Documentary,tt10925802,,,,unmatched,2026-10-02T05:27:02Z,b5f5aa581bf576c8d90f197e81519a49e63356ffd7afdfb27cfc10e02af9a7ce
245788,The Undocumented Lawyer (2020),,2020,Documentary,tt11084786,,,,unmatched,2026-10-02T05:27:08Z,127d606e775dce36dc1f55a3f8b276c41f3cae74a383e6a04c806cd8f248e627
245794,Shadows (2021),,2021,Drama,tt11197452,,,,unmatched,2026-10-02T05:27:12Z,2b41504b93e1d0f3ab052fe75b578bbd598982d6455640975ae87d4ccbee48b0
245854,Know Fear (2021),,2021,Horror,tt9191700,,,,unmatched,2026-10-02T05:33:40Z,d4d7e97e8533382be6c4413a96367f7488ded020b123ee2682b9f98cf635749e
246072,Cool Cat Fights Coronavirus (2021),,2021,Children|Comedy|Horror,tt13565672,,,,unmatched,2026-10-02T05:30:10Z,5741eeb682eb055b20badbace3d983d87001c5c1b48a790a5ed9757d21c4701d
246106,Fit for a Prince (2021),,2021,Comedy|Romance,tt14039028,,,,unmatched,2026-10-02T05:30:32Z,aaea0c2f1885dc2edd516bed9b2e0c6f464bdb5b45c766ee57949e79a09794bd
246142,War of Likes (2021),,2021,Comedy,tt11332500,,,,unmatched,2026-10-02T05:27:16Z,143bfc5b41d9d303a9735e7cd089995dd8292bbc89dba3eda0074e6269cd9c59
246144,It Was Always You (2021),,2021,Romance,tt13831504,,,,unmatched,2026-10-02T05:30:18Z,1cffa4ff45e3ac3222b912537a05dbf96f44d4ebcb0cb99eabfde3ec3350e06a
246148,Merry Liddle Christmas Wedding (2020),,2020,Romance,tt12821388,,,,unmatched,2026-10-02T05:28:21Z,25dd3628e35eab3cd31715e9cd7b1f93bb1fb11789d6738d318de6a3d1a8d34d
246168,The Christmas Edition (2020),,2020,Romance,tt13121702,,,,unmatched,2026-10-02T05:29:16Z,31963caaca5afa65978012f1c57b1f4cc727c44413fa07639eee178d1b60a84e
246192,Once Upon a Main Street (2020),,2020,Drama,tt13064420,,,,unmatched,2026-10-02T05:29:14Z,b7cb52088b2416e8320786db7afafe94bfcb9e0276579498507d423fa90ebbd2
246304,Cuatro Paredes (2021),,2021,Drama,tt13136754,,,,unmatched,2026-10-02T05:29:16Z,31963caaca5afa65978012f1c57b1f4cc727c44413fa07639eee178d1b60a84e
246346,The Heiress (2021),,2021,Horror,tt8398928,,,,unmatched,2026-10-02T05:33:27Z,967066a3425e07f15cedaa50cd34fa619db7ae0620a3db8362c242f6d1812f5d
246384,60 Seconds to Die 3 (2021),,2021,(no genres listed),tt5576912,,,,unmatched,2026-10-02T05:32:57Z,77fbf9f61e0b979c32dfb5d0fffabf5fd5302d17d60c1a40e58346c0c1bed1f8
246534,Time Warp: The Greatest Cult Films of All-Time - Vol. 3: Comedy and Camp (2020),,2020,Documentary,tt12031256,,,,unmatched,2026-10-02T05:28:01Z,37abd2947849dfc1bad5ec9d6b05847939d338b85852f00f4eeaa736eed9fa72
246548,The Stay (2021),,2021,Thriller,tt11591424,,,,unmatched,2026-10-02T05:27:45Z,7c9bd0ead99fe1cedc1a83296f869770878c94b34ace67bc1d4760f1d4760822
246708,French Water (2021),,2021,Drama|Fantasy,tt14458024,,,,unmatched,2026-10-02T05:30:46Z,0c73a84dc5cf253a887e03996db24d9171258edc680beb5d7c340cfb12780117
246726,Modern Persuasion (2020),,2020,Comedy|Drama|Romance,tt2165922,,,,unmatched,2026-10-02T05:32:23Z,96adf69573712f51075a0f3e8873e99f3181e8556f7f229606cb82863c6c7ea2
246728,Christmas Tree Lane (2020),,2020,Romance,tt13344860,,,,unmatched,2026-10-02T05:30:02Z,5995c664c4e5252493569ade0c9badba5751d7a8eedb74ce78290d38015fc9ad
246836,A Matter of Life and Death: History of Hygiene (2021),,2021,Documentary,tt14286002,,,,unmatched,2026-10-02T05:30:40Z,58dc1d615e4cb0d8feb35a85475905034fee482dc59181d12522c31ef3373143
246838,Les Damnés de la Commune (2021),,2021,Animation|Drama,tt14277290,,,,unmatched,2026-10-02T05:30:40Z,58dc1d615e4cb0d8feb35a85475905034fee482dc59181d12522c31ef3373143
246892,Too Close For Christmas (2020),,2020,Romance,tt13273702,,,,unmatched,2026-10-02T05:29:22Z,0c2354828e96968037e9d061e2e0cc48f43890bb09fa6f8178c30631351f9e71
246894,"Sincerely, Yours, Truly (2020)",,2020,Children|Comedy|Romance,tt10372548,,,,unmatched,2026-10-02T05:26:45Z,48b37011911d89b063fe966e90953b3c2e02003899ff9ddd98fb5318813c5bbe
246912,Bisping (2021),,2021,Documentary,tt9690830,,,,unmatched,2026-10-02T05:33:49Z,7d982dc21aa08adb9529914d43f83bb47a916287e182e5d34c676e43653c84b5
246914,Save the Wedding (2021),,2021,Romance,tt12539024,,,,unmatched,2026-10-02T05:28:14Z,59e1c683b047ca20bf821fd5c2008e64290ae4df2de665436a2a9dafd10e71d2
247000,Time Warp: The Greatest Cult Films of All Time - Vol. 1: Midnight Madness (2020),,2020,Documentary,tt12081026,,,,unmatched,2026-10-02T05:28:03Z,79444bce0b48f7ceca561c950387a53acf5f989026a2e3df3cc895cd31d330c5
247048,Time Warp: The Greatest Cult Films of All-Time - Vol. 2: Horror and Sci-Fi (2020),,2020,Documentary,tt12031212,,,,unmatched,2026-10-02T05:28:01Z,37abd2947849dfc1bad5ec9d6b05847939d338b85852f00f4eeaa736eed9fa72
247084,Pretend That You Love Me (2020),,2020,Drama|Romance,tt12476620,,,,unmatched,2026-10-02T05:28:12Z,5e1afcfbedcb6928e914055f59768f191817b7b1d66a96868c43b2febae42536
247232,Loyiso Gola: Unlearning (2021),,2021,Comedy,tt14111708,,,,unmatched,2026-10-02T05:30:36Z,ffa46737d793ad01d27ebac44f2bafb6890958f793c89db29af96d8de6936798
247246,Genesis Code (2020),,2020,Drama|Mystery|Thriller,tt5820846,,,,unmatched,2026-10-02T05:32:59Z,4151fd5e58e550c7338d4a11cd83c034b2e4d1d9e2718a940b4dcb8cb559fe27
247264,The Arbors (2020),,2020,Drama|Horror|Thriller,tt7143598,,,,unmatched,2026-10-02T05:33:11Z,1abab7ed0ecd62c0f24a2762907eea175e20f7e9dbc6bd7019d93e269c3a85c0
247272,South (2020),,2020,Documentary,tt12194900,,,,unmatched,2026-10-02T05:28:05Z,11e539e25cfd2edc140fb3daef430ef79ef3e6574e582595b465ce09b510c3b4
247468,Audition (2021),,2021,(no genres listed),tt12446902,,,,unmatched,2026-10-02T05:28:10Z,d82b2042d25de54ec50448df498ce73e86406d6bf74c2887b71b1856bdd3f36e
247488,Nest of Vampires (2021),,2021,Horror|Thriller,tt10862868,,,,unmatched,2026-10-02T05:27:00Z,25a01f747c403d02885c05f15ad78fb57a9f0a258f2e5d7ae85ababa48eeaddf
247492,Sunday Dinner (2021),,2021,(no genres listed),tt12165218,,,,unmatched,2026-10-02T05:28:05Z,11e539e25cfd2edc140fb3daef430ef79ef3e6574e582595b465ce09b510c3b4
247568,The Penthouse (2021),,2021,Thriller,tt10730376,,,,unmatched,2026-10-02T05:26:56Z,27762538674d29f4da22543f9476cb8f360b8416958807123e91c13a1dd7c42f
247628,My Fiona (2020),,2020,Drama,tt10457168,,,,unmatched,2026-10-02T05:26:50Z,f8c65246a2303e0a91172bdf896d40eba3b911da444a0269d9cb0e949557c342
247642,Bram Stoker's Van Helsing (2021),,2021,Horror,tt13304948,,,,unmatched,2026-10-02T05:30:00Z,1a4ee30b61c4b0e05386c5f3669dcd3940d1f9662e6767a7a41632817da17f96
247786,I'm Not Him (2021),,2021,(no genres listed),tt12487320,,,,unmatched,2026-10-02T05:28:12Z,5e1afcfbedcb6928e914055f59768f191817b7b1d66a96868c43b2febae42536
247840,In Silico (2020),,2020,Documentary,tt11581002,,,,unmatched,2026-10-02T05:27:45Z,7c9bd0ead99fe1cedc1a83296f869770878c94b34ace67bc1d4760f1d4760822
247894,Secret Society (2021),,2021,Drama,tt13050400,,,,unmatched,2026-10-02T05:29:14Z,b7cb52088b2416e8320786db7afafe94bfcb9e0276579498507d423fa90ebbd2
248030,Sorority Secrets (2020),,2020,Thriller,tt11708482,,,,unmatched,2026-10-02T05:27:51Z,e9bbcfb28ea411beedb0c53939e63a662ed31be8b0882f5217eae963f4dcdfda
248050,Howl (2021),,2021,(no genres listed),tt8079664,,,,unmatched,2026-10-02T05:33:21Z,d6f2ae622aad071d11307bb1ccc7fa8264dabab7a967bcdc0f4622c976875e54
248216,The Pedal Movie (2021),,2021,Documentary,tt11811310,,,,unmatched,2026-10-02T05:27:54Z,4e274bd6e566ed2b99ab7845c0c09603d0c2e3284d9c6be80056ffb7c1c7bce4
248228,The American King (2020),,2020,(no genres listed),tt13153712,,,,unmatched,2026-10-02T05:29:18Z,666cede00bc86dbe726ef31ffd82c507f0d0105405544f90bb344d2fd87a367c
248348,Malika the Lion Queen (2021),,2021,Documentary,tt14260658,,,,unmatched,2026-10-02T05:30:40Z,58dc1d615e4cb0d8feb35a85475905034fee482dc59181d12522c31ef3373143
248374,Hiroshima and Nagasaki: 75 Years Later (2020),,2020,Documentary,tt12762186,,,,unmatched,2026-10-02T05:28:19Z,218012112723c4c561103120856f249ea0a344797f17512f3710cdcd512eeaa5
248378,Black Lake (2020),,2020,Drama|Horror|Thriller,tt6314998,,,,unmatched,2026-10-02T05:33:03Z,4d0015a18bb85f96266dbd5815f966af9440cf4499ebae118fb32b3da8395963
248416,Lady of Guadalupe (2020),,2020,Drama,tt10886702,,,,unmatched,2026-10-02T05:27:02Z,b5f5aa581bf576c8d90f197e81519a49e63356ffd7afdfb27cfc10e02af9a7ce
248420,Her Name Was Jo (2020),,2020,Adventure,tt6002094,,,,unmatched,2026-10-02T05:33:01Z,f2932b6f041cbc5d33a7a6aaa6b55d38b5d72368d5857c02f206e850b8a898c2
248444,Doll Face (2021),,2021,Horror|Thriller,tt12192636,,,,unmatched,2026-10-02T05:28:05Z,11e539e25cfd2edc140fb3daef430ef79ef3e6574e582595b465ce09b510c3b4
248462,Mr. Navajo (2020),,2020,Documentary,tt13926402,,,,unmatched,2026-10-02T05:30:22Z,9c09440ed53ff0360cbca034c22fb36468c70796d9aae9d70492b03afa8c8b92
248504,Stay (2021),,2021,Horror,tt13117720,,,,unmatched,2026-10-02T05:29:16Z,31963caaca5afa65978012f1c57b1f4cc727c44413fa07639eee178d1b60a84e
248570,Chateau Vato (2020),,2020,Comedy,tt7199030,,,,unmatched,2026-10-02T05:33:11Z,1abab7ed0ecd62c0f24a2762907eea175e20f7e9dbc6bd7019d93e269c3a85c0
248582,Taking the Fall (2021),,2021,Drama,tt9265050,,,,unmatched,2026-10-02T05:33:41Z,5f5e45fa009bf17169d8dc52c69b46061be0180e56cfc03bad06e90f3e3402ab
248642,"Chine-USA, la bataille de l'OMS (2020)",,2020,Documentary,tt12619278,,,,unmatched,2026-10-02T05:28:16Z,a9a7cbd00545c874a15c40ff85ae3363bcdb92ca0c69ae2b7686835a54bfb223
248718,A Creepshow Animated Special (2020),,2020,Animation|Fantasy|Horror|Mystery,tt13244172,,,,unmatched,2026-10-02T05:29:20Z,31a0cb6509824becae00bf265094c70d59c0b5589aeb1b7e5e914655ec329aef
248766,We Burn Like This (2021),,2021,Drama,tt10426580,,,,unmatched,2026-10-02T05:26:48Z,f703e0f4cfd16f0b2475fcf92fdcdc99dd42481e780b5d2d75a69c6b4be227ed
248832,Yearly Departed (2020),,2020,Comedy,tt13321268,,,,unmatched,2026-10-02T05:30:00Z,1a4ee30b61c4b0e05386c5f3669dcd3940d1f9662e6767a7a41632817da17f96
248876,Senior Entourage (2021),,2021,Comedy,tt6326182,,,,unmatched,2026-10-02T05:33:03Z,4d0015a18bb85f96266dbd5815f966af9440cf4499ebae118fb32b3da8395963
248878,Why? (2021),,2021,Horror,tt10313806,,,,unmatched,2026-10-02T05:26:41Z,788c96e7c12b4f240aa2500dff649dfa04d6ef48a7cdb9ca140a908ead0137ad
248982,Alaskan Nets (2021),,2021,Documentary,tt14207588,,,,unmatched,2026-10-02T05:30:38Z,973dfd0e61a4df6c470ee8c15968187a4e9ddb921bbb94e1aa8deac9b923c36f
248998,Rifkin on Rifkin: Private Confessions of a Serial Killer (2021),,2021,Documentary,tt14308698,,,,unmatched,2026-10-02T05:30:42Z,bad62b820338742a949ccde1dc55a6ce09b1aeca628f1f7355bf192b157c48c7
249012,Night of the Sicario (2021),,2021,Action|Drama|Thriller,tt10375916,,,,unmatched,2026-10-02T05:26:45Z,48b37011911d89b063fe966e90953b3c2e02003899ff9ddd98fb5318813c5bbe
249078,Our Towns (2021),,2021,Documentary,tt14330162,,,,unmatched,2026-10-02T05:30:42Z,bad62b820338742a949ccde1dc55a6ce09b1aeca628f1f7355bf192b157c48c7
249168,The Inheritance (2021),,2021,Horror|Mystery|Thriller,tt10204512,,,,unmatched,2026-10-02T05:26:37Z,090828f270556752be6e03c905d9d335a4e1c964cd2c9518f0bc729ab2e27894
249210,Knights of Newgate (2021),,2021,Adventure|Fantasy,tt6665070,,,,unmatched,2026-10-02T05:33:04Z,465712e306b2c34c02bd3cc5a4b04d57c4d52326d843878a76948bd22b7805f3
249232,Violent Delights (2020),,2020,Horror,tt13799892,,,,unmatched,2026-10-02T05:30:18Z,1cffa4ff45e3ac3222b912537a05dbf96f44d4ebcb0cb99eabfde3ec3350e06a
249236,Louis Theroux: Selling Sex (2020),,2020,Documentary,tt10795348,,,,unmatched,2026-10-02T05:26:58Z,be36a9a8fd48cdbb5f4129bdee4f66542e1c60a09f313d3f9b67e57b76bd26b3
249248,No Way Out (2021),,2021,Drama|Horror|Mystery|Thriller,tt3551684,,,,unmatched,2026-10-02T05:32:49Z,b6582f1073d60302cc1986f190f272c359b2b20c02ca9afa632b0bc95110f2e0
249292,Four Roads (2021),,2021,Documentary,tt14556014,,,,unmatched,2026-10-02T05:30:48Z,43b86bac97eb36bc7e398639f12f1d550080ef5e7ad0c31dc76be2bbd8eb39a4
249332,Timecrafters: The Treasure of Pirates Cove (2020),,2020,Adventure|Children,tt3143606,,,,unmatched,2026-10-02T05:32:47Z,a0384fcc80646bd19d44f452f6cab05bad58f55922309b9f5985d937b1f02eea
249342,Dark City Beneath the Beat (2020),,2020,Documentary,tt11916314,,,,unmatched,2026-10-02T05:27:57Z,08245447db9f5a5dd73f979b78ed0b0b18999be17b06b992117886893b449487
249350,Finding Jesus (2020),,2020,(no genres listed),tt12981810,,,,unmatched,2026-10-02T05:28:27Z,6737767853427b644d3c347b89fee8b357a567896acdee568249ae856781d507
249368,Confetti (2020),,2020,Children|Drama,tt7534810,,,,unmatched,2026-10-02T05:33:14Z,1b206242f3146468dedfb936aba8ec73f64746c797407020197153c92bab6a15
249460,Joe List: I Hate Myself (2020),,2020,Comedy,tt12837478,,,,unmatched,2026-10-02T05:28:21Z,25dd3628e35eab3cd31715e9cd7b1f93bb1fb11789d6738d318de6a3d1a8d34d
249464,Woman in the Woods (2021),,2021,Action|Adventure|Fantasy,tt11224748,,,,unmatched,2026-10-02T05:27:12Z,2b41504b93e1d0f3ab052fe75b578bbd598982d6455640975ae87d4ccbee48b0
249476,Chasing Whiskey (2020),,2020,Documentary,tt9774740,,,,unmatched,2026-10-02T05:33:51Z,08eb8ded71126f7e751ad4a5b7aae836f1bab633e8b7a4ace25833d3c5858e2f
249480,As Luck Would Have It (2021),,2021,Comedy|Romance,tt13775584,,,,unmatched,2026-10-02T05:30:16Z,b1b1817c8660697b26e80a5621546a00c4060195fa97f88d895d1df99a08d6ac
249488,Chasing Waterfalls (2021),,2021,Comedy|Romance,tt13110420,,,,unmatched,2026-10-02T05:29:16Z,31963caaca5afa65978012f1c57b1f4cc727c44413fa07639eee178d1b60a84e
249576,Steelers: The World's First Gay Rugby Club (2020),,2020,Documentary,tt11848290,,,,unmatched,2026-10-02T05:27:56Z,bddcd4b125e2d35d7ecefdba01a42d949881e708974efab5bed6f28014c6b62c
249826,7 Yards: The Chris Norton Story (2021),,2021,Documentary,tt12439210,,,,unmatched,2026-10-02T05:28:10Z,d82b2042d25de54ec50448df498ce73e86406d6bf74c2887b71b1856bdd3f36e
249832,Original Gangster (2020),,2020,Crime,tt9824114,,,,unmatched,2026-10-02T05:33:53Z,a8d806b367c5f53cd65705285b7c0b870237004febf26cfb23438d25a6d1771a
249846,Big Trouble In Seattle (2021),,2021,Crime|Thriller,tt10141026,,,,unmatched,2026-10-02T05:26:34Z,656ced9738d28e3817f807f3b3ce4b9cc8464e0d49f5aad4e40adc2f869b03be
249866,A Mother of No Destination (2021),,2021,Sci-Fi|Thriller,tt13365140,,,,unmatched,2026-10-02T05:30:02Z,5995c664c4e5252493569ade0c9badba5751d7a8eedb74ce78290d38015fc9ad
249870,Courting Mom and Dad (2021),,2021,Children,tt11907624,,,,unmatched,2026-10-02T05:27:57Z,08245447db9f5a5dd73f979b78ed0b0b18999be17b06b992117886893b449487
249968,The Hidden Kingdoms of China (2020),,2020,Documentary,tt13975730,,,,unmatched,2026-10-02T05:30:22Z,9c09440ed53ff0360cbca034c22fb36468c70796d9aae9d70492b03afa8c8b92
250208,White People Money (2021),,2021,Comedy,tt11016222,,,,unmatched,2026-10-02T05:27:06Z,c646d5a823a996130ca5aee18094953a7cfd27a0c73f52c866b6a8d1d8ee59bb
250288,The Blackwell Ghost 5 (2020),,2020,Documentary|Horror,tt14277322,,,,unmatched,2026-10-02T05:30:40Z,58dc1d615e4cb0d8feb35a85475905034fee482dc59181d12522c31ef3373143
250340,The Mad Hatter (2021),,2021,Horror|Thriller,tt10746060,,,,unmatched,2026-10-02T05:26:58Z,be36a9a8fd48cdbb5f4129bdee4f66542e1c60a09f313d3f9b67e57b76bd26b3
250406,Death Ranch (2020),,2020,Action|Horror|Thriller,tt10397188,,,,unmatched,2026-10-02T05:26:48Z,f703e0f4cfd16f0b2475fcf92fdcdc99dd42481e780b5d2d75a69c6b4be227ed
250410,Andie the Great (2021),,2021,Comedy|Drama,tt9278378,,,,unmatched,2026-10-02T05:33:41Z,5f5e45fa009bf17169d8dc52c69b46061be0180e56cfc03bad06e90f3e3402ab
250468,Of Fish and Men (2020),,2020,Drama,tt12701964,,,,unmatched,2026-10-02T05:28:18Z,1d66962e3349c1e5167447f957a3b4e9238cadf658d89fc06a5e5dabb118905e
250498,How to Disappear (2020),,2020,Animation|Documentary|War,tt11570412,,,,unmatched,2026-10-02T05:27:45Z,7c9bd0ead99fe1cedc1a83296f869770878c94b34ace67bc1d4760f1d4760822
250502,WWE Royal Rumble 2021 (2021),,2021,Action|Drama,tt13690856,Q104417285,,,country_missing,2026-10-02T05:30:16Z,b1b1817c8660697b26e80a5621546a00c4060195fa97f88d895d1df99a08d6ac
250508,The Skunk Ape Lives (2020),,2020,Documentary,tt12377116,,,,unmatched,2026-10-02T05:28:08Z,263cba6f5ea26c4ff9f92f33a23b18cb9f4cbcb1dc4090295a6f74c47776071f
250674,Scare Us (2021),,2021,Horror,tt10990188,,,,unmatched,2026-10-02T05:27:04Z,6bf8bbc4cdcbf2378683a76547ea7f87b48fb11ba6803fa98827de7b1853d87a
250692,Below the Fold (2021),,2021,Drama|Mystery,tt10368680,,,,unmatched,2026-10-02T05:26:45Z,48b37011911d89b063fe966e90953b3c2e02003899ff9ddd98fb5318813c5bbe
250700,Truth to Power (2020),,2020,Documentary,tt11905998,,,,unmatched,2026-10-02T05:27:57Z,08245447db9f5a5dd73f979b78ed0b0b18999be17b06b992117886893b449487
250798,Colors of Love (2021),,2021,Drama|Romance,tt13273728,,,,unmatched,2026-10-02T05:29:22Z,0c2354828e96968037e9d061e2e0cc48f43890bb09fa6f8178c30631351f9e71
250824,Lucy the Human Chimp (2021),,2021,Documentary,tt14091792,,,,unmatched,2026-10-02T05:30:36Z,ffa46737d793ad01d27ebac44f2bafb6890958f793c89db29af96d8de6936798
250914,I Am Alfred Hitchcock (2021),,2021,Documentary,tt13943780,,,,unmatched,2026-10-02T05:30:22Z,9c09440ed53ff0360cbca034c22fb36468c70796d9aae9d70492b03afa8c8b92
250974,Apocalypse '45 (2020),,2020,Documentary,tt12899382,,,,unmatched,2026-10-02T05:28:25Z,30280bbfa3df7b5339857b827f5f9bd1c1c0ecd3f4dd0cdd57312f765e907087
251014,After So Many Days (2020),,2020,Documentary,tt12483660,,,,unmatched,2026-10-02T05:28:12Z,5e1afcfbedcb6928e914055f59768f191817b7b1d66a96868c43b2febae42536
251044,Happy Little Bunnies (2020),,2020,Comedy|Horror,tt12399214,,,,unmatched,2026-10-02T05:28:10Z,d82b2042d25de54ec50448df498ce73e86406d6bf74c2887b71b1856bdd3f36e
251074,YouthMin: A Mockumentary (2021),,2021,Comedy|Documentary,tt6096296,,,,unmatched,2026-10-02T05:33:01Z,f2932b6f041cbc5d33a7a6aaa6b55d38b5d72368d5857c02f206e850b8a898c2
251124,Wrong Place Wrong Time (2021),,2021,Crime,tt7636718,,,,unmatched,2026-10-02T05:33:16Z,560a5a14e8ca1ca22beec789ea96cdcb1e33a7acbb841a63a203485ece82276d
251130,The Darkness (2021),,2021,Horror,tt8876488,,,,unmatched,2026-10-02T05:33:33Z,ead8b99b6ebb5910a8d6d20ab243bac8ac8abe5b3af19102baa84a40690ee863
251140,OnlyFans: Selling Sexy (2021),,2021,Documentary,tt14107670,,,,unmatched,2026-10-02T05:30:36Z,ffa46737d793ad01d27ebac44f2bafb6890958f793c89db29af96d8de6936798
251182,Painkiller (2021),,2021,Thriller,tt10799922,,,,unmatched,2026-10-02T05:26:58Z,be36a9a8fd48cdbb5f4129bdee4f66542e1c60a09f313d3f9b67e57b76bd26b3
251184,The Midwife (2021),,2021,Horror,tt9766814,,,,unmatched,2026-10-02T05:33:51Z,08eb8ded71126f7e751ad4a5b7aae836f1bab633e8b7a4ace25833d3c5858e2f
251186,Threshold (2020),,2020,Drama|Horror,tt9297478,,,,unmatched,2026-10-02T05:33:41Z,5f5e45fa009bf17169d8dc52c69b46061be0180e56cfc03bad06e90f3e3402ab
251190,3 Women (2020),,2020,(no genres listed),tt11137272,Q130357097,,,country_missing,2026-10-02T05:27:10Z,7aaa0828219af88ec0aae588bf603c00fba846ebcbd63c37fb196fa103f909a0
251200,Cerebrum (2021),,2021,Sci-Fi|Thriller,tt7933232,,,,unmatched,2026-10-02T05:33:18Z,db3fa481ad3ef967d24896db5eb117b7f7a733054f4fc63e3dccc8532199946e
251254,American Mobster: Retribution (2021),,2021,Action,tt14136566,,,,unmatched,2026-10-02T05:30:36Z,ffa46737d793ad01d27ebac44f2bafb6890958f793c89db29af96d8de6936798
251336,The Méliès Mystery (2021),,2021,Documentary,tt13710206,,,,unmatched,2026-10-02T05:30:16Z,b1b1817c8660697b26e80a5621546a00c4060195fa97f88d895d1df99a08d6ac
251342,Engaged in Vegas (2021),,2021,(no genres listed),tt10043660,,,,unmatched,2026-10-02T05:26:32Z,d7e565545bd4dc9780f8f935845acccb6658273617895df66f221fcf02041a72
251386,Throat Notes (2020),,2020,Animation,tt13725232,,,,unmatched,2026-10-02T05:30:16Z,b1b1817c8660697b26e80a5621546a00c4060195fa97f88d895d1df99a08d6ac
251390,Twins in Paradise (2020),,2020,Animation,tt12538886,,,,unmatched,2026-10-02T05:28:14Z,59e1c683b047ca20bf821fd5c2008e64290ae4df2de665436a2a9dafd10e71d2
251416,Kitty Love: An Homage to Cats (2021),,2021,Documentary,tt14611430,,,,unmatched,2026-10-02T05:30:50Z,cf709f23c4a348c1051419441fdc09901409c1a8215063ff9f9de9aeff40d238
251480,Blood Moon (2021),,2021,Fantasy|Horror,tt11828648,,,,unmatched,2026-10-02T05:27:54Z,4e274bd6e566ed2b99ab7845c0c09603d0c2e3284d9c6be80056ffb7c1c7bce4
251482,Daddy's Perfect Little Girl (2021),,2021,(no genres listed),tt12703842,,,,unmatched,2026-10-02T05:28:18Z,1d66962e3349c1e5167447f957a3b4e9238cadf658d89fc06a5e5dabb118905e
251534,Something in the Shadows (2021),,2021,Horror|Thriller,tt8756966,,,,unmatched,2026-10-02T05:33:33Z,ead8b99b6ebb5910a8d6d20ab243bac8ac8abe5b3af19102baa84a40690ee863
251740,Twenty One Pilots: Livestream Experience (2021),,2021,(no genres listed),tt14717082,,,,unmatched,2026-10-02T05:30:54Z,11f9ad3247b60ace28f4ebe3d2df64fd8c31dd425369ec66e0aa0b7389e99abf
251994,Witnesses (2021),,2021,Children|Drama,tt13820428,,,,unmatched,2026-10-02T05:30:18Z,1cffa4ff45e3ac3222b912537a05dbf96f44d4ebcb0cb99eabfde3ec3350e06a
252012,Tulsa: The Fire and the Forgotten (2021),,2021,Documentary,tt14378152,,,,unmatched,2026-10-02T05:30:44Z,1487075e20cbf29a27dc1ac89b22f95301e6d5b75731f28fb9982d60c5bb8cd6
252084,The Housewife and the Hustler (2021),,2021,Crime|Documentary,tt14807808,,,,unmatched,2026-10-02T05:30:54Z,11f9ad3247b60ace28f4ebe3d2df64fd8c31dd425369ec66e0aa0b7389e99abf
252094,Take Out Girl (2021),,2021,Drama|Thriller,tt10816000,,,,unmatched,2026-10-02T05:27:00Z,25a01f747c403d02885c05f15ad78fb57a9f0a258f2e5d7ae85ababa48eeaddf
252122,Amy Tan: Unintended Memoir (2021),,2021,Documentary,tt10393074,,,,unmatched,2026-10-02T05:26:45Z,48b37011911d89b063fe966e90953b3c2e02003899ff9ddd98fb5318813c5bbe
252126,Broken Harts (2021),,2021,Documentary,tt14638362,,,,unmatched,2026-10-02T05:30:52Z,8a6407fbb8a9fe0c8181cfffe9579fe02c0fc6f1ec61c5e244654251d0f13846
252148,Weekenders (2021),,2021,Comedy|Drama|Romance,tt13281680,,,,unmatched,2026-10-02T05:29:22Z,0c2354828e96968037e9d061e2e0cc48f43890bb09fa6f8178c30631351f9e71
252310,Vice Versa: Chyna (2021),,2021,Documentary,tt14783560,,,,unmatched,2026-10-02T05:30:54Z,11f9ad3247b60ace28f4ebe3d2df64fd8c31dd425369ec66e0aa0b7389e99abf
252312,IWOW: I Walk on Water (2020),,2020,Documentary,tt12042868,,,,unmatched,2026-10-02T05:28:01Z,37abd2947849dfc1bad5ec9d6b05847939d338b85852f00f4eeaa736eed9fa72
252328,Monster Pets: A Hotel Transylvania Short (2021),,2021,Animation|Comedy|Fantasy,tt14423802,,,,unmatched,2026-10-02T05:30:44Z,1487075e20cbf29a27dc1ac89b22f95301e6d5b75731f28fb9982d60c5bb8cd6
252408,Lost & Found in Rome (2021),,2021,Romance,tt11423828,,,,unmatched,2026-10-02T05:27:39Z,08a8d2dd3fb772690e72388559bcdf4bb3e23e43be9a6657d270252f1eaa9302
252518,Roy's World: Barry Gifford's Chicago (2020),,2020,Documentary,tt7934860,,,,unmatched,2026-10-02T05:33:18Z,db3fa481ad3ef967d24896db5eb117b7f7a733054f4fc63e3dccc8532199946e
252572,Black Box (2021),,2021,Mystery|Sci-Fi,tt5126540,,,,unmatched,2026-10-02T05:32:55Z,9c8487159e5dd4c42186272879c0aa92d2a6b7c87032a31061d9fd751e21c495
252634,Apiyemiyekî? (2020),,2020,Documentary,tt12048792,,,,unmatched,2026-10-02T05:28:01Z,37abd2947849dfc1bad5ec9d6b05847939d338b85852f00f4eeaa736eed9fa72
252650,Feral State (2021),,2021,Thriller,tt10283902,,,,unmatched,2026-10-02T05:26:41Z,788c96e7c12b4f240aa2500dff649dfa04d6ef48a7cdb9ca140a908ead0137ad
252686,Soy Rada: Serendipity (2021),,2021,Comedy,tt14540480,,,,unmatched,2026-10-02T05:30:48Z,43b86bac97eb36bc7e398639f12f1d550080ef5e7ad0c31dc76be2bbd8eb39a4
252762,Wicked (The Wicked Trilogy) (2021),,2021,Drama|Fantasy|Romance,tt12302540,,,,unmatched,2026-10-02T05:28:06Z,e604dea7f15fc68e7ca97c4f49c339822ac8d6942b907b49e4679178b63d84b5
252782,Manchester United: For the Glory (2020),,2020,Documentary,tt14580260,Q130640183,,,country_missing,2026-10-02T05:30:50Z,cf709f23c4a348c1051419441fdc09901409c1a8215063ff9f9de9aeff40d238
252784,Borat: VHS Cassette (2021),,2021,Comedy,tt14532426,,,,unmatched,2026-10-02T05:30:48Z,43b86bac97eb36bc7e398639f12f1d550080ef5e7ad0c31dc76be2bbd8eb39a4
252820,Companion (2021),,2021,Horror,tt12093604,,,,unmatched,2026-10-02T05:28:03Z,79444bce0b48f7ceca561c950387a53acf5f989026a2e3df3cc895cd31d330c5
252852,Zebra Girl (2021),,2021,Thriller,tt9253618,,,,unmatched,2026-10-02T05:33:41Z,5f5e45fa009bf17169d8dc52c69b46061be0180e56cfc03bad06e90f3e3402ab
252868,The Box (2021),,2021,Drama,tt8889716,,,,unmatched,2026-10-02T05:33:33Z,ead8b99b6ebb5910a8d6d20ab243bac8ac8abe5b3af19102baa84a40690ee863
253088,What Breaks the Ice (2020),,2020,Drama,tt7830014,,,,unmatched,2026-10-02T05:33:18Z,db3fa481ad3ef967d24896db5eb117b7f7a733054f4fc63e3dccc8532199946e
253142,Anima (2020),,2020,Drama,tt11193834,Q139988009,,,country_missing,2026-10-02T05:27:12Z,2b41504b93e1d0f3ab052fe75b578bbd598982d6455640975ae87d4ccbee48b0
253308,Chuj Boys of Summer (2021),,2021,Drama,tt10954296,,,,unmatched,2026-10-02T05:27:04Z,6bf8bbc4cdcbf2378683a76547ea7f87b48fb11ba6803fa98827de7b1853d87a
253324,Last Man Standing (2021),,2021,Documentary,tt14679856,,,,unmatched,2026-10-02T05:30:52Z,8a6407fbb8a9fe0c8181cfffe9579fe02c0fc6f1ec61c5e244654251d0f13846
253444,Baphomet (2021),,2021,Horror|Thriller,tt3687528,,,,unmatched,2026-10-02T05:32:49Z,b6582f1073d60302cc1986f190f272c359b2b20c02ca9afa632b0bc95110f2e0
253466,Miranda Veil (2020),,2020,Fantasy|Horror,tt9657546,,,,unmatched,2026-10-02T05:33:47Z,4fcad9c664cf0854fd0130a1c1950e3c9ceaee2a56caaaef0aaf50c7e4863dce
253512,Stellanomicon: Future Fear (2021),,2021,Horror|Sci-Fi,tt10437216,,,,unmatched,2026-10-02T05:26:48Z,f703e0f4cfd16f0b2475fcf92fdcdc99dd42481e780b5d2d75a69c6b4be227ed
253514,Terror Eyes (2021),,2021,Thriller,tt4109242,,,,unmatched,2026-10-02T05:32:51Z,a69c82fe6dc658866d1241c253044ba8dfd1579d4c09583fd71c1aa73280da06
253522,Devil's Island (2021),,2021,Horror,tt12496582,,,,unmatched,2026-10-02T05:28:12Z,5e1afcfbedcb6928e914055f59768f191817b7b1d66a96868c43b2febae42536
253578,Midnight in a Perfect World (2020),,2020,Horror|Mystery,tt13593486,,,,unmatched,2026-10-02T05:30:12Z,6c065b6adc8ad66dcb06c6f6aeea650822d40ab4b0606883a6ccd45824bf0756
253746,Crashing Through the Snow (2021),,2021,Children|Comedy|Romance,tt14809392,,,,unmatched,2026-10-02T05:30:54Z,11f9ad3247b60ace28f4ebe3d2df64fd8c31dd425369ec66e0aa0b7389e99abf
253774,Dinosaur Hotel (2021),,2021,Horror|Mystery|Sci-Fi,tt13296032,,,,unmatched,2026-10-02T05:29:22Z,0c2354828e96968037e9d061e2e0cc48f43890bb09fa6f8178c30631351f9e71
253788,Myth: A Frozen Tale (2020),,2020,Animation|Children|Fantasy,tt11278760,,,,unmatched,2026-10-02T05:27:14Z,36399839ce18efd1da879e78899daf9733841799fd315985393e342d3934b68c
253794,In Your Shoes (2020),,2020,Comedy,tt12226676,,,,unmatched,2026-10-02T05:28:06Z,e604dea7f15fc68e7ca97c4f49c339822ac8d6942b907b49e4679178b63d84b5
253904,Just Another Dream (2021),,2021,Action|Drama,tt8778296,,,,unmatched,2026-10-02T05:33:33Z,ead8b99b6ebb5910a8d6d20ab243bac8ac8abe5b3af19102baa84a40690ee863
253908,AM Radio (2021),,2021,Comedy|Drama|Romance,tt14315914,,,,unmatched,2026-10-02T05:30:42Z,bad62b820338742a949ccde1dc55a6ce09b1aeca628f1f7355bf192b157c48c7
253916,The Green Sea (2021),,2021,Drama|Mystery,tt7162514,,,,unmatched,2026-10-02T05:33:11Z,1abab7ed0ecd62c0f24a2762907eea175e20f7e9dbc6bd7019d93e269c3a85c0
253936,Songs for a Sloth (2021),,2021,(no genres listed),tt10728214,,,,unmatched,2026-10-02T05:26:56Z,27762538674d29f4da22543f9476cb8f360b8416958807123e91c13a1dd7c42f
253940,Why We Breathe (2020),,2020,Drama,tt9290138,,,,unmatched,2026-10-02T05:33:41Z,5f5e45fa009bf17169d8dc52c69b46061be0180e56cfc03bad06e90f3e3402ab
253944,Pasture (2021),,2021,(no genres listed),tt12675670,,,,unmatched,2026-10-02T05:28:16Z,a9a7cbd00545c874a15c40ff85ae3363bcdb92ca0c69ae2b7686835a54bfb223
253978,Uncle Vanya (2020),,2020,Comedy|Drama,tt13299678,,,,unmatched,2026-10-02T05:29:22Z,0c2354828e96968037e9d061e2e0cc48f43890bb09fa6f8178c30631351f9e71
254002,The Baker's Son (2021),,2021,Romance,tt14757296,,,,unmatched,2026-10-02T05:30:54Z,11f9ad3247b60ace28f4ebe3d2df64fd8c31dd425369ec66e0aa0b7389e99abf
254100,Roadrunner: A Film About Anthony Bourdain (2021),,2021,Documentary,tt14513892,,,,unmatched,2026-10-02T05:30:48Z,43b86bac97eb36bc7e398639f12f1d550080ef5e7ad0c31dc76be2bbd8eb39a4
254136,Blood Born (2021),,2021,Horror,tt11033046,,,,unmatched,2026-10-02T05:27:06Z,c646d5a823a996130ca5aee18094953a7cfd27a0c73f52c866b6a8d1d8ee59bb
254148,The Boys in the Band: Something Personal (2020),,2020,Documentary,tt13206842,,,,unmatched,2026-10-02T05:29:20Z,31a0cb6509824becae00bf265094c70d59c0b5589aeb1b7e5e914655ec329aef
254176,Money Bots (2020),,2020,Documentary,tt12026612,Q130640210,,,country_missing,2026-10-02T05:28:01Z,37abd2947849dfc1bad5ec9d6b05847939d338b85852f00f4eeaa736eed9fa72
254198,Her Pen Pal (2021),,2021,Romance,tt14605426,,,,unmatched,2026-10-02T05:30:50Z,cf709f23c4a348c1051419441fdc09901409c1a8215063ff9f9de9aeff40d238
254334,Sweet Carolina (2021),,2021,Children|Comedy|Romance,tt14477372,,,,unmatched,2026-10-02T05:30:46Z,0c73a84dc5cf253a887e03996db24d9171258edc680beb5d7c340cfb12780117
254390,Time for Us to Come Home for Christmas (2020),,2020,Romance,tt13169850,,,,unmatched,2026-10-02T05:29:18Z,666cede00bc86dbe726ef31ffd82c507f0d0105405544f90bb344d2fd87a367c
254520,Fear and Loathing in Aspen (2021),,2021,(no genres listed),tt9075038,,,,unmatched,2026-10-02T05:33:38Z,1a816c8bf268f2bfd9a20f8f2131f32b36146b00b21d5a7e287cb71aee5b7652
254602,Project Christmas Wish (2020),,2020,Romance,tt13342238,,,,unmatched,2026-10-02T05:30:02Z,5995c664c4e5252493569ade0c9badba5751d7a8eedb74ce78290d38015fc9ad
254634,Tintoretto. Il primo regista (2021),,2021,Documentary,tt9733724,,,,unmatched,2026-10-02T05:33:51Z,08eb8ded71126f7e751ad4a5b7aae836f1bab633e8b7a4ace25833d3c5858e2f
254811,Blood Pageant (2021),,2021,Horror|Thriller,tt7184122,,,,unmatched,2026-10-02T05:33:11Z,1abab7ed0ecd62c0f24a2762907eea175e20f7e9dbc6bd7019d93e269c3a85c0
254815,Cult Following (2021),,2021,Adventure|Comedy|Horror,tt11156986,,,,unmatched,2026-10-02T05:27:10Z,7aaa0828219af88ec0aae588bf603c00fba846ebcbd63c37fb196fa103f909a0
254867,Heir (2021),,2021,Horror,tt13355630,,,,unmatched,2026-10-02T05:30:02Z,5995c664c4e5252493569ade0c9badba5751d7a8eedb74ce78290d38015fc9ad
255015,The Unseen River (2020),,2020,Drama,tt12804548,,,,unmatched,2026-10-02T05:28:21Z,25dd3628e35eab3cd31715e9cd7b1f93bb1fb11789d6738d318de6a3d1a8d34d
255067,A House on Fire (2021),,2021,Drama,tt13318928,,,,unmatched,2026-10-02T05:30:00Z,1a4ee30b61c4b0e05386c5f3669dcd3940d1f9662e6767a7a41632817da17f96
255165,Expedition Everest (2020),,2020,Documentary,tt13009970,,,,unmatched,2026-10-02T05:28:27Z,6737767853427b644d3c347b89fee8b357a567896acdee568249ae856781d507
255187,The End of the Storm (2020),,2020,Documentary,tt13365752,,,,unmatched,2026-10-02T05:30:02Z,5995c664c4e5252493569ade0c9badba5751d7a8eedb74ce78290d38015fc9ad
255215,Dragging the Classics: The Brady Bunch (2021),,2021,Children|Comedy,tt14920388,,,,unmatched,2026-10-02T05:30:58Z,108a281317918bba1d4a5d2b75b6f9616cfcbfa7dc5b6f78be51fe249b69ae7b
255251,Black Bud (2021),,2021,Crime|Drama|Thriller,tt5674064,,,,unmatched,2026-10-02T05:32:59Z,4151fd5e58e550c7338d4a11cd83c034b2e4d1d9e2718a940b4dcb8cb559fe27
255269,"Who Are You, Charlie Brown? (2021)",,2021,Animation|Documentary,tt14784858,,,,unmatched,2026-10-02T05:30:54Z,11f9ad3247b60ace28f4ebe3d2df64fd8c31dd425369ec66e0aa0b7389e99abf
255415,Higher Love (2020),,2020,Documentary,tt10510534,,,,unmatched,2026-10-02T05:26:50Z,f8c65246a2303e0a91172bdf896d40eba3b911da444a0269d9cb0e949557c342
255629,Mind Games (2021),,2021,Thriller,tt12163662,,,,unmatched,2026-10-02T05:28:05Z,11e539e25cfd2edc140fb3daef430ef79ef3e6574e582595b465ce09b510c3b4
255697,Meats (2020),,2020,(no genres listed),tt9387222,,,,unmatched,2026-10-02T05:33:43Z,8d75a5ca073768427707ad9108da09fb04dae4c3220a95a63f9a8c6515ca6454
255779,The Blackout Experiment (2021),,2021,Drama|Horror,tt3659284,,,,unmatched,2026-10-02T05:32:49Z,b6582f1073d60302cc1986f190f272c359b2b20c02ca9afa632b0bc95110f2e0
255785,Project Pay Day (2021),,2021,Children|Comedy,tt10487912,,,,unmatched,2026-10-02T05:26:50Z,f8c65246a2303e0a91172bdf896d40eba3b911da444a0269d9cb0e949557c342
255815,Monuments (2021),,2021,Comedy|Drama,tt6133524,,,,unmatched,2026-10-02T05:33:01Z,f2932b6f041cbc5d33a7a6aaa6b55d38b5d72368d5857c02f206e850b8a898c2
255863,Standoff (2020),,2020,Crime,tt10768094,,,,unmatched,2026-10-02T05:26:58Z,be36a9a8fd48cdbb5f4129bdee4f66542e1c60a09f313d3f9b67e57b76bd26b3
255919,Faceless (2021),,2021,Thriller,tt4372326,,,,unmatched,2026-10-02T05:32:51Z,a69c82fe6dc658866d1241c253044ba8dfd1579d4c09583fd71c1aa73280da06
255971,All About My Sister (2020),,2020,Children,tt11493106,,,,unmatched,2026-10-02T05:27:41Z,a8f7d11754e0bc083aadf57c6ceada40e22345891dec61fdd2e0ab9507354734
255981,Two Cents From a Pariah (2021),,2021,Drama,tt8839568,,,,unmatched,2026-10-02T05:33:33Z,ead8b99b6ebb5910a8d6d20ab243bac8ac8abe5b3af19102baa84a40690ee863
256105,Just Me (2020),,2020,Drama,tt11866938,,,,unmatched,2026-10-02T05:27:56Z,bddcd4b125e2d35d7ecefdba01a42d949881e708974efab5bed6f28014c6b62c
256137,The Owl and the Pussycat (2020),,2020,Animation,tt14203994,,,,unmatched,2026-10-02T05:30:38Z,973dfd0e61a4df6c470ee8c15968187a4e9ddb921bbb94e1aa8deac9b923c36f
256185,Hum (2021),,2021,Thriller,tt12176920,,,,unmatched,2026-10-02T05:28:05Z,11e539e25cfd2edc140fb3daef430ef79ef3e6574e582595b465ce09b510c3b4
256307,Randy Feltface: The Book of Randicus (2020),,2020,Comedy,tt14302306,,,,unmatched,2026-10-02T05:30:42Z,bad62b820338742a949ccde1dc55a6ce09b1aeca628f1f7355bf192b157c48c7
256327,Phil Wang: Philly Philly Wang Wang (2021),,2021,Comedy,tt15091640,,,,unmatched,2026-10-02T05:31:04Z,1b980ad4f0fa56cbef4dc13049e8322ecb7a009532376748d25eed5ecbe19c2d
256339,The Wrong Mr. Right (2021),,2021,Thriller,tt13391458,,,,unmatched,2026-10-02T05:30:04Z,61377a62aedcc18b3d8935cc9910d6c752b163d417f895f8580e84e0c3249c5f
256387,Far East Deep South (2020),,2020,Documentary,tt11827350,,,,unmatched,2026-10-02T05:27:54Z,4e274bd6e566ed2b99ab7845c0c09603d0c2e3284d9c6be80056ffb7c1c7bce4
256843,Bloomfield (2020),,2020,Horror,tt12250908,,,,unmatched,2026-10-02T05:28:06Z,e604dea7f15fc68e7ca97c4f49c339822ac8d6942b907b49e4679178b63d84b5
256913,White Elephant (2020),,2020,Comedy,tt12842524,,,,unmatched,2026-10-02T05:28:24Z,0bd6a12470cb2b08cd584fa7fb45cf59fdb21f213662507c41f950e14225b849
257103,The Body Fights Back (2020),,2020,Documentary,tt14660746,,,,unmatched,2026-10-02T05:30:52Z,8a6407fbb8a9fe0c8181cfffe9579fe02c0fc6f1ec61c5e244654251d0f13846
257105,Rattle Can (2021),,2021,Drama,tt8041022,,,,unmatched,2026-10-02T05:33:19Z,94c443b20b34ac610786ccf0c5df8d23935a2482c2c95d02a22df12678703b2e
257215,House of Quarantine (2021),,2021,Thriller,tt12440242,,,,unmatched,2026-10-02T05:28:10Z,d82b2042d25de54ec50448df498ce73e86406d6bf74c2887b71b1856bdd3f36e
257339,Chernobyl: The Invisible Enemy (2021),,2021,Documentary,tt14637914,,,,unmatched,2026-10-02T05:30:52Z,8a6407fbb8a9fe0c8181cfffe9579fe02c0fc6f1ec61c5e244654251d0f13846
257349,Trouble Will Find Us (2020),,2020,Romance,tt10826116,,,,unmatched,2026-10-02T05:27:00Z,25a01f747c403d02885c05f15ad78fb57a9f0a258f2e5d7ae85ababa48eeaddf
257463,Too Late (2021),,2021,Comedy|Horror,tt10498792,,,,unmatched,2026-10-02T05:26:50Z,f8c65246a2303e0a91172bdf896d40eba3b911da444a0269d9cb0e949557c342
257605,Last Call in the Dog House (2021),,2021,Drama|Fantasy,tt8537296,,,,unmatched,2026-10-02T05:33:29Z,57b2f3a200c8ffeb18659ba69dd5eb345bdd477071b8caf2f038830b2a1add41
257659,Tig Notaro: Drawn (2021),,2021,Animation|Comedy,tt14599526,,,,unmatched,2026-10-02T05:30:50Z,cf709f23c4a348c1051419441fdc09901409c1a8215063ff9f9de9aeff40d238
257679,Second Chances (2021),,2021,Children|Drama,tt11354356,,,,unmatched,2026-10-02T05:27:17Z,3b250e9f26f0adb678b35c7491f1fe30a41d8b2a3ab5e523dc9b67d157bb8bb5
257713,Psycho Ape! (2020),,2020,Comedy|Horror,tt10104502,,,,unmatched,2026-10-02T05:26:34Z,656ced9738d28e3817f807f3b3ce4b9cc8464e0d49f5aad4e40adc2f869b03be
257735,Perfume Imaginary Museum “Time Warp” (2020),,2020,(no genres listed),tt15127976,,,,unmatched,2026-10-02T05:31:04Z,1b980ad4f0fa56cbef4dc13049e8322ecb7a009532376748d25eed5ecbe19c2d
257945,2025 - The World enslaved by a Virus (2021),,2021,Adventure|Sci-Fi,tt13788842,,,,unmatched,2026-10-02T05:30:18Z,1cffa4ff45e3ac3222b912537a05dbf96f44d4ebcb0cb99eabfde3ec3350e06a
258003,U-Turn (2020),,2020,Horror|Mystery|Thriller,tt11638656,,,,unmatched,2026-10-02T05:27:47Z,a8236c0e6b8985af815c1d1bda172de550fdb96a5ba869d592348be2747f7270
258135,"Général Soleimani, le stratège de l'Iran (2021)",,2021,Documentary,tt14628992,,,,unmatched,2026-10-02T05:30:52Z,8a6407fbb8a9fe0c8181cfffe9579fe02c0fc6f1ec61c5e244654251d0f13846
258243,Mystery 101: Deadly History (2021),,2021,Crime|Mystery,tt14951396,,,,unmatched,2026-10-02T05:31:00Z,52f332d34ec7e69e1b8a6c970ccf1877db72ed59da41f2fb653161d99ab4add5
258697,The Pit (2021),,2021,Thriller,tt8982410,,,,unmatched,2026-10-02T05:33:36Z,6f5a5f3548d636e34beaf2a15cfec9103eddf5cca1119b5a46f72c56ed1f9323
258839,Shadowtown (2020),,2020,Drama,tt9806258,,,,unmatched,2026-10-02T05:33:53Z,a8d806b367c5f53cd65705285b7c0b870237004febf26cfb23438d25a6d1771a
258981,My Blood & Bones in A Flowing Galaxy (2021),,2021,Drama|Fantasy|Romance,tt11840954,,,,unmatched,2026-10-02T05:27:54Z,4e274bd6e566ed2b99ab7845c0c09603d0c2e3284d9c6be80056ffb7c1c7bce4
259039,Legado Italiano (2020),,2020,Documentary,tt12627912,,,,unmatched,2026-10-02T05:28:16Z,a9a7cbd00545c874a15c40ff85ae3363bcdb92ca0c69ae2b7686835a54bfb223
259249,I and the Stupid Boy (2021),,2021,Comedy|Drama,tt15137498,,,,unmatched,2026-10-02T05:31:06Z,265262527e850b60a343487b1c28ea35767e331660efb4b9c00f98fd0546b511
259255,Boycie in Belgrade (2021),,2021,Documentary,tt13670588,,,,unmatched,2026-10-02T05:30:14Z,ab5a77e410ab51011e70e88731eb8ac75ebb115999c231f071aafd33c082e452
259323,The Cloud in Her Room (2020),,2020,Drama,tt9628568,Q140787864,,,country_missing,2026-10-02T05:33:47Z,4fcad9c664cf0854fd0130a1c1950e3c9ceaee2a56caaaef0aaf50c7e4863dce
259335,The Big Scary “S” Word (2020),,2020,Documentary,tt13297914,,,,unmatched,2026-10-02T05:29:22Z,0c2354828e96968037e9d061e2e0cc48f43890bb09fa6f8178c30631351f9e71
259343,Holy Silence (2020),,2020,Documentary,tt11418672,,,,unmatched,2026-10-02T05:27:39Z,08a8d2dd3fb772690e72388559bcdf4bb3e23e43be9a6657d270252f1eaa9302
259517,Surviving 9/11 (2021),,2021,Documentary,tt15338998,,,,unmatched,2026-10-02T05:31:11Z,d455354212cb503b40b03a2ddd0d5a1796ab90d56cda7eedd1650306c4f2b570
259545,A Perfect Match (2021),,2021,Romance,tt13526198,,,,unmatched,2026-10-02T05:30:10Z,5741eeb682eb055b20badbace3d983d87001c5c1b48a790a5ed9757d21c4701d
259571,The Palindromists (2021),,2021,Documentary,tt12805072,,,,unmatched,2026-10-02T05:28:21Z,25dd3628e35eab3cd31715e9cd7b1f93bb1fb11789d6738d318de6a3d1a8d34d
259599,All the Streets Are Silent: The Convergence of Hip Hop and Skateboarding (1987-1997) (2021),,2021,Documentary,tt12825680,,,,unmatched,2026-10-02T05:28:21Z,25dd3628e35eab3cd31715e9cd7b1f93bb1fb11789d6738d318de6a3d1a8d34d
259725,Marlon Wayans: You Know What It Is (2021),,2021,Comedy,tt15046062,,,,unmatched,2026-10-02T05:31:02Z,6b4c3b423db1c6dae93ceafcb10a5498aca137319a209560bed8dd0238c0bd82
259791,The Revolution Generation (2021),,2021,Documentary,tt14207642,,,,unmatched,2026-10-02T05:30:38Z,973dfd0e61a4df6c470ee8c15968187a4e9ddb921bbb94e1aa8deac9b923c36f
259837,Lead Belly (2021),,2021,(no genres listed),tt11074606,,,,unmatched,2026-10-02T05:27:08Z,127d606e775dce36dc1f55a3f8b276c41f3cae74a383e6a04c806cd8f248e627
259841,Prologue (2020),,2020,Drama|Horror,tt10295906,,,,unmatched,2026-10-02T05:26:41Z,788c96e7c12b4f240aa2500dff649dfa04d6ef48a7cdb9ca140a908ead0137ad
259935,Betrayal at Attica (2021),,2021,Documentary,tt15210254,,,,unmatched,2026-10-02T05:31:08Z,a1179bc3ec280f218fb66f5b92063e001ea42b50739ffdb0d3c0fe5b5b7bfee2
259937,War of the Worlds (2021),,2021,Action|Adventure|Fantasy|Sci-Fi,tt14396196,,,,unmatched,2026-10-02T05:30:44Z,1487075e20cbf29a27dc1ac89b22f95301e6d5b75731f28fb9982d60c5bb8cd6
259995,Where Are You (2021),,2021,(no genres listed),tt14412034,,,,unmatched,2026-10-02T05:30:44Z,1487075e20cbf29a27dc1ac89b22f95301e6d5b75731f28fb9982d60c5bb8cd6
260013,Victoria (2020),,2020,Children|Comedy,tt12765534,,,,unmatched,2026-10-02T05:28:19Z,218012112723c4c561103120856f249ea0a344797f17512f3710cdcd512eeaa5
260059,Curator (2020),,2020,Crime|Drama|Mystery,tt11184010,,,,unmatched,2026-10-02T05:27:12Z,2b41504b93e1d0f3ab052fe75b578bbd598982d6455640975ae87d4ccbee48b0
260071,A Little Daytime Drama (2021),,2021,Comedy|Romance,tt14833702,,,,unmatched,2026-10-02T05:30:56Z,7aafc3dd33d6f73000c61cace5d6ceede555a4260464331311499d6ce40936e1
260077,The Girl in Cabin Thirteen (2021),,2021,Horror,tt15188978,,,,unmatched,2026-10-02T05:31:06Z,265262527e850b60a343487b1c28ea35767e331660efb4b9c00f98fd0546b511
260187,Wedding Every Weekend (2020),,2020,Comedy|Romance,tt12660882,,,,unmatched,2026-10-02T05:28:16Z,a9a7cbd00545c874a15c40ff85ae3363bcdb92ca0c69ae2b7686835a54bfb223
260203,Ire (2021),,2021,(no genres listed),tt12708382,,,,unmatched,2026-10-02T05:28:18Z,1d66962e3349c1e5167447f957a3b4e9238cadf658d89fc06a5e5dabb118905e
260235,Liar x Liar (2021),,2021,Comedy|Romance,tt12579926,,,,unmatched,2026-10-02T05:28:14Z,59e1c683b047ca20bf821fd5c2008e64290ae4df2de665436a2a9dafd10e71d2
260237,Honey Lemon Soda (2021),,2021,Romance,tt14311250,,,,unmatched,2026-10-02T05:30:42Z,bad62b820338742a949ccde1dc55a6ce09b1aeca628f1f7355bf192b157c48c7
260251,The Ravine (2021),,2021,Drama|Mystery,tt11155912,,,,unmatched,2026-10-02T05:27:10Z,7aaa0828219af88ec0aae588bf603c00fba846ebcbd63c37fb196fa103f909a0
260277,The River Runner (2021),,2021,Adventure|Documentary,tt15293256,,,,unmatched,2026-10-02T05:31:09Z,6f01b7c0e83118e4b495955eb118ba78832b78805ae4fc5aaf27ef3968564175
260283,Jurassic Shark 2: Aquapocalypse (2021),,2021,Action|Horror,tt14873410,,,,unmatched,2026-10-02T05:30:58Z,108a281317918bba1d4a5d2b75b6f9616cfcbfa7dc5b6f78be51fe249b69ae7b
260385,Chompy & The Girls (2021),,2021,Comedy|Horror,tt7885428,,,,unmatched,2026-10-02T05:33:18Z,db3fa481ad3ef967d24896db5eb117b7f7a733054f4fc63e3dccc8532199946e
260429,The Man Who Knew Too Much (2020),,2020,Documentary,tt13299960,,,,unmatched,2026-10-02T05:29:22Z,0c2354828e96968037e9d061e2e0cc48f43890bb09fa6f8178c30631351f9e71
260483,The Day of Destruction (2020),,2020,Drama|Horror,tt12765462,,,,unmatched,2026-10-02T05:28:19Z,218012112723c4c561103120856f249ea0a344797f17512f3710cdcd512eeaa5
260513,Sweet Pecan Summer (2021),,2021,Children|Comedy|Romance,tt15202038,,,,unmatched,2026-10-02T05:31:06Z,265262527e850b60a343487b1c28ea35767e331660efb4b9c00f98fd0546b511
260541,Escape From Area Fifty One (2021),,2021,Comedy|Sci-Fi,tt11646342,,,,unmatched,2026-10-02T05:27:47Z,a8236c0e6b8985af815c1d1bda172de550fdb96a5ba869d592348be2747f7270
260551,Kriya (2020),,2020,Comedy|Fantasy|Horror,tt12498060,,,,unmatched,2026-10-02T05:28:12Z,5e1afcfbedcb6928e914055f59768f191817b7b1d66a96868c43b2febae42536
260575,Baby Money (2021),,2021,Thriller,tt10299902,,,,unmatched,2026-10-02T05:26:41Z,788c96e7c12b4f240aa2500dff649dfa04d6ef48a7cdb9ca140a908ead0137ad
260641,Bottle Monster (2021),,2021,Drama|Horror,tt11219136,,,,unmatched,2026-10-02T05:27:12Z,2b41504b93e1d0f3ab052fe75b578bbd598982d6455640975ae87d4ccbee48b0
260753,Letter From Your Far-off Country (2020),,2020,(no genres listed),tt14035092,,,,unmatched,2026-10-02T05:30:32Z,aaea0c2f1885dc2edd516bed9b2e0c6f464bdb5b45c766ee57949e79a09794bd
260755,The Good Things Devils Do (2020),,2020,Horror,tt8740332,,,,unmatched,2026-10-02T05:33:31Z,9079f516a486cf64dfc5992724f04569e9ceae4b6fa40b33f9686cae79ff16f9
260757,In the Air Tonight (2020),,2020,(no genres listed),tt13219556,,,,unmatched,2026-10-02T05:29:20Z,31a0cb6509824becae00bf265094c70d59c0b5589aeb1b7e5e914655ec329aef
260781,Bitchin': The Sound and Fury of Rick James (2021),,2021,Documentary,tt14622962,,,,unmatched,2026-10-02T05:30:50Z,cf709f23c4a348c1051419441fdc09901409c1a8215063ff9f9de9aeff40d238
260813,Just Add Romance (2020),,2020,Romance,tt9759926,,,,unmatched,2026-10-02T05:33:51Z,08eb8ded71126f7e751ad4a5b7aae836f1bab633e8b7a4ace25833d3c5858e2f
260863,This Is Francis X. Bushman (2021),,2021,Documentary,tt15379452,,,,unmatched,2026-10-02T05:31:11Z,d455354212cb503b40b03a2ddd0d5a1796ab90d56cda7eedd1650306c4f2b570
261009,Vince Carter: Legacy (2021),,2021,Documentary,tt15132408,,,,unmatched,2026-10-02T05:31:04Z,1b980ad4f0fa56cbef4dc13049e8322ecb7a009532376748d25eed5ecbe19c2d
261065,Hellbox (2021),,2021,Horror,tt14430560,,,,unmatched,2026-10-02T05:30:44Z,1487075e20cbf29a27dc1ac89b22f95301e6d5b75731f28fb9982d60c5bb8cd6
261083,Dune World (2021),,2021,Sci-Fi,tt14450978,,,,unmatched,2026-10-02T05:30:44Z,1487075e20cbf29a27dc1ac89b22f95301e6d5b75731f28fb9982d60c5bb8cd6
261093,The Women and the Murderer (2021),,2021,Crime|Documentary,tt15216504,,,,unmatched,2026-10-02T05:31:08Z,a1179bc3ec280f218fb66f5b92063e001ea42b50739ffdb0d3c0fe5b5b7bfee2
261111,Death Drop Gorgeous (2021),,2021,Comedy|Horror,tt11790378,,,,unmatched,2026-10-02T05:27:52Z,36246feddf237bea6772977dbe79de062da143f99b8b3bbd1c26d27cfa104201
261173,Bruno Aleixo's Film (2020),,2020,Comedy,tt10244726,,,,unmatched,2026-10-02T05:26:38Z,98388e59f7129bd2b73d0df86462a131865604a9bd1dd056abd72ee8bf302442
261285,Implanted (2021),,2021,Sci-Fi|Thriller,tt9786896,,,,unmatched,2026-10-02T05:33:53Z,a8d806b367c5f53cd65705285b7c0b870237004febf26cfb23438d25a6d1771a
261363,Shelter in Place (2021),,2021,Horror|Thriller,tt12926794,,,,unmatched,2026-10-02T05:28:25Z,30280bbfa3df7b5339857b827f5f9bd1c1c0ecd3f4dd0cdd57312f765e907087
261371,A Blaster In The Right Hands: A Star Wars Story (2021),,2021,Action|Sci-Fi,tt11117240,,,,unmatched,2026-10-02T05:27:08Z,127d606e775dce36dc1f55a3f8b276c41f3cae74a383e6a04c806cd8f248e627
261441,Another Girl (2021),,2021,Drama|Mystery,tt10840042,,,,unmatched,2026-10-02T05:27:00Z,25a01f747c403d02885c05f15ad78fb57a9f0a258f2e5d7ae85ababa48eeaddf
261443,Hunters (2021),,2021,Action,tt13936336,,,,unmatched,2026-10-02T05:30:22Z,9c09440ed53ff0360cbca034c22fb36468c70796d9aae9d70492b03afa8c8b92
261457,Typo (2021),,2021,Drama|Thriller,tt7166366,,,,unmatched,2026-10-02T05:33:11Z,1abab7ed0ecd62c0f24a2762907eea175e20f7e9dbc6bd7019d93e269c3a85c0
261519,Bruiser (2021),,2021,Drama,tt13649406,,,,unmatched,2026-10-02T05:30:14Z,ab5a77e410ab51011e70e88731eb8ac75ebb115999c231f071aafd33c082e452
261535,My Heroes Were Cowboys (2021),,2021,Documentary,tt15084326,,,,unmatched,2026-10-02T05:31:02Z,6b4c3b423db1c6dae93ceafcb10a5498aca137319a209560bed8dd0238c0bd82
261537,Lee Su-geun: The Sense Coach (2021),,2021,Comedy,tt14880280,,,,unmatched,2026-10-02T05:30:58Z,108a281317918bba1d4a5d2b75b6f9616cfcbfa7dc5b6f78be51fe249b69ae7b
261669,Cartoon Carnival (2021),,2021,Animation|Documentary,tt4896684,,,,unmatched,2026-10-02T05:32:55Z,9c8487159e5dd4c42186272879c0aa92d2a6b7c87032a31061d9fd751e21c495
261729,The Grand Duke Of Corsica (2021),,2021,Adventure|Comedy|Drama,tt8400856,,,,unmatched,2026-10-02T05:33:27Z,967066a3425e07f15cedaa50cd34fa619db7ae0620a3db8362c242f6d1812f5d
261801,Blastogenesis X (2021),,2021,Drama,tt14135830,,,,unmatched,2026-10-02T05:30:36Z,ffa46737d793ad01d27ebac44f2bafb6890958f793c89db29af96d8de6936798
261979,Tethered (2021),,2021,Drama|Mystery|Sci-Fi,tt13357564,,,,unmatched,2026-10-02T05:30:02Z,5995c664c4e5252493569ade0c9badba5751d7a8eedb74ce78290d38015fc9ad
262043,White Sky (2021),,2021,Horror|Sci-Fi,tt12295244,,,,unmatched,2026-10-02T05:28:06Z,e604dea7f15fc68e7ca97c4f49c339822ac8d6942b907b49e4679178b63d84b5
262057,You May Kiss the Bridesmaid (2021),,2021,Comedy|Romance,tt12829388,,,,unmatched,2026-10-02T05:28:21Z,25dd3628e35eab3cd31715e9cd7b1f93bb1fb11789d6738d318de6a3d1a8d34d
262067,Case 347 (2020),,2020,Horror,tt7821116,,,,unmatched,2026-10-02T05:33:18Z,db3fa481ad3ef967d24896db5eb117b7f7a733054f4fc63e3dccc8532199946e
262117,Ahir Shah: Dots (2021),,2021,(no genres listed),tt11459872,,,,unmatched,2026-10-02T05:27:41Z,a8f7d11754e0bc083aadf57c6ceada40e22345891dec61fdd2e0ab9507354734
262339,To Catch a Spy (2021),,2021,Mystery|Romance,tt14500264,,,,unmatched,2026-10-02T05:30:46Z,0c73a84dc5cf253a887e03996db24d9171258edc680beb5d7c340cfb12780117
262371,Spirit Quest (2021),,2021,(no genres listed),tt10919446,,,,unmatched,2026-10-02T05:27:02Z,b5f5aa581bf576c8d90f197e81519a49e63356ffd7afdfb27cfc10e02af9a7ce
262395,Lair (2021),,2021,Horror,tt10342914,,,,unmatched,2026-10-02T05:26:43Z,a81d988e3844a98140fa8938cb015f71b9ad770b7bc9163a855d68952217c1ff
262407,The One You're With (2021),,2021,Comedy|Romance,tt12979770,,,,unmatched,2026-10-02T05:28:27Z,6737767853427b644d3c347b89fee8b357a567896acdee568249ae856781d507
262495,Taking the Reins (2021),,2021,Comedy|Romance,tt15112934,,,,unmatched,2026-10-02T05:31:04Z,1b980ad4f0fa56cbef4dc13049e8322ecb7a009532376748d25eed5ecbe19c2d
262503,Beyond Paranormal (2021),,2021,Horror,tt11121174,,,,unmatched,2026-10-02T05:27:08Z,127d606e775dce36dc1f55a3f8b276c41f3cae74a383e6a04c806cd8f248e627
262509,Wanton Want (2021),,2021,Drama|Romance|Thriller,tt10487696,,,,unmatched,2026-10-02T05:26:50Z,f8c65246a2303e0a91172bdf896d40eba3b911da444a0269d9cb0e949557c342
262513,Dying To Marry Him (2021),,2021,Thriller,tt15485002,,,,unmatched,2026-10-02T05:31:15Z,8e97cb553c34c6fc7de58bad30b9f56c9a56c240b87822a763717833eed00623
262521,Porcupine (2021),,2021,(no genres listed),tt12862516,,,,unmatched,2026-10-02T05:28:24Z,0bd6a12470cb2b08cd584fa7fb45cf59fdb21f213662507c41f950e14225b849
262663,Play It Safe (2021),,2021,Drama,tt14039950,,,,unmatched,2026-10-02T05:30:35Z,5b89c543a3784f01c09eee1157118ebdd81b0ad9de4125d8061df831da3d4b1b
262703,Peçanha Contra o Animal (2021),,2021,Comedy|Crime,tt15763012,,,,unmatched,2026-10-02T05:31:20Z,6084f0269ddfaea22178f9992a5d46163efd20060c0ab52dfe8f12ae4765c65d
262753,Arendelle Castle Yule Log (2020),,2020,(no genres listed),tt12053202,Q79221596,,,country_missing,2026-10-02T05:28:01Z,37abd2947849dfc1bad5ec9d6b05847939d338b85852f00f4eeaa736eed9fa72
262853,Blush (2021),Blush - フラッシュ,2021,Animation|Children|Sci-Fi,tt14460998,Q113019157,,,country_missing,2026-10-02T05:30:46Z,0c73a84dc5cf253a887e03996db24d9171258edc680beb5d7c340cfb12780117
262903,Startup: The Real Story (2021),,2021,Documentary,tt15485290,,,,unmatched,2026-10-02T05:31:15Z,8e97cb553c34c6fc7de58bad30b9f56c9a56c240b87822a763717833eed00623
262905,The Black Book (2021),,2021,Horror,tt6472860,Q130694064,,,country_missing,2026-10-02T05:33:03Z,4d0015a18bb85f96266dbd5815f966af9440cf4499ebae118fb32b3da8395963
263007,Spider-Man: No Way Home (2021),,2021,Action|Adventure|Fantasy|Sci-Fi,tt10872600,Q113471777|Q68934496,Q30,,ambiguous,2026-10-02T05:27:00Z,25a01f747c403d02885c05f15ad78fb57a9f0a258f2e5d7ae85ababa48eeaddf
263065,DannyBoy (2020),,2020,Comedy|Romance,tt9042192,,,,unmatched,2026-10-02T05:33:36Z,6f5a5f3548d636e34beaf2a15cfec9103eddf5cca1119b5a46f72c56ed1f9323
263095,Christmas Freak (2021),,2021,Comedy,tt12677210,,,,unmatched,2026-10-02T05:28:16Z,a9a7cbd00545c874a15c40ff85ae3363bcdb92ca0c69ae2b7686835a54bfb223
263115,The Vows We Keep (2021),,2021,Drama,tt15214826,,,,unmatched,2026-10-02T05:31:08Z,a1179bc3ec280f218fb66f5b92063e001ea42b50739ffdb0d3c0fe5b5b7bfee2
263125,The Rangers: Bloodstone (2021),,2021,(no genres listed),tt8631432,,,,unmatched,2026-10-02T05:33:29Z,57b2f3a200c8ffeb18659ba69dd5eb345bdd477071b8caf2f038830b2a1add41
263135,The Amityville Moon (2021),,2021,Horror,tt14076114,,,,unmatched,2026-10-02T05:30:35Z,5b89c543a3784f01c09eee1157118ebdd81b0ad9de4125d8061df831da3d4b1b
263137,Love Strikes Twice (2021),,2021,Comedy|Mystery|Romance,tt15209000,,,,unmatched,2026-10-02T05:31:06Z,265262527e850b60a343487b1c28ea35767e331660efb4b9c00f98fd0546b511
263141,Dark Web: Descent Into Hell (2021),,2021,Horror,tt14464962,,,,unmatched,2026-10-02T05:30:46Z,0c73a84dc5cf253a887e03996db24d9171258edc680beb5d7c340cfb12780117
263169,The Poltergeist Diaries (2021),,2021,Drama|Horror|Mystery,tt11405568,,,,unmatched,2026-10-02T05:27:39Z,08a8d2dd3fb772690e72388559bcdf4bb3e23e43be9a6657d270252f1eaa9302
263193,Isolation (2021),,2021,Horror,tt12712710,,,,unmatched,2026-10-02T05:28:18Z,1d66962e3349c1e5167447f957a3b4e9238cadf658d89fc06a5e5dabb118905e
263223,Montford: The Chickasaw Rancher (2021),,2021,Drama|Western,tt6704894,,,,unmatched,2026-10-02T05:33:04Z,465712e306b2c34c02bd3cc5a4b04d57c4d52326d843878a76948bd22b7805f3
263277,Dogface: A Trap House Horror (2021),,2021,Horror,tt14654918,,,,unmatched,2026-10-02T05:30:52Z,8a6407fbb8a9fe0c8181cfffe9579fe02c0fc6f1ec61c5e244654251d0f13846
263283,15 Minutes of Shame (2021),,2021,Documentary,tt11188206,,,,unmatched,2026-10-02T05:27:12Z,2b41504b93e1d0f3ab052fe75b578bbd598982d6455640975ae87d4ccbee48b0
263311,Vengeance is Mine (2021),,2021,Action|Thriller,tt11650226,,,,unmatched,2026-10-02T05:27:47Z,a8236c0e6b8985af815c1d1bda172de550fdb96a5ba869d592348be2747f7270
263321,Christmas Collision (2021),,2021,Romance,tt13247248,,,,unmatched,2026-10-02T05:29:20Z,31a0cb6509824becae00bf265094c70d59c0b5589aeb1b7e5e914655ec329aef
263411,Lantern's Lane (2021),,2021,Horror,tt11880264,,,,unmatched,2026-10-02T05:27:56Z,bddcd4b125e2d35d7ecefdba01a42d949881e708974efab5bed6f28014c6b62c
263425,The Lead (2020),,2020,Thriller,tt10233954,,,,unmatched,2026-10-02T05:26:38Z,98388e59f7129bd2b73d0df86462a131865604a9bd1dd056abd72ee8bf302442
263493,Live at Mister Kelly's (2021),,2021,Documentary,tt13517842,,,,unmatched,2026-10-02T05:30:08Z,0248c9c2f2708e2c8f25c0c3e6a83ef66313502ea26596fceb11c3df702d4449
263655,The Capote Tapes (2021),,2021,Documentary,tt10826972,,,,unmatched,2026-10-02T05:27:00Z,25a01f747c403d02885c05f15ad78fb57a9f0a258f2e5d7ae85ababa48eeaddf
263741,Night Fishing (2021),,2021,Comedy,tt15181230,,,,unmatched,2026-10-02T05:31:06Z,265262527e850b60a343487b1c28ea35767e331660efb4b9c00f98fd0546b511
263745,South Beach Love (2021),,2021,Comedy|Romance,tt15214710,,,,unmatched,2026-10-02T05:31:08Z,a1179bc3ec280f218fb66f5b92063e001ea42b50739ffdb0d3c0fe5b5b7bfee2
263767,Ankle Biters (2021),,2021,Comedy|Horror,tt6969954,,,,unmatched,2026-10-02T05:33:09Z,1e5f97a70bd788473de953003d22877cf92b95c4581befbec11976b51b4f63d8
263787,Killer Cheer Mom (2021),,2021,Drama|Thriller,tt15106988,,,,unmatched,2026-10-02T05:31:04Z,1b980ad4f0fa56cbef4dc13049e8322ecb7a009532376748d25eed5ecbe19c2d
263839,Killing Eleanor (2020),,2020,Comedy|Drama,tt6508740,,,,unmatched,2026-10-02T05:33:04Z,465712e306b2c34c02bd3cc5a4b04d57c4d52326d843878a76948bd22b7805f3
263861,Amercement (2020),,2020,Crime|Drama,tt11123132,,,,unmatched,2026-10-02T05:27:08Z,127d606e775dce36dc1f55a3f8b276c41f3cae74a383e6a04c806cd8f248e627
263867,Debbie Macomber's A Mrs. Miracle Christmas (2021),,2021,Drama|Romance,tt15502006,,,,unmatched,2026-10-02T05:31:15Z,8e97cb553c34c6fc7de58bad30b9f56c9a56c240b87822a763717833eed00623
263869,Surviving the Mount St. Helens Disaster (2020),,2020,Documentary,tt12453440,Q101129867,,,country_missing,2026-10-02T05:28:12Z,5e1afcfbedcb6928e914055f59768f191817b7b1d66a96868c43b2febae42536
263879,Megan (2020),,2020,Thriller,tt7628504,,,,unmatched,2026-10-02T05:33:16Z,560a5a14e8ca1ca22beec789ea96cdcb1e33a7acbb841a63a203485ece82276d
263909,The Cleveland Kidnappings (2021),,2021,(no genres listed),tt15493234,,,,unmatched,2026-10-02T05:31:15Z,8e97cb553c34c6fc7de58bad30b9f56c9a56c240b87822a763717833eed00623
263999,"Phoebe Robinson: Sorry, Harriet Tubman (2021)",,2021,Comedy,tt15513290,,,,unmatched,2026-10-02T05:31:15Z,8e97cb553c34c6fc7de58bad30b9f56c9a56c240b87822a763717833eed00623
264009,King Car (2021),,2021,Sci-Fi,tt13886712,,,,unmatched,2026-10-02T05:30:20Z,12d6233b944dd62e0ec8224958f2aba252e9032f1516503f02971edb01845265
264015,Take Back the Night (2021),,2021,Horror,tt6666354,,,,unmatched,2026-10-02T05:33:04Z,465712e306b2c34c02bd3cc5a4b04d57c4d52326d843878a76948bd22b7805f3
264025,When I Consume You (2021),,2021,Drama|Horror|Mystery,tt11454278,Q140234414,,,country_missing,2026-10-02T05:27:39Z,08a8d2dd3fb772690e72388559bcdf4bb3e23e43be9a6657d270252f1eaa9302
264065,Kevin Garnett: Anything is Possible (2021),,2021,Documentary,tt14644126,,,,unmatched,2026-10-02T05:30:52Z,8a6407fbb8a9fe0c8181cfffe9579fe02c0fc6f1ec61c5e244654251d0f13846
264113,A Christmas Tree Grows in Colorado (2020),,2020,Children|Romance,tt12557978,,,,unmatched,2026-10-02T05:28:14Z,59e1c683b047ca20bf821fd5c2008e64290ae4df2de665436a2a9dafd10e71d2
264185,Breaking Them Up (2020),,2020,Comedy,tt10832072,,,,unmatched,2026-10-02T05:27:00Z,25a01f747c403d02885c05f15ad78fb57a9f0a258f2e5d7ae85ababa48eeaddf
264205,The Heart and How to Use It (2021),,2021,Comedy,tt14396208,,,,unmatched,2026-10-02T05:30:44Z,1487075e20cbf29a27dc1ac89b22f95301e6d5b75731f28fb9982d60c5bb8cd6
264259,All Too Well: The Short Film (2021),,2021,Drama,tt15909200,,,,unmatched,2026-10-02T05:31:22Z,16b6caf7dab831cfb1aaa50b3237c86875c0654a9e23db63c92f7170a9158e90
264265,Between Forever (2021),,2021,Drama|Romance,tt10521244,,,,unmatched,2026-10-02T05:26:50Z,f8c65246a2303e0a91172bdf896d40eba3b911da444a0269d9cb0e949557c342
264327,Good Timing with Jo Firestone (2021),,2021,Comedy|Documentary,tt15507516,,,,unmatched,2026-10-02T05:31:15Z,8e97cb553c34c6fc7de58bad30b9f56c9a56c240b87822a763717833eed00623
264442,Whitetail (2021),,2021,Thriller|Western,tt10787484,,,,unmatched,2026-10-02T05:26:58Z,be36a9a8fd48cdbb5f4129bdee4f66542e1c60a09f313d3f9b67e57b76bd26b3
264456,Passion Play: Russell Westbrook (2021),,2021,Documentary,tt15475890,,,,unmatched,2026-10-02T05:31:13Z,5eb9304f0fab07546a3b9397b13c29de18cbcc1c87ba3e6fd85761bbcd0dfd94
264500,Amazing Winter Romance (2020),,2020,Romance,tt10297640,,,,unmatched,2026-10-02T05:26:41Z,788c96e7c12b4f240aa2500dff649dfa04d6ef48a7cdb9ca140a908ead0137ad
264504,The Toolbox Killer (2021),,2021,Crime|Documentary,tt15575214,,,,unmatched,2026-10-02T05:31:17Z,63da9f5effdfd1d74f31602e4e5c3a69fb550bc9469e48c7b175df81fd06b96e
264526,The Thing Inside Us (2021),,2021,Sci-Fi,tt15033924,,,,unmatched,2026-10-02T05:31:02Z,6b4c3b423db1c6dae93ceafcb10a5498aca137319a209560bed8dd0238c0bd82
264528,Theo Von: Regular People (2021),,2021,Comedy,tt15579188,,,,unmatched,2026-10-02T05:31:17Z,63da9f5effdfd1d74f31602e4e5c3a69fb550bc9469e48c7b175df81fd06b96e
264628,Black Friday Subliminal (2021),,2021,Horror|Mystery,tt11378070,,,,unmatched,2026-10-02T05:27:17Z,3b250e9f26f0adb678b35c7491f1fe30a41d8b2a3ab5e523dc9b67d157bb8bb5
264640,Farm to Fork to Love (2021),,2021,Romance,tt14219458,,,,unmatched,2026-10-02T05:30:38Z,973dfd0e61a4df6c470ee8c15968187a4e9ddb921bbb94e1aa8deac9b923c36f
264662,Snoop & Martha's Very Tasty Halloween (2021),,2021,(no genres listed),tt15527352,,,,unmatched,2026-10-02T05:31:15Z,8e97cb553c34c6fc7de58bad30b9f56c9a56c240b87822a763717833eed00623
264704,WWE SummerSlam 2021 (2021),,2021,Action|Drama,tt14792384,Q107072179,,,country_missing,2026-10-02T05:30:54Z,11f9ad3247b60ace28f4ebe3d2df64fd8c31dd425369ec66e0aa0b7389e99abf
264724,9/11: Four Flights (2021),,2021,(no genres listed),tt15251112,,,,unmatched,2026-10-02T05:31:08Z,a1179bc3ec280f218fb66f5b92063e001ea42b50739ffdb0d3c0fe5b5b7bfee2
264732,The Wonderful: Stories from the Space Station (2021),,2021,Documentary,tt13368696,,,,unmatched,2026-10-02T05:30:04Z,61377a62aedcc18b3d8935cc9910d6c752b163d417f895f8580e84e0c3249c5f
264810,Haroun (2021),,2021,Comedy,tt15517974,,,,unmatched,2026-10-02T05:31:15Z,8e97cb553c34c6fc7de58bad30b9f56c9a56c240b87822a763717833eed00623
264842,Later Days (2021),,2021,Comedy,tt8045592,,,,unmatched,2026-10-02T05:33:19Z,94c443b20b34ac610786ccf0c5df8d23935a2482c2c95d02a22df12678703b2e
264844,Joy Ride (2021),,2021,Comedy|Documentary,tt15265710,,,,unmatched,2026-10-02T05:31:08Z,a1179bc3ec280f218fb66f5b92063e001ea42b50739ffdb0d3c0fe5b5b7bfee2
264864,40 Love (2021),,2021,Comedy,tt11166512,,,,unmatched,2026-10-02T05:27:10Z,7aaa0828219af88ec0aae588bf603c00fba846ebcbd63c37fb196fa103f909a0
264954,Mars: One Day on the Red Planet (2020),,2020,Documentary,tt12611334,,,,unmatched,2026-10-02T05:28:16Z,a9a7cbd00545c874a15c40ff85ae3363bcdb92ca0c69ae2b7686835a54bfb223
264960,Death Rider in the House of Vampires (2021),,2021,Horror|Western,tt11505680,Q140706007,,,country_missing,2026-10-02T05:27:41Z,a8f7d11754e0bc083aadf57c6ceada40e22345891dec61fdd2e0ab9507354734
265032,Dean Martin: King of Cool (2021),,2021,Documentary,tt11346000,,,,unmatched,2026-10-02T05:27:17Z,3b250e9f26f0adb678b35c7491f1fe30a41d8b2a3ab5e523dc9b67d157bb8bb5
265164,Red Heaven (2020),,2020,Documentary,tt11653666,,,,unmatched,2026-10-02T05:27:47Z,a8236c0e6b8985af815c1d1bda172de550fdb96a5ba869d592348be2747f7270
265166,Adrienne (2021),,2021,Documentary,tt15721032,,,,unmatched,2026-10-02T05:31:19Z,0e4b802b43571d5065457f956d0b5935ceb0dd6d7ee346415bf2b59d5a0ec3f6
265174,'Twas the Fight Before Christmas (2021),,2021,Documentary,tt15353214,,,,unmatched,2026-10-02T05:31:11Z,d455354212cb503b40b03a2ddd0d5a1796ab90d56cda7eedd1650306c4f2b570
265176,Os Quatro Paralamas (2020),,2020,Documentary,tt14356794,,,,unmatched,2026-10-02T05:30:42Z,bad62b820338742a949ccde1dc55a6ce09b1aeca628f1f7355bf192b157c48c7
265220,Seduction & Snacks (2021),,2021,Comedy|Romance,tt14924952,,,,unmatched,2026-10-02T05:30:58Z,108a281317918bba1d4a5d2b75b6f9616cfcbfa7dc5b6f78be51fe249b69ae7b
265268,The Tenant (2021),,2021,Horror,tt15303164,,,,unmatched,2026-10-02T05:31:09Z,6f01b7c0e83118e4b495955eb118ba78832b78805ae4fc5aaf27ef3968564175
265270,Michael Che: Shame the Devil (2021),,2021,Comedy,tt15829666,,,,unmatched,2026-10-02T05:31:22Z,16b6caf7dab831cfb1aaa50b3237c86875c0654a9e23db63c92f7170a9158e90
265370,Nine Minutes (2020),,2020,Sci-Fi,tt6092696,,,,unmatched,2026-10-02T05:33:01Z,f2932b6f041cbc5d33a7a6aaa6b55d38b5d72368d5857c02f206e850b8a898c2
265372,Love and Fury (2020),,2020,(no genres listed),tt11960940,,,,unmatched,2026-10-02T05:27:59Z,43dddbb06fe1f457521da23c16ae47513cc16e3d34c296320b13af573b4f9703
265382,The Village Detective: A Song Cycle (2021),,2021,Documentary,tt9463622,,,,unmatched,2026-10-02T05:33:45Z,9665b352781b47915d2d96f42fecad2af1c01f2be0dc6377fe925c22d683e16c
265412,COVID-19: Invasion (2021),,2021,Action|Thriller,tt11990460,,,,unmatched,2026-10-02T05:28:01Z,37abd2947849dfc1bad5ec9d6b05847939d338b85852f00f4eeaa736eed9fa72
265424,Incurable (2021),,2021,Documentary,tt15370778,,,,unmatched,2026-10-02T05:31:11Z,d455354212cb503b40b03a2ddd0d5a1796ab90d56cda7eedd1650306c4f2b570
265440,Roy Wood Jr.: Imperfect Messenger (2021),,2021,(no genres listed),tt15800236,,,,unmatched,2026-10-02T05:31:20Z,6084f0269ddfaea22178f9992a5d46163efd20060c0ab52dfe8f12ae4765c65d
265448,Vertigo A.I. (2020),,2020,Animation,tt12054060,,,,unmatched,2026-10-02T05:28:01Z,37abd2947849dfc1bad5ec9d6b05847939d338b85852f00f4eeaa736eed9fa72
265492,Encounters (2020),,2020,Drama,tt11652808,,,,unmatched,2026-10-02T05:27:47Z,a8236c0e6b8985af815c1d1bda172de550fdb96a5ba869d592348be2747f7270
265496,Meet Me at Christmas (2020),,2020,Romance,tt13243610,,,,unmatched,2026-10-02T05:29:20Z,31a0cb6509824becae00bf265094c70d59c0b5589aeb1b7e5e914655ec329aef
265498,The Santa Stakeout (2021),,2021,Comedy|Romance,tt15737510,,,,unmatched,2026-10-02T05:31:19Z,0e4b802b43571d5065457f956d0b5935ceb0dd6d7ee346415bf2b59d5a0ec3f6
265500,Boyfriends of Christmas Past (2021),,2021,Comedy|Romance,tt15706104,,,,unmatched,2026-10-02T05:31:19Z,0e4b802b43571d5065457f956d0b5935ceb0dd6d7ee346415bf2b59d5a0ec3f6
265524,Bigfoot Famous (2021),,2021,Adventure|Comedy,tt15006276,,,,unmatched,2026-10-02T05:31:00Z,52f332d34ec7e69e1b8a6c970ccf1877db72ed59da41f2fb653161d99ab4add5
265532,The Spore (2021),,2021,Horror,tt9856574,,,,unmatched,2026-10-02T05:33:55Z,1fd7dac2c76356ce4197d92e642ec08dfb1fece05708f9d97f9ef30f7849409c
265538,Aurora (2021),,2021,Drama,tt13885900,,,,unmatched,2026-10-02T05:30:20Z,12d6233b944dd62e0ec8224958f2aba252e9032f1516503f02971edb01845265
265542,Train Again (2021),,2021,(no genres listed),tt14812810,,,,unmatched,2026-10-02T05:30:56Z,7aafc3dd33d6f73000c61cace5d6ceede555a4260464331311499d6ce40936e1
265564,Mi adorado Monster (2021),,2021,Comedy|Documentary,tt13944978,,,,unmatched,2026-10-02T05:30:22Z,9c09440ed53ff0360cbca034c22fb36468c70796d9aae9d70492b03afa8c8b92
265572,The Bezonians (2021),,2021,Crime,tt12223548,,,,unmatched,2026-10-02T05:28:06Z,e604dea7f15fc68e7ca97c4f49c339822ac8d6942b907b49e4679178b63d84b5
265574,"80,000 Years Old (2020)",,2020,Drama,tt13517836,,,,unmatched,2026-10-02T05:30:08Z,0248c9c2f2708e2c8f25c0c3e6a83ef66313502ea26596fceb11c3df702d4449
265578,Lords of Scam (2021),,2021,Documentary,tt15711402,,,,unmatched,2026-10-02T05:31:19Z,0e4b802b43571d5065457f956d0b5935ceb0dd6d7ee346415bf2b59d5a0ec3f6
265594,Blue Dream: The Road to Wembley (2021),,2021,Documentary,tt15684042,,,,unmatched,2026-10-02T05:31:17Z,63da9f5effdfd1d74f31602e4e5c3a69fb550bc9469e48c7b175df81fd06b96e
265610,The Real Charlie Chaplin (2021),,2021,Documentary,tt10193752,,,,unmatched,2026-10-02T05:26:37Z,090828f270556752be6e03c905d9d335a4e1c964cd2c9518f0bc729ab2e27894
265670,Escape from Death Block 13 (2021),,2021,Action,tt8674464,,,,unmatched,2026-10-02T05:33:31Z,9079f516a486cf64dfc5992724f04569e9ceae4b6fa40b33f9686cae79ff16f9
265682,Aida Rodriguez: Fighting Words (2021),,2021,Comedy,tt15766708,,,,unmatched,2026-10-02T05:31:20Z,6084f0269ddfaea22178f9992a5d46163efd20060c0ab52dfe8f12ae4765c65d
265690,Christmas Thieves (2021),,2021,Animation|Children|Comedy|Crime,tt13557370,,,,unmatched,2026-10-02T05:30:10Z,5741eeb682eb055b20badbace3d983d87001c5c1b48a790a5ed9757d21c4701d
265698,Agatha Christie: 100 Years of Suspense (2020),,2020,Documentary,tt13424900,,,,unmatched,2026-10-02T05:30:06Z,f0b950f1745458c5581fe75f2e06da0a5109e544853c927490b23b7e4cc6d96b
265700,A Rich Christmas (2021),,2021,Children|Drama,tt12807538,,,,unmatched,2026-10-02T05:28:21Z,25dd3628e35eab3cd31715e9cd7b1f93bb1fb11789d6738d318de6a3d1a8d34d
265806,The Devil Wears Ju-Ni Hitoe Kimono (2020),,2020,Fantasy,tt13073962,,,,unmatched,2026-10-02T05:29:14Z,b7cb52088b2416e8320786db7afafe94bfcb9e0276579498507d423fa90ebbd2
265836,Christmas with The Chosen: The Messengers (2021),,2021,Drama,tt15772866,,,,unmatched,2026-10-02T05:31:20Z,6084f0269ddfaea22178f9992a5d46163efd20060c0ab52dfe8f12ae4765c65d
265920,The Vote: Part 2 (2020),,2020,Documentary,tt12256774,,,,unmatched,2026-10-02T05:28:06Z,e604dea7f15fc68e7ca97c4f49c339822ac8d6942b907b49e4679178b63d84b5
265922,The Vote: Part 1 (2020),,2020,Documentary,tt12332106,,,,unmatched,2026-10-02T05:28:08Z,263cba6f5ea26c4ff9f92f33a23b18cb9f4cbcb1dc4090295a6f74c47776071f
265942,We Are (2020),,2020,Comedy,tt9033598,,,,unmatched,2026-10-02T05:33:36Z,6f5a5f3548d636e34beaf2a15cfec9103eddf5cca1119b5a46f72c56ed1f9323
265990,Highway One (2021),,2021,Drama,tt10195722,,,,unmatched,2026-10-02T05:26:37Z,090828f270556752be6e03c905d9d335a4e1c964cd2c9518f0bc729ab2e27894
266054,See You Next Christmas (2021),,2021,Comedy|Drama|Romance,tt15185022,,,,unmatched,2026-10-02T05:31:06Z,265262527e850b60a343487b1c28ea35767e331660efb4b9c00f98fd0546b511
266092,Dear Rider: The Jake Burton Story (2021),,2021,Documentary,tt15390756,,,,unmatched,2026-10-02T05:31:11Z,d455354212cb503b40b03a2ddd0d5a1796ab90d56cda7eedd1650306c4f2b570
266128,Boys On Film 21: Beautiful Secret (2021),,2021,Comedy|Drama|Romance,tt14086060,,,,unmatched,2026-10-02T05:30:36Z,ffa46737d793ad01d27ebac44f2bafb6890958f793c89db29af96d8de6936798
266130,The Male Gaze: Strikers & Defenders (2020),,2020,Drama,tt12784260,,,,unmatched,2026-10-02T05:28:19Z,218012112723c4c561103120856f249ea0a344797f17512f3710cdcd512eeaa5
266134,The Male Gaze: Nocturnal Instincts (2021),,2021,Drama|Romance,tt14285796,,,,unmatched,2026-10-02T05:30:40Z,58dc1d615e4cb0d8feb35a85475905034fee482dc59181d12522c31ef3373143
266202,The Reenactment (2021),,2021,Comedy|Crime|Horror|Thriller,tt11339514,,,,unmatched,2026-10-02T05:27:17Z,3b250e9f26f0adb678b35c7491f1fe30a41d8b2a3ab5e523dc9b67d157bb8bb5
266218,Go Seppuku Yourselves (2021),,2021,Drama,tt15105124,,,,unmatched,2026-10-02T05:31:04Z,1b980ad4f0fa56cbef4dc13049e8322ecb7a009532376748d25eed5ecbe19c2d
266222,Soulmates (2021),,2021,Comedy,tt7536726,,,,unmatched,2026-10-02T05:33:14Z,1b206242f3146468dedfb936aba8ec73f64746c797407020197153c92bab6a15
266226,Becoming the G.O.A.T.: The Tom Brady Story (2021),,2021,Documentary,tt15513462,,,,unmatched,2026-10-02T05:31:15Z,8e97cb553c34c6fc7de58bad30b9f56c9a56c240b87822a763717833eed00623
266232,A Christmas Treasure (2021),,2021,Comedy|Romance,tt15042590,,,,unmatched,2026-10-02T05:31:02Z,6b4c3b423db1c6dae93ceafcb10a5498aca137319a209560bed8dd0238c0bd82
266274,Kanye West: A Higher Power (2020),,2020,Documentary,tt14586662,,,,unmatched,2026-10-02T05:30:50Z,cf709f23c4a348c1051419441fdc09901409c1a8215063ff9f9de9aeff40d238
266306,Nicole Byer: BBW (Big Beautiful Weirdo) (2021),,2021,Comedy,tt15938722,,,,unmatched,2026-10-02T05:31:22Z,16b6caf7dab831cfb1aaa50b3237c86875c0654a9e23db63c92f7170a9158e90
266308,The dot-com bubble that never burst (2021),,2021,Documentary,tt15536086,,,,unmatched,2026-10-02T05:31:15Z,8e97cb553c34c6fc7de58bad30b9f56c9a56c240b87822a763717833eed00623
266310,The Big Squeeze (2021),,2021,(no genres listed),tt15533956,,,,unmatched,2026-10-02T05:31:15Z,8e97cb553c34c6fc7de58bad30b9f56c9a56c240b87822a763717833eed00623
266316,Snoopy Presents: For Auld Lang Syne (2021),スヌーピー プレゼンツ:蛍の光,2021,Animation|Children,tt15553258,Q109974051,,,country_missing,2026-10-02T05:31:17Z,63da9f5effdfd1d74f31602e4e5c3a69fb550bc9469e48c7b175df81fd06b96e
266370,Homebody (2021),,2021,Drama,tt15079084,,,,unmatched,2026-10-02T05:31:02Z,6b4c3b423db1c6dae93ceafcb10a5498aca137319a209560bed8dd0238c0bd82
266450,Repeat (2021),,2021,Drama|Mystery|Sci-Fi,tt11563364,,,,unmatched,2026-10-02T05:27:43Z,c15e85383259189558d760784a7090e52d81cacc7ef49b8561e330647f008467
266462,Dirty Tricks (2021),,2021,Documentary,tt14585862,,,,unmatched,2026-10-02T05:30:50Z,cf709f23c4a348c1051419441fdc09901409c1a8215063ff9f9de9aeff40d238
266480,Open by Christmas (2021),,2021,Comedy|Romance,tt15758400,,,,unmatched,2026-10-02T05:31:20Z,6084f0269ddfaea22178f9992a5d46163efd20060c0ab52dfe8f12ae4765c65d
266564,Night Night (2021),,2021,Thriller,tt11612890,,,,unmatched,2026-10-02T05:27:45Z,7c9bd0ead99fe1cedc1a83296f869770878c94b34ace67bc1d4760f1d4760822
266570,Femalien: Cosmic Crush (2020),,2020,Comedy|Sci-Fi,tt11044354,,,,unmatched,2026-10-02T05:27:06Z,c646d5a823a996130ca5aee18094953a7cfd27a0c73f52c866b6a8d1d8ee59bb
266618,Project Space 13 (2021),,2021,Comedy,tt15715230,,,,unmatched,2026-10-02T05:31:19Z,0e4b802b43571d5065457f956d0b5935ceb0dd6d7ee346415bf2b59d5a0ec3f6
266664,"Space Titans: Musk, Bezos Branson (2021)",,2021,(no genres listed),tt16102738,,,,unmatched,2026-10-02T05:31:24Z,4e4085811d1a45a39b8be7d4014db13597155a2cb21be3b9039159bbb67a139e
266666,The Wimbledon Kidnapping (2021),,2021,Crime|Documentary,tt13031148,,,,unmatched,2026-10-02T05:28:27Z,6737767853427b644d3c347b89fee8b357a567896acdee568249ae856781d507
266668,Noah’s Shark (2021),,2021,Horror|Thriller,tt15241706,,,,unmatched,2026-10-02T05:31:08Z,a1179bc3ec280f218fb66f5b92063e001ea42b50739ffdb0d3c0fe5b5b7bfee2
266672,Madison Baker Was Here (2021),,2021,Comedy|Drama,tt10221732,,,,unmatched,2026-10-02T05:26:38Z,98388e59f7129bd2b73d0df86462a131865604a9bd1dd056abd72ee8bf302442
266680,Finding Love in San Antonio (2021),,2021,Romance,tt14732424,,,,unmatched,2026-10-02T05:30:54Z,11f9ad3247b60ace28f4ebe3d2df64fd8c31dd425369ec66e0aa0b7389e99abf
266684,Blue Moon Ball (2021),,2021,Romance,tt14849138,,,,unmatched,2026-10-02T05:30:56Z,7aafc3dd33d6f73000c61cace5d6ceede555a4260464331311499d6ce40936e1
266742,The Holiday Fix Up (2021),,2021,Comedy|Romance,tt15245738,,,,unmatched,2026-10-02T05:31:08Z,a1179bc3ec280f218fb66f5b92063e001ea42b50739ffdb0d3c0fe5b5b7bfee2
266760,Reign of the Superwomen (2021),,2021,Documentary,tt14703148,,,,unmatched,2026-10-02T05:30:52Z,8a6407fbb8a9fe0c8181cfffe9579fe02c0fc6f1ec61c5e244654251d0f13846
266782,Rise & Fall The World Trade Center (2021),,2021,Documentary,tt15251082,,,,unmatched,2026-10-02T05:31:08Z,a1179bc3ec280f218fb66f5b92063e001ea42b50739ffdb0d3c0fe5b5b7bfee2
266808,Royally Wrapped For Christmas (2021),,2021,Comedy|Romance,tt15819904,,,,unmatched,2026-10-02T05:31:20Z,6084f0269ddfaea22178f9992a5d46163efd20060c0ab52dfe8f12ae4765c65d
266814,A Fiance for Christmas (2021),,2021,Comedy|Romance,tt14300966,,,,unmatched,2026-10-02T05:30:40Z,58dc1d615e4cb0d8feb35a85475905034fee482dc59181d12522c31ef3373143
266846,9/11: I Was There (2021),,2021,Documentary,tt15251134,,,,unmatched,2026-10-02T05:31:08Z,a1179bc3ec280f218fb66f5b92063e001ea42b50739ffdb0d3c0fe5b5b7bfee2
266872,Every Time a Bell Rings (2021),,2021,Comedy|Romance,tt15943414,,,,unmatched,2026-10-02T05:31:22Z,16b6caf7dab831cfb1aaa50b3237c86875c0654a9e23db63c92f7170a9158e90
266896,Candy Coated Christmas (2021),,2021,Children|Romance,tt15302344,,,,unmatched,2026-10-02T05:31:09Z,6f01b7c0e83118e4b495955eb118ba78832b78805ae4fc5aaf27ef3968564175
266916,Fixed (2021),,2021,Crime|Thriller,tt14012734,,,,unmatched,2026-10-02T05:30:32Z,aaea0c2f1885dc2edd516bed9b2e0c6f464bdb5b45c766ee57949e79a09794bd
266922,2021 Rock & Roll Hall of Fame Induction Ceremony (2021),,2021,(no genres listed),tt15716316,,,,unmatched,2026-10-02T05:31:19Z,0e4b802b43571d5065457f956d0b5935ceb0dd6d7ee346415bf2b59d5a0ec3f6
266944,Highway to Heaven (2021),,2021,Drama,tt10984306,,,,unmatched,2026-10-02T05:27:04Z,6bf8bbc4cdcbf2378683a76547ea7f87b48fb11ba6803fa98827de7b1853d87a
266996,Keep Sweet (2021),,2021,Documentary,tt15533042,,,,unmatched,2026-10-02T05:31:15Z,8e97cb553c34c6fc7de58bad30b9f56c9a56c240b87822a763717833eed00623
267048,Christmas in the Pines (2021),,2021,Comedy|Romance,tt13401252,,,,unmatched,2026-10-02T05:30:04Z,61377a62aedcc18b3d8935cc9910d6c752b163d417f895f8580e84e0c3249c5f
267052,Christmas CEO (2021),,2021,Comedy|Romance,tt15691922,,,,unmatched,2026-10-02T05:31:19Z,0e4b802b43571d5065457f956d0b5935ceb0dd6d7ee346415bf2b59d5a0ec3f6
267074,The Santa Box (2020),,2020,Children|Drama,tt12065192,,,,unmatched,2026-10-02T05:28:03Z,79444bce0b48f7ceca561c950387a53acf5f989026a2e3df3cc895cd31d330c5
267080,Nash Bridges (2021),,2021,Crime|Drama,tt10665108,,,,unmatched,2026-10-02T05:26:55Z,3a950305fc0d41589e532c30cd7a5f7bbba3a5e9133df80c92c70027dffa2d6b
267124,Mo Amer: Mohammed in Texas (2021),,2021,Comedy,tt15845288,,,,unmatched,2026-10-02T05:31:22Z,16b6caf7dab831cfb1aaa50b3237c86875c0654a9e23db63c92f7170a9158e90
267166,A Shape of Things to Come (2020),,2020,Documentary,tt9043022,,,,unmatched,2026-10-02T05:33:36Z,6f5a5f3548d636e34beaf2a15cfec9103eddf5cca1119b5a46f72c56ed1f9323
267228,"The Murder of Gabby Petito: Truth, Lies and Social Media (2021)",,2021,(no genres listed),tt16416360,,,,unmatched,2026-10-02T05:31:27Z,d13d1bad110eb02cdfd23e7c291f93ab1180ceab222c3718e89954a34047bf10
267290,In the Dark of the Valley (2021),,2021,Documentary,tt11684668,,,,unmatched,2026-10-02T05:27:49Z,15de515b89a9aef6bc176883bde63f4cf5e4c755511a47ae843b8f8f8ccb041f
267338,Cosmic Dawn (2022),,2022,Sci-Fi,tt13094586,,,,unmatched,2026-10-02T05:29:16Z,31963caaca5afa65978012f1c57b1f4cc727c44413fa07639eee178d1b60a84e
267366,Jim Gaffigan: Comedy Monster (2021),,2021,Comedy,tt15907298,,,,unmatched,2026-10-02T05:31:22Z,16b6caf7dab831cfb1aaa50b3237c86875c0654a9e23db63c92f7170a9158e90
267394,Louis C.K.: Sorry (2021),,2021,Comedy,tt16478030,,,,unmatched,2026-10-02T05:31:27Z,d13d1bad110eb02cdfd23e7c291f93ab1180ceab222c3718e89954a34047bf10
267418,Jimmy Carr: His Dark Material (2021),,2021,Comedy,tt16259786,,,,unmatched,2026-10-02T05:31:24Z,4e4085811d1a45a39b8be7d4014db13597155a2cb21be3b9039159bbb67a139e
267420,NO PAIN IN VAIN - The Shocking Life of Steve-O (2020),,2020,(no genres listed),tt13540476,,,,unmatched,2026-10-02T05:30:10Z,5741eeb682eb055b20badbace3d983d87001c5c1b48a790a5ed9757d21c4701d
267432,Maps and Mistletoe (2021),,2021,Comedy|Romance,tt15197106,,,,unmatched,2026-10-02T05:31:06Z,265262527e850b60a343487b1c28ea35767e331660efb4b9c00f98fd0546b511
267462,Reno 911! The Hunt for QAnon (2021),,2021,Comedy,tt16124480,,,,unmatched,2026-10-02T05:31:24Z,4e4085811d1a45a39b8be7d4014db13597155a2cb21be3b9039159bbb67a139e
267478,The Emperor's Sword (2020),,2020,Action,tt13841546,,,,unmatched,2026-10-02T05:30:18Z,1cffa4ff45e3ac3222b912537a05dbf96f44d4ebcb0cb99eabfde3ec3350e06a
267578,Mariah's Christmas: The Magic Continues (2021),,2021,Children,tt15829598,,,,unmatched,2026-10-02T05:31:20Z,6084f0269ddfaea22178f9992a5d46163efd20060c0ab52dfe8f12ae4765c65d
267588,Hood River (2021),,2021,Documentary,tt11690150,,,,unmatched,2026-10-02T05:27:49Z,15de515b89a9aef6bc176883bde63f4cf5e4c755511a47ae843b8f8f8ccb041f
267600,Badland Doves (2021),,2021,Western,tt14221508,,,,unmatched,2026-10-02T05:30:38Z,973dfd0e61a4df6c470ee8c15968187a4e9ddb921bbb94e1aa8deac9b923c36f
267612,A Little Christmas Charm (2020),,2020,Romance,tt10516322,,,,unmatched,2026-10-02T05:26:50Z,f8c65246a2303e0a91172bdf896d40eba3b911da444a0269d9cb0e949557c342
267620,You're Watching Video Music Box (2021),,2021,Documentary,tt15788244,,,,unmatched,2026-10-02T05:31:20Z,6084f0269ddfaea22178f9992a5d46163efd20060c0ab52dfe8f12ae4765c65d
267652,Cross Country Christmas (2020),,2020,Romance,tt13040330,,,,unmatched,2026-10-02T05:29:14Z,b7cb52088b2416e8320786db7afafe94bfcb9e0276579498507d423fa90ebbd2
267682,Beanie Mania (2021),,2021,Documentary,tt16433744,,,,unmatched,2026-10-02T05:31:27Z,d13d1bad110eb02cdfd23e7c291f93ab1180ceab222c3718e89954a34047bf10
267686,A Year From Now (2021),,2021,Comedy|Fantasy,tt16210710,,,,unmatched,2026-10-02T05:31:24Z,4e4085811d1a45a39b8be7d4014db13597155a2cb21be3b9039159bbb67a139e
267766,The Super Bob Einstein Movie (2021),,2021,Documentary,tt16533296,,,,unmatched,2026-10-02T05:31:27Z,d13d1bad110eb02cdfd23e7c291f93ab1180ceab222c3718e89954a34047bf10
267768,The Story of Film: A New Generation (2021),,2021,Documentary,tt14999458,,,,unmatched,2026-10-02T05:31:00Z,52f332d34ec7e69e1b8a6c970ccf1877db72ed59da41f2fb653161d99ab4add5
267820,Nightshade (2022),,2022,Mystery|Thriller,tt9707456,,,,unmatched,2026-10-02T05:33:49Z,7d982dc21aa08adb9529914d43f83bb47a916287e182e5d34c676e43653c84b5
267826,A Very Merry Bridesmaid (2021),,2021,Comedy|Romance,tt15403980,,,,unmatched,2026-10-02T05:31:11Z,d455354212cb503b40b03a2ddd0d5a1796ab90d56cda7eedd1650306c4f2b570
267836,Eight Gifts of Hanukkah (2021),,2021,Comedy|Romance,tt16282114,,,,unmatched,2026-10-02T05:31:26Z,aa08950e7332a17206a52843dfb4f21620a55f1eb7bff642a7d59dc0220eed14
267860,Jingle Bell Princess (2021),,2021,Comedy|Drama|Romance,tt16343836,,,,unmatched,2026-10-02T05:31:26Z,aa08950e7332a17206a52843dfb4f21620a55f1eb7bff642a7d59dc0220eed14
267866,The Christmas Contest (2021),,2021,Comedy|Romance,tt15316422,,,,unmatched,2026-10-02T05:31:09Z,6f01b7c0e83118e4b495955eb118ba78832b78805ae4fc5aaf27ef3968564175
267872,Outcast Rockstar (2021),,2021,Documentary,tt6459834,,,,unmatched,2026-10-02T05:33:03Z,4d0015a18bb85f96266dbd5815f966af9440cf4499ebae118fb32b3da8395963
267882,The Quest for Tonewood (2021),,2021,Documentary,tt14526682,,,,unmatched,2026-10-02T05:30:48Z,43b86bac97eb36bc7e398639f12f1d550080ef5e7ad0c31dc76be2bbd8eb39a4
267908,Christmas in the Wilds (2021),,2021,Romance,tt13438634,,,,unmatched,2026-10-02T05:30:06Z,f0b950f1745458c5581fe75f2e06da0a5109e544853c927490b23b7e4cc6d96b
267910,UnPerfect Christmas Wish (2021),,2021,Comedy|Romance,tt14596220,,,,unmatched,2026-10-02T05:30:50Z,cf709f23c4a348c1051419441fdc09901409c1a8215063ff9f9de9aeff40d238
268094,Christmas Sail (2021),,2021,Comedy|Romance,tt15758364,,,,unmatched,2026-10-02T05:31:20Z,6084f0269ddfaea22178f9992a5d46163efd20060c0ab52dfe8f12ae4765c65d
268106,Christmas She Wrote (2020),,2020,Romance,tt13097858,,,,unmatched,2026-10-02T05:29:16Z,31963caaca5afa65978012f1c57b1f4cc727c44413fa07639eee178d1b60a84e
268146,The Wedding Veil (2022),,2022,Comedy|Romance,tt16287754,,,,unmatched,2026-10-02T05:31:26Z,aa08950e7332a17206a52843dfb4f21620a55f1eb7bff642a7d59dc0220eed14
268284,Twittering Birds Never Fly: The Clouds Gather (2020),,2020,Animation|Drama,tt10675392,,,,unmatched,2026-10-02T05:26:55Z,3a950305fc0d41589e532c30cd7a5f7bbba3a5e9133df80c92c70027dffa2d6b
268286,Dragon: The Weapon of God (2022),,2022,Action|Adventure|Fantasy|Sci-Fi,tt9169280,,,,unmatched,2026-10-02T05:33:40Z,d4d7e97e8533382be6c4413a96367f7488ded020b123ee2682b9f98cf635749e
268300,Mr. Saturday Night (2021),,2021,Documentary,tt15721532,,,,unmatched,2026-10-02T05:31:19Z,0e4b802b43571d5065457f956d0b5935ceb0dd6d7ee346415bf2b59d5a0ec3f6
268306,Ricky Powell: The Individualist (2020),,2020,Documentary,tt11905612,,,,unmatched,2026-10-02T05:27:57Z,08245447db9f5a5dd73f979b78ed0b0b18999be17b06b992117886893b449487
268462,Joy For Christmas (2021),,2021,Comedy|Romance,tt15716528,,,,unmatched,2026-10-02T05:31:19Z,0e4b802b43571d5065457f956d0b5935ceb0dd6d7ee346415bf2b59d5a0ec3f6
268468,Hot Chocolate Holiday (2021),,2021,Romance,tt13779034,,,,unmatched,2026-10-02T05:30:16Z,b1b1817c8660697b26e80a5621546a00c4060195fa97f88d895d1df99a08d6ac
268470,"Lights, Camera, Romance (2021)",,2021,Comedy|Romance,tt12587536,,,,unmatched,2026-10-02T05:28:14Z,59e1c683b047ca20bf821fd5c2008e64290ae4df2de665436a2a9dafd10e71d2
268476,Rebuilding a Dream Christmas (2021),,2021,Romance,tt12921552,,,,unmatched,2026-10-02T05:28:25Z,30280bbfa3df7b5339857b827f5f9bd1c1c0ecd3f4dd0cdd57312f765e907087
268482,'Tis the Season to be Merry (2021),,2021,Comedy|Romance,tt15739902,,,,unmatched,2026-10-02T05:31:19Z,0e4b802b43571d5065457f956d0b5935ceb0dd6d7ee346415bf2b59d5a0ec3f6
268494,Harmony From The Heart (2022),,2022,Comedy|Romance,tt16374856,,,,unmatched,2026-10-02T05:31:26Z,aa08950e7332a17206a52843dfb4f21620a55f1eb7bff642a7d59dc0220eed14
268498,Where Your Heart Belongs (2022),,2022,Comedy|Romance,tt13826702,,,,unmatched,2026-10-02T05:30:18Z,1cffa4ff45e3ac3222b912537a05dbf96f44d4ebcb0cb99eabfde3ec3350e06a
268534,Hostage (2021),,2021,Thriller,tt6619180,,,,unmatched,2026-10-02T05:33:04Z,465712e306b2c34c02bd3cc5a4b04d57c4d52326d843878a76948bd22b7805f3
268556,Time for Them to Come Home for Christmas (2021),,2021,Comedy|Romance,tt16047670,,,,unmatched,2026-10-02T05:31:24Z,4e4085811d1a45a39b8be7d4014db13597155a2cb21be3b9039159bbb67a139e
268606,Hacker: Trust No One (2022),,2022,Thriller,tt15135004,,,,unmatched,2026-10-02T05:31:06Z,265262527e850b60a343487b1c28ea35767e331660efb4b9c00f98fd0546b511
268644,Shatner in Space (2021),,2021,Documentary,tt16280900,,,,unmatched,2026-10-02T05:31:24Z,4e4085811d1a45a39b8be7d4014db13597155a2cb21be3b9039159bbb67a139e
268656,Coachella: 20 Years in the Desert (2020),,2020,Documentary,tt12058882,,,,unmatched,2026-10-02T05:28:03Z,79444bce0b48f7ceca561c950387a53acf5f989026a2e3df3cc895cd31d330c5
268772,The Woman with No Face (2020),,2020,Documentary,tt6963274,,,,unmatched,2026-10-02T05:33:09Z,1e5f97a70bd788473de953003d22877cf92b95c4581befbec11976b51b4f63d8
268802,I Am Mortal (2022),,2022,Drama|Fantasy|Sci-Fi,tt6385680,,,,unmatched,2026-10-02T05:33:03Z,4d0015a18bb85f96266dbd5815f966af9440cf4499ebae118fb32b3da8395963
268828,A Forbidden Orange (2021),,2021,Documentary,tt15717468,Q125975883,,,country_missing,2026-10-02T05:31:19Z,0e4b802b43571d5065457f956d0b5935ceb0dd6d7ee346415bf2b59d5a0ec3f6
268852,Dying to Be You (2020),,2020,Thriller,tt10485690,,,,unmatched,2026-10-02T05:26:50Z,f8c65246a2303e0a91172bdf896d40eba3b911da444a0269d9cb0e949557c342
268854,Film About a Father Who (2020),,2020,Documentary,tt11600484,,,,unmatched,2026-10-02T05:27:45Z,7c9bd0ead99fe1cedc1a83296f869770878c94b34ace67bc1d4760f1d4760822
268864,Dinner Party (2021),,2021,Drama,tt11853308,,,,unmatched,2026-10-02T05:27:56Z,bddcd4b125e2d35d7ecefdba01a42d949881e708974efab5bed6f28014c6b62c
268878,137 Shots (2021),,2021,Crime|Documentary,tt16379224,,,,unmatched,2026-10-02T05:31:26Z,aa08950e7332a17206a52843dfb4f21620a55f1eb7bff642a7d59dc0220eed14
268896,Rolling Like Thunder (2021),,2021,Documentary,tt15788204,,,,unmatched,2026-10-02T05:31:20Z,6084f0269ddfaea22178f9992a5d46163efd20060c0ab52dfe8f12ae4765c65d
268972,Baby Oopsie (2021),,2021,Horror|Thriller,tt15195272,,,,unmatched,2026-10-02T05:31:06Z,265262527e850b60a343487b1c28ea35767e331660efb4b9c00f98fd0546b511
268984,Lost Tombs of the Pyramids (2020),,2020,Documentary,tt15545084,,,,unmatched,2026-10-02T05:31:17Z,63da9f5effdfd1d74f31602e4e5c3a69fb550bc9469e48c7b175df81fd06b96e
268992,"Next Stop, Christmas (2021)",,2021,Drama|Fantasy|Romance,tt15412176,,,,unmatched,2026-10-02T05:31:11Z,d455354212cb503b40b03a2ddd0d5a1796ab90d56cda7eedd1650306c4f2b570
269042,Christmas Takes Flight (2021),,2021,Comedy|Romance,tt15012044,,,,unmatched,2026-10-02T05:31:02Z,6b4c3b423db1c6dae93ceafcb10a5498aca137319a209560bed8dd0238c0bd82
269044,Match Made in Mistletoe (2021),,2021,Children|Comedy|Romance,tt14502376,,,,unmatched,2026-10-02T05:30:46Z,0c73a84dc5cf253a887e03996db24d9171258edc680beb5d7c340cfb12780117
269092,A Christmas Miracle for Daisy (2021),,2021,Comedy|Romance,tt16275882,,,,unmatched,2026-10-02T05:31:24Z,4e4085811d1a45a39b8be7d4014db13597155a2cb21be3b9039159bbb67a139e
269096,By the Grace of... (2021),,2021,Drama,tt13806424,,,,unmatched,2026-10-02T05:30:18Z,1cffa4ff45e3ac3222b912537a05dbf96f44d4ebcb0cb99eabfde3ec3350e06a
269164,Wild Tokyo (2021),,2021,Documentary,tt15156586,,,,unmatched,2026-10-02T05:31:06Z,265262527e850b60a343487b1c28ea35767e331660efb4b9c00f98fd0546b511
269170,Yearly Departed (2021),,2021,Comedy,tt15660422,,,,unmatched,2026-10-02T05:31:17Z,63da9f5effdfd1d74f31602e4e5c3a69fb550bc9469e48c7b175df81fd06b96e
269282,Bert Kreischer: Hey Big Boy (2020),,2020,Comedy,tt11810424,,,,unmatched,2026-10-02T05:27:54Z,4e274bd6e566ed2b99ab7845c0c09603d0c2e3284d9c6be80056ffb7c1c7bce4
269338,Les Nazis et l'Argent : au cœur du IIIe Reich (2021),,2021,Documentary|War,tt14021350,,,,unmatched,2026-10-02T05:30:32Z,aaea0c2f1885dc2edd516bed9b2e0c6f464bdb5b45c766ee57949e79a09794bd
269340,Infrared Dreams (2022),,2022,Sci-Fi|Thriller,tt8706138,,,,unmatched,2026-10-02T05:33:31Z,9079f516a486cf64dfc5992724f04569e9ceae4b6fa40b33f9686cae79ff16f9
269394,Use of Force: The Policing of Black America (2022),,2022,Documentary,tt13060184,,,,unmatched,2026-10-02T05:29:14Z,b7cb52088b2416e8320786db7afafe94bfcb9e0276579498507d423fa90ebbd2
269434,"maɬni – towards the ocean, towards the shore (2021)",,2021,Documentary,tt12928010,,,,unmatched,2026-10-02T05:28:25Z,30280bbfa3df7b5339857b827f5f9bd1c1c0ecd3f4dd0cdd57312f765e907087
269500,The Seance (2021),,2021,Horror,tt13983972,,,,unmatched,2026-10-02T05:30:22Z,9c09440ed53ff0360cbca034c22fb36468c70796d9aae9d70492b03afa8c8b92
269506,Insecure: The End (2021),,2021,Documentary,tt16733354,,,,unmatched,2026-10-02T05:31:30Z,37fdcf9bb9e56f7d7302c81fc286093494c90b20543e6eb781f88ad199d88838
269538,Dragon Fury (2021),,2021,Fantasy|Horror|Mystery,tt13563520,,,,unmatched,2026-10-02T05:30:10Z,5741eeb682eb055b20badbace3d983d87001c5c1b48a790a5ed9757d21c4701d
269650,Explant (2021),,2021,Documentary,tt14892064,,,,unmatched,2026-10-02T05:30:58Z,108a281317918bba1d4a5d2b75b6f9616cfcbfa7dc5b6f78be51fe249b69ae7b
269664,Dark Red Forest (2020),,2020,Documentary,tt15215056,,,,unmatched,2026-10-02T05:31:08Z,a1179bc3ec280f218fb66f5b92063e001ea42b50739ffdb0d3c0fe5b5b7bfee2
269818,Clearwater (2020),,2020,Horror|Sci-Fi,tt14076242,,,,unmatched,2026-10-02T05:30:35Z,5b89c543a3784f01c09eee1157118ebdd81b0ad9de4125d8061df831da3d4b1b
269826,Closing Words (2021),,2021,Documentary,tt15496566,,,,unmatched,2026-10-02T05:31:15Z,8e97cb553c34c6fc7de58bad30b9f56c9a56c240b87822a763717833eed00623
269932,Harvey (2021),,2021,Thriller,tt12906702,,,,unmatched,2026-10-02T05:28:25Z,30280bbfa3df7b5339857b827f5f9bd1c1c0ecd3f4dd0cdd57312f765e907087
269952,Immanence (2022),,2022,Horror|Thriller,tt11626108,,,,unmatched,2026-10-02T05:27:47Z,a8236c0e6b8985af815c1d1bda172de550fdb96a5ba869d592348be2747f7270
269970,Dope Boys Alphabet (2021),,2021,Documentary,tt16448408,,,,unmatched,2026-10-02T05:31:27Z,d13d1bad110eb02cdfd23e7c291f93ab1180ceab222c3718e89954a34047bf10
270070,Charli XCX: Alone Together (2021),,2021,Documentary,tt12759142,Q134631539,,,country_missing,2026-10-02T05:28:19Z,218012112723c4c561103120856f249ea0a344797f17512f3710cdcd512eeaa5
270088,The Winter Palace (2022),,2022,Comedy|Romance,tt16150832,,,,unmatched,2026-10-02T05:31:24Z,4e4085811d1a45a39b8be7d4014db13597155a2cb21be3b9039159bbb67a139e
270170,Fixing Up Christmas (2021),,2021,Children|Comedy|Romance,tt15205728,,,,unmatched,2026-10-02T05:31:06Z,265262527e850b60a343487b1c28ea35767e331660efb4b9c00f98fd0546b511
270194,Stroke of Luck (2022),,2022,Comedy,tt10234990,,,,unmatched,2026-10-02T05:26:38Z,98388e59f7129bd2b73d0df86462a131865604a9bd1dd056abd72ee8bf302442
270214,Detours (2022),,2022,Drama,tt11379562,,,,unmatched,2026-10-02T05:27:17Z,3b250e9f26f0adb678b35c7491f1fe30a41d8b2a3ab5e523dc9b67d157bb8bb5
270232,The Winners (2020),,2020,Comedy|Drama,tt11563836,,,,unmatched,2026-10-02T05:27:43Z,c15e85383259189558d760784a7090e52d81cacc7ef49b8561e330647f008467
270274,"Diego, The Last Goodbye (2021)",,2021,Documentary,tt16246178,,,,unmatched,2026-10-02T05:31:24Z,4e4085811d1a45a39b8be7d4014db13597155a2cb21be3b9039159bbb67a139e
270288,The Surprise Visit (2022),,2022,Crime|Thriller,tt13362890,,,,unmatched,2026-10-02T05:30:02Z,5995c664c4e5252493569ade0c9badba5751d7a8eedb74ce78290d38015fc9ad
270290,The Curse of La Patasola (2022),,2022,Horror,tt12790908,,,,unmatched,2026-10-02T05:28:19Z,218012112723c4c561103120856f249ea0a344797f17512f3710cdcd512eeaa5
270320,The Jack in the Box: Awakening (2022),,2022,Horror,tt12764628,,,,unmatched,2026-10-02T05:28:19Z,218012112723c4c561103120856f249ea0a344797f17512f3710cdcd512eeaa5
270338,Alien: Battlefield Earth (2021),,2021,Sci-Fi,tt14257552,,,,unmatched,2026-10-02T05:30:40Z,58dc1d615e4cb0d8feb35a85475905034fee482dc59181d12522c31ef3373143
270388,Restaurant Hustle 2020: All On The Line (2020),,2020,Documentary,tt13370428,,,,unmatched,2026-10-02T05:30:04Z,61377a62aedcc18b3d8935cc9910d6c752b163d417f895f8580e84e0c3249c5f
270438,WWE: Liv Forever (2020),,2020,Documentary,tt13522064,,,,unmatched,2026-10-02T05:30:08Z,0248c9c2f2708e2c8f25c0c3e6a83ef66313502ea26596fceb11c3df702d4449
270452,The River: A Documentary Film (2020),,2020,(no genres listed),tt11947032,,,,unmatched,2026-10-02T05:27:59Z,43dddbb06fe1f457521da23c16ae47513cc16e3d34c296320b13af573b4f9703
270474,The Perfect Pairing (2022),,2022,Comedy|Romance,tt14459724,,,,unmatched,2026-10-02T05:30:46Z,0c73a84dc5cf253a887e03996db24d9171258edc680beb5d7c340cfb12780117
270514,Road to Perth (2021),,2021,Comedy|Drama|Romance,tt7466908,,,,unmatched,2026-10-02T05:33:14Z,1b206242f3146468dedfb936aba8ec73f64746c797407020197153c92bab6a15
270560,Entropy (2022),,2022,Horror,tt11939970,,,,unmatched,2026-10-02T05:27:59Z,43dddbb06fe1f457521da23c16ae47513cc16e3d34c296320b13af573b4f9703
270598,Ice Cream Man (2020),,2020,Documentary,tt12749980,,,,unmatched,2026-10-02T05:28:19Z,218012112723c4c561103120856f249ea0a344797f17512f3710cdcd512eeaa5
270648,The Wall: Climb For Gold (2022),,2022,Documentary,tt15717116,,,,unmatched,2026-10-02T05:31:19Z,0e4b802b43571d5065457f956d0b5935ceb0dd6d7ee346415bf2b59d5a0ec3f6
270650,Moses Storm: Trash White (2022),,2022,Comedy,tt17048424,,,,unmatched,2026-10-02T05:31:32Z,0bea6e67327f86b63ceed4a78d22c1f874d1518cae1998c46e98095ae9f5ac23
270664,A Shot Through the Wall (2022),,2022,Crime|Drama|Thriller,tt8588414,,,,unmatched,2026-10-02T05:33:29Z,57b2f3a200c8ffeb18659ba69dd5eb345bdd477071b8caf2f038830b2a1add41
270734,Restaurant Hustle 2021: Back in Business (2021),,2021,(no genres listed),tt16742574,,,,unmatched,2026-10-02T05:31:30Z,37fdcf9bb9e56f7d7302c81fc286093494c90b20543e6eb781f88ad199d88838
270738,To the Moon (2020),,2020,Documentary,tt13293720,,,,unmatched,2026-10-02T05:29:22Z,0c2354828e96968037e9d061e2e0cc48f43890bb09fa6f8178c30631351f9e71
270778,Icahn: The Restless Billionaire (2022),,2022,Documentary,tt17607144,,,,unmatched,2026-10-02T05:31:33Z,6e21b94c023724c9247d6ebb93d5e2ac7a03a93d8118e0cba564eceb4381254d
270798,The Power of the Fed (2021),,2021,(no genres listed),tt14875370,,,,unmatched,2026-10-02T05:30:58Z,108a281317918bba1d4a5d2b75b6f9616cfcbfa7dc5b6f78be51fe249b69ae7b
270814,Black Ice (2020),,2020,(no genres listed),tt13826138,,,,unmatched,2026-10-02T05:30:18Z,1cffa4ff45e3ac3222b912537a05dbf96f44d4ebcb0cb99eabfde3ec3350e06a
270868,WWE Survivor Series 2021 (2021),,2021,Action|Drama,tt15301916,Q108825259,,,country_missing,2026-10-02T05:31:09Z,6f01b7c0e83118e4b495955eb118ba78832b78805ae4fc5aaf27ef3968564175
270896,Hawking: Can You Hear Me? (2021),,2021,Documentary,tt15484842,,,,unmatched,2026-10-02T05:31:15Z,8e97cb553c34c6fc7de58bad30b9f56c9a56c240b87822a763717833eed00623
270900,The Ventures: Stars on Guitars (2020),,2020,Documentary,tt7043790,,,,unmatched,2026-10-02T05:33:09Z,1e5f97a70bd788473de953003d22877cf92b95c4581befbec11976b51b4f63d8
270906,Breaking Bread (2021),,2021,Documentary,tt8193366,,,,unmatched,2026-10-02T05:33:23Z,1b998874c5d8e792c80204f167afb25c3c65fec9a3a30d08c0268a64db79c3ef
270944,Terry Bradshaw: Going Deep (2022),,2022,Documentary,tt17005194,,,,unmatched,2026-10-02T05:31:30Z,37fdcf9bb9e56f7d7302c81fc286093494c90b20543e6eb781f88ad199d88838
271156,Frederick Douglass: In Five Speeches (2022),,2022,Documentary,tt17542306,,,,unmatched,2026-10-02T05:31:33Z,6e21b94c023724c9247d6ebb93d5e2ac7a03a93d8118e0cba564eceb4381254d
271230,The Night (2021),,2021,Documentary,tt15119696,,,,unmatched,2026-10-02T05:31:04Z,1b980ad4f0fa56cbef4dc13049e8322ecb7a009532376748d25eed5ecbe19c2d
271256,Hollywood Fringe (2020),,2020,Comedy,tt9218782,,,,unmatched,2026-10-02T05:33:40Z,d4d7e97e8533382be6c4413a96367f7488ded020b123ee2682b9f98cf635749e
271258,The Calm Beyond (2020),,2020,Sci-Fi|Thriller,tt13073374,,,,unmatched,2026-10-02T05:29:14Z,b7cb52088b2416e8320786db7afafe94bfcb9e0276579498507d423fa90ebbd2
271280,Angela Merkel - Im Lauf der Zeit (2022),,2022,Documentary,tt18290350,,,,unmatched,2026-10-02T05:31:37Z,d5e19daa47da7e205ce38adda11a0b6356b404cac66583a87a93ee435ecb0734
271288,Crocodile Island (2020),,2020,Action|Adventure|Fantasy|Thriller,tt12598910,,,,unmatched,2026-10-02T05:28:14Z,59e1c683b047ca20bf821fd5c2008e64290ae4df2de665436a2a9dafd10e71d2
271349,Menarche (2020),,2020,Drama|Fantasy,tt12241006,,,,unmatched,2026-10-02T05:28:06Z,e604dea7f15fc68e7ca97c4f49c339822ac8d6942b907b49e4679178b63d84b5
271371,Fruitcake Fraud (2021),,2021,Documentary,tt15868154,,,,unmatched,2026-10-02T05:31:22Z,16b6caf7dab831cfb1aaa50b3237c86875c0654a9e23db63c92f7170a9158e90
271437,Finding Jesus 2 (2021),,2021,(no genres listed),tt13944728,,,,unmatched,2026-10-02T05:30:22Z,9c09440ed53ff0360cbca034c22fb36468c70796d9aae9d70492b03afa8c8b92
271445,Taylor Tomlinson: Look at You (2022),,2022,Comedy,tt18096250,,,,unmatched,2026-10-02T05:31:35Z,55e332340282a079f7ec31cdf06bee6d6e2de73efb631bd67bd9ba6be000295f
271453,Trevor Noah Presents Josh Johnson: # (Hashtag) (2021),,2021,Comedy,tt13085836,,,,unmatched,2026-10-02T05:29:16Z,31963caaca5afa65978012f1c57b1f4cc727c44413fa07639eee178d1b60a84e
271455,Genus Pan (2020),,2020,Drama,tt12792586,,,,unmatched,2026-10-02T05:28:21Z,25dd3628e35eab3cd31715e9cd7b1f93bb1fb11789d6738d318de6a3d1a8d34d
271459,Esther Povitsky: Hot For My Name (2020),,2020,Comedy|Documentary,tt12238602,,,,unmatched,2026-10-02T05:28:06Z,e604dea7f15fc68e7ca97c4f49c339822ac8d6942b907b49e4679178b63d84b5
271533,Nightride (2022),,2022,Drama|Thriller,tt15298578,Q140700561,,,country_missing,2026-10-02T05:31:09Z,6f01b7c0e83118e4b495955eb118ba78832b78805ae4fc5aaf27ef3968564175
271553,60 Seconds to Live (2022),,2022,Horror,tt13135756,,,,unmatched,2026-10-02T05:29:16Z,31963caaca5afa65978012f1c57b1f4cc727c44413fa07639eee178d1b60a84e
271555,Legacy of Love (2022),,2022,Drama|Romance,tt12933568,,,,unmatched,2026-10-02T05:28:25Z,30280bbfa3df7b5339857b827f5f9bd1c1c0ecd3f4dd0cdd57312f765e907087
271581,Rosebud Baker: Whiskey Fists (2021),,2021,Comedy,tt15281420,,,,unmatched,2026-10-02T05:31:09Z,6f01b7c0e83118e4b495955eb118ba78832b78805ae4fc5aaf27ef3968564175
271725,The Visit (2021),,2021,Animation|Drama,tt15239812,,,,unmatched,2026-10-02T05:31:08Z,a1179bc3ec280f218fb66f5b92063e001ea42b50739ffdb0d3c0fe5b5b7bfee2
271815,Doctor on Call (2021),,2021,Comedy,tt14060826,,,,unmatched,2026-10-02T05:30:35Z,5b89c543a3784f01c09eee1157118ebdd81b0ad9de4125d8061df831da3d4b1b
271859,Until We Meet Again (2022),,2022,Drama|Fantasy|Romance,tt2574538,,,,unmatched,2026-10-02T05:32:37Z,4a8eb40aa3ef18a1818589912057a18184cc3d6496687c069802d79e87727154
271909,Surviving America (2021),,2021,Documentary,tt13554896,,,,unmatched,2026-10-02T05:30:10Z,5741eeb682eb055b20badbace3d983d87001c5c1b48a790a5ed9757d21c4701d
271973,Mo Gilligan: There's Mo to Life (2022),,2022,Comedy,tt17162494,,,,unmatched,2026-10-02T05:31:32Z,0bea6e67327f86b63ceed4a78d22c1f874d1518cae1998c46e98095ae9f5ac23
271975,Incarnation (2022),,2022,Horror,tt13157970,,,,unmatched,2026-10-02T05:29:18Z,666cede00bc86dbe726ef31ffd82c507f0d0105405544f90bb344d2fd87a367c
272097,The Wedding Veil Legacy (2022),,2022,Comedy|Romance,tt17524492,,,,unmatched,2026-10-02T05:31:33Z,6e21b94c023724c9247d6ebb93d5e2ac7a03a93d8118e0cba564eceb4381254d
272117,Alex Murdaugh: Death. Deception. Power (2021),,2021,(no genres listed),tt16303744,,,,unmatched,2026-10-02T05:31:26Z,aa08950e7332a17206a52843dfb4f21620a55f1eb7bff642a7d59dc0220eed14
272155,Eddie Izzard: Wunderbar (2021),,2021,Comedy,tt17676358,,,,unmatched,2026-10-02T05:31:33Z,6e21b94c023724c9247d6ebb93d5e2ac7a03a93d8118e0cba564eceb4381254d
272161,Hollywood Bulldogs: The Rise and Falls of the Great British Stuntman (2021),,2021,Documentary,tt12142914,,,,unmatched,2026-10-02T05:28:05Z,11e539e25cfd2edc140fb3daef430ef79ef3e6574e582595b465ce09b510c3b4
272173,Caught in His Web (2022),,2022,Drama|Thriller,tt15521518,,,,unmatched,2026-10-02T05:31:15Z,8e97cb553c34c6fc7de58bad30b9f56c9a56c240b87822a763717833eed00623
272201,Catherine Cohen: The Twist...? She's Gorgeous (2022),,2022,Comedy,tt18260544,,,,unmatched,2026-10-02T05:31:35Z,55e332340282a079f7ec31cdf06bee6d6e2de73efb631bd67bd9ba6be000295f
272233,Oscar Micheaux - The Superhero of Black Filmmaking (2021),,2021,Documentary,tt14983798,,,,unmatched,2026-10-02T05:31:00Z,52f332d34ec7e69e1b8a6c970ccf1877db72ed59da41f2fb653161d99ab4add5
272271,Chappelle's Home Team - Earthquake: Legendary (2022),,2022,Comedy,tt18278666,,,,unmatched,2026-10-02T05:31:37Z,d5e19daa47da7e205ce38adda11a0b6356b404cac66583a87a93ee435ecb0734
272349,Carmen Sandiego: To Steal or Not to Steal (2020),,2020,Animation,tt11767524,Q97356840,,,country_missing,2026-10-02T05:27:52Z,36246feddf237bea6772977dbe79de062da143f99b8b3bbd1c26d27cfa104201
272355,Win a Trip to Browntown! (2021),,2021,Comedy,tt11246284,,,,unmatched,2026-10-02T05:27:14Z,36399839ce18efd1da879e78899daf9733841799fd315985393e342d3934b68c
272413,Don't Let Her In (2021),,2021,Horror,tt14508380,,,,unmatched,2026-10-02T05:30:46Z,0c73a84dc5cf253a887e03996db24d9171258edc680beb5d7c340cfb12780117
272433,I Am Burt Reynolds (2020),,2020,Documentary,tt13721940,,,,unmatched,2026-10-02T05:30:16Z,b1b1817c8660697b26e80a5621546a00c4060195fa97f88d895d1df99a08d6ac
272451,The Greatest Inheritance (2022),,2022,Comedy|Drama,tt11353050,,,,unmatched,2026-10-02T05:27:17Z,3b250e9f26f0adb678b35c7491f1fe30a41d8b2a3ab5e523dc9b67d157bb8bb5
272599,Tieteen sokaisemat (2022),,2022,Documentary,tt17676656,,,,unmatched,2026-10-02T05:31:33Z,6e21b94c023724c9247d6ebb93d5e2ac7a03a93d8118e0cba564eceb4381254d
272617,The Black Spider (2022),,2022,Drama,tt12953604,,,,unmatched,2026-10-02T05:28:25Z,30280bbfa3df7b5339857b827f5f9bd1c1c0ecd3f4dd0cdd57312f765e907087
272647,Connor McDavid: Whatever it Takes (2020),,2020,Documentary,tt11644320,,,,unmatched,2026-10-02T05:27:47Z,a8236c0e6b8985af815c1d1bda172de550fdb96a5ba869d592348be2747f7270
272661,Madelines (2022),,2022,Comedy|Horror|Sci-Fi,tt16550638,,,,unmatched,2026-10-02T05:31:27Z,d13d1bad110eb02cdfd23e7c291f93ab1180ceab222c3718e89954a34047bf10
272673,Helter Skelter: An American Myth (2020),,2020,Crime|Documentary,tt12115298,,,,unmatched,2026-10-02T05:28:03Z,79444bce0b48f7ceca561c950387a53acf5f989026a2e3df3cc895cd31d330c5
272739,Every Last Secret (2022),,2022,Drama|Thriller,tt3412884,,,,unmatched,2026-10-02T05:32:49Z,b6582f1073d60302cc1986f190f272c359b2b20c02ca9afa632b0bc95110f2e0
272813,The Nameless Days (2022),,2022,Horror|Mystery|Thriller,tt11010074,,,,unmatched,2026-10-02T05:27:06Z,c646d5a823a996130ca5aee18094953a7cfd27a0c73f52c866b6a8d1d8ee59bb
272945,The Last Possession (2022),,2022,(no genres listed),tt4109756,,,,unmatched,2026-10-02T05:32:51Z,a69c82fe6dc658866d1241c253044ba8dfd1579d4c09583fd71c1aa73280da06
272993,Gabriel's Inferno Part III (2020),,2020,Comedy|Romance,tt13535456,,,,unmatched,2026-10-02T05:30:10Z,5741eeb682eb055b20badbace3d983d87001c5c1b48a790a5ed9757d21c4701d
273019,Wuthering Heights (2022),,2022,Drama,tt8907052,,,,unmatched,2026-10-02T05:33:34Z,ffae24f5c61c2e589b5f9ebe3d4b5a1f4b9b658661fa629034a6c6f2d518026a
273055,Ronny Chieng: Speakeasy (2022),,2022,Comedy,tt18830896,,,,unmatched,2026-10-02T05:31:39Z,26115d630e65599c5b4ed793fb3a02224d53449f500f5ac1e7740451911257eb
273103,Father of Flies (2021),,2021,Horror,tt6932148,,,,unmatched,2026-10-02T05:33:09Z,1e5f97a70bd788473de953003d22877cf92b95c4581befbec11976b51b4f63d8
273117,Alone (2020),,2020,Sci-Fi,tt12803038,,,,unmatched,2026-10-02T05:28:21Z,25dd3628e35eab3cd31715e9cd7b1f93bb1fb11789d6738d318de6a3d1a8d34d
273119,PLANT (2020),,2020,Sci-Fi,tt12275324,,,,unmatched,2026-10-02T05:28:06Z,e604dea7f15fc68e7ca97c4f49c339822ac8d6942b907b49e4679178b63d84b5
273141,Feeling Butterflies (2022),,2022,Comedy|Romance,tt18313970,,,,unmatched,2026-10-02T05:31:37Z,d5e19daa47da7e205ce38adda11a0b6356b404cac66583a87a93ee435ecb0734
273157,Sin Eater (2022),,2022,Horror|Mystery|Thriller,tt11667808,,,,unmatched,2026-10-02T05:27:49Z,15de515b89a9aef6bc176883bde63f4cf5e4c755511a47ae843b8f8f8ccb041f
273161,Cold Wind Blowing (2022),,2022,Horror,tt7278006,,,,unmatched,2026-10-02T05:33:12Z,a4776f47ff2e8a250f43056c08a582a51817740cf3e1b0b789c281642ae74da4
273207,Jessie and the Elf Boy (2022),,2022,Children|Comedy|Fantasy,tt14013304,,,,unmatched,2026-10-02T05:30:32Z,aaea0c2f1885dc2edd516bed9b2e0c6f464bdb5b45c766ee57949e79a09794bd
273231,Manifest Evil (2022),,2022,Horror,tt12034384,,,,unmatched,2026-10-02T05:28:01Z,37abd2947849dfc1bad5ec9d6b05847939d338b85852f00f4eeaa736eed9fa72
273317,Unknown Dimension: The Story of Paranormal Activity (2021),,2021,Documentary,tt11272066,,,,unmatched,2026-10-02T05:27:14Z,36399839ce18efd1da879e78899daf9733841799fd315985393e342d3934b68c
273393,Tethered (2022),,2022,Drama|Horror|Mystery|Thriller,tt14112080,,,,unmatched,2026-10-02T05:30:36Z,ffa46737d793ad01d27ebac44f2bafb6890958f793c89db29af96d8de6936798
273419,A Week with Rebecca (2020),,2020,Sci-Fi,tt13155080,,,,unmatched,2026-10-02T05:29:18Z,666cede00bc86dbe726ef31ffd82c507f0d0105405544f90bb344d2fd87a367c
273449,C600 (2020),,2020,Sci-Fi,tt12561258,,,,unmatched,2026-10-02T05:28:14Z,59e1c683b047ca20bf821fd5c2008e64290ae4df2de665436a2a9dafd10e71d2
273451,C600: Infiltration (2021),,2021,Sci-Fi,tt14503820,,,,unmatched,2026-10-02T05:30:46Z,0c73a84dc5cf253a887e03996db24d9171258edc680beb5d7c340cfb12780117
273453,C600: Step Back in Time (2021),,2021,Sci-Fi,tt16444982,,,,unmatched,2026-10-02T05:31:27Z,d13d1bad110eb02cdfd23e7c291f93ab1180ceab222c3718e89954a34047bf10
273455,Cosmo (2020),,2020,Sci-Fi|Western,tt11530186,,,,unmatched,2026-10-02T05:27:43Z,c15e85383259189558d760784a7090e52d81cacc7ef49b8561e330647f008467
273475,The Presence of Love (2022),,2022,Children|Romance,tt16368004,,,,unmatched,2026-10-02T05:31:26Z,aa08950e7332a17206a52843dfb4f21620a55f1eb7bff642a7d59dc0220eed14
273485,Identical Love (2021),,2021,Romance,tt13491628,,,,unmatched,2026-10-02T05:30:08Z,0248c9c2f2708e2c8f25c0c3e6a83ef66313502ea26596fceb11c3df702d4449
273489,Love in Aruba (2021),,2021,Romance,tt15214902,,,,unmatched,2026-10-02T05:31:08Z,a1179bc3ec280f218fb66f5b92063e001ea42b50739ffdb0d3c0fe5b5b7bfee2
273519,Jurassic Island (2022),,2022,Action|Sci-Fi,tt10270416,,,,unmatched,2026-10-02T05:26:38Z,98388e59f7129bd2b73d0df86462a131865604a9bd1dd056abd72ee8bf302442
273561,La broma (2021),,2021,Comedy|Thriller,tt14072404,,,,unmatched,2026-10-02T05:30:35Z,5b89c543a3784f01c09eee1157118ebdd81b0ad9de4125d8061df831da3d4b1b
273565,earthearthearth (2021),,2021,(no genres listed),tt14034520,,,,unmatched,2026-10-02T05:30:32Z,aaea0c2f1885dc2edd516bed9b2e0c6f464bdb5b45c766ee57949e79a09794bd
273567,Wander (2022),,2022,Drama|Sci-Fi,tt5686126,,,,unmatched,2026-10-02T05:32:59Z,4151fd5e58e550c7338d4a11cd83c034b2e4d1d9e2718a940b4dcb8cb559fe27
273569,Outside Noise (2021),,2021,Drama,tt11807866,,,,unmatched,2026-10-02T05:27:54Z,4e274bd6e566ed2b99ab7845c0c09603d0c2e3284d9c6be80056ffb7c1c7bce4
273571,Krai (2021),,2021,Documentary,tt15658130,,,,unmatched,2026-10-02T05:31:17Z,63da9f5effdfd1d74f31602e4e5c3a69fb550bc9469e48c7b175df81fd06b96e
273585,The Mulligan (2022),,2022,Drama,tt11563926,,,,unmatched,2026-10-02T05:27:43Z,c15e85383259189558d760784a7090e52d81cacc7ef49b8561e330647f008467
273591,Right in Front of Me (2021),,2021,Comedy|Romance,tt14039078,,,,unmatched,2026-10-02T05:30:32Z,aaea0c2f1885dc2edd516bed9b2e0c6f464bdb5b45c766ee57949e79a09794bd
273615,Deep Hatred (2022),,2022,Horror,tt9070824,,,,unmatched,2026-10-02T05:33:38Z,1a816c8bf268f2bfd9a20f8f2131f32b36146b00b21d5a7e287cb71aee5b7652
273629,Dilemma (2022),,2022,Drama|Romance,tt13334974,,,,unmatched,2026-10-02T05:30:02Z,5995c664c4e5252493569ade0c9badba5751d7a8eedb74ce78290d38015fc9ad
273631,The Yellow Wallpaper (2021),,2021,Horror,tt8372638,,,,unmatched,2026-10-02T05:33:25Z,3dcc65c2c6a9891bfaae0b2ae3b9fde6953e3d71d8c9c4b2874ddbd33ef748af
273657,"Snoopy Presents: It’s the Small Things, Charlie Brown (2022)",スヌーピー プレゼンツ:それは小さなことだけど,2022,Animation|Children,tt19316654,Q111941732,,,country_missing,2026-10-02T05:32:10Z,a0cf00632c4654ab8df0790bd2067a2299f8353ef6aeaf82a050f33ef4c48f30
273663,Finding Kendrick Johnson (2021),,2021,Documentary,tt15190622,,,,unmatched,2026-10-02T05:31:06Z,265262527e850b60a343487b1c28ea35767e331660efb4b9c00f98fd0546b511
273667,Quarantine For Two (2021),,2021,Comedy|Romance,tt14818550,,,,unmatched,2026-10-02T05:30:56Z,7aafc3dd33d6f73000c61cace5d6ceede555a4260464331311499d6ce40936e1
273671,The Other Side of Darkness (2022),,2022,Adventure,tt13156466,,,,unmatched,2026-10-02T05:29:18Z,666cede00bc86dbe726ef31ffd82c507f0d0105405544f90bb344d2fd87a367c
273687,Two Hours to Happiness (2022),,2022,Documentary,tt18072432,,,,unmatched,2026-10-02T05:31:35Z,55e332340282a079f7ec31cdf06bee6d6e2de73efb631bd67bd9ba6be000295f
273755,For Gunter’s Eyes Only (2022),,2022,Animation|Comedy,tt18362134,,,,unmatched,2026-10-02T05:31:37Z,d5e19daa47da7e205ce38adda11a0b6356b404cac66583a87a93ee435ecb0734
273757,The Loyola Project (2022),,2022,Documentary,tt17886914,,,,unmatched,2026-10-02T05:31:35Z,55e332340282a079f7ec31cdf06bee6d6e2de73efb631bd67bd9ba6be000295f
273761,Kampong Pisang Berbuah Dua Kali (2022),,2022,(no genres listed),tt18398250,,,,unmatched,2026-10-02T05:31:37Z,d5e19daa47da7e205ce38adda11a0b6356b404cac66583a87a93ee435ecb0734
273779,The Last Glaciers (2022),,2022,Documentary,tt16868192,,,,unmatched,2026-10-02T05:31:30Z,37fdcf9bb9e56f7d7302c81fc286093494c90b20543e6eb781f88ad199d88838
273811,Буран (2021),,2021,Drama,tt10232096,,,,unmatched,2026-10-02T05:26:38Z,98388e59f7129bd2b73d0df86462a131865604a9bd1dd056abd72ee8bf302442
273835,March 30th (2021),,2021,Drama,tt13694540,,,,unmatched,2026-10-02T05:30:16Z,b1b1817c8660697b26e80a5621546a00c4060195fa97f88d895d1df99a08d6ac
273859,Salesmen (2022),,2022,Comedy,tt13617378,,,,unmatched,2026-10-02T05:30:12Z,6c065b6adc8ad66dcb06c6f6aeea650822d40ab4b0606883a6ccd45824bf0756
273871,Searching for Cannibal Holocaust (2021),,2021,Documentary|Horror,tt15130450,,,,unmatched,2026-10-02T05:31:04Z,1b980ad4f0fa56cbef4dc13049e8322ecb7a009532376748d25eed5ecbe19c2d
273885,The Absent Director (2021),,2021,Drama,tt15482570,,,,unmatched,2026-10-02T05:31:13Z,5eb9304f0fab07546a3b9397b13c29de18cbcc1c87ba3e6fd85761bbcd0dfd94
274035,Attenborough and the Mammoth Graveyard (2021),,2021,Documentary,tt16764838,,,,unmatched,2026-10-02T05:31:30Z,37fdcf9bb9e56f7d7302c81fc286093494c90b20543e6eb781f88ad199d88838
274047,The Sound of Violet (2022),,2022,Comedy|Drama|Romance,tt2634732,,,,unmatched,2026-10-02T05:32:39Z,ae5869102c00edc497e9d52dd878960f1bdd05a42f98e9b0358c8b731ac2e4e1
274059,Attenborough's Wonder of Song (2022),,2022,Documentary,tt16921402,,,,unmatched,2026-10-02T05:31:30Z,37fdcf9bb9e56f7d7302c81fc286093494c90b20543e6eb781f88ad199d88838
274063,Crushed (2022),,2022,Comedy|Romance,tt18345190,,,,unmatched,2026-10-02T05:31:37Z,d5e19daa47da7e205ce38adda11a0b6356b404cac66583a87a93ee435ecb0734
274089,Wedding Cake Dreams (2021),,2021,Comedy|Romance,tt13526660,,,,unmatched,2026-10-02T05:30:10Z,5741eeb682eb055b20badbace3d983d87001c5c1b48a790a5ed9757d21c4701d
274135,The Haunting of Pendle Hill (2022),,2022,Horror,tt11995784,,,,unmatched,2026-10-02T05:28:01Z,37abd2947849dfc1bad5ec9d6b05847939d338b85852f00f4eeaa736eed9fa72
274229,Tony Halik (2020),,2020,Documentary,tt10377168,,,,unmatched,2026-10-02T05:26:45Z,48b37011911d89b063fe966e90953b3c2e02003899ff9ddd98fb5318813c5bbe
274241,Skandal. Ewenement Molesty (2020),,2020,(no genres listed),tt13201236,,,,unmatched,2026-10-02T05:29:20Z,31a0cb6509824becae00bf265094c70d59c0b5589aeb1b7e5e914655ec329aef
274287,Bear Witness (2022),,2022,Documentary,tt19397580,,,,unmatched,2026-10-02T05:32:10Z,a0cf00632c4654ab8df0790bd2067a2299f8353ef6aeaf82a050f33ef4c48f30
274311,Prototype (2022),,2022,Sci-Fi|Thriller,tt13156334,,,,unmatched,2026-10-02T05:29:18Z,666cede00bc86dbe726ef31ffd82c507f0d0105405544f90bb344d2fd87a367c
274369,Mako (2021),,2021,Adventure|Drama|Thriller,tt11493006,,,,unmatched,2026-10-02T05:27:41Z,a8f7d11754e0bc083aadf57c6ceada40e22345891dec61fdd2e0ab9507354734
274395,David Beckham: Infamous (2022),,2022,Documentary,tt19121576,,,,unmatched,2026-10-02T05:31:39Z,26115d630e65599c5b4ed793fb3a02224d53449f500f5ac1e7740451911257eb
274409,Gabriel's Rapture: Part II (2022),,2022,Romance,tt19121744,,,,unmatched,2026-10-02T05:31:39Z,26115d630e65599c5b4ed793fb3a02224d53449f500f5ac1e7740451911257eb
274429,On the Other Foot (2021),,2021,Comedy|Fantasy,tt13342558,,,,unmatched,2026-10-02T05:30:02Z,5995c664c4e5252493569ade0c9badba5751d7a8eedb74ce78290d38015fc9ad
274473,Never Better (2022),,2022,Comedy|Drama,tt13647256,,,,unmatched,2026-10-02T05:30:14Z,ab5a77e410ab51011e70e88731eb8ac75ebb115999c231f071aafd33c082e452
274485,Reed's Point (2022),,2022,Horror,tt14342906,,,,unmatched,2026-10-02T05:30:42Z,bad62b820338742a949ccde1dc55a6ce09b1aeca628f1f7355bf192b157c48c7
274489,Seal of Desire (2022),,2022,Romance|Thriller,tt10369964,,,,unmatched,2026-10-02T05:26:45Z,48b37011911d89b063fe966e90953b3c2e02003899ff9ddd98fb5318813c5bbe
274495,WWE Royal Rumble 2022 (2022),,2022,Action|Drama,tt15541468,Q108919637,,,country_missing,2026-10-02T05:31:17Z,63da9f5effdfd1d74f31602e4e5c3a69fb550bc9469e48c7b175df81fd06b96e
274507,A Royal Runaway Romance (2022),,2022,Comedy|Romance,tt18554942,,,,unmatched,2026-10-02T05:31:39Z,26115d630e65599c5b4ed793fb3a02224d53449f500f5ac1e7740451911257eb
274519,Blast (2021),,2021,Drama|Thriller,tt11906086,,,,unmatched,2026-10-02T05:27:57Z,08245447db9f5a5dd73f979b78ed0b0b18999be17b06b992117886893b449487
274635,Suicide for Beginners (2022),,2022,Comedy|Horror,tt2505304,,,,unmatched,2026-10-02T05:32:37Z,4a8eb40aa3ef18a1818589912057a18184cc3d6496687c069802d79e87727154
274651,Meltdown: Three Mile Island (2022),,2022,Documentary,tt19757508,,,,unmatched,2026-10-02T05:32:12Z,314a3bcd20516247e06b61fb243c8fd188573eb88bb2a816618bdc8839e7d871
274765,Gerry Anderson: A Life Uncharted (2022),,2022,Documentary,tt15654874,,,,unmatched,2026-10-02T05:31:17Z,63da9f5effdfd1d74f31602e4e5c3a69fb550bc9469e48c7b175df81fd06b96e
274767,Searchers (2021),,2021,Documentary,tt12311460,,,,unmatched,2026-10-02T05:28:08Z,263cba6f5ea26c4ff9f92f33a23b18cb9f4cbcb1dc4090295a6f74c47776071f
274789,"Crazy, Rich and Deadly (2020)",,2020,Crime|Drama|Thriller,tt12927636,,,,unmatched,2026-10-02T05:28:25Z,30280bbfa3df7b5339857b827f5f9bd1c1c0ecd3f4dd0cdd57312f765e907087
274827,We Need to Talk (2022),,2022,Comedy|Drama,tt10126368,,,,unmatched,2026-10-02T05:26:34Z,656ced9738d28e3817f807f3b3ce4b9cc8464e0d49f5aad4e40adc2f869b03be
274843,Sheryl (2022),,2022,Documentary,tt17678010,,,,unmatched,2026-10-02T05:31:35Z,55e332340282a079f7ec31cdf06bee6d6e2de73efb631bd67bd9ba6be000295f
274859,Master Moley By Royal Invitation (2020),,2020,Animation,tt9395616,,,,unmatched,2026-10-02T05:33:43Z,8d75a5ca073768427707ad9108da09fb04dae4c3220a95a63f9a8c6515ca6454
274969,Ghost in the Shell: SAC_2045 Sustainable War (2021),,2021,Action|Animation|Sci-Fi,tt15392166,,,,unmatched,2026-10-02T05:31:11Z,d455354212cb503b40b03a2ddd0d5a1796ab90d56cda7eedd1650306c4f2b570
275013,All About Gila (2022),,2022,Comedy,tt19072490,,,,unmatched,2026-10-02T05:31:39Z,26115d630e65599c5b4ed793fb3a02224d53449f500f5ac1e7740451911257eb
275047,The Biggest Little Farm: The Return (2022),,2022,Documentary,tt17048514,,,,unmatched,2026-10-02T05:31:32Z,0bea6e67327f86b63ceed4a78d22c1f874d1518cae1998c46e98095ae9f5ac23
275093,Cypress Hill: Insane in the Brain (2022),,2022,Documentary,tt18311186,,,,unmatched,2026-10-02T05:31:37Z,d5e19daa47da7e205ce38adda11a0b6356b404cac66583a87a93ee435ecb0734
275129,Papier-mache (2020),,2020,Drama,tt14117920,,,,unmatched,2026-10-02T05:30:36Z,ffa46737d793ad01d27ebac44f2bafb6890958f793c89db29af96d8de6936798
275131,Karen Dalton: In My Own Time (2021),,2021,Documentary,tt13329626,,,,unmatched,2026-10-02T05:30:02Z,5995c664c4e5252493569ade0c9badba5751d7a8eedb74ce78290d38015fc9ad
275149,Teardrop (2022),,2022,Horror|Mystery|Western,tt16463932,,,,unmatched,2026-10-02T05:31:27Z,d13d1bad110eb02cdfd23e7c291f93ab1180ceab222c3718e89954a34047bf10
275189,Facing Nolan (2022),,2022,Documentary,tt17511190,,,,unmatched,2026-10-02T05:31:33Z,6e21b94c023724c9247d6ebb93d5e2ac7a03a93d8118e0cba564eceb4381254d
275209,David Spade: Nothing Personal (2022),,2022,Comedy,tt18955474,,,,unmatched,2026-10-02T05:31:39Z,26115d630e65599c5b4ed793fb3a02224d53449f500f5ac1e7740451911257eb
275215,A Tail of Love (2022),,2022,Comedy|Romance,tt14058850,,,,unmatched,2026-10-02T05:30:35Z,5b89c543a3784f01c09eee1157118ebdd81b0ad9de4125d8061df831da3d4b1b
275225,Dead by Midnight (Y2Kill) (2022),,2022,Horror,tt10639624,,,,unmatched,2026-10-02T05:26:55Z,3a950305fc0d41589e532c30cd7a5f7bbba3a5e9133df80c92c70027dffa2d6b
275265,Last Seen Alive (2022),,2022,Action|Thriller,tt15004136,,,,unmatched,2026-10-02T05:31:00Z,52f332d34ec7e69e1b8a6c970ccf1877db72ed59da41f2fb653161d99ab4add5
275303,Monkey Enters Lanka (2022),,2022,(no genres listed),tt13441234,,,,unmatched,2026-10-02T05:30:06Z,f0b950f1745458c5581fe75f2e06da0a5109e544853c927490b23b7e4cc6d96b
275313,Urban Myths (2020),,2020,Thriller,tt3316122,,,,unmatched,2026-10-02T05:32:47Z,a0384fcc80646bd19d44f452f6cab05bad58f55922309b9f5985d937b1f02eea
275317,Aboli's Journey (2021),,2021,Documentary,tt15495380,,,,unmatched,2026-10-02T05:31:15Z,8e97cb553c34c6fc7de58bad30b9f56c9a56c240b87822a763717833eed00623
275345,The Devil's Children (2021),,2021,Horror,tt15541244,,,,unmatched,2026-10-02T05:31:17Z,63da9f5effdfd1d74f31602e4e5c3a69fb550bc9469e48c7b175df81fd06b96e
275369,DC Showcase: Blue Beetle (2021),,2021,Action|Adventure|Animation|Sci-Fi,tt15129756,,,,unmatched,2026-10-02T05:31:04Z,1b980ad4f0fa56cbef4dc13049e8322ecb7a009532376748d25eed5ecbe19c2d
275373,DC Showcase: The Losers (2021),,2021,Action|Adventure|Animation|Sci-Fi,tt14948338,,,,unmatched,2026-10-02T05:31:00Z,52f332d34ec7e69e1b8a6c970ccf1877db72ed59da41f2fb653161d99ab4add5
275393,A Thousand Little Cuts (2022),,2022,Thriller,tt11244558,,,,unmatched,2026-10-02T05:27:14Z,36399839ce18efd1da879e78899daf9733841799fd315985393e342d3934b68c
275401,Breath (2021),,2021,Drama|Thriller,tt8347960,,,,unmatched,2026-10-02T05:33:25Z,3dcc65c2c6a9891bfaae0b2ae3b9fde6953e3d71d8c9c4b2874ddbd33ef748af
275425,Los Hermanos/The Brothers (2020),,2020,Documentary,tt13374836,,,,unmatched,2026-10-02T05:30:04Z,61377a62aedcc18b3d8935cc9910d6c752b163d417f895f8580e84e0c3249c5f
275443,Last Radio Call (2022),,2022,Horror|Mystery,tt14569490,,,,unmatched,2026-10-02T05:30:48Z,43b86bac97eb36bc7e398639f12f1d550080ef5e7ad0c31dc76be2bbd8eb39a4
275451,Deadware (2022),,2022,Horror,tt15225976,,,,unmatched,2026-10-02T05:31:08Z,a1179bc3ec280f218fb66f5b92063e001ea42b50739ffdb0d3c0fe5b5b7bfee2
275529,Peter Cushing: In His Own Words (2020),,2020,Documentary,tt10954148,,,,unmatched,2026-10-02T05:27:04Z,6bf8bbc4cdcbf2378683a76547ea7f87b48fb11ba6803fa98827de7b1853d87a
275541,Seitokai Yakuindomo the Movie 2 (2021),,2021,Animation|Comedy,tt12439230,,,,unmatched,2026-10-02T05:28:10Z,d82b2042d25de54ec50448df498ce73e86406d6bf74c2887b71b1856bdd3f36e
275589,Bigorexia (2020),,2020,Documentary,tt13192704,,,,unmatched,2026-10-02T05:29:18Z,666cede00bc86dbe726ef31ffd82c507f0d0105405544f90bb344d2fd87a367c
275603,"Snoopy Presents: To Mom (and Dad), With Love (2022)",スヌーピー プレゼンツ:ママ大好き,2022,Animation,tt19866966,Q113023233,,,country_missing,2026-10-02T05:32:14Z,4e7cd367f4e3254387e9c6762281a4985426bba72dde01d167c2e6b505221f9d
275623,Christina P: Mom Genes (2022),,2022,Comedy|Documentary,tt19724012,,,,unmatched,2026-10-02T05:32:10Z,a0cf00632c4654ab8df0790bd2067a2299f8353ef6aeaf82a050f33ef4c48f30
275637,My Dead Dad (2021),,2021,Comedy|Drama,tt10773194,,,,unmatched,2026-10-02T05:26:58Z,be36a9a8fd48cdbb5f4129bdee4f66542e1c60a09f313d3f9b67e57b76bd26b3
275689,The Overnight (2022),,2022,Horror,tt7042798,,,,unmatched,2026-10-02T05:33:09Z,1e5f97a70bd788473de953003d22877cf92b95c4581befbec11976b51b4f63d8
275781,Paulie Go! (2022),,2022,Comedy,tt14555908,,,,unmatched,2026-10-02T05:30:48Z,43b86bac97eb36bc7e398639f12f1d550080ef5e7ad0c31dc76be2bbd8eb39a4
275807,Remember Me (2022),,2022,Horror|Mystery|Thriller,tt7990108,,,,unmatched,2026-10-02T05:33:19Z,94c443b20b34ac610786ccf0c5df8d23935a2482c2c95d02a22df12678703b2e
275869,First Person Shooter (2022),,2022,Thriller,tt15094568,,,,unmatched,2026-10-02T05:31:04Z,1b980ad4f0fa56cbef4dc13049e8322ecb7a009532376748d25eed5ecbe19c2d
275873,Our Eternal Summer (2022),,2022,Drama,tt15078122,,,,unmatched,2026-10-02T05:31:02Z,6b4c3b423db1c6dae93ceafcb10a5498aca137319a209560bed8dd0238c0bd82
275901,Await the Dawn (2020),,2020,Horror,tt9551424,,,,unmatched,2026-10-02T05:33:47Z,4fcad9c664cf0854fd0130a1c1950e3c9ceaee2a56caaaef0aaf50c7e4863dce
275903,Babysitter Must Die (2021),,2021,Comedy|Horror,tt11505682,,,,unmatched,2026-10-02T05:27:41Z,a8f7d11754e0bc083aadf57c6ceada40e22345891dec61fdd2e0ab9507354734
275947,Theaters of War (2022),,2022,Documentary,tt11841496,,,,unmatched,2026-10-02T05:27:54Z,4e274bd6e566ed2b99ab7845c0c09603d0c2e3284d9c6be80056ffb7c1c7bce4
275979,We Choose To Go (2020),,2020,Drama|Sci-Fi,tt10963248,,,,unmatched,2026-10-02T05:27:04Z,6bf8bbc4cdcbf2378683a76547ea7f87b48fb11ba6803fa98827de7b1853d87a
275995,Katt Williams: World War III (2022),,2022,Comedy,tt19995810,,,,unmatched,2026-10-02T05:32:14Z,4e7cd367f4e3254387e9c6762281a4985426bba72dde01d167c2e6b505221f9d
275999,Diamond Hands: The Legend of WallStreetBets (2022),,2022,Documentary,tt17662108,,,,unmatched,2026-10-02T05:31:33Z,6e21b94c023724c9247d6ebb93d5e2ac7a03a93d8118e0cba564eceb4381254d
276007,Curious Caterer: Dying for Chocolate (2022),,2022,Mystery,tt16968790,,,,unmatched,2026-10-02T05:31:30Z,37fdcf9bb9e56f7d7302c81fc286093494c90b20543e6eb781f88ad199d88838
276009,Collision (2022),,2022,Crime|Thriller,tt10809742,,,,unmatched,2026-10-02T05:27:00Z,25a01f747c403d02885c05f15ad78fb57a9f0a258f2e5d7ae85ababa48eeaddf
276019,Zomblogalypse (2022),,2022,Comedy|Horror,tt2949508,,,,unmatched,2026-10-02T05:32:47Z,a0384fcc80646bd19d44f452f6cab05bad58f55922309b9f5985d937b1f02eea
276025,Football Inside (2021),,2021,Documentary,tt14597238,,,,unmatched,2026-10-02T05:30:50Z,cf709f23c4a348c1051419441fdc09901409c1a8215063ff9f9de9aeff40d238
276045,Exhibit (2021),,2021,Adventure|Children,tt14381030,,,,unmatched,2026-10-02T05:30:44Z,1487075e20cbf29a27dc1ac89b22f95301e6d5b75731f28fb9982d60c5bb8cd6
276053,Yellow Oleander (2021),,2021,Comedy|Drama|Thriller,tt11687154,,,,unmatched,2026-10-02T05:27:49Z,15de515b89a9aef6bc176883bde63f4cf5e4c755511a47ae843b8f8f8ccb041f
276083,A Tear in the Sky (2022),,2022,Documentary,tt15120486,,,,unmatched,2026-10-02T05:31:04Z,1b980ad4f0fa56cbef4dc13049e8322ecb7a009532376748d25eed5ecbe19c2d
276125,Gladbeck: The Hostage Crisis (2022),,2022,Documentary,tt20420316,,,,unmatched,2026-10-02T05:32:16Z,ecc5c5a44c4f41e4d7d44fe8715ca05bf71cf0c46678d95edc270c2ea8f62d06
276131,Here Kills the Bride (2022),,2022,Thriller,tt14543404,,,,unmatched,2026-10-02T05:30:48Z,43b86bac97eb36bc7e398639f12f1d550080ef5e7ad0c31dc76be2bbd8eb39a4
276167,Gone Mom: The Disappearance of Jennifer Dulos (2021),,2021,Crime|Thriller,tt14490832,,,,unmatched,2026-10-02T05:30:46Z,0c73a84dc5cf253a887e03996db24d9171258edc680beb5d7c340cfb12780117
276215,Diamond in the Rough (2022),,2022,Comedy|Romance,tt16152556,,,,unmatched,2026-10-02T05:31:24Z,4e4085811d1a45a39b8be7d4014db13597155a2cb21be3b9039159bbb67a139e
276217,Ip Man: The Awakening (2022),,2022,Action|Adventure|Drama,tt21028848,,,,unmatched,2026-10-02T05:32:18Z,8fd7200d74d856c52d6b1e696e61b9bc98cb120827b8b9de4dccb1dd3d95e25b
276277,Exploited (2022),,2022,Documentary,tt20781744,,,,unmatched,2026-10-02T05:32:16Z,ecc5c5a44c4f41e4d7d44fe8715ca05bf71cf0c46678d95edc270c2ea8f62d06
276279,Where the Scary Things Are (2022),,2022,Horror,tt12684068,,,,unmatched,2026-10-02T05:28:16Z,a9a7cbd00545c874a15c40ff85ae3363bcdb92ca0c69ae2b7686835a54bfb223
276291,Bicentenario (2020),,2020,Documentary,tt13098364,,,,unmatched,2026-10-02T05:29:16Z,31963caaca5afa65978012f1c57b1f4cc727c44413fa07639eee178d1b60a84e
276293,Terror Trips (2022),,2022,Horror|Thriller,tt10384456,,,,unmatched,2026-10-02T05:26:45Z,48b37011911d89b063fe966e90953b3c2e02003899ff9ddd98fb5318813c5bbe
276319,Back to Lyla (2022),,2022,(no genres listed),tt9342356,,,,unmatched,2026-10-02T05:33:43Z,8d75a5ca073768427707ad9108da09fb04dae4c3220a95a63f9a8c6515ca6454
276371,Ignore It (2021),,2021,Horror,tt11085736,,,,unmatched,2026-10-02T05:27:08Z,127d606e775dce36dc1f55a3f8b276c41f3cae74a383e6a04c806cd8f248e627
276425,Rip in Time (2022),,2022,Drama|Fantasy|Romance,tt19800814,,,,unmatched,2026-10-02T05:32:12Z,314a3bcd20516247e06b61fb243c8fd188573eb88bb2a816618bdc8839e7d871
276435,Why Am I Doing This? (A Film About Touring) (2021),,2021,Documentary,tt14759510,,,,unmatched,2026-10-02T05:30:54Z,11f9ad3247b60ace28f4ebe3d2df64fd8c31dd425369ec66e0aa0b7389e99abf
276443,Shark (2022),,2022,Documentary,tt18309190,,,,unmatched,2026-10-02T05:31:37Z,d5e19daa47da7e205ce38adda11a0b6356b404cac66583a87a93ee435ecb0734
276447,American Werewolves (2022),,2022,(no genres listed),tt21188978,,,,unmatched,2026-10-02T05:32:20Z,0450d72c11db6e08413da5ebbe95ace8283b0b91abb0348504cbcea1b576ce34
276449,The Summoned (2022),,2022,Horror|Thriller,tt12998016,,,,unmatched,2026-10-02T05:28:27Z,6737767853427b644d3c347b89fee8b357a567896acdee568249ae856781d507
276529,Fair Play (2022),,2022,Documentary,tt15857800,,,,unmatched,2026-10-02T05:31:22Z,16b6caf7dab831cfb1aaa50b3237c86875c0654a9e23db63c92f7170a9158e90
276531,Take the Night (2022),,2022,Crime|Thriller,tt10680838,,,,unmatched,2026-10-02T05:26:55Z,3a950305fc0d41589e532c30cd7a5f7bbba3a5e9133df80c92c70027dffa2d6b
276587,L'assassin de ma fille (2022),,2022,Documentary,tt21049266,,,,unmatched,2026-10-02T05:32:18Z,8fd7200d74d856c52d6b1e696e61b9bc98cb120827b8b9de4dccb1dd3d95e25b
276651,Welcome to the Family (2022),,2022,Comedy|Crime|Romance,tt19412164,,,,unmatched,2026-10-02T05:32:10Z,a0cf00632c4654ab8df0790bd2067a2299f8353ef6aeaf82a050f33ef4c48f30
276663,Dave Chappelle: What's in a Name? (2022),,2022,Comedy,tt21242930,,,,unmatched,2026-10-02T05:32:20Z,0450d72c11db6e08413da5ebbe95ace8283b0b91abb0348504cbcea1b576ce34
276669,Jupiter (2022),,2022,Comedy|Drama,tt14488200,,,,unmatched,2026-10-02T05:30:46Z,0c73a84dc5cf253a887e03996db24d9171258edc680beb5d7c340cfb12780117
276687,Bill Burr: Live at Red Rocks (2022),,2022,Comedy,tt21106500,,,,unmatched,2026-10-02T05:32:18Z,8fd7200d74d856c52d6b1e696e61b9bc98cb120827b8b9de4dccb1dd3d95e25b
276805,Choosing Death: The Legacy of Roe (2022),,2022,Documentary,tt20230982,,,,unmatched,2026-10-02T05:32:14Z,4e7cd367f4e3254387e9c6762281a4985426bba72dde01d167c2e6b505221f9d
276809,Fish in a Barrel (2020),,2020,Documentary,tt12768168,Q130617210,,,country_missing,2026-10-02T05:28:19Z,218012112723c4c561103120856f249ea0a344797f17512f3710cdcd512eeaa5
276817,Nothing Else (2021),,2021,Fantasy|Sci-Fi|Thriller,tt12435010,,,,unmatched,2026-10-02T05:28:10Z,d82b2042d25de54ec50448df498ce73e86406d6bf74c2887b71b1856bdd3f36e
276833,Ghosting Gloria (2021),,2021,Comedy,tt13508962,,,,unmatched,2026-10-02T05:30:08Z,0248c9c2f2708e2c8f25c0c3e6a83ef66313502ea26596fceb11c3df702d4449
276887,Namoo (2021),,2021,Animation,tt13836450,Q125975864,,,country_missing,2026-10-02T05:30:18Z,1cffa4ff45e3ac3222b912537a05dbf96f44d4ebcb0cb99eabfde3ec3350e06a
276889,Nikki Glaser: Good Clean Filth (2022),,2022,Comedy,tt16160708,,,,unmatched,2026-10-02T05:31:24Z,4e4085811d1a45a39b8be7d4014db13597155a2cb21be3b9039159bbb67a139e
276895,Wayward (2022),,2022,Drama|Horror|Thriller,tt14921402,,,,unmatched,2026-10-02T05:30:58Z,108a281317918bba1d4a5d2b75b6f9616cfcbfa7dc5b6f78be51fe249b69ae7b
276913,Marcus (2022),,2022,Drama,tt10560062,,,,unmatched,2026-10-02T05:26:53Z,c214a6ae33c2588faea1cb69d7521e56b47c81e7ad693a75ab4268afa75dd19f
276917,Fiddler's Journey to the Big Screen (2022),,2022,Documentary,tt13660266,,,,unmatched,2026-10-02T05:30:14Z,ab5a77e410ab51011e70e88731eb8ac75ebb115999c231f071aafd33c082e452
276933,Herb Alpert Is... (2020),,2020,Documentary,tt12414374,,,,unmatched,2026-10-02T05:28:10Z,d82b2042d25de54ec50448df498ce73e86406d6bf74c2887b71b1856bdd3f36e
276943,Shania Twain: Not Just a Girl (2022),,2022,Documentary,tt21332486,,,,unmatched,2026-10-02T05:32:21Z,1f5031855790c661c68c3234563f5773c167c340c24be3b0c34a72653e94ec81
277013,Eric Clapton: Standing at the Crossroads (2021),,2021,Documentary,tt14814326,,,,unmatched,2026-10-02T05:30:56Z,7aafc3dd33d6f73000c61cace5d6ceede555a4260464331311499d6ce40936e1
277017,Accepted (2022),,2022,Documentary,tt14623056,,,,unmatched,2026-10-02T05:30:50Z,cf709f23c4a348c1051419441fdc09901409c1a8215063ff9f9de9aeff40d238
277024,The Actress (2021),,2021,Drama,tt20918550,,,,unmatched,2026-10-02T05:32:18Z,8fd7200d74d856c52d6b1e696e61b9bc98cb120827b8b9de4dccb1dd3d95e25b
277036,Forbidden Knowledge: Legends of Atlantis Exposed (2022),,2022,Documentary,tt19859680,,,,unmatched,2026-10-02T05:32:14Z,4e7cd367f4e3254387e9c6762281a4985426bba72dde01d167c2e6b505221f9d
277152,Bill Burr Presents: Friends Who Kill (2022),,2022,Comedy,tt20723672,,,,unmatched,2026-10-02T05:32:16Z,ecc5c5a44c4f41e4d7d44fe8715ca05bf71cf0c46678d95edc270c2ea8f62d06
277156,The Art of Love (2021),,2021,Comedy,tt11418284,,,,unmatched,2026-10-02T05:27:39Z,08a8d2dd3fb772690e72388559bcdf4bb3e23e43be9a6657d270252f1eaa9302
277158,Alex's War (2022),,2022,Documentary,tt15637862,,,,unmatched,2026-10-02T05:31:17Z,63da9f5effdfd1d74f31602e4e5c3a69fb550bc9469e48c7b175df81fd06b96e
277166,Bloody Summer Camp (2021),,2021,Horror,tt10959454,,,,unmatched,2026-10-02T05:27:04Z,6bf8bbc4cdcbf2378683a76547ea7f87b48fb11ba6803fa98827de7b1853d87a
277170,El Camino (2020),,2020,Sci-Fi,tt10004456,,,,unmatched,2026-10-02T05:26:32Z,d7e565545bd4dc9780f8f935845acccb6658273617895df66f221fcf02041a72
277256,Into the Deep (2022),,2022,Thriller,tt11005128,,,,unmatched,2026-10-02T05:27:04Z,6bf8bbc4cdcbf2378683a76547ea7f87b48fb11ba6803fa98827de7b1853d87a
277266,Andrew Schulz: Infamous (2022),,2022,Comedy,tt15445790,,,,unmatched,2026-10-02T05:31:13Z,5eb9304f0fab07546a3b9397b13c29de18cbcc1c87ba3e6fd85761bbcd0dfd94
277304,The Mayberry Effect (2021),,2021,Documentary,tt14812864,,,,unmatched,2026-10-02T05:30:56Z,7aafc3dd33d6f73000c61cace5d6ceede555a4260464331311499d6ce40936e1
277326,Trevor: The Musical (2022),,2022,Drama,tt19867058,Q122859931,,,country_missing,2026-10-02T05:32:14Z,4e7cd367f4e3254387e9c6762281a4985426bba72dde01d167c2e6b505221f9d
277334,The Fall of Usher (2022),,2022,Horror,tt15206662,,,,unmatched,2026-10-02T05:31:06Z,265262527e850b60a343487b1c28ea35767e331660efb4b9c00f98fd0546b511
277336,Cave Rescue (2022),,2022,Drama,tt15694358,,,,unmatched,2026-10-02T05:31:19Z,0e4b802b43571d5065457f956d0b5935ceb0dd6d7ee346415bf2b59d5a0ec3f6
277402,Wandering (2021),,2021,Drama,tt18553632,,,,unmatched,2026-10-02T05:31:39Z,26115d630e65599c5b4ed793fb3a02224d53449f500f5ac1e7740451911257eb
277406,Maraschino Ruby (2022),,2022,Action|Animation|Comedy,tt20878700,,,,unmatched,2026-10-02T05:32:18Z,8fd7200d74d856c52d6b1e696e61b9bc98cb120827b8b9de4dccb1dd3d95e25b
277546,Deadlocked (2020),,2020,Horror|Thriller,tt5258550,,,,unmatched,2026-10-02T05:32:55Z,9c8487159e5dd4c42186272879c0aa92d2a6b7c87032a31061d9fd751e21c495
277554,Bank Robbers: The Last Great Heist (2022),,2022,Documentary,tt21281774,,,,unmatched,2026-10-02T05:32:21Z,1f5031855790c661c68c3234563f5773c167c340c24be3b0c34a72653e94ec81
277568,Adeline (2022),,2022,(no genres listed),tt13260630,,,,unmatched,2026-10-02T05:29:22Z,0c2354828e96968037e9d061e2e0cc48f43890bb09fa6f8178c30631351f9e71
277580,Controlling Britney Spears (2021),,2021,Documentary,tt12673726,,,,unmatched,2026-10-02T05:28:16Z,a9a7cbd00545c874a15c40ff85ae3363bcdb92ca0c69ae2b7686835a54bfb223
277590,Freddy (2021),,2021,Drama|Horror|Thriller,tt14072630,,,,unmatched,2026-10-02T05:30:35Z,5b89c543a3784f01c09eee1157118ebdd81b0ad9de4125d8061df831da3d4b1b
277592,El asfalto (2021),,2021,Drama|Fantasy|Thriller,tt14072642,,,,unmatched,2026-10-02T05:30:35Z,5b89c543a3784f01c09eee1157118ebdd81b0ad9de4125d8061df831da3d4b1b
277594,El doble (2021),,2021,Drama|Sci-Fi|Thriller,tt14072620,,,,unmatched,2026-10-02T05:30:35Z,5b89c543a3784f01c09eee1157118ebdd81b0ad9de4125d8061df831da3d4b1b
277672,Erzulie (2022),,2022,Adventure|Fantasy|Horror,tt14069192,,,,unmatched,2026-10-02T05:30:35Z,5b89c543a3784f01c09eee1157118ebdd81b0ad9de4125d8061df831da3d4b1b
277692,Infrared (2022),,2022,Horror,tt14584216,Q139496301,,,country_missing,2026-10-02T05:30:50Z,cf709f23c4a348c1051419441fdc09901409c1a8215063ff9f9de9aeff40d238
277696,Love You Anyway (2022),,2022,Drama,tt13456316,,,,unmatched,2026-10-02T05:30:06Z,f0b950f1745458c5581fe75f2e06da0a5109e544853c927490b23b7e4cc6d96b
277716,Office Invasion (2022),,2022,Action|Comedy|Sci-Fi,tt21440188,,,,unmatched,2026-10-02T05:32:23Z,96adf69573712f51075a0f3e8873e99f3181e8556f7f229606cb82863c6c7ea2
277770,No Way Out (2022),,2022,Crime|Thriller,tt9893160,,,,unmatched,2026-10-02T05:33:55Z,1fd7dac2c76356ce4197d92e642ec08dfb1fece05708f9d97f9ef30f7849409c
277798,Frank & Zed (2020),,2020,Animation|Horror,tt7374030,,,,unmatched,2026-10-02T05:33:12Z,a4776f47ff2e8a250f43056c08a582a51817740cf3e1b0b789c281642ae74da4
277832,Our Time (2022),,2022,Children|Drama|Fantasy,tt11911818,,,,unmatched,2026-10-02T05:27:57Z,08245447db9f5a5dd73f979b78ed0b0b18999be17b06b992117886893b449487
277834,South Park: The 25th Anniversary Concert (2022),,2022,Animation|Comedy,tt21394322,Q119625962,,,country_missing,2026-10-02T05:32:23Z,96adf69573712f51075a0f3e8873e99f3181e8556f7f229606cb82863c6c7ea2
277868,The Stranger in Our Bed (2022),,2022,Mystery|Thriller,tt13661368,,,,unmatched,2026-10-02T05:30:14Z,ab5a77e410ab51011e70e88731eb8ac75ebb115999c231f071aafd33c082e452
277894,Hunting Ava Bravo (2022),,2022,Action|Horror|Thriller,tt13872380,,,,unmatched,2026-10-02T05:30:20Z,12d6233b944dd62e0ec8224958f2aba252e9032f1516503f02971edb01845265
277910,Constantine: The House of Mystery (2022),,2022,Action|Adventure|Animation,tt18305072,,,,unmatched,2026-10-02T05:31:37Z,d5e19daa47da7e205ce38adda11a0b6356b404cac66583a87a93ee435ecb0734
277926,Outpost (2020),,2020,Sci-Fi,tt3748390,,,,unmatched,2026-10-02T05:32:49Z,b6582f1073d60302cc1986f190f272c359b2b20c02ca9afa632b0bc95110f2e0
277944,Sally Ride (2021),,2021,Drama|Sci-Fi,tt10692418,,,,unmatched,2026-10-02T05:26:56Z,27762538674d29f4da22543f9476cb8f360b8416958807123e91c13a1dd7c42f
277946,Container (2020),,2020,Sci-Fi|Thriller,tt13062604,,,,unmatched,2026-10-02T05:29:14Z,b7cb52088b2416e8320786db7afafe94bfcb9e0276579498507d423fa90ebbd2
277950,Adam 2.0 (2020),,2020,Sci-Fi,tt11342594,,,,unmatched,2026-10-02T05:27:17Z,3b250e9f26f0adb678b35c7491f1fe30a41d8b2a3ab5e523dc9b67d157bb8bb5
277956,Manbaby (2022),,2022,Comedy|Fantasy|Sci-Fi,tt3895984,,,,unmatched,2026-10-02T05:32:49Z,b6582f1073d60302cc1986f190f272c359b2b20c02ca9afa632b0bc95110f2e0
277960,Robu (2021),,2021,Sci-Fi,tt9251448,,,,unmatched,2026-10-02T05:33:41Z,5f5e45fa009bf17169d8dc52c69b46061be0180e56cfc03bad06e90f3e3402ab
277966,Unicorn Town (2022),,2022,Documentary,tt7379552,,,,unmatched,2026-10-02T05:33:12Z,a4776f47ff2e8a250f43056c08a582a51817740cf3e1b0b789c281642ae74da4
278048,Donna (2022),,2022,Documentary,tt14540324,,,,unmatched,2026-10-02T05:30:48Z,43b86bac97eb36bc7e398639f12f1d550080ef5e7ad0c31dc76be2bbd8eb39a4
278054,The Figo Affair: The Transfer that Changed Football (2022),,2022,Documentary,tt21836538,,,,unmatched,2026-10-02T05:32:25Z,677400ec238d73f96820523bd79d2414181f386ba15b19d06a3eec2c9f9c1506
278094,Running with the Devil: The Wild World of John McAfee (2022),悪魔のハイウェイ: ジョン・マカフィーの数奇なる人生,2022,Documentary,tt21379574,Q113557973,,,country_missing,2026-10-02T05:32:21Z,1f5031855790c661c68c3234563f5773c167c340c24be3b0c34a72653e94ec81
278100,Turbo Cola (2022),,2022,Comedy|Drama,tt14186678,,,,unmatched,2026-10-02T05:30:38Z,973dfd0e61a4df6c470ee8c15968187a4e9ddb921bbb94e1aa8deac9b923c36f
278118,About Love (2020),,2020,Documentary,tt10483684,,,,unmatched,2026-10-02T05:26:50Z,f8c65246a2303e0a91172bdf896d40eba3b911da444a0269d9cb0e949557c342
278166,Whitney Cummings: Jokes (2022),,2022,Comedy,tt21283348,,,,unmatched,2026-10-02T05:32:21Z,1f5031855790c661c68c3234563f5773c167c340c24be3b0c34a72653e94ec81
278254,Dark Cloud (2022),,2022,Horror|Sci-Fi|Thriller,tt8130518,,,,unmatched,2026-10-02T05:33:21Z,d6f2ae622aad071d11307bb1ccc7fa8264dabab7a967bcdc0f4622c976875e54
278256,York Witches Society (2022),,2022,Horror,tt14772558,,,,unmatched,2026-10-02T05:30:54Z,11f9ad3247b60ace28f4ebe3d2df64fd8c31dd425369ec66e0aa0b7389e99abf
278272,Agatha Christie's England (2020),,2020,Documentary,tt14051516,,,,unmatched,2026-10-02T05:30:35Z,5b89c543a3784f01c09eee1157118ebdd81b0ad9de4125d8061df831da3d4b1b
278382,Jane Fonda & Lily Tomlin: Ladies Night Live (2022),,2022,Comedy,tt20723738,,,,unmatched,2026-10-02T05:32:16Z,ecc5c5a44c4f41e4d7d44fe8715ca05bf71cf0c46678d95edc270c2ea8f62d06
278456,Jikirag (2022),,2022,Horror,tt12700358,,,,unmatched,2026-10-02T05:28:18Z,1d66962e3349c1e5167447f957a3b4e9238cadf658d89fc06a5e5dabb118905e
278458,The Missing (2022),,2022,Thriller,tt20870918,,,,unmatched,2026-10-02T05:32:16Z,ecc5c5a44c4f41e4d7d44fe8715ca05bf71cf0c46678d95edc270c2ea8f62d06
278474,The Eyes Below (2022),,2022,Horror,tt21382392,,,,unmatched,2026-10-02T05:32:21Z,1f5031855790c661c68c3234563f5773c167c340c24be3b0c34a72653e94ec81
278498,Lies My Sister Told Me (2022),,2022,Drama,tt14698534,,,,unmatched,2026-10-02T05:30:52Z,8a6407fbb8a9fe0c8181cfffe9579fe02c0fc6f1ec61c5e244654251d0f13846
278646,Deck of Cards (2022),,2022,Comedy,tt21986824,,,,unmatched,2026-10-02T05:32:27Z,3762a5e98c6f19e017397857414a6d68f608a3566005ed77b8007f4097d0ba9c
278656,Unfavorable Odds (2022),,2022,Comedy|Drama|Romance,tt20627718,,,,unmatched,2026-10-02T05:32:16Z,ecc5c5a44c4f41e4d7d44fe8715ca05bf71cf0c46678d95edc270c2ea8f62d06
278664,Woman of the Photographs (2022),,2022,Drama|Romance|Thriller,tt13129114,,,,unmatched,2026-10-02T05:29:16Z,31963caaca5afa65978012f1c57b1f4cc727c44413fa07639eee178d1b60a84e
278682,Portrait of Kaye (2021),,2021,Documentary,tt14852136,,,,unmatched,2026-10-02T05:30:56Z,7aafc3dd33d6f73000c61cace5d6ceede555a4260464331311499d6ce40936e1
278706,Grummy (2021),,2021,Drama|Fantasy,tt10022734,,,,unmatched,2026-10-02T05:26:32Z,d7e565545bd4dc9780f8f935845acccb6658273617895df66f221fcf02041a72
278734,The Longest Voyage (2020),,2020,Animation|Documentary,tt10602728,,,,unmatched,2026-10-02T05:26:53Z,c214a6ae33c2588faea1cb69d7521e56b47c81e7ad693a75ab4268afa75dd19f
278792,Just Like You: Anxiety + Depression (2022),,2022,Documentary,tt16288298,,,,unmatched,2026-10-02T05:31:26Z,aa08950e7332a17206a52843dfb4f21620a55f1eb7bff642a7d59dc0220eed14
278810,Stavros Halkias: Live at the Lodge Room (2022),,2022,Comedy,tt20878596,,,,unmatched,2026-10-02T05:32:18Z,8fd7200d74d856c52d6b1e696e61b9bc98cb120827b8b9de4dccb1dd3d95e25b
278840,Sam Morril: Same Time Tomorrow (2022),,2022,Comedy,tt21836654,,,,unmatched,2026-10-02T05:32:25Z,677400ec238d73f96820523bd79d2414181f386ba15b19d06a3eec2c9f9c1506
278844,Days Before the Millennium (2022),,2022,Drama,tt15446628,,,,unmatched,2026-10-02T05:31:13Z,5eb9304f0fab07546a3b9397b13c29de18cbcc1c87ba3e6fd85761bbcd0dfd94
278858,Clint Eastwood: A Cinematic Legacy (2021),,2021,Documentary,tt15560488,,,,unmatched,2026-10-02T05:31:17Z,63da9f5effdfd1d74f31602e4e5c3a69fb550bc9469e48c7b175df81fd06b96e
279008,Sheng Wang: Sweet and Juicy (2022),,2022,Comedy,tt19770866,,,,unmatched,2026-10-02T05:32:12Z,314a3bcd20516247e06b61fb243c8fd188573eb88bb2a816618bdc8839e7d871
279024,Horse Brothers (2022),,2022,Comedy|Horror,tt17717206,,,,unmatched,2026-10-02T05:31:35Z,55e332340282a079f7ec31cdf06bee6d6e2de73efb631bd67bd9ba6be000295f
279032,The Nanny’s Night (2022),,2022,Comedy|Horror,tt13551014,,,,unmatched,2026-10-02T05:30:10Z,5741eeb682eb055b20badbace3d983d87001c5c1b48a790a5ed9757d21c4701d
279040,xABo: Father Boniecki (2020),,2020,Documentary,tt12802658,,,,unmatched,2026-10-02T05:28:21Z,25dd3628e35eab3cd31715e9cd7b1f93bb1fb11789d6738d318de6a3d1a8d34d
279048,Diaspora (2022),,2022,(no genres listed),tt15845872,,,,unmatched,2026-10-02T05:31:22Z,16b6caf7dab831cfb1aaa50b3237c86875c0654a9e23db63c92f7170a9158e90
279050,Shimoni (2022),,2022,Drama,tt21651200,,,,unmatched,2026-10-02T05:32:23Z,96adf69573712f51075a0f3e8873e99f3181e8556f7f229606cb82863c6c7ea2
279064,Self-Portrait As A Coffee Pot (2022),,2022,(no genres listed),tt15129458,,,,unmatched,2026-10-02T05:31:04Z,1b980ad4f0fa56cbef4dc13049e8322ecb7a009532376748d25eed5ecbe19c2d
279092,Low Life (2022),,2022,Crime|Drama|Thriller,tt6165892,,,,unmatched,2026-10-02T05:33:01Z,f2932b6f041cbc5d33a7a6aaa6b55d38b5d72368d5857c02f206e850b8a898c2
279098,Pass the Salt (2020),,2020,Documentary,tt11563234,,,,unmatched,2026-10-02T05:27:43Z,c15e85383259189558d760784a7090e52d81cacc7ef49b8561e330647f008467
279120,Charlotte (2021),,2021,Comedy|Drama,tt7691060,,,,unmatched,2026-10-02T05:33:16Z,560a5a14e8ca1ca22beec789ea96cdcb1e33a7acbb841a63a203485ece82276d
279228,Die Druiden: Mächtige Priester der Kelten (2021),,2021,Documentary,tt14840138,,,,unmatched,2026-10-02T05:30:56Z,7aafc3dd33d6f73000c61cace5d6ceede555a4260464331311499d6ce40936e1
279242,Russia vs. Russia (2022),,2022,Documentary,tt18253392,,,,unmatched,2026-10-02T05:31:35Z,55e332340282a079f7ec31cdf06bee6d6e2de73efb631bd67bd9ba6be000295f
279258,The Samaritans (2020),,2020,Horror|Thriller,tt5486552,,,,unmatched,2026-10-02T05:32:57Z,77fbf9f61e0b979c32dfb5d0fffabf5fd5302d17d60c1a40e58346c0c1bed1f8
279266,Escape from Kabul (2022),,2022,Documentary,tt21650874,,,,unmatched,2026-10-02T05:32:23Z,96adf69573712f51075a0f3e8873e99f3181e8556f7f229606cb82863c6c7ea2
279310,The Haunting of the Murder House (2022),,2022,(no genres listed),tt20861742,,,,unmatched,2026-10-02T05:32:16Z,ecc5c5a44c4f41e4d7d44fe8715ca05bf71cf0c46678d95edc270c2ea8f62d06
279358,Pokemon: The Arceus Chronicles (Movie Version) (2022),,2022,Animation,tt21970564,,,,unmatched,2026-10-02T05:32:27Z,3762a5e98c6f19e017397857414a6d68f608a3566005ed77b8007f4097d0ba9c
279362,Deep Fear (2022),,2022,Horror,tt16540514,,,,unmatched,2026-10-02T05:31:27Z,d13d1bad110eb02cdfd23e7c291f93ab1180ceab222c3718e89954a34047bf10
279370,Country Gold (2022),,2022,Comedy|Fantasy,tt13395224,,,,unmatched,2026-10-02T05:30:04Z,61377a62aedcc18b3d8935cc9910d6c752b163d417f895f8580e84e0c3249c5f
279422,Los Negros (2022),,2022,Documentary,tt8068314,,,,unmatched,2026-10-02T05:33:19Z,94c443b20b34ac610786ccf0c5df8d23935a2482c2c95d02a22df12678703b2e
279486,A Life On The Farm (2022),,2022,Documentary,tt13130926,,,,unmatched,2026-10-02T05:29:16Z,31963caaca5afa65978012f1c57b1f4cc727c44413fa07639eee178d1b60a84e
279488,Barber Westchester (2021),,2021,Animation|Comedy|Sci-Fi,tt17346476,,,,unmatched,2026-10-02T05:31:32Z,0bea6e67327f86b63ceed4a78d22c1f874d1518cae1998c46e98095ae9f5ac23
279494,Ammar (2020),,2020,Horror,tt13495586,,,,unmatched,2026-10-02T05:30:08Z,0248c9c2f2708e2c8f25c0c3e6a83ef66313502ea26596fceb11c3df702d4449
279496,Russian Hackers: The Beginning (2022),,2022,Documentary,tt18573320,,,,unmatched,2026-10-02T05:31:39Z,26115d630e65599c5b4ed793fb3a02224d53449f500f5ac1e7740451911257eb
279540,Heard She Got Married (2021),,2021,Thriller,tt14909062,,,,unmatched,2026-10-02T05:30:58Z,108a281317918bba1d4a5d2b75b6f9616cfcbfa7dc5b6f78be51fe249b69ae7b
279546,#Unknown (2022),,2022,Horror|Thriller,tt15157354,,,,unmatched,2026-10-02T05:31:06Z,265262527e850b60a343487b1c28ea35767e331660efb4b9c00f98fd0546b511
279556,Les  Nouveaux Soldats de la Chine (2022),,2022,Documentary,tt18072834,,,,unmatched,2026-10-02T05:31:35Z,55e332340282a079f7ec31cdf06bee6d6e2de73efb631bd67bd9ba6be000295f
279586,Patton Oswalt: We All Scream (2022),,2022,Comedy,tt21379618,,,,unmatched,2026-10-02T05:32:21Z,1f5031855790c661c68c3234563f5773c167c340c24be3b0c34a72653e94ec81
279590,A Spy Movie (2021),,2021,(no genres listed),tt16867902,,,,unmatched,2026-10-02T05:31:30Z,37fdcf9bb9e56f7d7302c81fc286093494c90b20543e6eb781f88ad199d88838
279592,What The Nanny Saw (2022),,2022,Crime|Drama|Thriller,tt14960810,,,,unmatched,2026-10-02T05:31:00Z,52f332d34ec7e69e1b8a6c970ccf1877db72ed59da41f2fb653161d99ab4add5
279668,Tim Dillon: A Real Hero (2022),,2022,Comedy,tt21431084,,,,unmatched,2026-10-02T05:32:23Z,96adf69573712f51075a0f3e8873e99f3181e8556f7f229606cb82863c6c7ea2
279672,"Fabergé, the Making of a Legend (2021)",,2021,Documentary,tt14725994,,,,unmatched,2026-10-02T05:30:54Z,11f9ad3247b60ace28f4ebe3d2df64fd8c31dd425369ec66e0aa0b7389e99abf
279684,Ask Me to Dance (2022),,2022,Comedy|Romance,tt14661276,,,,unmatched,2026-10-02T05:30:52Z,8a6407fbb8a9fe0c8181cfffe9579fe02c0fc6f1ec61c5e244654251d0f13846
279782,The Adventures of Gigi the Law (2022),,2022,Documentary|Drama,tt21226634,,,,unmatched,2026-10-02T05:32:20Z,0450d72c11db6e08413da5ebbe95ace8283b0b91abb0348504cbcea1b576ce34
279850,Love Tasting (2020),,2020,Drama,tt13377804,,,,unmatched,2026-10-02T05:30:04Z,61377a62aedcc18b3d8935cc9910d6c752b163d417f895f8580e84e0c3249c5f
279862,A Room of My Own (2022),,2022,Drama,tt20877264,,,,unmatched,2026-10-02T05:32:18Z,8fd7200d74d856c52d6b1e696e61b9bc98cb120827b8b9de4dccb1dd3d95e25b
279906,Family Budget (2021),,2021,Comedy,tt16759126,,,,unmatched,2026-10-02T05:31:30Z,37fdcf9bb9e56f7d7302c81fc286093494c90b20543e6eb781f88ad199d88838
279908,Famosa (2020),,2020,Drama,tt12961802,Q107556759,,,country_missing,2026-10-02T05:28:25Z,30280bbfa3df7b5339857b827f5f9bd1c1c0ecd3f4dd0cdd57312f765e907087
279940,Gabriel Iglesias: Stadium Fluffy (2022),,2022,Comedy,tt21639094,,,,unmatched,2026-10-02T05:32:23Z,96adf69573712f51075a0f3e8873e99f3181e8556f7f229606cb82863c6c7ea2
279946,Sheltering Season (2022),,2022,Drama|Thriller,tt12850346,,,,unmatched,2026-10-02T05:28:24Z,0bd6a12470cb2b08cd584fa7fb45cf59fdb21f213662507c41f950e14225b849
280072,Paul's Promise (2022),,2022,Children|Drama,tt13483160,,,,unmatched,2026-10-02T05:30:08Z,0248c9c2f2708e2c8f25c0c3e6a83ef66313502ea26596fceb11c3df702d4449
280074,The Domestic (2022),,2022,Thriller,tt14927016,,,,unmatched,2026-10-02T05:30:58Z,108a281317918bba1d4a5d2b75b6f9616cfcbfa7dc5b6f78be51fe249b69ae7b
280078,The Moogai (2020),,2020,Horror,tt12344516,,,,unmatched,2026-10-02T05:28:08Z,263cba6f5ea26c4ff9f92f33a23b18cb9f4cbcb1dc4090295a6f74c47776071f
280196,Terror Train (2022),,2022,Horror,tt20222422,,,,unmatched,2026-10-02T05:32:14Z,4e7cd367f4e3254387e9c6762281a4985426bba72dde01d167c2e6b505221f9d
280266,Among the Living (2022),,2022,Drama|Horror|Thriller,tt15693732,,,,unmatched,2026-10-02T05:31:19Z,0e4b802b43571d5065457f956d0b5935ceb0dd6d7ee346415bf2b59d5a0ec3f6
280282,Feed Me (2022),,2022,Comedy|Horror,tt16196010,,,,unmatched,2026-10-02T05:31:24Z,4e4085811d1a45a39b8be7d4014db13597155a2cb21be3b9039159bbb67a139e
280294,Nix (2022),,2022,Horror|Thriller,tt14292086,,,,unmatched,2026-10-02T05:30:40Z,58dc1d615e4cb0d8feb35a85475905034fee482dc59181d12522c31ef3373143
280302,The Red Book Ritual (2022),,2022,Horror,tt14083716,,,,unmatched,2026-10-02T05:30:36Z,ffa46737d793ad01d27ebac44f2bafb6890958f793c89db29af96d8de6936798
280308,Sinphony: A Clubhouse Horror Anthology (2022),,2022,Horror,tt14202334,,,,unmatched,2026-10-02T05:30:38Z,973dfd0e61a4df6c470ee8c15968187a4e9ddb921bbb94e1aa8deac9b923c36f
280324,Byomkesh Hotyamancha (2022),,2022,Mystery,tt21435314,,,,unmatched,2026-10-02T05:32:23Z,96adf69573712f51075a0f3e8873e99f3181e8556f7f229606cb82863c6c7ea2
280330,Hex (2022),,2022,Action|Horror|Thriller,tt6969338,,,,unmatched,2026-10-02T05:33:09Z,1e5f97a70bd788473de953003d22877cf92b95c4581befbec11976b51b4f63d8
280338,El beso de Dios (2022),,2022,Documentary,tt20122422,,,,unmatched,2026-10-02T05:32:14Z,4e7cd367f4e3254387e9c6762281a4985426bba72dde01d167c2e6b505221f9d
280350,Fanny & Lova Steal a Car (2022),,2022,Drama,tt18076688,,,,unmatched,2026-10-02T05:31:35Z,55e332340282a079f7ec31cdf06bee6d6e2de73efb631bd67bd9ba6be000295f
280362,Carlos Ghosn - The Last Flight (2021),,2021,Documentary,tt15048602,Q118457363,,,country_missing,2026-10-02T05:31:02Z,6b4c3b423db1c6dae93ceafcb10a5498aca137319a209560bed8dd0238c0bd82
280366,Prison or Exile (2021),,2021,Documentary,tt18375896,,,,unmatched,2026-10-02T05:31:37Z,d5e19daa47da7e205ce38adda11a0b6356b404cac66583a87a93ee435ecb0734
280382,Carajita (2021),,2021,Drama,tt12526902,,,,unmatched,2026-10-02T05:28:12Z,5e1afcfbedcb6928e914055f59768f191817b7b1d66a96868c43b2febae42536
280400,Double Threat (2022),,2022,Action|Adventure|Comedy,tt13302660,,,,unmatched,2026-10-02T05:29:22Z,0c2354828e96968037e9d061e2e0cc48f43890bb09fa6f8178c30631351f9e71
280446,A Tree of Life: The Pittsburgh Synagogue Shooting (2022),,2022,Documentary,tt20417166,,,,unmatched,2026-10-02T05:32:16Z,ecc5c5a44c4f41e4d7d44fe8715ca05bf71cf0c46678d95edc270c2ea8f62d06
280476,Neal Brennan: Blocks (2022),,2022,Comedy,tt22750226,,,,unmatched,2026-10-02T05:32:31Z,912bbd46ada34365c070037f8845b75439b3ff205dabb8cdb89cf73c99a8a028
280482,Movie Hoarders: From VHS to DVD and Beyond! (2021),,2021,Documentary,tt12459180,,,,unmatched,2026-10-02T05:28:12Z,5e1afcfbedcb6928e914055f59768f191817b7b1d66a96868c43b2febae42536
280558,Dirty Daddy: The Bob Saget Tribute (2022),,2022,Comedy|Documentary,tt20854216,,,,unmatched,2026-10-02T05:32:16Z,ecc5c5a44c4f41e4d7d44fe8715ca05bf71cf0c46678d95edc270c2ea8f62d06
280652,Lennon's Last Weekend (2020),,2020,Documentary,tt12938760,,,,unmatched,2026-10-02T05:28:25Z,30280bbfa3df7b5339857b827f5f9bd1c1c0ecd3f4dd0cdd57312f765e907087
280804,A Woman on the Outside (2022),,2022,Documentary,tt17662532,,,,unmatched,2026-10-02T05:31:33Z,6e21b94c023724c9247d6ebb93d5e2ac7a03a93d8118e0cba564eceb4381254d
280818,Land of Gold (2022),,2022,Drama,tt14597532,,,,unmatched,2026-10-02T05:30:50Z,cf709f23c4a348c1051419441fdc09901409c1a8215063ff9f9de9aeff40d238
280846,Restart The Earth (2021),,2021,Action|Horror|Sci-Fi,tt16118262,,,,unmatched,2026-10-02T05:31:24Z,4e4085811d1a45a39b8be7d4014db13597155a2cb21be3b9039159bbb67a139e
280866,She Said (2022),,2022,Drama,tt14807308,,,,unmatched,2026-10-02T05:30:54Z,11f9ad3247b60ace28f4ebe3d2df64fd8c31dd425369ec66e0aa0b7389e99abf
280870,Trip (2022),,2022,Horror,tt10887736,,,,unmatched,2026-10-02T05:27:02Z,b5f5aa581bf576c8d90f197e81519a49e63356ffd7afdfb27cfc10e02af9a7ce
280894,Ari Shaffir: JEW (2022),,2022,Comedy|Documentary,tt23219324,,,,unmatched,2026-10-02T05:32:33Z,28394ff38e0c7218f27377c800c433d4dda46c262a5f53d6a05cbc00896be371
280902,Iliza Shlesinger: Hot Forever (2022),,2022,Comedy,tt22074270,,,,unmatched,2026-10-02T05:32:27Z,3762a5e98c6f19e017397857414a6d68f608a3566005ed77b8007f4097d0ba9c
280926,Mentally Al (2020),,2020,Documentary,tt8998284,,,,unmatched,2026-10-02T05:33:36Z,6f5a5f3548d636e34beaf2a15cfec9103eddf5cca1119b5a46f72c56ed1f9323
280954,A Girl and A Guy (2021),,2021,Comedy|Drama|Romance,tt14992902,,,,unmatched,2026-10-02T05:31:00Z,52f332d34ec7e69e1b8a6c970ccf1877db72ed59da41f2fb653161d99ab4add5
280958,You Resemble Me (2022),,2022,Drama,tt15131600,Q108372693,,,country_missing,2026-10-02T05:31:04Z,1b980ad4f0fa56cbef4dc13049e8322ecb7a009532376748d25eed5ecbe19c2d
280966,Deborah (2022),,2022,Comedy|Sci-Fi,tt14063158,,,,unmatched,2026-10-02T05:30:35Z,5b89c543a3784f01c09eee1157118ebdd81b0ad9de4125d8061df831da3d4b1b
280986,The Final Rose (2022),,2022,Horror|Thriller,tt21153628,,,,unmatched,2026-10-02T05:32:20Z,0450d72c11db6e08413da5ebbe95ace8283b0b91abb0348504cbcea1b576ce34
281048,Deon Cole: Charleen's Boy (2022),,2022,Comedy,tt23024594,,,,unmatched,2026-10-02T05:32:31Z,912bbd46ada34365c070037f8845b75439b3ff205dabb8cdb89cf73c99a8a028
281062,"Big Data, Big Brother (2020)",,2020,Documentary,tt13441464,,,,unmatched,2026-10-02T05:30:06Z,f0b950f1745458c5581fe75f2e06da0a5109e544853c927490b23b7e4cc6d96b
281076,"Say Hey, Willie Mays! (2022)",,2022,Documentary,tt14596934,,,,unmatched,2026-10-02T05:30:50Z,cf709f23c4a348c1051419441fdc09901409c1a8215063ff9f9de9aeff40d238
281132,Coming Out (2020),,2020,Animation,tt12617102,,,,unmatched,2026-10-02T05:28:16Z,a9a7cbd00545c874a15c40ff85ae3363bcdb92ca0c69ae2b7686835a54bfb223
281136,A Czechoslovak Fairy Tale (2022),,2022,Documentary,tt22987414,,,,unmatched,2026-10-02T05:32:31Z,912bbd46ada34365c070037f8845b75439b3ff205dabb8cdb89cf73c99a8a028
281148,Menorah in the Middle (2022),,2022,Drama|Fantasy|Romance,tt21871230,Q141148500,,,country_missing,2026-10-02T05:32:25Z,677400ec238d73f96820523bd79d2414181f386ba15b19d06a3eec2c9f9c1506
281168,The Dead Girl in Apartment 03 (2022),,2022,Horror,tt9093076,,,,unmatched,2026-10-02T05:33:38Z,1a816c8bf268f2bfd9a20f8f2131f32b36146b00b21d5a7e287cb71aee5b7652
281174,It's Christmas Again (2022),,2022,Drama|Romance,tt21365892,,,,unmatched,2026-10-02T05:32:21Z,1f5031855790c661c68c3234563f5773c167c340c24be3b0c34a72653e94ec81
281212,Lost Inside (2022),,2022,Drama,tt16897968,,,,unmatched,2026-10-02T05:31:30Z,37fdcf9bb9e56f7d7302c81fc286093494c90b20543e6eb781f88ad199d88838
281272,Helen Hong: Well Hong (2022),,2022,Comedy,tt14972158,,,,unmatched,2026-10-02T05:31:00Z,52f332d34ec7e69e1b8a6c970ccf1877db72ed59da41f2fb653161d99ab4add5
281290,A Big Fat Family Christmas (2022),,2022,Comedy|Drama|Romance,tt22262600,,,,unmatched,2026-10-02T05:32:29Z,5e578bcaacff80ece2b7319e3cc0acc39c9d9175fa486d8fb9bea7c8833860fd
281316,Wirecard: The Billion Euro Lie (2021),,2021,Documentary,tt14735004,,,,unmatched,2026-10-02T05:30:54Z,11f9ad3247b60ace28f4ebe3d2df64fd8c31dd425369ec66e0aa0b7389e99abf
281332,The Hip Hop Nutcracker (2022),,2022,(no genres listed),tt22028912,,,,unmatched,2026-10-02T05:32:27Z,3762a5e98c6f19e017397857414a6d68f608a3566005ed77b8007f4097d0ba9c
281348,The Last Dolphin King (2022),,2022,Documentary,tt23473184,,,,unmatched,2026-10-02T05:32:33Z,28394ff38e0c7218f27377c800c433d4dda46c262a5f53d6a05cbc00896be371
281372,Angry Neighbors (2022),,2022,Comedy,tt6506346,,,,unmatched,2026-10-02T05:33:04Z,465712e306b2c34c02bd3cc5a4b04d57c4d52326d843878a76948bd22b7805f3
281388,The Phenomenon (2022),,2022,Documentary,tt22806134,,,,unmatched,2026-10-02T05:32:31Z,912bbd46ada34365c070037f8845b75439b3ff205dabb8cdb89cf73c99a8a028
281464,Old Bigwigs (2021),,2021,Comedy,tt16968496,,,,unmatched,2026-10-02T05:31:30Z,37fdcf9bb9e56f7d7302c81fc286093494c90b20543e6eb781f88ad199d88838
281476,5000 Blankets (2022),,2022,Drama,tt11364996,,,,unmatched,2026-10-02T05:27:17Z,3b250e9f26f0adb678b35c7491f1fe30a41d8b2a3ab5e523dc9b67d157bb8bb5
281500,Stuck (2020),,2020,Horror|Thriller,tt13068144,,,,unmatched,2026-10-02T05:29:14Z,b7cb52088b2416e8320786db7afafe94bfcb9e0276579498507d423fa90ebbd2
281580,Memory (2022),,2022,Documentary,tt15771450,,,,unmatched,2026-10-02T05:31:20Z,6084f0269ddfaea22178f9992a5d46163efd20060c0ab52dfe8f12ae4765c65d
281606,Bob the Drag Queen: Live at Caroline's (2020),,2020,Comedy,tt11909328,,,,unmatched,2026-10-02T05:27:57Z,08245447db9f5a5dd73f979b78ed0b0b18999be17b06b992117886893b449487
281620,Plebs: Soldiers Of Rome (2022),,2022,Adventure|Comedy|War,tt22817698,,,,unmatched,2026-10-02T05:32:31Z,912bbd46ada34365c070037f8845b75439b3ff205dabb8cdb89cf73c99a8a028
281622,The Boss Baby: Christmas Bonus (2022),,2022,Adventure|Animation|Children,tt23546646,,,,unmatched,2026-10-02T05:32:33Z,28394ff38e0c7218f27377c800c433d4dda46c262a5f53d6a05cbc00896be371
281624,Hidden (2020),,2020,Documentary,tt13241704,,,,unmatched,2026-10-02T05:29:20Z,31a0cb6509824becae00bf265094c70d59c0b5589aeb1b7e5e914655ec329aef
281636,The Volcano: Rescue from Whakaari (2022),,2022,Documentary,tt21439528,,,,unmatched,2026-10-02T05:32:23Z,96adf69573712f51075a0f3e8873e99f3181e8556f7f229606cb82863c6c7ea2
281666,Shadow Master (2022),,2022,Action|Fantasy|Thriller,tt19879786,,,,unmatched,2026-10-02T05:32:14Z,4e7cd367f4e3254387e9c6762281a4985426bba72dde01d167c2e6b505221f9d
281772,Destined at Christmas (2022),,2022,Comedy|Romance,tt21329252,,,,unmatched,2026-10-02T05:32:21Z,1f5031855790c661c68c3234563f5773c167c340c24be3b0c34a72653e94ec81
281782,Urartu. The Forgotten Kingdom (2020),,2020,Documentary|Drama,tt13552578,,,,unmatched,2026-10-02T05:30:10Z,5741eeb682eb055b20badbace3d983d87001c5c1b48a790a5ed9757d21c4701d
281838,Ron Carter: Finding the Right Notes (2022),,2022,Documentary,tt22072182,,,,unmatched,2026-10-02T05:32:27Z,3762a5e98c6f19e017397857414a6d68f608a3566005ed77b8007f4097d0ba9c
281870,Doctor Whistle (2022),,2022,Comedy,tt16161526,,,,unmatched,2026-10-02T05:31:24Z,4e4085811d1a45a39b8be7d4014db13597155a2cb21be3b9039159bbb67a139e
281874,Silver Spoon in Sochi (2022),,2022,Action|Comedy,tt22530468,,,,unmatched,2026-10-02T05:32:29Z,5e578bcaacff80ece2b7319e3cc0acc39c9d9175fa486d8fb9bea7c8833860fd
281878,A Gingerbread Christmas (2022),,2022,Children|Drama,tt21821424,,,,unmatched,2026-10-02T05:32:25Z,677400ec238d73f96820523bd79d2414181f386ba15b19d06a3eec2c9f9c1506
281922,Laika (2021),,2021,Action|Drama|Horror,tt15819500,,,,unmatched,2026-10-02T05:31:20Z,6084f0269ddfaea22178f9992a5d46163efd20060c0ab52dfe8f12ae4765c65d
281942,Salt in My Soul (2022),,2022,Documentary,tt15574182,,,,unmatched,2026-10-02T05:31:17Z,63da9f5effdfd1d74f31602e4e5c3a69fb550bc9469e48c7b175df81fd06b96e
281956,ManFish (2022),,2022,Comedy|Horror,tt13389120,,,,unmatched,2026-10-02T05:30:04Z,61377a62aedcc18b3d8935cc9910d6c752b163d417f895f8580e84e0c3249c5f
281968,Black Sun (2022),,2022,Sci-Fi,tt23136536,,,,unmatched,2026-10-02T05:32:31Z,912bbd46ada34365c070037f8845b75439b3ff205dabb8cdb89cf73c99a8a028
281982,Trevor Noah: I Wish You Would (2022),,2022,Comedy,tt22890438,,,,unmatched,2026-10-02T05:32:31Z,912bbd46ada34365c070037f8845b75439b3ff205dabb8cdb89cf73c99a8a028
282011,Transmission (2021),,2021,Sci-Fi,tt11291254,,,,unmatched,2026-10-02T05:27:16Z,143bfc5b41d9d303a9735e7cd089995dd8292bbc89dba3eda0074e6269cd9c59
282073,Mal de Ojo (2022),,2022,Horror,tt15847880,,,,unmatched,2026-10-02T05:31:22Z,16b6caf7dab831cfb1aaa50b3237c86875c0654a9e23db63c92f7170a9158e90
282137,Cyan Eyed (2021),,2021,Adventure|Animation|Sci-Fi,tt14965794,,,,unmatched,2026-10-02T05:31:00Z,52f332d34ec7e69e1b8a6c970ccf1877db72ed59da41f2fb653161d99ab4add5
282145,Call Me Miss Cleo (2022),,2022,Documentary,tt24443706,,,,unmatched,2026-10-02T05:32:35Z,2c91e1d9b8afdfaf055c2043a330856d53db08fa4aca4b7910e61220570a31d1
282155,My One True Love (2022),,2022,Comedy|Romance,tt16612852,,,,unmatched,2026-10-02T05:31:30Z,37fdcf9bb9e56f7d7302c81fc286093494c90b20543e6eb781f88ad199d88838
282157,A Royal Corgi Christmas (2022),,2022,Comedy|Romance,tt21063466,,,,unmatched,2026-10-02T05:32:18Z,8fd7200d74d856c52d6b1e696e61b9bc98cb120827b8b9de4dccb1dd3d95e25b
282159,A Holiday Spectacular (2022),,2022,Comedy|Fantasy|Romance,tt18361702,,,,unmatched,2026-10-02T05:31:37Z,d5e19daa47da7e205ce38adda11a0b6356b404cac66583a87a93ee435ecb0734
282249,The One Hundred (2022),,2022,Horror|Sci-Fi|Thriller,tt22479478,,,,unmatched,2026-10-02T05:32:29Z,5e578bcaacff80ece2b7319e3cc0acc39c9d9175fa486d8fb9bea7c8833860fd
282275,Hiraeth (2021),,2021,Drama|Sci-Fi,tt12058476,,,,unmatched,2026-10-02T05:28:01Z,37abd2947849dfc1bad5ec9d6b05847939d338b85852f00f4eeaa736eed9fa72
282279,Antumbra (2021),,2021,Sci-Fi,tt14048946,,,,unmatched,2026-10-02T05:30:35Z,5b89c543a3784f01c09eee1157118ebdd81b0ad9de4125d8061df831da3d4b1b
282281,Carrier (2021),,2021,(no genres listed),tt15826276,,,,unmatched,2026-10-02T05:31:20Z,6084f0269ddfaea22178f9992a5d46163efd20060c0ab52dfe8f12ae4765c65d
282307,Arnold Is a Model Student (2022),,2022,Drama,tt10241746,,,,unmatched,2026-10-02T05:26:38Z,98388e59f7129bd2b73d0df86462a131865604a9bd1dd056abd72ee8bf302442
282313,Meghdoot - The Cloud Messenger (2022),,2022,Drama|Mystery|Romance,tt7737704,,,,unmatched,2026-10-02T05:33:16Z,560a5a14e8ca1ca22beec789ea96cdcb1e33a7acbb841a63a203485ece82276d
282347,Irul: Ghost Hotel (2021),,2021,Horror,tt14170178,,,,unmatched,2026-10-02T05:30:38Z,973dfd0e61a4df6c470ee8c15968187a4e9ddb921bbb94e1aa8deac9b923c36f
282435,Subject (2022),,2022,Documentary,tt19759096,,,,unmatched,2026-10-02T05:32:12Z,314a3bcd20516247e06b61fb243c8fd188573eb88bb2a816618bdc8839e7d871
282437,Tiger 24 (2022),,2022,Documentary,tt19760262,Q137645044,,,country_missing,2026-10-02T05:32:12Z,314a3bcd20516247e06b61fb243c8fd188573eb88bb2a816618bdc8839e7d871
282443,The Subtle Art of Not Giving a #@%! (2023),,2023,Documentary,tt12380422,,,,unmatched,2026-10-02T05:28:08Z,263cba6f5ea26c4ff9f92f33a23b18cb9f4cbcb1dc4090295a6f74c47776071f
282451,For Love (2022),,2022,Documentary,tt14187472,,,,unmatched,2026-10-02T05:30:38Z,973dfd0e61a4df6c470ee8c15968187a4e9ddb921bbb94e1aa8deac9b923c36f
282467,Moon Manor (2022),,2022,Comedy|Drama,tt8946942,,,,unmatched,2026-10-02T05:33:34Z,ffae24f5c61c2e589b5f9ebe3d4b5a1f4b9b658661fa629034a6c6f2d518026a
282527,Downeast (2021),,2021,Crime|Drama|Thriller,tt11296142,,,,unmatched,2026-10-02T05:27:16Z,143bfc5b41d9d303a9735e7cd089995dd8292bbc89dba3eda0074e6269cd9c59
282555,"Caméra Café, 20 ans déjà (2023)",,2023,Comedy,tt23629716,,,,unmatched,2026-10-02T05:32:33Z,28394ff38e0c7218f27377c800c433d4dda46c262a5f53d6a05cbc00896be371
282571,Teenage Emotions (2021),,2021,Drama,tt13557918,,,,unmatched,2026-10-02T05:30:10Z,5741eeb682eb055b20badbace3d983d87001c5c1b48a790a5ed9757d21c4701d
282577,Sebastian Maniscalco: Is it Me? (2022),,2022,Comedy,tt23623660,,,,unmatched,2026-10-02T05:32:33Z,28394ff38e0c7218f27377c800c433d4dda46c262a5f53d6a05cbc00896be371
282579,38 at the Garden (2022),,2022,Documentary,tt19758560,,,,unmatched,2026-10-02T05:32:12Z,314a3bcd20516247e06b61fb243c8fd188573eb88bb2a816618bdc8839e7d871
282595,Accidentally in Love (2022),,2022,Comedy|Romance,tt11107326,,,,unmatched,2026-10-02T05:27:08Z,127d606e775dce36dc1f55a3f8b276c41f3cae74a383e6a04c806cd8f248e627
282609,Ёлки-иголки (2022),,2022,Adventure|Comedy,tt23063986,,,,unmatched,2026-10-02T05:32:31Z,912bbd46ada34365c070037f8845b75439b3ff205dabb8cdb89cf73c99a8a028
282697,A Town Full of Ghosts (2022),,2022,Horror|Mystery|Thriller,tt16020820,,,,unmatched,2026-10-02T05:31:22Z,16b6caf7dab831cfb1aaa50b3237c86875c0654a9e23db63c92f7170a9158e90
282725,Andrew Santino: Cheeseburger (2023),,2023,Comedy,tt24640480,,,,unmatched,2026-10-02T05:32:37Z,4a8eb40aa3ef18a1818589912057a18184cc3d6496687c069802d79e87727154
282763,Tom Papa: What a Day! (2022),,2022,Comedy,tt23646836,,,,unmatched,2026-10-02T05:32:33Z,28394ff38e0c7218f27377c800c433d4dda46c262a5f53d6a05cbc00896be371
282767,Tugging Diary (2021),,2021,Animation|Documentary,tt21221096,,,,unmatched,2026-10-02T05:32:20Z,0450d72c11db6e08413da5ebbe95ace8283b0b91abb0348504cbcea1b576ce34
282779,Goodbye Jerome! (2022),,2022,Animation|Children|Fantasy,tt16420918,,,,unmatched,2026-10-02T05:31:27Z,d13d1bad110eb02cdfd23e7c291f93ab1180ceab222c3718e89954a34047bf10
282781,Birthday (Bad Kid Stuff) (2022),,2022,Animation|Drama,tt21602692,,,,unmatched,2026-10-02T05:32:23Z,96adf69573712f51075a0f3e8873e99f3181e8556f7f229606cb82863c6c7ea2
282849,Actual People (2021),,2021,(no genres listed),tt11999602,,,,unmatched,2026-10-02T05:28:01Z,37abd2947849dfc1bad5ec9d6b05847939d338b85852f00f4eeaa736eed9fa72
282867,The Christmas Retreat (2022),,2022,Comedy|Romance,tt21334846,,,,unmatched,2026-10-02T05:32:21Z,1f5031855790c661c68c3234563f5773c167c340c24be3b0c34a72653e94ec81
282897,Ghosts of Hiroshima (2022),,2022,Horror,tt17065974,,,,unmatched,2026-10-02T05:31:32Z,0bea6e67327f86b63ceed4a78d22c1f874d1518cae1998c46e98095ae9f5ac23
282921,Amber: The Girl Behind the Alert (2023),,2023,Documentary,tt26260504,,,,unmatched,2026-10-02T05:32:39Z,ae5869102c00edc497e9d52dd878960f1bdd05a42f98e9b0358c8b731ac2e4e1
282939,A Short Story (2022),,2022,Adventure|Fantasy,tt19844632,,,,unmatched,2026-10-02T05:32:12Z,314a3bcd20516247e06b61fb243c8fd188573eb88bb2a816618bdc8839e7d871
282951,George Ezra: End to End (2022),,2022,Documentary,tt17609274,,,,unmatched,2026-10-02T05:31:33Z,6e21b94c023724c9247d6ebb93d5e2ac7a03a93d8118e0cba564eceb4381254d
282989,The Speed of Time (2020),,2020,Comedy,tt11284282,,,,unmatched,2026-10-02T05:27:16Z,143bfc5b41d9d303a9735e7cd089995dd8292bbc89dba3eda0074e6269cd9c59
283023,You’ve Never Been Completely Honest (2022),,2022,Animation|Documentary,tt16403648,,,,unmatched,2026-10-02T05:31:27Z,d13d1bad110eb02cdfd23e7c291f93ab1180ceab222c3718e89954a34047bf10
283113,Detectorists Special (2022),,2022,Comedy,tt21019050,,,,unmatched,2026-10-02T05:32:18Z,8fd7200d74d856c52d6b1e696e61b9bc98cb120827b8b9de4dccb1dd3d95e25b
283153,Dear Chantal (2021),,2021,Documentary,tt15210644,,,,unmatched,2026-10-02T05:31:08Z,a1179bc3ec280f218fb66f5b92063e001ea42b50739ffdb0d3c0fe5b5b7bfee2
283163,Condor's Nest (2023),,2023,Action|War,tt8032034,,,,unmatched,2026-10-02T05:33:19Z,94c443b20b34ac610786ccf0c5df8d23935a2482c2c95d02a22df12678703b2e
283181,A Human Position (2022),,2022,Drama,tt16445764,,,,unmatched,2026-10-02T05:31:27Z,d13d1bad110eb02cdfd23e7c291f93ab1180ceab222c3718e89954a34047bf10
283185,The Rabbit Hunters (2020),,2020,Drama|Fantasy,tt12192960,,,,unmatched,2026-10-02T05:28:05Z,11e539e25cfd2edc140fb3daef430ef79ef3e6574e582595b465ce09b510c3b4
283195,My Favorite Girlfriend (2022),,2022,Comedy|Romance,tt15540696,,,,unmatched,2026-10-02T05:31:15Z,8e97cb553c34c6fc7de58bad30b9f56c9a56c240b87822a763717833eed00623
283205,Antonio Banderas et Pedro Almodóvar : Du désir au double (2022),,2022,Documentary,tt20124708,,,,unmatched,2026-10-02T05:32:14Z,4e7cd367f4e3254387e9c6762281a4985426bba72dde01d167c2e6b505221f9d
283229,Aurora (2023),,2023,Drama,tt17041522,,,,unmatched,2026-10-02T05:31:30Z,37fdcf9bb9e56f7d7302c81fc286093494c90b20543e6eb781f88ad199d88838
283257,Juniper (2021),,2021,(no genres listed),tt13259952,,,,unmatched,2026-10-02T05:29:20Z,31a0cb6509824becae00bf265094c70d59c0b5589aeb1b7e5e914655ec329aef
283287,Vicenta (2020),,2020,Animation|Documentary,tt13522066,,,,unmatched,2026-10-02T05:30:10Z,5741eeb682eb055b20badbace3d983d87001c5c1b48a790a5ed9757d21c4701d
283405,A Bunch of Amateurs (2022),,2022,Documentary,tt10869834,,,,unmatched,2026-10-02T05:27:00Z,25a01f747c403d02885c05f15ad78fb57a9f0a258f2e5d7ae85ababa48eeaddf
283419,Poor Rich Family (2020),,2020,Children|Comedy,tt11266956,,,,unmatched,2026-10-02T05:27:14Z,36399839ce18efd1da879e78899daf9733841799fd315985393e342d3934b68c
283421,Body Parts (2022),,2022,Documentary,tt8923480,,,,unmatched,2026-10-02T05:33:34Z,ffae24f5c61c2e589b5f9ebe3d4b5a1f4b9b658661fa629034a6c6f2d518026a
283447,The Last Deal (2023),,2023,Action|Crime|Thriller,tt3326138,,,,unmatched,2026-10-02T05:32:47Z,a0384fcc80646bd19d44f452f6cab05bad58f55922309b9f5985d937b1f02eea
283471,Take Your Pills: Xanax (2022),,2022,Documentary,tt23556804,,,,unmatched,2026-10-02T05:32:33Z,28394ff38e0c7218f27377c800c433d4dda46c262a5f53d6a05cbc00896be371
283541,Beck 39 - Undercover (2020),,2020,Crime|Drama|Mystery|Thriller,tt11653552,Q105623163,,,country_missing,2026-10-02T05:27:47Z,a8236c0e6b8985af815c1d1bda172de550fdb96a5ba869d592348be2747f7270
283709,Titan (2021),,2021,Drama,tt15766600,,,,unmatched,2026-10-02T05:31:20Z,6084f0269ddfaea22178f9992a5d46163efd20060c0ab52dfe8f12ae4765c65d
283719,Observations at 65° South (2021),,2021,Documentary,tt15220272,,,,unmatched,2026-10-02T05:31:08Z,a1179bc3ec280f218fb66f5b92063e001ea42b50739ffdb0d3c0fe5b5b7bfee2
283727,Amiko (2022),,2022,Drama,tt23322952,,,,unmatched,2026-10-02T05:32:33Z,28394ff38e0c7218f27377c800c433d4dda46c262a5f53d6a05cbc00896be371
283739,Daughter (2023),,2023,Drama|Horror|Mystery,tt11226404,Q137965121,,,country_missing,2026-10-02T05:27:12Z,2b41504b93e1d0f3ab052fe75b578bbd598982d6455640975ae87d4ccbee48b0
283759,Attack of the 50 Foot Camgirl (2022),,2022,Comedy|Sci-Fi,tt17052666,,,,unmatched,2026-10-02T05:31:32Z,0bea6e67327f86b63ceed4a78d22c1f874d1518cae1998c46e98095ae9f5ac23
283781,The Blackwell Ghost 7 (2022),,2022,Horror,tt23114968,,,,unmatched,2026-10-02T05:32:31Z,912bbd46ada34365c070037f8845b75439b3ff205dabb8cdb89cf73c99a8a028
283793,Nate Bargatze: Hello World (2023),,2023,Comedy,tt24165132,,,,unmatched,2026-10-02T05:32:35Z,2c91e1d9b8afdfaf055c2043a330856d53db08fa4aca4b7910e61220570a31d1
283797,Guidance (2021),,2021,Drama|Sci-Fi,tt12532466,,,,unmatched,2026-10-02T05:28:12Z,5e1afcfbedcb6928e914055f59768f191817b7b1d66a96868c43b2febae42536
283799,The Confession Musical (2023),,2023,(no genres listed),tt23872008,,,,unmatched,2026-10-02T05:32:35Z,2c91e1d9b8afdfaf055c2043a330856d53db08fa4aca4b7910e61220570a31d1
283871,Jim Jefferies: High n' Dry (2023),,2023,Comedy,tt23648010,,,,unmatched,2026-10-02T05:32:33Z,28394ff38e0c7218f27377c800c433d4dda46c262a5f53d6a05cbc00896be371
283945,One More Dream (2022),,2022,Drama,tt17194974,,,,unmatched,2026-10-02T05:31:32Z,0bea6e67327f86b63ceed4a78d22c1f874d1518cae1998c46e98095ae9f5ac23
283987,Natura Bizia (2021),,2021,Documentary,tt14273882,,,,unmatched,2026-10-02T05:30:40Z,58dc1d615e4cb0d8feb35a85475905034fee482dc59181d12522c31ef3373143
284073,Your Turn to Kill: The Movie (2021),,2021,Mystery|Thriller,tt15034594,,,,unmatched,2026-10-02T05:31:02Z,6b4c3b423db1c6dae93ceafcb10a5498aca137319a209560bed8dd0238c0bd82
284079,Tench (2020),,2020,Drama,tt8221842,,,,unmatched,2026-10-02T05:33:23Z,1b998874c5d8e792c80204f167afb25c3c65fec9a3a30d08c0268a64db79c3ef
284091,Atomic Cover-Up (2021),,2021,Documentary,tt12581996,,,,unmatched,2026-10-02T05:28:14Z,59e1c683b047ca20bf821fd5c2008e64290ae4df2de665436a2a9dafd10e71d2
284109,Mama's Boy (2022),,2022,Documentary,tt14871116,,,,unmatched,2026-10-02T05:30:58Z,108a281317918bba1d4a5d2b75b6f9616cfcbfa7dc5b6f78be51fe249b69ae7b
284123,Welcome to the Occult Forest: The Movie (2022),,2022,Horror,tt21075414,,,,unmatched,2026-10-02T05:32:18Z,8fd7200d74d856c52d6b1e696e61b9bc98cb120827b8b9de4dccb1dd3d95e25b
284261,H.P. Lovecraft's Monster Portal (2022),,2022,Horror|Mystery|Thriller,tt14157332,,,,unmatched,2026-10-02T05:30:38Z,973dfd0e61a4df6c470ee8c15968187a4e9ddb921bbb94e1aa8deac9b923c36f
284287,Die Hart the Movie (2023),,2023,Action|Comedy|Thriller,tt26198528,,,,unmatched,2026-10-02T05:32:39Z,ae5869102c00edc497e9d52dd878960f1bdd05a42f98e9b0358c8b731ac2e4e1
284407,Bad Ben: Pandemic (2020),,2020,Comedy|Horror,tt12975140,,,,unmatched,2026-10-02T05:28:27Z,6737767853427b644d3c347b89fee8b357a567896acdee568249ae856781d507
284435,The Year of the Dog (2022),,2022,Drama,tt18362444,,,,unmatched,2026-10-02T05:31:37Z,d5e19daa47da7e205ce38adda11a0b6356b404cac66583a87a93ee435ecb0734
284441,Belchior - Apenas um Coração Selvagem (2022),,2022,Documentary,tt19387730,,,,unmatched,2026-10-02T05:32:10Z,a0cf00632c4654ab8df0790bd2067a2299f8353ef6aeaf82a050f33ef4c48f30
284493,Bad Ben: Benign (2021),,2021,Comedy|Horror,tt15779062,,,,unmatched,2026-10-02T05:31:20Z,6084f0269ddfaea22178f9992a5d46163efd20060c0ab52dfe8f12ae4765c65d
284507,Not Alone in Here (2020),,2020,Horror,tt12345606,,,,unmatched,2026-10-02T05:28:08Z,263cba6f5ea26c4ff9f92f33a23b18cb9f4cbcb1dc4090295a6f74c47776071f
284509,Shadowed (2020),,2020,Horror,tt12076272,,,,unmatched,2026-10-02T05:28:03Z,79444bce0b48f7ceca561c950387a53acf5f989026a2e3df3cc895cd31d330c5
284579,The Kiss (2022),,2022,Drama|Romance,tt15822942,,,,unmatched,2026-10-02T05:31:20Z,6084f0269ddfaea22178f9992a5d46163efd20060c0ab52dfe8f12ae4765c65d
284619,Kathleen Madigan: Hunting Bigfoot (2023),,2023,Comedy,tt26348233,,,,unmatched,2026-10-02T05:32:39Z,ae5869102c00edc497e9d52dd878960f1bdd05a42f98e9b0358c8b731ac2e4e1
284631,Love in Glacier National: A National Park Romance (2023),,2023,Comedy|Romance,tt25049966,,,,unmatched,2026-10-02T05:32:37Z,4a8eb40aa3ef18a1818589912057a18184cc3d6496687c069802d79e87727154
284665,The Macabre (2022),,2022,Horror,tt11295396,,,,unmatched,2026-10-02T05:27:16Z,143bfc5b41d9d303a9735e7cd089995dd8292bbc89dba3eda0074e6269cd9c59
284689,Werewolf Cabal (2022),,2022,Horror,tt14348594,,,,unmatched,2026-10-02T05:30:42Z,bad62b820338742a949ccde1dc55a6ce09b1aeca628f1f7355bf192b157c48c7
284691,The House In Between: Part 2 (2022),,2022,Documentary|Horror|Thriller,tt18548702,,,,unmatched,2026-10-02T05:31:37Z,d5e19daa47da7e205ce38adda11a0b6356b404cac66583a87a93ee435ecb0734
284697,Marlon Wayans: God Loves Me (2023),,2023,Comedy,tt26753138,,,,unmatched,2026-10-02T05:32:41Z,e0bb0ff5cf97e3708bb1fdf3a9ef8a192c1d7767b70fd725a980e44f54e39aa3
284743,Oliverio & the Pool (2022),,2022,Comedy|Drama,tt10534520,,,,unmatched,2026-10-02T05:26:53Z,c214a6ae33c2588faea1cb69d7521e56b47c81e7ad693a75ab4268afa75dd19f
284745,007 - For Our Eyes Only (2020),,2020,Documentary,tt13075554,,,,unmatched,2026-10-02T05:29:14Z,b7cb52088b2416e8320786db7afafe94bfcb9e0276579498507d423fa90ebbd2
284747,Chris Rock: Selective Outrage (2023),,2023,Comedy,tt23571908,,,,unmatched,2026-10-02T05:32:33Z,28394ff38e0c7218f27377c800c433d4dda46c262a5f53d6a05cbc00896be371
284753,Royal Rendezvous (2023),,2023,Romance,tt26245570,,,,unmatched,2026-10-02T05:32:39Z,ae5869102c00edc497e9d52dd878960f1bdd05a42f98e9b0358c8b731ac2e4e1
284757,Electric Malady (2023),,2023,Documentary,tt21046366,,,,unmatched,2026-10-02T05:32:18Z,8fd7200d74d856c52d6b1e696e61b9bc98cb120827b8b9de4dccb1dd3d95e25b
284869,Marc Maron: From Bleak to Dark (2023),,2023,Comedy,tt26453369,,,,unmatched,2026-10-02T05:32:39Z,ae5869102c00edc497e9d52dd878960f1bdd05a42f98e9b0358c8b731ac2e4e1
284969,Accidental Family (2021),,2021,Comedy|Romance,tt14402302,,,,unmatched,2026-10-02T05:30:44Z,1487075e20cbf29a27dc1ac89b22f95301e6d5b75731f28fb9982d60c5bb8cd6
284971,My Grown-Up Christmas List (2022),,2022,Comedy|Romance,tt21058846,,,,unmatched,2026-10-02T05:32:18Z,8fd7200d74d856c52d6b1e696e61b9bc98cb120827b8b9de4dccb1dd3d95e25b
284977,In Merry Measure (2022),,2022,Comedy|Drama|Romance,tt22246626,,,,unmatched,2026-10-02T05:32:29Z,5e578bcaacff80ece2b7319e3cc0acc39c9d9175fa486d8fb9bea7c8833860fd
284983,Ghosts of Christmas Always (2022),,2022,Comedy|Drama|Romance,tt20193354,,,,unmatched,2026-10-02T05:32:14Z,4e7cd367f4e3254387e9c6762281a4985426bba72dde01d167c2e6b505221f9d
285003,Willing to Go There (2022),,2022,Horror,tt13304306,,,,unmatched,2026-10-02T05:30:00Z,1a4ee30b61c4b0e05386c5f3669dcd3940d1f9662e6767a7a41632817da17f96
285005,A Sickness (2021),,2021,Drama|Horror,tt9612304,,,,unmatched,2026-10-02T05:33:47Z,4fcad9c664cf0854fd0130a1c1950e3c9ceaee2a56caaaef0aaf50c7e4863dce
285007,Rear Window (2020),,2020,Horror|Thriller,tt13381560,,,,unmatched,2026-10-02T05:30:04Z,61377a62aedcc18b3d8935cc9910d6c752b163d417f895f8580e84e0c3249c5f
285043,Neon Lights (2022),,2022,Horror|Thriller,tt12572084,,,,unmatched,2026-10-02T05:28:14Z,59e1c683b047ca20bf821fd5c2008e64290ae4df2de665436a2a9dafd10e71d2
285047,Giantess Battle Attack! (2022),,2022,Comedy|Horror|Sci-Fi,tt21031010,,,,unmatched,2026-10-02T05:32:18Z,8fd7200d74d856c52d6b1e696e61b9bc98cb120827b8b9de4dccb1dd3d95e25b
285137,Citizen Jane Fonda (2020),,2020,Documentary,tt13036468,,,,unmatched,2026-10-02T05:29:14Z,b7cb52088b2416e8320786db7afafe94bfcb9e0276579498507d423fa90ebbd2
285157,Broken Contact - A Poltergeist Story (2020),,2020,Documentary|Horror,tt13991322,,,,unmatched,2026-10-02T05:30:22Z,9c09440ed53ff0360cbca034c22fb36468c70796d9aae9d70492b03afa8c8b92
285271,Feride (2020),,2020,Comedy,tt11440056,,,,unmatched,2026-10-02T05:27:39Z,08a8d2dd3fb772690e72388559bcdf4bb3e23e43be9a6657d270252f1eaa9302
285291,Confession (2023),,2023,Drama|Thriller,tt11920630,,,,unmatched,2026-10-02T05:27:57Z,08245447db9f5a5dd73f979b78ed0b0b18999be17b06b992117886893b449487
285581,The Blackwell Ghost 6 (2022),,2022,Drama|Horror,tt20417334,,,,unmatched,2026-10-02T05:32:16Z,ecc5c5a44c4f41e4d7d44fe8715ca05bf71cf0c46678d95edc270c2ea8f62d06
285605,"The Day the Music Died: The Story of Don McLean's ""American Pie"" (2022)",,2022,Documentary,tt12992162,,,,unmatched,2026-10-02T05:28:27Z,6737767853427b644d3c347b89fee8b357a567896acdee568249ae856781d507
285617,Bert Kreischer: Razzle Dazzle (2023),,2023,Comedy,tt26752731,,,,unmatched,2026-10-02T05:32:41Z,e0bb0ff5cf97e3708bb1fdf3a9ef8a192c1d7767b70fd725a980e44f54e39aa3
285619,Luckless in Love (2023),,2023,Comedy|Romance,tt21212308,,,,unmatched,2026-10-02T05:32:20Z,0450d72c11db6e08413da5ebbe95ace8283b0b91abb0348504cbcea1b576ce34
285625,Harland Manor (2021),,2021,Horror,tt15138970,,,,unmatched,2026-10-02T05:31:06Z,265262527e850b60a343487b1c28ea35767e331660efb4b9c00f98fd0546b511
285773,The Ghost Within (2023),,2023,Horror,tt19895130,Q141445786,,,country_missing,2026-10-02T05:32:14Z,4e7cd367f4e3254387e9c6762281a4985426bba72dde01d167c2e6b505221f9d
285783,You vs. Wild: Out Cold (2021),,2021,Action|Adventure,tt15250050,,,,unmatched,2026-10-02T05:31:08Z,a1179bc3ec280f218fb66f5b92063e001ea42b50739ffdb0d3c0fe5b5b7bfee2
285813,Marry Go Round (2022),,2022,Comedy|Romance,tt21922002,,,,unmatched,2026-10-02T05:32:25Z,677400ec238d73f96820523bd79d2414181f386ba15b19d06a3eec2c9f9c1506
285815,Litvinenko - The Mayfair Poisoning (2022),,2022,Crime|Documentary,tt24752700,,,,unmatched,2026-10-02T05:32:37Z,4a8eb40aa3ef18a1818589912057a18184cc3d6496687c069802d79e87727154
285837,Freeze (2022),,2022,Horror|Thriller,tt21379248,,,,unmatched,2026-10-02T05:32:21Z,1f5031855790c661c68c3234563f5773c167c340c24be3b0c34a72653e94ec81
285859,The Park (2023),,2023,Action|Drama|Horror|Sci-Fi|Thriller,tt21281688,,,,unmatched,2026-10-02T05:32:21Z,1f5031855790c661c68c3234563f5773c167c340c24be3b0c34a72653e94ec81
285905,Jethica (2023),,2023,Comedy|Drama|Fantasy|Horror,tt14847302,,,,unmatched,2026-10-02T05:30:56Z,7aafc3dd33d6f73000c61cace5d6ceede555a4260464331311499d6ce40936e1
285931,Patterns of life: Prana (2021),,2021,Documentary,tt15547998,,,,unmatched,2026-10-02T05:31:17Z,63da9f5effdfd1d74f31602e4e5c3a69fb550bc9469e48c7b175df81fd06b96e
286003,Maya Nilo (Laura) (2022),,2022,Drama,tt17007190,,,,unmatched,2026-10-02T05:31:30Z,37fdcf9bb9e56f7d7302c81fc286093494c90b20543e6eb781f88ad199d88838
286101,Curious Caterer: Grilling Season (2023),,2023,Mystery,tt23057702,,,,unmatched,2026-10-02T05:32:31Z,912bbd46ada34365c070037f8845b75439b3ff205dabb8cdb89cf73c99a8a028
286105,The Holly (2023),,2023,Documentary,tt19770610,,,,unmatched,2026-10-02T05:32:12Z,314a3bcd20516247e06b61fb243c8fd188573eb88bb2a816618bdc8839e7d871
286229,Unborn (2022),,2022,Horror,tt16027608,,,,unmatched,2026-10-02T05:31:22Z,16b6caf7dab831cfb1aaa50b3237c86875c0654a9e23db63c92f7170a9158e90
286253,River of Desire (2023),,2023,Drama,tt19855324,,,,unmatched,2026-10-02T05:32:12Z,314a3bcd20516247e06b61fb243c8fd188573eb88bb2a816618bdc8839e7d871
286257,Thug Rose: Mixed Martial Artist (2022),,2022,Documentary,tt22742018,,,,unmatched,2026-10-02T05:32:31Z,912bbd46ada34365c070037f8845b75439b3ff205dabb8cdb89cf73c99a8a028
286259,The Christening (2022),,2022,Comedy,tt11912510,,,,unmatched,2026-10-02T05:27:57Z,08245447db9f5a5dd73f979b78ed0b0b18999be17b06b992117886893b449487
286281,Ania (2022),,2022,Documentary,tt21835452,,,,unmatched,2026-10-02T05:32:25Z,677400ec238d73f96820523bd79d2414181f386ba15b19d06a3eec2c9f9c1506
286283,Hong Kong: City on Fire (2022),,2022,Documentary,tt23059736,,,,unmatched,2026-10-02T05:32:31Z,912bbd46ada34365c070037f8845b75439b3ff205dabb8cdb89cf73c99a8a028
286383,The Last Ghost Hunters (2021),,2021,Horror,tt10832720,,,,unmatched,2026-10-02T05:27:00Z,25a01f747c403d02885c05f15ad78fb57a9f0a258f2e5d7ae85ababa48eeaddf
286459,Donkeyland (2023),,2023,Comedy,tt26612054,,,,unmatched,2026-10-02T05:32:39Z,ae5869102c00edc497e9d52dd878960f1bdd05a42f98e9b0358c8b731ac2e4e1
286469,Jason Isbell: Running With Our Eyes Closed (2023),,2023,Documentary,tt27219668,,,,unmatched,2026-10-02T05:32:41Z,e0bb0ff5cf97e3708bb1fdf3a9ef8a192c1d7767b70fd725a980e44f54e39aa3
286491,Zoo Lock Down (2022),,2022,Documentary,tt21214628,,,,unmatched,2026-10-02T05:32:20Z,0450d72c11db6e08413da5ebbe95ace8283b0b91abb0348504cbcea1b576ce34
286529,Louis C.K. at The Dolby (2023),,2023,Comedy|Documentary,tt27430909,,,,unmatched,2026-10-02T05:32:42Z,acc4b210226bd8fb55ed4e74a4c7da5dbee25c476efcf4a7bac5d6fd0edf44b5
286531,Taxi Drivers (2023),,2023,Comedy,tt21434882,,,,unmatched,2026-10-02T05:32:23Z,96adf69573712f51075a0f3e8873e99f3181e8556f7f229606cb82863c6c7ea2
286533,Love Without Fear (2022),,2022,Drama|Romance,tt16528036,,,,unmatched,2026-10-02T05:31:27Z,d13d1bad110eb02cdfd23e7c291f93ab1180ceab222c3718e89954a34047bf10
286535,Russie - Le laboratoire syrien (2022),,2022,Documentary,tt23157622,,,,unmatched,2026-10-02T05:32:33Z,28394ff38e0c7218f27377c800c433d4dda46c262a5f53d6a05cbc00896be371
286545,How We Lookin'? (2020),,2020,Documentary,tt11908344,,,,unmatched,2026-10-02T05:27:57Z,08245447db9f5a5dd73f979b78ed0b0b18999be17b06b992117886893b449487
286555,Andromeda (2022),,2022,Sci-Fi,tt15909030,,,,unmatched,2026-10-02T05:31:22Z,16b6caf7dab831cfb1aaa50b3237c86875c0654a9e23db63c92f7170a9158e90
286591,In Balanchine's Classroom (2021),,2021,(no genres listed),tt11895180,,,,unmatched,2026-10-02T05:27:56Z,bddcd4b125e2d35d7ecefdba01a42d949881e708974efab5bed6f28014c6b62c
286601,Period Drama (2022),,2022,Animation,tt21240592,,,,unmatched,2026-10-02T05:32:20Z,0450d72c11db6e08413da5ebbe95ace8283b0b91abb0348504cbcea1b576ce34
286607,We Lost Our Human (2023),,2023,Adventure|Animation|Comedy,tt14550302,,,,unmatched,2026-10-02T05:30:48Z,43b86bac97eb36bc7e398639f12f1d550080ef5e7ad0c31dc76be2bbd8eb39a4
286629,Scream: The True Story (2022),,2022,Documentary,tt16491738,,,,unmatched,2026-10-02T05:31:27Z,d13d1bad110eb02cdfd23e7c291f93ab1180ceab222c3718e89954a34047bf10
286667,You've Got A Friend (2022),,2022,Drama|Romance,tt19769320,,,,unmatched,2026-10-02T05:32:12Z,314a3bcd20516247e06b61fb243c8fd188573eb88bb2a816618bdc8839e7d871
286685,The Other Side (2020),,2020,Drama|Mystery,tt11178152,,,,unmatched,2026-10-02T05:27:10Z,7aaa0828219af88ec0aae588bf603c00fba846ebcbd63c37fb196fa103f909a0
286771,Loose Relationship (2023),,2023,Comedy|Drama,tt26438468,,,,unmatched,2026-10-02T05:32:39Z,ae5869102c00edc497e9d52dd878960f1bdd05a42f98e9b0358c8b731ac2e4e1
286785,Unprincipled in the Village (2023),,2023,Comedy,tt23805036,,,,unmatched,2026-10-02T05:32:35Z,2c91e1d9b8afdfaf055c2043a330856d53db08fa4aca4b7910e61220570a31d1
286795,A Rifle and a Bag (2020),,2020,Documentary,tt12841428,,,,unmatched,2026-10-02T05:28:24Z,0bd6a12470cb2b08cd584fa7fb45cf59fdb21f213662507c41f950e14225b849
286839,Personality Crisis: One Night Only (2022),,2022,Documentary,tt12667838,,,,unmatched,2026-10-02T05:28:16Z,a9a7cbd00545c874a15c40ff85ae3363bcdb92ca0c69ae2b7686835a54bfb223
286875,Yudo: The Way of the Bath (2023),,2023,Drama,tt22777600,,,,unmatched,2026-10-02T05:32:31Z,912bbd46ada34365c070037f8845b75439b3ff205dabb8cdb89cf73c99a8a028
286889,Mad Cats (2023),,2023,Action|Comedy|Horror,tt27105752,,,,unmatched,2026-10-02T05:32:41Z,e0bb0ff5cf97e3708bb1fdf3a9ef8a192c1d7767b70fd725a980e44f54e39aa3
286891,The Strange Disappearance of Comrade Kuliakov (2022),,2022,Comedy|Sci-Fi|Thriller,tt19368036,,,,unmatched,2026-10-02T05:32:10Z,a0cf00632c4654ab8df0790bd2067a2299f8353ef6aeaf82a050f33ef4c48f30
286893,Instantes Capturados (2022),,2022,(no genres listed),tt22183958,,,,unmatched,2026-10-02T05:32:27Z,3762a5e98c6f19e017397857414a6d68f608a3566005ed77b8007f4097d0ba9c
286969,Jimmy O. Yang: Guess How Much? (2023),,2023,Comedy,tt27219917,,,,unmatched,2026-10-02T05:32:41Z,e0bb0ff5cf97e3708bb1fdf3a9ef8a192c1d7767b70fd725a980e44f54e39aa3
286979,Heathers: The Musical (2023),,2023,Comedy|Thriller,tt21435716,,,,unmatched,2026-10-02T05:32:23Z,96adf69573712f51075a0f3e8873e99f3181e8556f7f229606cb82863c6c7ea2
287009,Mysterious Circumstance: The Death of Meriwether Lewis (2022),,2022,Mystery|Thriller|Western,tt13216846,,,,unmatched,2026-10-02T05:29:20Z,31a0cb6509824becae00bf265094c70d59c0b5589aeb1b7e5e914655ec329aef
287051,Anqa (2023),,2023,Documentary,tt26342367,,,,unmatched,2026-10-02T05:32:39Z,ae5869102c00edc497e9d52dd878960f1bdd05a42f98e9b0358c8b731ac2e4e1
287053,Who is Mihri (2022),,2022,Documentary,tt7584370,,,,unmatched,2026-10-02T05:33:14Z,1b206242f3146468dedfb936aba8ec73f64746c797407020197153c92bab6a15
287059,The Doll (2023),,2023,Drama,tt27261231,,,,unmatched,2026-10-02T05:32:42Z,acc4b210226bd8fb55ed4e74a4c7da5dbee25c476efcf4a7bac5d6fd0edf44b5
287089,The Investigation: A Haunting in Sherwood (2020),,2020,Horror,tt11130102,,,,unmatched,2026-10-02T05:27:10Z,7aaa0828219af88ec0aae588bf603c00fba846ebcbd63c37fb196fa103f909a0
287111,Luc Longley: One Giant Leap (2021),,2021,Documentary,tt15235390,,,,unmatched,2026-10-02T05:31:08Z,a1179bc3ec280f218fb66f5b92063e001ea42b50739ffdb0d3c0fe5b5b7bfee2
287123,Roll with It (2023),,2023,(no genres listed),tt10622260,,,,unmatched,2026-10-02T05:26:55Z,3a950305fc0d41589e532c30cd7a5f7bbba3a5e9133df80c92c70027dffa2d6b
287131,Future Soldier (2023),,2023,Action|Sci-Fi,tt10334636,,,,unmatched,2026-10-02T05:26:43Z,a81d988e3844a98140fa8938cb015f71b9ad770b7bc9163a855d68952217c1ff
287157,Alone at Night (2023),,2023,Horror,tt13092974,,,,unmatched,2026-10-02T05:29:16Z,31963caaca5afa65978012f1c57b1f4cc727c44413fa07639eee178d1b60a84e
287169,Picture Perfect Romance (2022),,2022,Comedy|Romance,tt21629608,,,,unmatched,2026-10-02T05:32:23Z,96adf69573712f51075a0f3e8873e99f3181e8556f7f229606cb82863c6c7ea2
287171,The Stranger (2022),,2022,Horror|Thriller,tt9728306,,,,unmatched,2026-10-02T05:33:49Z,7d982dc21aa08adb9529914d43f83bb47a916287e182e5d34c676e43653c84b5
287185,Discontinued (2022),,2022,Comedy|Sci-Fi,tt14668044,,,,unmatched,2026-10-02T05:30:52Z,8a6407fbb8a9fe0c8181cfffe9579fe02c0fc6f1ec61c5e244654251d0f13846
287215,Queens on the Run (2023),,2023,Action|Comedy,tt21736218,,,,unmatched,2026-10-02T05:32:23Z,96adf69573712f51075a0f3e8873e99f3181e8556f7f229606cb82863c6c7ea2
287225,"Lewis Black: Tragically, I Need You (2023)",,2023,Comedy,tt27036683,,,,unmatched,2026-10-02T05:32:41Z,e0bb0ff5cf97e3708bb1fdf3a9ef8a192c1d7767b70fd725a980e44f54e39aa3
287231,Youngstown (2021),,2021,Comedy,tt14844714,,,,unmatched,2026-10-02T05:30:56Z,7aafc3dd33d6f73000c61cace5d6ceede555a4260464331311499d6ce40936e1
287353,Patterns of Evidence: Journey to Mount Sinai (2022),,2022,Documentary,tt21631628,,,,unmatched,2026-10-02T05:32:23Z,96adf69573712f51075a0f3e8873e99f3181e8556f7f229606cb82863c6c7ea2
287355,Patterns of Evidence: Journey to Mount Sinai II (2023),,2023,Documentary,tt27076290,,,,unmatched,2026-10-02T05:32:41Z,e0bb0ff5cf97e3708bb1fdf3a9ef8a192c1d7767b70fd725a980e44f54e39aa3
287369,Attack of the Doc! (2023),,2023,Documentary,tt12175226,,,,unmatched,2026-10-02T05:28:05Z,11e539e25cfd2edc140fb3daef430ef79ef3e6574e582595b465ce09b510c3b4
287399,Subspecies V: Blood Rise (2023),,2023,Fantasy|Horror,tt11075540,,,,unmatched,2026-10-02T05:27:08Z,127d606e775dce36dc1f55a3f8b276c41f3cae74a383e6a04c806cd8f248e627
287401,This Is Joan Collins (2022),,2022,Documentary,tt16966522,,,,unmatched,2026-10-02T05:31:30Z,37fdcf9bb9e56f7d7302c81fc286093494c90b20543e6eb781f88ad199d88838
287407,Something Walks in the Woods (2023),,2023,Documentary|Horror|Thriller,tt21915352,,,,unmatched,2026-10-02T05:32:25Z,677400ec238d73f96820523bd79d2414181f386ba15b19d06a3eec2c9f9c1506
287421,Death Count (2022),,2022,Horror,tt12338246,,,,unmatched,2026-10-02T05:28:08Z,263cba6f5ea26c4ff9f92f33a23b18cb9f4cbcb1dc4090295a6f74c47776071f
287423,The Dark Web Tapes (2020),,2020,Horror,tt11897224,,,,unmatched,2026-10-02T05:27:57Z,08245447db9f5a5dd73f979b78ed0b0b18999be17b06b992117886893b449487
287433,Dawn (2022),,2022,Horror|Thriller,tt15738508,,,,unmatched,2026-10-02T05:31:19Z,0e4b802b43571d5065457f956d0b5935ceb0dd6d7ee346415bf2b59d5a0ec3f6
287447,War Zone: Bear Grylls Meets President Zelenskyy (2023),,2023,Documentary,tt26763622,,,,unmatched,2026-10-02T05:32:41Z,e0bb0ff5cf97e3708bb1fdf3a9ef8a192c1d7767b70fd725a980e44f54e39aa3
287471,Accidental Truth: UFO Revelations (2023),,2023,Documentary,tt26443953,,,,unmatched,2026-10-02T05:32:39Z,ae5869102c00edc497e9d52dd878960f1bdd05a42f98e9b0358c8b731ac2e4e1
287507,Longest Third Date (2023),,2023,Documentary,tt27218658,,,,unmatched,2026-10-02T05:32:41Z,e0bb0ff5cf97e3708bb1fdf3a9ef8a192c1d7767b70fd725a980e44f54e39aa3
287521,Office Games (2022),,2022,Comedy,tt7921562,,,,unmatched,2026-10-02T05:33:18Z,db3fa481ad3ef967d24896db5eb117b7f7a733054f4fc63e3dccc8532199946e
287531,The Boulet Brothers' Halfway to Halloween TV Special (2023),,2023,Comedy|Horror,tt27130801,,,,unmatched,2026-10-02T05:32:41Z,e0bb0ff5cf97e3708bb1fdf3a9ef8a192c1d7767b70fd725a980e44f54e39aa3
287533,Out and About (2022),,2022,Comedy|Drama,tt6710876,,,,unmatched,2026-10-02T05:33:06Z,0d61171dc2a9cf28d0358032ddf83bd9bcc54a227710069734878685e6dcb8ca
287605,The Film Might be White (2023),,2023,Drama,tt25969982,,,,unmatched,2026-10-02T05:32:37Z,4a8eb40aa3ef18a1818589912057a18184cc3d6496687c069802d79e87727154
287607,The Potemkinists (2022),,2022,Comedy|Drama,tt20223278,,,,unmatched,2026-10-02T05:32:14Z,4e7cd367f4e3254387e9c6762281a4985426bba72dde01d167c2e6b505221f9d
287681,Wanda Sykes: I'm an Entertainer (2023),,2023,Comedy,tt26931915,,,,unmatched,2026-10-02T05:32:41Z,e0bb0ff5cf97e3708bb1fdf3a9ef8a192c1d7767b70fd725a980e44f54e39aa3
287683,Caviar (2023),,2023,Comedy|Horror|Mystery|Sci-Fi|Thriller,tt22306776,,,,unmatched,2026-10-02T05:32:29Z,5e578bcaacff80ece2b7319e3cc0acc39c9d9175fa486d8fb9bea7c8833860fd
287687,Imani (2023),,2023,Action,tt21967864,,,,unmatched,2026-10-02T05:32:27Z,3762a5e98c6f19e017397857414a6d68f608a3566005ed77b8007f4097d0ba9c
287705,The Light We Carry: Michelle Obama and Oprah Winfrey (2023),,2023,Documentary,tt27442442,,,,unmatched,2026-10-02T05:32:42Z,acc4b210226bd8fb55ed4e74a4c7da5dbee25c476efcf4a7bac5d6fd0edf44b5
287741,Boblo Boats: A Detroit Ferry Tale (2021),,2021,Documentary,tt5574806,,,,unmatched,2026-10-02T05:32:57Z,77fbf9f61e0b979c32dfb5d0fffabf5fd5302d17d60c1a40e58346c0c1bed1f8
287825,Conversion (2021),,2021,(no genres listed),tt9535492,Q139850294,,,country_missing,2026-10-02T05:33:45Z,9665b352781b47915d2d96f42fecad2af1c01f2be0dc6377fe925c22d683e16c
287835,Furies (2022),,2022,Action|Drama,tt26593762,,,,unmatched,2026-10-02T05:32:39Z,ae5869102c00edc497e9d52dd878960f1bdd05a42f98e9b0358c8b731ac2e4e1
287853,Bezos (2023),,2023,Drama,tt15559582,,,,unmatched,2026-10-02T05:31:17Z,63da9f5effdfd1d74f31602e4e5c3a69fb550bc9469e48c7b175df81fd06b96e
287983,Sarah Silverman: Someone You Love (2023),,2023,Comedy,tt27443713,,,,unmatched,2026-10-02T05:32:42Z,acc4b210226bd8fb55ed4e74a4c7da5dbee25c476efcf4a7bac5d6fd0edf44b5
287997,Pack of Sheep (2022),,2022,Crime|Drama|Western,tt15791136,,,,unmatched,2026-10-02T05:31:20Z,6084f0269ddfaea22178f9992a5d46163efd20060c0ab52dfe8f12ae4765c65d
288029,Hannah Gadsby: Something Special (2023),,2023,Comedy,tt27489745,,,,unmatched,2026-10-02T05:32:42Z,acc4b210226bd8fb55ed4e74a4c7da5dbee25c476efcf4a7bac5d6fd0edf44b5
288045,Beauty and the Billionaire (2022),,2022,Comedy|Romance,tt16578886,,,,unmatched,2026-10-02T05:31:30Z,37fdcf9bb9e56f7d7302c81fc286093494c90b20543e6eb781f88ad199d88838
288061,Acrimonius Alfie Atkins (2021),,2021,Comedy,tt13317086,,,,unmatched,2026-10-02T05:30:00Z,1a4ee30b61c4b0e05386c5f3669dcd3940d1f9662e6767a7a41632817da17f96
288089,The Building (2022),,2022,Documentary,tt19390092,,,,unmatched,2026-10-02T05:32:10Z,a0cf00632c4654ab8df0790bd2067a2299f8353ef6aeaf82a050f33ef4c48f30
288093,Law of Attraction (2020),,2020,Romance,tt9730696,,,,unmatched,2026-10-02T05:33:51Z,08eb8ded71126f7e751ad4a5b7aae836f1bab633e8b7a4ace25833d3c5858e2f
288097,The Goetia Diaries (2022),,2022,Horror,tt19895854,,,,unmatched,2026-10-02T05:32:14Z,4e7cd367f4e3254387e9c6762281a4985426bba72dde01d167c2e6b505221f9d
288099,Don't Look Deeper (2022),,2022,Drama|Sci-Fi,tt22811298,,,,unmatched,2026-10-02T05:32:31Z,912bbd46ada34365c070037f8845b75439b3ff205dabb8cdb89cf73c99a8a028
288131,Wait With Me (2023),,2023,Romance,tt23147592,,,,unmatched,2026-10-02T05:32:31Z,912bbd46ada34365c070037f8845b75439b3ff205dabb8cdb89cf73c99a8a028
288133,The Professional Bridesmaid (2023),,2023,Comedy|Romance,tt27010283,,,,unmatched,2026-10-02T05:32:41Z,e0bb0ff5cf97e3708bb1fdf3a9ef8a192c1d7767b70fd725a980e44f54e39aa3
288281,Devil Beneath (2023),,2023,Horror|Thriller,tt24949716,,,,unmatched,2026-10-02T05:32:37Z,4a8eb40aa3ef18a1818589912057a18184cc3d6496687c069802d79e87727154
288285,Hunting Bigfoot (2022),,2022,Documentary|Drama|Mystery,tt14289970,,,,unmatched,2026-10-02T05:30:40Z,58dc1d615e4cb0d8feb35a85475905034fee482dc59181d12522c31ef3373143
288309,Dating the Delaneys (2022),,2022,Comedy|Romance,tt20859028,,,,unmatched,2026-10-02T05:32:16Z,ecc5c5a44c4f41e4d7d44fe8715ca05bf71cf0c46678d95edc270c2ea8f62d06
288325,'Til Death Do Us Part Kourtney & Travis (2023),,2023,Documentary,tt27531742,,,,unmatched,2026-10-02T05:32:42Z,acc4b210226bd8fb55ed4e74a4c7da5dbee25c476efcf4a7bac5d6fd0edf44b5
288349,Free to a Bad Home (2023),,2023,Horror,tt14500666,,,,unmatched,2026-10-02T05:30:46Z,0c73a84dc5cf253a887e03996db24d9171258edc680beb5d7c340cfb12780117
288417,Leanne Morgan: I'm Every Woman (2023),,2023,Comedy,tt27192839,,,,unmatched,2026-10-02T05:32:41Z,e0bb0ff5cf97e3708bb1fdf3a9ef8a192c1d7767b70fd725a980e44f54e39aa3
288449,S.O.G.: The Book of Ward (2023),,2023,Documentary,tt27564488,,,,unmatched,2026-10-02T05:32:42Z,acc4b210226bd8fb55ed4e74a4c7da5dbee25c476efcf4a7bac5d6fd0edf44b5
288505,The 90 Day Plan (2021),,2021,(no genres listed),tt10772298,,,,unmatched,2026-10-02T05:26:58Z,be36a9a8fd48cdbb5f4129bdee4f66542e1c60a09f313d3f9b67e57b76bd26b3
288539,Gringa (2023),,2023,Comedy|Drama,tt8001026,,,,unmatched,2026-10-02T05:33:19Z,94c443b20b34ac610786ccf0c5df8d23935a2482c2c95d02a22df12678703b2e
288555,Bermuda Island (2023),,2023,Action|Adventure|Drama|Horror|Mystery|Thriller,tt14926914,,,,unmatched,2026-10-02T05:30:58Z,108a281317918bba1d4a5d2b75b6f9616cfcbfa7dc5b6f78be51fe249b69ae7b
288579,Dave Lester: And How Did That Make You Feel? (2023),,2023,Comedy,tt26470447,,,,unmatched,2026-10-02T05:32:39Z,ae5869102c00edc497e9d52dd878960f1bdd05a42f98e9b0358c8b731ac2e4e1
288583,The Sleep Experiment (2022),,2022,Horror|Mystery|Thriller,tt8290478,,,,unmatched,2026-10-02T05:33:23Z,1b998874c5d8e792c80204f167afb25c3c65fec9a3a30d08c0268a64db79c3ef
288597,Bad Habits Die Hard (2020),,2020,Comedy|Crime,tt11183868,,,,unmatched,2026-10-02T05:27:10Z,7aaa0828219af88ec0aae588bf603c00fba846ebcbd63c37fb196fa103f909a0
288629,Fear the Invisible Man (2023),,2023,Horror|Sci-Fi|Thriller,tt6924832,,,,unmatched,2026-10-02T05:33:09Z,1e5f97a70bd788473de953003d22877cf92b95c4581befbec11976b51b4f63d8
288631,The Rise of the Beast (2022),,2022,Action|Horror,tt15058024,,,,unmatched,2026-10-02T05:31:02Z,6b4c3b423db1c6dae93ceafcb10a5498aca137319a209560bed8dd0238c0bd82
288633,I Am DB Cooper (2022),,2022,Documentary,tt19357208,,,,unmatched,2026-10-02T05:32:10Z,a0cf00632c4654ab8df0790bd2067a2299f8353ef6aeaf82a050f33ef4c48f30
288643,If From Every Tongue it Drips (2021),,2021,Documentary,tt18069418,,,,unmatched,2026-10-02T05:31:35Z,55e332340282a079f7ec31cdf06bee6d6e2de73efb631bd67bd9ba6be000295f
288675,Amy Schumer: Emergency Contact (2023),,2023,Comedy,tt27791865,,,,unmatched,2026-10-02T05:32:42Z,acc4b210226bd8fb55ed4e74a4c7da5dbee25c476efcf4a7bac5d6fd0edf44b5
288691,Tom Segura: Sledgehammer (2023),,2023,Comedy,tt11987416,,,,unmatched,2026-10-02T05:27:59Z,43dddbb06fe1f457521da23c16ae47513cc16e3d34c296320b13af573b4f9703
288693,The Story of Nintendo (2023),,2023,Documentary,tt27766377,,,,unmatched,2026-10-02T05:32:42Z,acc4b210226bd8fb55ed4e74a4c7da5dbee25c476efcf4a7bac5d6fd0edf44b5
288701,Kevin Hart: Reality Check (2023),,2023,Comedy,tt28227488,,,,unmatched,2026-10-02T05:32:44Z,647c072512a5735b028c9b43e30851eee20a9ceb8589609963025bc7663ed7f0
288753,The Deep Web: Murdershow (2023),,2023,Horror|Thriller,tt6810618,,,,unmatched,2026-10-02T05:33:06Z,0d61171dc2a9cf28d0358032ddf83bd9bcc54a227710069734878685e6dcb8ca
288755,The League (2023),,2023,Documentary,tt15514684,,,,unmatched,2026-10-02T05:31:15Z,8e97cb553c34c6fc7de58bad30b9f56c9a56c240b87822a763717833eed00623
288767,Human Resources (2021),,2021,Horror|Mystery,tt9085008,,,,unmatched,2026-10-02T05:33:38Z,1a816c8bf268f2bfd9a20f8f2131f32b36146b00b21d5a7e287cb71aee5b7652
288889,Name Me Lawand (2023),,2023,Documentary,tt21990924,,,,unmatched,2026-10-02T05:32:27Z,3762a5e98c6f19e017397857414a6d68f608a3566005ed77b8007f4097d0ba9c
288895,Night Train (2023),,2023,Action|Crime|Thriller,tt15727212,,,,unmatched,2026-10-02T05:31:19Z,0e4b802b43571d5065457f956d0b5935ceb0dd6d7ee346415bf2b59d5a0ec3f6
288907,7th Secret (2023),,2023,Thriller,tt4121086,,,,unmatched,2026-10-02T05:32:51Z,a69c82fe6dc658866d1241c253044ba8dfd1579d4c09583fd71c1aa73280da06
288913,Cabin Girl (2023),,2023,Horror|Thriller,tt17519798,,,,unmatched,2026-10-02T05:31:33Z,6e21b94c023724c9247d6ebb93d5e2ac7a03a93d8118e0cba564eceb4381254d
288917,Dr Jason Leong: Ride with Caution (2023),,2023,Comedy,tt26340263,,,,unmatched,2026-10-02T05:32:39Z,ae5869102c00edc497e9d52dd878960f1bdd05a42f98e9b0358c8b731ac2e4e1
288923,Maximum Truth (2023),,2023,Comedy,tt14825364,,,,unmatched,2026-10-02T05:30:56Z,7aafc3dd33d6f73000c61cace5d6ceede555a4260464331311499d6ce40936e1
288939,Wedding Season (2023),,2023,Comedy|Romance,tt27689885,,,,unmatched,2026-10-02T05:32:42Z,acc4b210226bd8fb55ed4e74a4c7da5dbee25c476efcf4a7bac5d6fd0edf44b5
288941,Mixed Baggage (2023),,2023,Comedy|Drama|Romance,tt21411840,,,,unmatched,2026-10-02T05:32:23Z,96adf69573712f51075a0f3e8873e99f3181e8556f7f229606cb82863c6c7ea2
288943,The Mount 2 (2023),,2023,Horror,tt19284188,,,,unmatched,2026-10-02T05:32:10Z,a0cf00632c4654ab8df0790bd2067a2299f8353ef6aeaf82a050f33ef4c48f30
288951,A Taste of Whale (2022),,2022,Documentary,tt17799796,,,,unmatched,2026-10-02T05:31:35Z,55e332340282a079f7ec31cdf06bee6d6e2de73efb631bd67bd9ba6be000295f
288971,Ouija Japan (2021),,2021,Action|Horror,tt11162178,,,,unmatched,2026-10-02T05:27:10Z,7aaa0828219af88ec0aae588bf603c00fba846ebcbd63c37fb196fa103f909a0
288977,Skinford: Death Sentence (2023),,2023,Crime|Thriller,tt23050520,,,,unmatched,2026-10-02T05:32:31Z,912bbd46ada34365c070037f8845b75439b3ff205dabb8cdb89cf73c99a8a028
288983,UNZIPPED: An Autopsy of American Inequality (2021),,2021,Documentary,tt11644948,,,,unmatched,2026-10-02T05:27:47Z,a8236c0e6b8985af815c1d1bda172de550fdb96a5ba869d592348be2747f7270
288987,The Last 10 Years (2022),,2022,Drama|Romance,tt16444750,Q109360134|Q112646942,Q17,,ambiguous,2026-10-02T05:31:27Z,d13d1bad110eb02cdfd23e7c291f93ab1180ceab222c3718e89954a34047bf10
288991,Frontiers (2023),,2023,Drama|Thriller,tt24417030,Q111209129,,,country_missing,2026-10-02T05:32:35Z,2c91e1d9b8afdfaf055c2043a330856d53db08fa4aca4b7910e61220570a31d1
288999,Joke Man (2023),,2023,Documentary,tt11432534,,,,unmatched,2026-10-02T05:27:39Z,08a8d2dd3fb772690e72388559bcdf4bb3e23e43be9a6657d270252f1eaa9302
289005,Imaginur (2023),,2023,Drama|Sci-Fi,tt21205440,,,,unmatched,2026-10-02T05:32:20Z,0450d72c11db6e08413da5ebbe95ace8283b0b91abb0348504cbcea1b576ce34
289025,Deadly DILF (2023),,2023,Drama|Thriller,tt28329761,,,,unmatched,2026-10-02T05:32:44Z,647c072512a5735b028c9b43e30851eee20a9ceb8589609963025bc7663ed7f0
289033,The Island (2023),,2023,Action|Crime|Thriller,tt21853596,,,,unmatched,2026-10-02T05:32:25Z,677400ec238d73f96820523bd79d2414181f386ba15b19d06a3eec2c9f9c1506
289035,Have You Got It Yet? The Story of Syd Barrett and Pink Floyd (2023),,2023,Documentary,tt7182482,,,,unmatched,2026-10-02T05:33:11Z,1abab7ed0ecd62c0f24a2762907eea175e20f7e9dbc6bd7019d93e269c3a85c0
289047,The Rebellious Life of Mrs. Rosa Parks (2022),,2022,Documentary,tt15976536,,,,unmatched,2026-10-02T05:31:22Z,16b6caf7dab831cfb1aaa50b3237c86875c0654a9e23db63c92f7170a9158e90
289057,Rock Sugar (2021),,2021,Thriller,tt7613194,,,,unmatched,2026-10-02T05:33:14Z,1b206242f3146468dedfb936aba8ec73f64746c797407020197153c92bab6a15
289063,Parkland Rising (2020),,2020,(no genres listed),tt11026632,,,,unmatched,2026-10-02T05:27:06Z,c646d5a823a996130ca5aee18094953a7cfd27a0c73f52c866b6a8d1d8ee59bb
289103,Hijacked: Flight 73 (2023),,2023,Documentary,tt27721398,,,,unmatched,2026-10-02T05:32:42Z,acc4b210226bd8fb55ed4e74a4c7da5dbee25c476efcf4a7bac5d6fd0edf44b5
289135,Jim Gaffigan: Dark Pale (2023),,2023,Comedy,tt27054481,,,,unmatched,2026-10-02T05:32:41Z,e0bb0ff5cf97e3708bb1fdf3a9ef8a192c1d7767b70fd725a980e44f54e39aa3
289157,Punorjonmo | পুনর্জন্ম (2021),,2021,Crime|Thriller,tt15361954,,,,unmatched,2026-10-02T05:31:11Z,d455354212cb503b40b03a2ddd0d5a1796ab90d56cda7eedd1650306c4f2b570
289167,Dream (2023),,2023,Comedy|Drama,tt13814704,,,,unmatched,2026-10-02T05:30:18Z,1cffa4ff45e3ac3222b912537a05dbf96f44d4ebcb0cb99eabfde3ec3350e06a
289171,Reinventing Elvis: The 68' Comeback (2023),,2023,Documentary,tt12525482,,,,unmatched,2026-10-02T05:28:12Z,5e1afcfbedcb6928e914055f59768f191817b7b1d66a96868c43b2febae42536
289175,The Essential Church (2023),,2023,Documentary|Drama,tt28093168,,,,unmatched,2026-10-02T05:32:44Z,647c072512a5735b028c9b43e30851eee20a9ceb8589609963025bc7663ed7f0
289185,Punorjonmo 2 | পুনর্জন্ম ২ (2021),,2021,Crime|Thriller,tt15535380,,,,unmatched,2026-10-02T05:31:15Z,8e97cb553c34c6fc7de58bad30b9f56c9a56c240b87822a763717833eed00623
289187,Punorjonmo 3 | পুনর্জন্ম ৩ (2022),,2022,Mystery|Thriller,tt22462104,,,,unmatched,2026-10-02T05:32:29Z,5e578bcaacff80ece2b7319e3cc0acc39c9d9175fa486d8fb9bea7c8833860fd
289247,The Beanie Bubble (2022),,2022,Documentary,tt15470102,,,,unmatched,2026-10-02T05:31:13Z,5eb9304f0fab07546a3b9397b13c29de18cbcc1c87ba3e6fd85761bbcd0dfd94
289259,Take a Chance (2023),,2023,Documentary,tt27587174,,,,unmatched,2026-10-02T05:32:42Z,acc4b210226bd8fb55ed4e74a4c7da5dbee25c476efcf4a7bac5d6fd0edf44b5
289263,I Am Rage (2023),,2023,Action|Horror|Thriller,tt18284880,,,,unmatched,2026-10-02T05:31:37Z,d5e19daa47da7e205ce38adda11a0b6356b404cac66583a87a93ee435ecb0734
289285,The Murderer (2023),,2023,Comedy|Crime|Mystery|Thriller,tt22696230,,,,unmatched,2026-10-02T05:32:31Z,912bbd46ada34365c070037f8845b75439b3ff205dabb8cdb89cf73c99a8a028
289307,Punorjonmo Antim Porbo (2023),,2023,Crime|Horror|Thriller,tt28262289,,,,unmatched,2026-10-02T05:32:44Z,647c072512a5735b028c9b43e30851eee20a9ceb8589609963025bc7663ed7f0
289309,Johnny Cash: The Redemption of an American Icon (2022),,2022,Documentary,tt23112636,,,,unmatched,2026-10-02T05:32:31Z,912bbd46ada34365c070037f8845b75439b3ff205dabb8cdb89cf73c99a8a028
289313,Island Escape (2023),,2023,Action|Horror|Sci-Fi,tt27564994,,,,unmatched,2026-10-02T05:32:42Z,acc4b210226bd8fb55ed4e74a4c7da5dbee25c476efcf4a7bac5d6fd0edf44b5
289325,Mark Normand: Soup to Nuts (2023),,2023,Comedy,tt28455629,,,,unmatched,2026-10-02T05:32:44Z,647c072512a5735b028c9b43e30851eee20a9ceb8589609963025bc7663ed7f0
289329,Older Gods (2023),,2023,Horror|Mystery|Thriller,tt14817952,,,,unmatched,2026-10-02T05:30:56Z,7aafc3dd33d6f73000c61cace5d6ceede555a4260464331311499d6ce40936e1
289353,Tell Momma Not to Worry (2023),,2023,Comedy|Drama,tt16305426,,,,unmatched,2026-10-02T05:31:26Z,aa08950e7332a17206a52843dfb4f21620a55f1eb7bff642a7d59dc0220eed14
289547,Nightmare Radio: The Night Stalker (2023),,2023,Horror,tt22815452,,,,unmatched,2026-10-02T05:32:31Z,912bbd46ada34365c070037f8845b75439b3ff205dabb8cdb89cf73c99a8a028
289551,"Murder, Anyone? (2022)",,2022,Comedy,tt13556744,,,,unmatched,2026-10-02T05:30:10Z,5741eeb682eb055b20badbace3d983d87001c5c1b48a790a5ed9757d21c4701d
289567,The Devil's Door (2022),,2022,Horror,tt21307234,,,,unmatched,2026-10-02T05:32:21Z,1f5031855790c661c68c3234563f5773c167c340c24be3b0c34a72653e94ec81
289627,Blank Narcissus (Passion of the Swamp) (2022),,2022,Drama,tt23181464,,,,unmatched,2026-10-02T05:32:33Z,28394ff38e0c7218f27377c800c433d4dda46c262a5f53d6a05cbc00896be371
289671,Three Ways (2022),,2022,Comedy,tt19845038,,,,unmatched,2026-10-02T05:32:12Z,314a3bcd20516247e06b61fb243c8fd188573eb88bb2a816618bdc8839e7d871
289713,The Lurking Fear (2023),,2023,Horror,tt3171196,,,,unmatched,2026-10-02T05:32:47Z,a0384fcc80646bd19d44f452f6cab05bad58f55922309b9f5985d937b1f02eea
289749,The Arc of Oblivion (2023),,2023,Documentary,tt26084078,,,,unmatched,2026-10-02T05:32:37Z,4a8eb40aa3ef18a1818589912057a18184cc3d6496687c069802d79e87727154
289757,King Tut: A Century of Secrets (2022),,2022,Documentary,tt22782314,,,,unmatched,2026-10-02T05:32:31Z,912bbd46ada34365c070037f8845b75439b3ff205dabb8cdb89cf73c99a8a028
289803,Head to Head (2023),,2023,Action|Comedy|Thriller,tt28306747,,,,unmatched,2026-10-02T05:32:44Z,647c072512a5735b028c9b43e30851eee20a9ceb8589609963025bc7663ed7f0
289811,Secrets from Putumayo (2020),,2020,Documentary,tt15450536,,,,unmatched,2026-10-02T05:31:13Z,5eb9304f0fab07546a3b9397b13c29de18cbcc1c87ba3e6fd85761bbcd0dfd94
289819,A Safari Romance (2023),,2023,Comedy|Drama|Romance,tt12962240,,,,unmatched,2026-10-02T05:28:25Z,30280bbfa3df7b5339857b827f5f9bd1c1c0ecd3f4dd0cdd57312f765e907087
289859,Maldives Will Wait (2023),,2023,Comedy,tt24224528,,,,unmatched,2026-10-02T05:32:35Z,2c91e1d9b8afdfaf055c2043a330856d53db08fa4aca4b7910e61220570a31d1
289871,American Pain (2022),,2022,Documentary,tt19781504,,,,unmatched,2026-10-02T05:32:12Z,314a3bcd20516247e06b61fb243c8fd188573eb88bb2a816618bdc8839e7d871
289937,The Gold Machine (2022),,2022,Documentary,tt14065482,,,,unmatched,2026-10-02T05:30:35Z,5b89c543a3784f01c09eee1157118ebdd81b0ad9de4125d8061df831da3d4b1b
289947,Knitting (2021),,2021,Drama,tt11106034,,,,unmatched,2026-10-02T05:27:08Z,127d606e775dce36dc1f55a3f8b276c41f3cae74a383e6a04c806cd8f248e627
289957,The Mistress (2023),,2023,Horror|Thriller,tt13780990,,,,unmatched,2026-10-02T05:30:16Z,b1b1817c8660697b26e80a5621546a00c4060195fa97f88d895d1df99a08d6ac
289973,Granit (2021),,2021,Action|War,tt17352384,,,,unmatched,2026-10-02T05:31:32Z,0bea6e67327f86b63ceed4a78d22c1f874d1518cae1998c46e98095ae9f5ac23
290093,Metalocalypse: Army of the Doomstar (2023),,2023,Animation|Comedy,tt14636170,Q121666215,,,country_missing,2026-10-02T05:30:52Z,8a6407fbb8a9fe0c8181cfffe9579fe02c0fc6f1ec61c5e244654251d0f13846
290095,Toopy and Binoo The Movie (2023),,2023,Adventure|Animation|Children,tt27390931,,,,unmatched,2026-10-02T05:32:42Z,acc4b210226bd8fb55ed4e74a4c7da5dbee25c476efcf4a7bac5d6fd0edf44b5
290121,The Devil's Academy (2023),,2023,Documentary|Horror,tt24940422,,,,unmatched,2026-10-02T05:32:37Z,4a8eb40aa3ef18a1818589912057a18184cc3d6496687c069802d79e87727154
290141,Joel Kim Booster: Psychosexual (2022),,2022,Comedy,tt19869374,,,,unmatched,2026-10-02T05:32:14Z,4e7cd367f4e3254387e9c6762281a4985426bba72dde01d167c2e6b505221f9d
290173,Carpet Cowboys (2023),,2023,Documentary,tt28055418,,,,unmatched,2026-10-02T05:32:44Z,647c072512a5735b028c9b43e30851eee20a9ceb8589609963025bc7663ed7f0
290269,Marisol (2023),,2023,Drama,tt14361330,,,,unmatched,2026-10-02T05:30:42Z,bad62b820338742a949ccde1dc55a6ce09b1aeca628f1f7355bf192b157c48c7
290297,Magical Imperfection (2020),,2020,Documentary,tt12262120,,,,unmatched,2026-10-02T05:28:06Z,e604dea7f15fc68e7ca97c4f49c339822ac8d6942b907b49e4679178b63d84b5
290317,The Girl Who Escaped: The Kara Robinson Story (2023),,2023,Crime|Drama|Thriller,tt25602750,,,,unmatched,2026-10-02T05:32:37Z,4a8eb40aa3ef18a1818589912057a18184cc3d6496687c069802d79e87727154
290377,Palitan (2021),,2021,Drama|Romance,tt16392846,,,,unmatched,2026-10-02T05:31:26Z,aa08950e7332a17206a52843dfb4f21620a55f1eb7bff642a7d59dc0220eed14
290401,NYC Point Gods (2022),,2022,Documentary,tt20805164,,,,unmatched,2026-10-02T05:32:16Z,ecc5c5a44c4f41e4d7d44fe8715ca05bf71cf0c46678d95edc270c2ea8f62d06
290479,What the Hell Is It This Time? Sparks: Live in London (2021),,2021,Documentary,tt17824602,,,,unmatched,2026-10-02T05:31:35Z,55e332340282a079f7ec31cdf06bee6d6e2de73efb631bd67bd9ba6be000295f
290493,Shane Gillis: Live in Austin (2021),,2021,Comedy|Documentary,tt15456166,,,,unmatched,2026-10-02T05:31:13Z,5eb9304f0fab07546a3b9397b13c29de18cbcc1c87ba3e6fd85761bbcd0dfd94
290513,Ramon (2023),,2023,Comedy,tt26671035,,,,unmatched,2026-10-02T05:32:39Z,ae5869102c00edc497e9d52dd878960f1bdd05a42f98e9b0358c8b731ac2e4e1
290531,Identity Crisis (2023),,2023,Children|Comedy|Drama|Sci-Fi,tt15403372,,,,unmatched,2026-10-02T05:31:11Z,d455354212cb503b40b03a2ddd0d5a1796ab90d56cda7eedd1650306c4f2b570
290623,Ball Four Turns 40 (2022),,2022,Documentary,tt24055714,,,,unmatched,2026-10-02T05:32:35Z,2c91e1d9b8afdfaf055c2043a330856d53db08fa4aca4b7910e61220570a31d1
290625,Hitmen (2023),,2023,Action|Crime|Thriller,tt16248294,,,,unmatched,2026-10-02T05:31:24Z,4e4085811d1a45a39b8be7d4014db13597155a2cb21be3b9039159bbb67a139e
290653,War of the Worlds: The Attack (2023),,2023,Mystery|Sci-Fi|Thriller,tt12519802,,,,unmatched,2026-10-02T05:28:12Z,5e1afcfbedcb6928e914055f59768f191817b7b1d66a96868c43b2febae42536
290677,BASTARDS (2023),,2023,(no genres listed),tt23150052,,,,unmatched,2026-10-02T05:32:33Z,28394ff38e0c7218f27377c800c433d4dda46c262a5f53d6a05cbc00896be371
290767,Love at First Sight (2023),,2023,Drama|Romance,tt13444014,,,,unmatched,2026-10-02T05:30:06Z,f0b950f1745458c5581fe75f2e06da0a5109e544853c927490b23b7e4cc6d96b
290783,The Princesses and the Mysterious Guest (2023),,2023,Adventure|Animation,tt26761266,,,,unmatched,2026-10-02T05:32:41Z,e0bb0ff5cf97e3708bb1fdf3a9ef8a192c1d7767b70fd725a980e44f54e39aa3
290801,Suitcase Killer: The Melanie McGuire Story (2022),,2022,Drama,tt19813094,,,,unmatched,2026-10-02T05:32:12Z,314a3bcd20516247e06b61fb243c8fd188573eb88bb2a816618bdc8839e7d871
290809,Come Fly with Me (2023),,2023,Children|Drama|Romance,tt29081098,,,,unmatched,2026-10-02T05:32:47Z,a0384fcc80646bd19d44f452f6cab05bad58f55922309b9f5985d937b1f02eea
290823,A Holiday Homecoming (2021),,2021,Children|Romance,tt14036172,,,,unmatched,2026-10-02T05:30:32Z,aaea0c2f1885dc2edd516bed9b2e0c6f464bdb5b45c766ee57949e79a09794bd
290836,Royal Ashes (2022),,2022,Drama,tt14772866,,,,unmatched,2026-10-02T05:30:54Z,11f9ad3247b60ace28f4ebe3d2df64fd8c31dd425369ec66e0aa0b7389e99abf
290840,Love in the Great Smoky Mountains: A National Park Romance (2023),,2023,Romance,tt28455157,,,,unmatched,2026-10-02T05:32:44Z,647c072512a5735b028c9b43e30851eee20a9ceb8589609963025bc7663ed7f0
290848,Plus One at an Amish Wedding (2022),,2022,Comedy|Romance,tt17178096,,,,unmatched,2026-10-02T05:31:32Z,0bea6e67327f86b63ceed4a78d22c1f874d1518cae1998c46e98095ae9f5ac23
290850,Baby Bulldog (2020),,2020,Children|Comedy|Drama,tt6004438,,,,unmatched,2026-10-02T05:33:01Z,f2932b6f041cbc5d33a7a6aaa6b55d38b5d72368d5857c02f206e850b8a898c2
290858,The Wedding Veil Expectations (2023),,2023,Comedy|Romance,tt25050004,,,,unmatched,2026-10-02T05:32:37Z,4a8eb40aa3ef18a1818589912057a18184cc3d6496687c069802d79e87727154
290860,The Wedding Veil Inspiration (2023),,2023,Comedy|Romance,tt25134264,,,,unmatched,2026-10-02T05:32:37Z,4a8eb40aa3ef18a1818589912057a18184cc3d6496687c069802d79e87727154
290862,The Wedding Veil Journey (2023),,2023,Comedy|Romance,tt25134270,,,,unmatched,2026-10-02T05:32:37Z,4a8eb40aa3ef18a1818589912057a18184cc3d6496687c069802d79e87727154
290868,Joy & Hope (2020),,2020,Comedy|Drama|Romance,tt11038592,,,,unmatched,2026-10-02T05:27:06Z,c646d5a823a996130ca5aee18094953a7cfd27a0c73f52c866b6a8d1d8ee59bb
290870,A Lifelong Love (2023),,2023,Drama|Romance,tt27560881,,,,unmatched,2026-10-02T05:32:42Z,acc4b210226bd8fb55ed4e74a4c7da5dbee25c476efcf4a7bac5d6fd0edf44b5
290872,Key to Love (2023),,2023,Comedy|Romance,tt14873756,,,,unmatched,2026-10-02T05:30:58Z,108a281317918bba1d4a5d2b75b6f9616cfcbfa7dc5b6f78be51fe249b69ae7b
290882,Poppy (2021),,2021,Children|Drama,tt14617732,,,,unmatched,2026-10-02T05:30:50Z,cf709f23c4a348c1051419441fdc09901409c1a8215063ff9f9de9aeff40d238
290890,When Love Springs (2023),,2023,Comedy|Romance,tt24484852,,,,unmatched,2026-10-02T05:32:37Z,4a8eb40aa3ef18a1818589912057a18184cc3d6496687c069802d79e87727154
290904,How to Live Your Best Death (2022),,2022,Mystery|Thriller,tt20358158,,,,unmatched,2026-10-02T05:32:14Z,4e7cd367f4e3254387e9c6762281a4985426bba72dde01d167c2e6b505221f9d
290906,Nightmare PTA Moms (2022),,2022,Thriller,tt15693760,,,,unmatched,2026-10-02T05:31:19Z,0e4b802b43571d5065457f956d0b5935ceb0dd6d7ee346415bf2b59d5a0ec3f6
290922,The Green River Killer: Mind of a Monster (2020),,2020,Documentary,tt12891978,,,,unmatched,2026-10-02T05:28:25Z,30280bbfa3df7b5339857b827f5f9bd1c1c0ecd3f4dd0cdd57312f765e907087
290930,Billion Dollar Heist (2023),,2023,Documentary,tt11028122,,,,unmatched,2026-10-02T05:27:06Z,c646d5a823a996130ca5aee18094953a7cfd27a0c73f52c866b6a8d1d8ee59bb
290940,Journey of My Heart (2021),,2021,Comedy|Romance,tt15006372,,,,unmatched,2026-10-02T05:31:00Z,52f332d34ec7e69e1b8a6c970ccf1877db72ed59da41f2fb653161d99ab4add5
290984,Cross Purposes (2021),,2021,Drama,tt10716298,,,,unmatched,2026-10-02T05:26:56Z,27762538674d29f4da22543f9476cb8f360b8416958807123e91c13a1dd7c42f
291010,God & Salsa (2022),,2022,Drama,tt12362542,,,,unmatched,2026-10-02T05:28:08Z,263cba6f5ea26c4ff9f92f33a23b18cb9f4cbcb1dc4090295a6f74c47776071f
291026,A Pinch of Portugal (2023),,2023,Comedy|Romance,tt27244707,,,,unmatched,2026-10-02T05:32:41Z,e0bb0ff5cf97e3708bb1fdf3a9ef8a192c1d7767b70fd725a980e44f54e39aa3
291028,Seasoned With Love (2021),,2021,Romance,tt13013696,,,,unmatched,2026-10-02T05:28:27Z,6737767853427b644d3c347b89fee8b357a567896acdee568249ae856781d507
291032,Together Forever Tea (2021),,2021,Romance,tt13055752,,,,unmatched,2026-10-02T05:29:14Z,b7cb52088b2416e8320786db7afafe94bfcb9e0276579498507d423fa90ebbd2
291038,Dilly Loves Kitty (2022),,2022,Comedy|Romance,tt11170782,,,,unmatched,2026-10-02T05:27:10Z,7aaa0828219af88ec0aae588bf603c00fba846ebcbd63c37fb196fa103f909a0
291118,Farmer Seeking Love (2022),,2022,Comedy|Romance,tt15029944,,,,unmatched,2026-10-02T05:31:02Z,6b4c3b423db1c6dae93ceafcb10a5498aca137319a209560bed8dd0238c0bd82
291120,The 27-Hour Day (2021),,2021,Children|Comedy|Romance,tt14632158,,,,unmatched,2026-10-02T05:30:52Z,8a6407fbb8a9fe0c8181cfffe9579fe02c0fc6f1ec61c5e244654251d0f13846
291122,Roadhouse Romance (2021),,2021,Comedy|Romance,tt8957414,,,,unmatched,2026-10-02T05:33:34Z,ffae24f5c61c2e589b5f9ebe3d4b5a1f4b9b658661fa629034a6c6f2d518026a
291126,Flowers & Honey (2021),,2021,Romance,tt14550450,,,,unmatched,2026-10-02T05:30:48Z,43b86bac97eb36bc7e398639f12f1d550080ef5e7ad0c31dc76be2bbd8eb39a4
291136,Los Xey: A Real Movie Story (2022),,2022,Documentary,tt22864178,,,,unmatched,2026-10-02T05:32:31Z,912bbd46ada34365c070037f8845b75439b3ff205dabb8cdb89cf73c99a8a028
291144,Everything I Am (2021),,2021,Drama,tt15174924,,,,unmatched,2026-10-02T05:31:06Z,265262527e850b60a343487b1c28ea35767e331660efb4b9c00f98fd0546b511
291146,Pursuit of Freedom (2022),,2022,Drama,tt12477816,,,,unmatched,2026-10-02T05:28:12Z,5e1afcfbedcb6928e914055f59768f191817b7b1d66a96868c43b2febae42536
291164,Moonrise (2022),,2022,Children|Drama,tt15481802,,,,unmatched,2026-10-02T05:31:13Z,5eb9304f0fab07546a3b9397b13c29de18cbcc1c87ba3e6fd85761bbcd0dfd94
291176,Greenback (2023),,2023,Action|Comedy|Thriller,tt28363514,,,,unmatched,2026-10-02T05:32:44Z,647c072512a5735b028c9b43e30851eee20a9ceb8589609963025bc7663ed7f0
291198,Love's Greek to Me (2023),,2023,Comedy|Romance,tt27689644,,,,unmatched,2026-10-02T05:32:42Z,acc4b210226bd8fb55ed4e74a4c7da5dbee25c476efcf4a7bac5d6fd0edf44b5
291200,The Wedding Veil Unveiled (2022),,2022,Comedy|Romance,tt17524476,,,,unmatched,2026-10-02T05:31:33Z,6e21b94c023724c9247d6ebb93d5e2ac7a03a93d8118e0cba564eceb4381254d
291218,Romance in the Wilds (2021),,2021,Romance,tt13438628,,,,unmatched,2026-10-02T05:30:06Z,f0b950f1745458c5581fe75f2e06da0a5109e544853c927490b23b7e4cc6d96b
291242,Resisting Roots (2022),,2022,Drama|Romance,tt16374130,,,,unmatched,2026-10-02T05:31:26Z,aa08950e7332a17206a52843dfb4f21620a55f1eb7bff642a7d59dc0220eed14
291260,Hearts in the Game (2023),,2023,Comedy|Romance,tt27138882,,,,unmatched,2026-10-02T05:32:41Z,e0bb0ff5cf97e3708bb1fdf3a9ef8a192c1d7767b70fd725a980e44f54e39aa3
291288,Destination Love (2022),,2022,Comedy|Romance,tt14239846,,,,unmatched,2026-10-02T05:30:40Z,58dc1d615e4cb0d8feb35a85475905034fee482dc59181d12522c31ef3373143
291348,Mommy's Little Star (2022),,2022,Crime|Thriller,tt15391684,,,,unmatched,2026-10-02T05:31:11Z,d455354212cb503b40b03a2ddd0d5a1796ab90d56cda7eedd1650306c4f2b570
291371,Captive (2023),,2023,Horror|Thriller,tt11584674,,,,unmatched,2026-10-02T05:27:45Z,7c9bd0ead99fe1cedc1a83296f869770878c94b34ace67bc1d4760f1d4760822
291373,Arranged Love (2023),,2023,Comedy|Romance,tt27003320,,,,unmatched,2026-10-02T05:32:41Z,e0bb0ff5cf97e3708bb1fdf3a9ef8a192c1d7767b70fd725a980e44f54e39aa3
291377,Ms. Match (2023),,2023,Comedy|Romance,tt20893734,,,,unmatched,2026-10-02T05:32:18Z,8fd7200d74d856c52d6b1e696e61b9bc98cb120827b8b9de4dccb1dd3d95e25b
291379,Married by Mistake (2023),,2023,Comedy|Romance,tt21403538,,,,unmatched,2026-10-02T05:32:23Z,96adf69573712f51075a0f3e8873e99f3181e8556f7f229606cb82863c6c7ea2
291381,Why Can't My Life Be a Rom-Com? (2023),,2023,Comedy|Romance,tt20912894,,,,unmatched,2026-10-02T05:32:18Z,8fd7200d74d856c52d6b1e696e61b9bc98cb120827b8b9de4dccb1dd3d95e25b
291391,Cryptid (2022),,2022,Horror|Mystery,tt4974812,,,,unmatched,2026-10-02T05:32:55Z,9c8487159e5dd4c42186272879c0aa92d2a6b7c87032a31061d9fd751e21c495
291413,Aloha Heart (2023),,2023,Comedy|Romance,tt28145543,,,,unmatched,2026-10-02T05:32:44Z,647c072512a5735b028c9b43e30851eee20a9ceb8589609963025bc7663ed7f0
291417,Match Me If You Can (2023),,2023,Comedy|Romance,tt10738020,,,,unmatched,2026-10-02T05:26:56Z,27762538674d29f4da22543f9476cb8f360b8416958807123e91c13a1dd7c42f
291421,I CAN (2023),,2023,Children|Drama,tt15332976,,,,unmatched,2026-10-02T05:31:09Z,6f01b7c0e83118e4b495955eb118ba78832b78805ae4fc5aaf27ef3968564175
291461,Mystery Island (2023),,2023,Mystery,tt28524545,,,,unmatched,2026-10-02T05:32:44Z,647c072512a5735b028c9b43e30851eee20a9ceb8589609963025bc7663ed7f0
291463,A Harvest Homecoming (2023),,2023,Comedy|Romance,tt28495622,,,,unmatched,2026-10-02T05:32:44Z,647c072512a5735b028c9b43e30851eee20a9ceb8589609963025bc7663ed7f0
291743,The King In Yellow (2023),,2023,Horror,tt25816248,,,,unmatched,2026-10-02T05:32:37Z,4a8eb40aa3ef18a1818589912057a18184cc3d6496687c069802d79e87727154
291767,Howard’s Mill (2021),,2021,Crime|Horror|Mystery,tt10022716,,,,unmatched,2026-10-02T05:26:32Z,d7e565545bd4dc9780f8f935845acccb6658273617895df66f221fcf02041a72
291775,The Nurse That Saw the Baby on the Highway (2023),,2023,(no genres listed),tt28650765,,,,unmatched,2026-10-02T05:32:44Z,647c072512a5735b028c9b43e30851eee20a9ceb8589609963025bc7663ed7f0
291785,Color of Heaven (2022),,2022,Drama,tt13656056,,,,unmatched,2026-10-02T05:30:14Z,ab5a77e410ab51011e70e88731eb8ac75ebb115999c231f071aafd33c082e452
291793,Don't Sell My Baby (2023),,2023,Thriller,tt19637104,,,,unmatched,2026-10-02T05:32:10Z,a0cf00632c4654ab8df0790bd2067a2299f8353ef6aeaf82a050f33ef4c48f30
291831,Retreat to You (2023),,2023,Comedy|Romance,tt28524429,,,,unmatched,2026-10-02T05:32:44Z,647c072512a5735b028c9b43e30851eee20a9ceb8589609963025bc7663ed7f0
291841,Silent Witnesses (2023),,2023,Documentary|Drama|Romance,tt27127359,,,,unmatched,2026-10-02T05:32:41Z,e0bb0ff5cf97e3708bb1fdf3a9ef8a192c1d7767b70fd725a980e44f54e39aa3
291849,Piercing Wounds (2023),,2023,Action|Drama|Romance,tt22474922,,,,unmatched,2026-10-02T05:32:29Z,5e578bcaacff80ece2b7319e3cc0acc39c9d9175fa486d8fb9bea7c8833860fd
291865,The Way of the Househusband: The Movie (2022),,2022,Comedy|Drama,tt21097018,,,,unmatched,2026-10-02T05:32:18Z,8fd7200d74d856c52d6b1e696e61b9bc98cb120827b8b9de4dccb1dd3d95e25b
291901,Snapshot of Love (2022),,2022,Comedy|Romance,tt13550090,,,,unmatched,2026-10-02T05:30:10Z,5741eeb682eb055b20badbace3d983d87001c5c1b48a790a5ed9757d21c4701d
291965,Wish Upon a Wedding (2023),,2023,Comedy|Romance,tt21949620,,,,unmatched,2026-10-02T05:32:27Z,3762a5e98c6f19e017397857414a6d68f608a3566005ed77b8007f4097d0ba9c
291967,Yellowstone Supervolcano: American Doomsday (2021),,2021,Documentary,tt15326918,,,,unmatched,2026-10-02T05:31:09Z,6f01b7c0e83118e4b495955eb118ba78832b78805ae4fc5aaf27ef3968564175
291977,Taken In Montana (2023),,2023,Thriller,tt28833706,,,,unmatched,2026-10-02T05:32:47Z,a0384fcc80646bd19d44f452f6cab05bad58f55922309b9f5985d937b1f02eea
291979,Kidnapping in the Grand Canyon (2023),,2023,Thriller,tt28833382,,,,unmatched,2026-10-02T05:32:47Z,a0384fcc80646bd19d44f452f6cab05bad58f55922309b9f5985d937b1f02eea
291981,Abducted by My Teacher: The Elizabeth Thomas Story (2023),,2023,Crime|Thriller,tt28226615,,,,unmatched,2026-10-02T05:32:44Z,647c072512a5735b028c9b43e30851eee20a9ceb8589609963025bc7663ed7f0
291983,"Lust, Lies, and Polygamy (2023)",,2023,Drama|Thriller,tt27925750,,,,unmatched,2026-10-02T05:32:44Z,647c072512a5735b028c9b43e30851eee20a9ceb8589609963025bc7663ed7f0
292035,Hope (2020),,2020,Drama,tt12484708,,,,unmatched,2026-10-02T05:28:12Z,5e1afcfbedcb6928e914055f59768f191817b7b1d66a96868c43b2febae42536
292361,Beyond Existence (2022),,2022,Sci-Fi|Thriller,tt3898224,,,,unmatched,2026-10-02T05:32:49Z,b6582f1073d60302cc1986f190f272c359b2b20c02ca9afa632b0bc95110f2e0
292363,I «Loved» my Husband. The Movie (2023),,2023,Comedy|Crime,tt26693494,,,,unmatched,2026-10-02T05:32:41Z,e0bb0ff5cf97e3708bb1fdf3a9ef8a192c1d7767b70fd725a980e44f54e39aa3
292367,Speak Sunlight (2023),,2023,Drama,tt12525878,,,,unmatched,2026-10-02T05:28:12Z,5e1afcfbedcb6928e914055f59768f191817b7b1d66a96868c43b2febae42536
292467,Space Wars: Quest for the Deepstar (2023),,2023,Action|Adventure|Sci-Fi,tt16235342,,,,unmatched,2026-10-02T05:31:24Z,4e4085811d1a45a39b8be7d4014db13597155a2cb21be3b9039159bbb67a139e
292471,Tracy Morgan: Takin' It Too Far (2023),,2023,Comedy,tt11459784,,,,unmatched,2026-10-02T05:27:41Z,a8f7d11754e0bc083aadf57c6ceada40e22345891dec61fdd2e0ab9507354734
292477,Secrets of the Sea (2022),,2022,(no genres listed),tt19863432,,,,unmatched,2026-10-02T05:32:14Z,4e7cd367f4e3254387e9c6762281a4985426bba72dde01d167c2e6b505221f9d
292535,The Giants of Easter Islands (2023),,2023,(no genres listed),tt27347892,,,,unmatched,2026-10-02T05:32:42Z,acc4b210226bd8fb55ed4e74a4c7da5dbee25c476efcf4a7bac5d6fd0edf44b5
292601,Mountain Flesh (2022),,2022,Documentary,tt27201962,,,,unmatched,2026-10-02T05:32:41Z,e0bb0ff5cf97e3708bb1fdf3a9ef8a192c1d7767b70fd725a980e44f54e39aa3
292603,The Female Voice Of Afghanistan: Life After Life (2021),,2021,Documentary,tt27051478,,,,unmatched,2026-10-02T05:32:41Z,e0bb0ff5cf97e3708bb1fdf3a9ef8a192c1d7767b70fd725a980e44f54e39aa3
292605,Our River... Our Sky (2023),,2023,Drama|War,tt10676126,,,,unmatched,2026-10-02T05:26:55Z,3a950305fc0d41589e532c30cd7a5f7bbba3a5e9133df80c92c70027dffa2d6b
292607,The Invention of the Other (2022),,2022,Documentary,tt27127118,,,,unmatched,2026-10-02T05:32:41Z,e0bb0ff5cf97e3708bb1fdf3a9ef8a192c1d7767b70fd725a980e44f54e39aa3
292609,The Wind Blows the Border (2022),,2022,Documentary,tt19414286,,,,unmatched,2026-10-02T05:32:10Z,a0cf00632c4654ab8df0790bd2067a2299f8353ef6aeaf82a050f33ef4c48f30
292611,Kenya (2022),,2022,Documentary,tt28498936,,,,unmatched,2026-10-02T05:32:44Z,647c072512a5735b028c9b43e30851eee20a9ceb8589609963025bc7663ed7f0
