userId,movieId,rating,timestamp,rated_at_utc
28,166291,5.0,1616557333,2021-03-24T03:42:13Z
28,163134,5.0,1635269235,2021-10-26T17:27:15Z
28,246604,4.0,1635270772,2021-10-26T17:52:52Z
28,254464,5.0,1644611445,2022-02-11T20:30:45Z
28,204158,5.0,1644612429,2022-02-11T20:47:09Z
28,273891,3.5,1676300735,2023-02-13T15:05:35Z
28,198611,4.0,1684675217,2023-05-21T13:20:17Z
228,200820,3.5,1588786289,2020-05-06T17:31:29Z
228,143367,4.5,1588786291,2020-05-06T17:31:31Z
228,168250,4.0,1588786291,2020-05-06T17:31:31Z
228,163134,4.5,1588786292,2020-05-06T17:31:32Z
228,166291,4.0,1588786292,2020-05-06T17:31:32Z
228,200838,3.5,1588786293,2020-05-06T17:31:33Z
265,168250,4.0,1601998027,2020-10-06T15:27:07Z
265,165105,3.0,1605639228,2020-11-17T18:53:48Z
265,193041,5.0,1615346716,2021-03-10T03:25:16Z
265,150776,4.0,1623162936,2021-06-08T14:35:36Z
265,200838,3.0,1628120162,2021-08-04T23:36:02Z
265,200820,3.0,1630262373,2021-08-29T18:39:33Z
265,183661,0.5,1639718557,2021-12-17T05:22:37Z
265,239256,2.5,1639803987,2021-12-18T05:06:27Z
265,210577,3.5,1656775306,2022-07-02T15:21:46Z
265,164395,3.5,1656790986,2022-07-02T19:43:06Z
265,275245,2.0,1661463831,2022-08-25T21:43:51Z
265,271160,1.0,1676871904,2023-02-20T05:45:04Z
265,163056,4.5,1689657980,2023-07-18T05:26:20Z
326,168250,3.5,1587920331,2020-04-26T16:58:51Z
326,210577,2.5,1589080479,2020-05-10T03:14:39Z
326,188773,3.5,1592672718,2020-06-20T17:05:18Z
326,275245,3.5,1658638593,2022-07-24T04:56:33Z
326,231413,3.0,1665296360,2022-10-09T06:19:20Z
610,242062,0.5,1615484876,2021-03-11T17:47:56Z
610,168250,5.0,1615485018,2021-03-11T17:50:18Z
610,188623,0.5,1615485773,2021-03-11T18:02:53Z
610,163134,0.5,1615487425,2021-03-11T18:30:25Z
610,165105,3.0,1615487992,2021-03-11T18:39:52Z
991,168250,3.5,1525023400,2018-04-29T17:36:40Z
991,188773,2.5,1540049051,2018-10-20T15:24:11Z
991,182467,3.0,1654375110,2022-06-04T20:38:30Z
991,238344,3.0,1662727617,2022-09-09T12:46:57Z
991,150776,3.0,1662728431,2022-09-09T13:00:31Z
991,164282,3.5,1662728457,2022-09-09T13:00:57Z
1048,140805,1.5,1619382196,2021-04-25T20:23:16Z
1048,143367,3.5,1619382215,2021-04-25T20:23:35Z
1048,168250,4.5,1619382215,2021-04-25T20:23:35Z
1048,179411,4.0,1619382215,2021-04-25T20:23:35Z
1048,193916,3.5,1619382221,2021-04-25T20:23:41Z
1048,186985,2.0,1619382223,2021-04-25T20:23:43Z
1205,168250,4.5,1607376861,2020-12-07T21:34:21Z
1205,163134,5.0,1607377070,2020-12-07T21:37:50Z
1205,204158,4.5,1607377085,2020-12-07T21:38:05Z
1205,166291,4.5,1607377108,2020-12-07T21:38:28Z
1205,275245,4.0,1690776925,2023-07-31T04:15:25Z
1205,198611,4.0,1690777234,2023-07-31T04:20:34Z
1522,163134,4.0,1488578510,2017-03-03T22:01:50Z
1522,140106,4.0,1508315854,2017-10-18T08:37:34Z
1522,166291,3.0,1508315854,2017-10-18T08:37:34Z
1522,164204,3.5,1545341952,2018-12-20T21:39:12Z
1522,168250,3.0,1545341952,2018-12-20T21:39:12Z
1522,185905,3.5,1545341953,2018-12-20T21:39:13Z
1522,188773,5.0,1545341953,2018-12-20T21:39:13Z
1522,188623,4.5,1615750352,2021-03-14T19:32:32Z
1522,197079,4.0,1615750352,2021-03-14T19:32:32Z
1522,204158,3.0,1615750353,2021-03-14T19:32:33Z
1522,209949,3.0,1615750353,2021-03-14T19:32:33Z
1551,166126,3.0,1514885688,2018-01-02T09:34:48Z
1551,182467,2.5,1514885926,2018-01-02T09:38:46Z
1551,180069,3.0,1563054543,2019-07-13T21:49:03Z
1551,188623,4.0,1569096260,2019-09-21T20:04:20Z
1551,188773,3.5,1573418795,2019-11-10T20:46:35Z
1551,223310,3.5,1631253571,2021-09-10T05:59:31Z
1551,200794,3.0,1633885313,2021-10-10T17:01:53Z
1551,242062,4.0,1643829136,2022-02-02T19:12:16Z
1551,257037,4.0,1643915134,2022-02-03T19:05:34Z
1551,281278,3.0,1670059491,2022-12-03T09:24:51Z
1551,141432,3.0,1674416249,2023-01-22T19:37:29Z
1617,200820,4.0,1598145739,2020-08-23T01:22:19Z
1617,165105,2.0,1598145740,2020-08-23T01:22:20Z
1617,143367,1.5,1598145741,2020-08-23T01:22:21Z
1617,163134,1.5,1598145741,2020-08-23T01:22:21Z
1617,168250,3.5,1598145741,2020-08-23T01:22:21Z
1623,169400,3.0,1514476561,2017-12-28T15:56:01Z
1623,183661,3.0,1516445471,2018-01-20T10:51:11Z
1623,184641,1.5,1519157022,2018-02-20T20:03:42Z
1623,186985,1.5,1541117485,2018-11-02T00:11:25Z
1623,193533,3.0,1541117897,2018-11-02T00:18:17Z
1867,163134,5.0,1571548227,2019-10-20T05:10:27Z
1867,166291,4.0,1571548301,2019-10-20T05:11:41Z
1867,193916,4.0,1571548435,2019-10-20T05:13:55Z
1867,186985,3.0,1571548455,2019-10-20T05:14:15Z
1867,146309,5.0,1571549032,2019-10-20T05:23:52Z
1867,168250,4.0,1571551431,2019-10-20T06:03:51Z
1867,170125,4.0,1572797781,2019-11-03T16:16:21Z
2421,142550,2.5,1443866842,2015-10-03T10:07:22Z
2421,164282,1.5,1474829274,2016-09-25T18:47:54Z
2421,166126,2.5,1506353607,2017-09-25T15:33:27Z
2421,190705,4.0,1543957036,2018-12-04T20:57:16Z
2421,188773,4.5,1608500631,2020-12-20T21:43:51Z
2421,260185,4.5,1633723119,2021-10-08T19:58:39Z
2421,188623,3.5,1637762042,2021-11-24T13:54:02Z
2476,168250,3.0,1580570696,2020-02-01T15:24:56Z
2476,171013,3.0,1597398405,2020-08-14T09:46:45Z
2476,185905,3.5,1637357144,2021-11-19T21:25:44Z
2476,188773,3.5,1637357515,2021-11-19T21:31:55Z
2476,164204,3.0,1637357724,2021-11-19T21:35:24Z
2476,166291,2.5,1637357763,2021-11-19T21:36:03Z
2476,204158,3.0,1637358204,2021-11-19T21:43:24Z
2854,231413,5.0,1628761777,2021-08-12T09:49:37Z
2854,143367,3.5,1628761782,2021-08-12T09:49:42Z
2854,163134,4.5,1628761782,2021-08-12T09:49:42Z
2854,168250,4.5,1628761782,2021-08-12T09:49:42Z
2854,188623,4.0,1628761783,2021-08-12T09:49:43Z
2854,200838,3.5,1628761783,2021-08-12T09:49:43Z
2854,204158,4.0,1628761784,2021-08-12T09:49:44Z
2873,194797,3.0,1579941449,2020-01-25T08:37:29Z
2873,191235,3.5,1579941451,2020-01-25T08:37:31Z
2873,183661,4.0,1579941453,2020-01-25T08:37:33Z
2873,186985,4.0,1579941938,2020-01-25T08:45:38Z
2873,200820,3.5,1579942867,2020-01-25T09:01:07Z
2962,200838,2.0,1571593184,2019-10-20T17:39:44Z
2962,163134,2.0,1585544225,2020-03-30T04:57:05Z
2962,188623,2.5,1587961634,2020-04-27T04:27:14Z
2962,188773,4.0,1588349422,2020-05-01T16:10:22Z
2962,163056,3.5,1618857466,2021-04-19T18:37:46Z
2962,257037,3.0,1648096969,2022-03-24T04:42:49Z
2962,252932,1.0,1655263684,2022-06-15T03:28:04Z
2962,168250,4.5,1661121521,2022-08-21T22:38:41Z
2962,275245,2.5,1667339910,2022-11-01T21:58:30Z
2962,273891,3.0,1671648367,2022-12-21T18:46:07Z
2966,200820,5.0,1564233436,2019-07-27T13:17:16Z
2966,170125,4.0,1564237586,2019-07-27T14:26:26Z
2966,177939,3.5,1564241171,2019-07-27T15:26:11Z
2966,162968,4.5,1564242596,2019-07-27T15:49:56Z
2966,168090,3.5,1564242603,2019-07-27T15:50:03Z
2966,168218,3.5,1564242607,2019-07-27T15:50:07Z
2966,174549,2.5,1564428402,2019-07-29T19:26:42Z
2966,204814,4.0,1565471398,2019-08-10T21:09:58Z
2966,204816,3.0,1565471522,2019-08-10T21:12:02Z
2966,204820,0.5,1565471660,2019-08-10T21:14:20Z
2966,204810,2.0,1565471684,2019-08-10T21:14:44Z
2966,204812,1.5,1565471686,2019-08-10T21:14:46Z
2966,204818,2.0,1565471777,2019-08-10T21:16:17Z
2966,205539,3.0,1567211154,2019-08-31T00:25:54Z
2966,163056,4.5,1568144449,2019-09-10T19:40:49Z
2966,183661,1.5,1568760085,2019-09-17T22:41:25Z
2966,191235,3.0,1568818729,2019-09-18T14:58:49Z
2966,146309,3.0,1569096740,2019-09-21T20:12:20Z
2966,169022,3.5,1569096753,2019-09-21T20:12:33Z
2966,194797,2.0,1569096759,2019-09-21T20:12:39Z
2966,201706,1.0,1571845186,2019-10-23T15:39:46Z
2966,207826,3.0,1571845248,2019-10-23T15:40:48Z
2966,207828,2.0,1571845325,2019-10-23T15:42:05Z
2966,204158,2.0,1571845339,2019-10-23T15:42:19Z
2966,193916,1.5,1571845399,2019-10-23T15:43:19Z
2966,192981,3.5,1572448770,2019-10-30T15:19:30Z
2966,184835,4.5,1572448787,2019-10-30T15:19:47Z
2966,187545,4.0,1572630150,2019-11-01T17:42:30Z
2966,184977,4.0,1573296009,2019-11-09T10:40:09Z
2966,200838,1.5,1577107076,2019-12-23T13:17:56Z
2966,206393,3.5,1583372843,2020-03-05T01:47:23Z
3001,163056,4.0,1585877300,2020-04-03T01:28:20Z
3001,192649,4.0,1585878049,2020-04-03T01:40:49Z
3001,196937,4.0,1585878116,2020-04-03T01:41:56Z
3001,137863,2.5,1585878160,2020-04-03T01:42:40Z
3001,168250,4.0,1585879424,2020-04-03T02:03:44Z
3107,143367,5.0,1499337240,2017-07-06T10:34:00Z
3107,163134,3.5,1564913096,2019-08-04T10:04:56Z
3107,188623,5.0,1619911945,2021-05-01T23:32:25Z
3107,257037,4.0,1637186033,2021-11-17T21:53:53Z
3107,258001,4.5,1637205823,2021-11-18T03:23:43Z
3107,160848,3.0,1642195797,2022-01-14T21:29:57Z
3107,274993,4.0,1691309719,2023-08-06T08:15:19Z
3135,241452,3.5,1696296897,2023-10-03T01:34:57Z
3135,275245,0.5,1696296897,2023-10-03T01:34:57Z
3135,230703,0.5,1696296899,2023-10-03T01:34:59Z
3135,266244,3.0,1696296903,2023-10-03T01:35:03Z
3135,232365,4.5,1696296904,2023-10-03T01:35:04Z
3135,238344,0.5,1696296904,2023-10-03T01:35:04Z
3135,247370,2.0,1696296904,2023-10-03T01:35:04Z
3135,263885,1.5,1696296904,2023-10-03T01:35:04Z
3135,257037,0.5,1696296905,2023-10-03T01:35:05Z
3135,258001,0.5,1696296906,2023-10-03T01:35:06Z
3135,279376,0.5,1696296907,2023-10-03T01:35:07Z
3135,289611,0.5,1696296917,2023-10-03T01:35:17Z
3135,140106,5.0,1696296924,2023-10-03T01:35:24Z
3135,143531,0.5,1696296924,2023-10-03T01:35:24Z
3135,164395,2.5,1696296924,2023-10-03T01:35:24Z
3135,161578,4.5,1696296926,2023-10-03T01:35:26Z
3135,169974,3.5,1696296926,2023-10-03T01:35:26Z
3135,142618,4.5,1696296927,2023-10-03T01:35:27Z
3135,141432,4.0,1696296928,2023-10-03T01:35:28Z
3135,163056,4.0,1696296928,2023-10-03T01:35:28Z
3135,150776,3.0,1696296929,2023-10-03T01:35:29Z
3135,176515,3.5,1696296929,2023-10-03T01:35:29Z
3135,164643,5.0,1696296931,2023-10-03T01:35:31Z
3135,167250,2.0,1696296931,2023-10-03T01:35:31Z
3135,191763,4.5,1696296932,2023-10-03T01:35:32Z
3135,164403,4.5,1696296933,2023-10-03T01:35:33Z
3135,166974,4.5,1696296933,2023-10-03T01:35:33Z
3135,170805,2.5,1696296933,2023-10-03T01:35:33Z
3135,177465,3.5,1696296933,2023-10-03T01:35:33Z
3135,197657,3.5,1696296933,2023-10-03T01:35:33Z
3135,205765,0.5,1696296933,2023-10-03T01:35:33Z
3135,168250,4.0,1696296934,2023-10-03T01:35:34Z
3135,175283,3.0,1696296934,2023-10-03T01:35:34Z
3135,163134,4.0,1696296935,2023-10-03T01:35:35Z
3135,164204,4.5,1696296935,2023-10-03T01:35:35Z
3135,166291,3.0,1696296935,2023-10-03T01:35:35Z
3135,170811,2.0,1696296935,2023-10-03T01:35:35Z
3135,184509,4.0,1696296935,2023-10-03T01:35:35Z
3135,197549,0.5,1696296935,2023-10-03T01:35:35Z
3135,179113,4.0,1696296937,2023-10-03T01:35:37Z
3135,205759,4.0,1696296938,2023-10-03T01:35:38Z
3135,182467,4.0,1696296939,2023-10-03T01:35:39Z
3135,188433,3.0,1696296939,2023-10-03T01:35:39Z
3135,272895,0.5,1696296939,2023-10-03T01:35:39Z
3135,212359,3.5,1696296940,2023-10-03T01:35:40Z
3135,177939,4.0,1696296941,2023-10-03T01:35:41Z
3135,185905,3.5,1696296941,2023-10-03T01:35:41Z
3135,187467,3.0,1696296942,2023-10-03T01:35:42Z
3135,272909,4.0,1696296942,2023-10-03T01:35:42Z
3135,188623,4.0,1696296944,2023-10-03T01:35:44Z
3135,230195,2.0,1696296944,2023-10-03T01:35:44Z
3135,188773,2.5,1696296946,2023-10-03T01:35:46Z
3135,221282,3.0,1696296953,2023-10-03T01:35:53Z
3135,260825,0.5,1696296954,2023-10-03T01:35:54Z
3135,292033,3.0,1696346640,2023-10-03T15:24:00Z
3135,292043,0.5,1696346895,2023-10-03T15:28:15Z
3135,292057,2.0,1696347053,2023-10-03T15:30:53Z
3210,163134,4.5,1629831686,2021-08-24T19:01:26Z
3210,146309,3.5,1629831788,2021-08-24T19:03:08Z
3210,166291,4.0,1629831967,2021-08-24T19:06:07Z
3210,219820,4.5,1629832180,2021-08-24T19:09:40Z
3210,198611,4.0,1629832346,2021-08-24T19:12:26Z
3210,216149,3.5,1629832560,2021-08-24T19:16:00Z
3210,193583,4.0,1629832578,2021-08-24T19:16:18Z
3210,162990,4.0,1629832657,2021-08-24T19:17:37Z
3210,204158,3.5,1629832905,2021-08-24T19:21:45Z
3210,224845,4.5,1641824032,2022-01-10T14:13:52Z
3210,224465,4.0,1645628505,2022-02-23T15:01:45Z
3210,281014,3.5,1669216662,2022-11-23T15:17:42Z
3210,281016,4.0,1669216725,2022-11-23T15:18:45Z
3210,201704,4.0,1669216747,2022-11-23T15:19:07Z
3210,281018,4.0,1669216965,2022-11-23T15:22:45Z
3210,280996,3.5,1669646418,2022-11-28T14:40:18Z
3210,177939,3.0,1670246861,2022-12-05T13:27:41Z
3210,281806,3.0,1671624696,2022-12-21T12:11:36Z
3210,253826,4.5,1679647798,2023-03-24T08:49:58Z
3210,281188,4.5,1682357867,2023-04-24T17:37:47Z
3210,214216,4.0,1692525880,2023-08-20T10:04:40Z
3210,249180,4.5,1692706197,2023-08-22T12:09:57Z
3231,178907,4.0,1510167258,2017-11-08T18:54:18Z
3231,163134,4.0,1561490777,2019-06-25T19:26:17Z
3231,204158,4.0,1620934883,2021-05-13T19:41:23Z
3231,273891,4.0,1660154726,2022-08-10T18:05:26Z
3231,289097,3.5,1692982846,2023-08-25T17:00:46Z
3349,163134,4.5,1619455886,2021-04-26T16:51:26Z
3349,204158,4.0,1619455915,2021-04-26T16:51:55Z
3349,140106,3.5,1619457552,2021-04-26T17:19:12Z
3349,164204,4.0,1619548052,2021-04-27T18:27:32Z
3349,162990,2.5,1622144325,2021-05-27T19:38:45Z
3349,166291,3.5,1623352120,2021-06-10T19:08:40Z
3349,143367,2.0,1634997640,2021-10-23T14:00:40Z
3349,141432,4.0,1634999294,2021-10-23T14:28:14Z
3349,188773,4.5,1642793869,2022-01-21T19:37:49Z
3349,188623,3.0,1645360964,2022-02-20T12:42:44Z
3408,168250,4.0,1488942142,2017-03-08T03:02:22Z
3408,188773,4.5,1586318878,2020-04-08T04:07:58Z
3408,257037,5.0,1644716323,2022-02-13T01:38:43Z
3408,275245,4.5,1658447442,2022-07-21T23:50:42Z
3408,273891,4.0,1660610319,2022-08-16T00:38:39Z
3408,289097,4.0,1693100626,2023-08-27T01:43:46Z
3514,231413,3.5,1677158556,2023-02-23T13:22:36Z
3514,272079,3.5,1677158557,2023-02-23T13:22:37Z
3514,162968,3.5,1677158559,2023-02-23T13:22:39Z
3514,212383,3.5,1677158560,2023-02-23T13:22:40Z
3514,163134,3.5,1677158561,2023-02-23T13:22:41Z
3514,166291,3.5,1677158561,2023-02-23T13:22:41Z
3514,168090,3.5,1677158561,2023-02-23T13:22:41Z
3514,168218,3.5,1677158561,2023-02-23T13:22:41Z
3514,168250,4.0,1677158561,2023-02-23T13:22:41Z
3514,177939,3.5,1677158561,2023-02-23T13:22:41Z
3514,178907,3.5,1677158561,2023-02-23T13:22:41Z
3514,188623,3.5,1677158561,2023-02-23T13:22:41Z
3514,192209,2.0,1677158561,2023-02-23T13:22:41Z
3514,192649,3.5,1677158561,2023-02-23T13:22:41Z
3514,198611,3.5,1677158561,2023-02-23T13:22:41Z
3514,212385,3.5,1677158561,2023-02-23T13:22:41Z
3522,168250,5.0,1499505075,2017-07-08T09:11:15Z
3522,146309,4.5,1509277611,2017-10-29T11:46:51Z
3522,143367,4.5,1531425397,2018-07-12T19:56:37Z
3522,188773,4.5,1552753310,2019-03-16T16:21:50Z
3522,163134,4.0,1589398883,2020-05-13T19:41:23Z
4048,163134,5.0,1537184585,2018-09-17T11:43:05Z
4048,168250,5.0,1569924437,2019-10-01T10:07:17Z
4048,200838,4.0,1582366280,2020-02-22T10:11:20Z
4048,146309,5.0,1628333773,2021-08-07T10:56:13Z
4048,160848,4.0,1662195516,2022-09-03T08:58:36Z
4048,196937,4.0,1679262006,2023-03-19T21:40:06Z
4048,137863,4.0,1679262134,2023-03-19T21:42:14Z
4048,276231,4.0,1682767663,2023-04-29T11:27:43Z
4080,163134,4.5,1490717141,2017-03-28T16:05:41Z
4080,143367,3.5,1491588096,2017-04-07T18:01:36Z
4080,168250,4.0,1498329089,2017-06-24T18:31:29Z
4080,173007,4.0,1506545413,2017-09-27T20:50:13Z
4080,177939,4.0,1611575495,2021-01-25T11:51:35Z
4080,206393,4.0,1622679226,2021-06-03T00:13:46Z
4080,239256,3.5,1632352451,2021-09-22T23:14:11Z
4080,252932,2.0,1657417295,2022-07-10T01:41:35Z
4080,273891,4.0,1665443074,2022-10-10T23:04:34Z
4080,275245,3.5,1684517204,2023-05-19T17:26:44Z
4167,252308,3.0,1644475102,2022-02-10T06:38:22Z
4167,255639,3.0,1644475102,2022-02-10T06:38:22Z
4167,168250,3.0,1644475107,2022-02-10T06:38:27Z
4167,163134,5.0,1644475108,2022-02-10T06:38:28Z
4167,166291,3.5,1644475108,2022-02-10T06:38:28Z
4167,188623,4.0,1644475108,2022-02-10T06:38:28Z
4167,239256,0.5,1644475108,2022-02-10T06:38:28Z
4167,196937,4.5,1644475109,2022-02-10T06:38:29Z
4167,257037,3.0,1648198885,2022-03-25T09:01:25Z
4294,275245,3.0,1663795514,2022-09-21T21:25:14Z
4294,257037,4.5,1663795515,2022-09-21T21:25:15Z
4294,246604,2.0,1663795516,2022-09-21T21:25:16Z
4294,163056,4.0,1663795517,2022-09-21T21:25:17Z
4294,163134,4.0,1663795517,2022-09-21T21:25:17Z
4294,168250,3.5,1663795517,2022-09-21T21:25:17Z
4294,200820,3.0,1663795517,2022-09-21T21:25:17Z
4294,188773,3.5,1663795519,2022-09-21T21:25:19Z
4340,143367,4.0,1509591606,2017-11-02T03:00:06Z
4340,168250,3.5,1509591607,2017-11-02T03:00:07Z
4340,164204,4.0,1644881521,2022-02-14T23:32:01Z
4340,188623,4.0,1644881522,2022-02-14T23:32:02Z
4340,188773,4.0,1644881522,2022-02-14T23:32:02Z
4340,257037,4.5,1649577399,2022-04-10T07:56:39Z
4340,160848,4.0,1654475137,2022-06-06T00:25:37Z
4340,140106,4.0,1655789859,2022-06-21T05:37:39Z
4340,275245,3.0,1664555211,2022-09-30T16:26:51Z
4340,242062,3.5,1690087813,2023-07-23T04:50:13Z
4392,257037,5.0,1654007342,2022-05-31T14:29:02Z
4392,188623,5.0,1654009605,2022-05-31T15:06:45Z
4392,188773,4.5,1654009607,2022-05-31T15:06:47Z
4392,143367,4.5,1654009697,2022-05-31T15:08:17Z
4392,182467,5.0,1654010141,2022-05-31T15:15:41Z
4392,246604,5.0,1654014060,2022-05-31T16:21:00Z
4392,198107,3.5,1654015392,2022-05-31T16:43:12Z
4392,142550,3.5,1654015439,2022-05-31T16:43:59Z
4392,207297,4.0,1654015462,2022-05-31T16:44:22Z
4392,140108,3.5,1654015500,2022-05-31T16:45:00Z
4392,179411,3.5,1654015505,2022-05-31T16:45:05Z
4392,161592,2.0,1654015512,2022-05-31T16:45:12Z
4392,253332,4.0,1654015833,2022-05-31T16:50:33Z
4392,239256,2.0,1654019622,2022-05-31T17:53:42Z
4392,150776,4.0,1654019634,2022-05-31T17:53:54Z
4392,177939,4.5,1654280979,2022-06-03T18:29:39Z
4392,164643,4.5,1654370240,2022-06-04T19:17:20Z
4392,163134,4.0,1654434935,2022-06-05T13:15:35Z
4392,168250,4.5,1654435223,2022-06-05T13:20:23Z
4392,192649,2.5,1654790985,2022-06-09T16:09:45Z
4392,164204,4.0,1655154341,2022-06-13T21:05:41Z
4392,193916,3.0,1655173491,2022-06-14T02:24:51Z
4392,178907,3.0,1655173543,2022-06-14T02:25:43Z
4392,200794,4.5,1655173612,2022-06-14T02:26:52Z
4392,275245,5.0,1660522714,2022-08-15T00:18:34Z
4392,259737,3.5,1660522857,2022-08-15T00:20:57Z
4392,193041,4.0,1660524576,2022-08-15T00:49:36Z
4392,163056,5.0,1664120334,2022-09-25T15:38:54Z
4392,276231,3.5,1664121462,2022-09-25T15:57:42Z
4392,273891,1.0,1664121683,2022-09-25T16:01:23Z
4552,164204,4.0,1644879184,2022-02-14T22:53:04Z
4552,188623,4.0,1644879185,2022-02-14T22:53:05Z
4552,188773,4.0,1644879185,2022-02-14T22:53:05Z
4552,143367,4.0,1644879188,2022-02-14T22:53:08Z
4552,168250,3.5,1644879188,2022-02-14T22:53:08Z
4772,192209,4.0,1610234589,2021-01-09T23:23:09Z
4772,177285,4.0,1614187173,2021-02-24T17:19:33Z
4772,198611,5.0,1633375939,2021-10-04T19:32:19Z
4772,163134,5.0,1633375956,2021-10-04T19:32:36Z
4772,204158,4.0,1633375967,2021-10-04T19:32:47Z
4772,178111,3.5,1633376000,2021-10-04T19:33:20Z
4772,218795,4.5,1636141033,2021-11-05T19:37:13Z
4772,166291,4.0,1659363556,2022-08-01T14:19:16Z
4772,192847,2.5,1659363582,2022-08-01T14:19:42Z
4772,201706,3.5,1659363691,2022-08-01T14:21:31Z
4772,254464,4.5,1659363740,2022-08-01T14:22:20Z
4772,272555,3.0,1660427933,2022-08-13T21:58:53Z
4772,279094,3.5,1663614088,2022-09-19T19:01:28Z
4772,197549,4.0,1667930846,2022-11-08T18:07:26Z
4772,264073,4.0,1667947125,2022-11-08T22:38:45Z
5029,168250,4.0,1500227708,2017-07-16T17:55:08Z
5029,137863,3.0,1500230809,2017-07-16T18:46:49Z
5029,173007,3.0,1500355306,2017-07-18T05:21:46Z
5029,140805,1.5,1505081775,2017-09-10T22:16:15Z
5029,180091,2.5,1509987750,2017-11-06T17:02:30Z
5029,165105,3.5,1515652077,2018-01-11T06:27:57Z
5029,200838,4.0,1558229638,2019-05-19T01:33:58Z
5029,200820,2.0,1560061407,2019-06-09T06:23:27Z
5029,192649,4.5,1565237150,2019-08-08T04:05:50Z
5029,210577,3.5,1584042909,2020-03-12T19:55:09Z
5029,239256,2.0,1632038456,2021-09-19T08:00:56Z
5029,272079,5.0,1647927898,2022-03-22T05:44:58Z
5029,275245,4.0,1658612763,2022-07-23T21:46:03Z
5029,273891,3.0,1660120699,2022-08-10T08:38:19Z
5029,271160,2.5,1663303530,2022-09-16T04:45:30Z
5037,143367,4.5,1670543826,2022-12-08T23:57:06Z
5037,168250,4.5,1670546113,2022-12-09T00:35:13Z
5037,275245,4.5,1670546747,2022-12-09T00:45:47Z
5037,163134,3.5,1670546953,2022-12-09T00:49:13Z
5037,181225,5.0,1670579435,2022-12-09T09:50:35Z
5037,188623,5.0,1670579644,2022-12-09T09:54:04Z
5108,175479,5.0,1508573712,2017-10-21T08:15:12Z
5108,200384,4.0,1581305253,2020-02-10T03:27:33Z
5108,200386,4.5,1581305311,2020-02-10T03:28:31Z
5108,200838,2.0,1589732622,2020-05-17T16:23:42Z
5108,250832,2.5,1637443573,2021-11-20T21:26:13Z
5108,291427,4.0,1695358279,2023-09-22T04:51:19Z
5124,275245,4.0,1693778088,2023-09-03T21:54:48Z
5124,273891,4.0,1693778090,2023-09-03T21:54:50Z
5124,210577,4.0,1693778100,2023-09-03T21:55:00Z
5124,143367,3.0,1693778102,2023-09-03T21:55:02Z
5124,168250,4.0,1693778102,2023-09-03T21:55:02Z
5124,163134,4.0,1693778103,2023-09-03T21:55:03Z
5124,200838,4.5,1693778103,2023-09-03T21:55:03Z
5263,163134,5.0,1549370602,2019-02-05T12:43:22Z
5263,188773,4.5,1589474199,2020-05-14T16:36:39Z
5263,166291,4.5,1590838524,2020-05-30T11:35:24Z
5263,146309,4.5,1590839993,2020-05-30T11:59:53Z
5263,142566,5.0,1590840733,2020-05-30T12:12:13Z
5263,246604,3.5,1654708904,2022-06-08T17:21:44Z
5263,204158,5.0,1655490655,2022-06-17T18:30:55Z
5263,273891,4.0,1666871387,2022-10-27T11:49:47Z
5263,177939,5.0,1667741037,2022-11-06T13:23:57Z
5385,163134,2.0,1509566640,2017-11-01T20:04:00Z
5385,140106,4.0,1555021995,2019-04-11T22:33:15Z
5385,164204,3.5,1555022002,2019-04-11T22:33:22Z
5385,184835,3.0,1560171824,2019-06-10T13:03:44Z
5385,188623,3.0,1594666027,2020-07-13T18:47:07Z
5385,141432,3.0,1596018534,2020-07-29T10:28:54Z
5385,188773,3.0,1611017120,2021-01-19T00:45:20Z
5385,185905,2.0,1644102173,2022-02-05T23:02:53Z
5890,168250,4.0,1502919291,2017-08-16T21:34:51Z
5890,163134,5.0,1534186911,2018-08-13T19:01:51Z
5890,188773,5.0,1638207946,2021-11-29T17:45:46Z
5890,164204,4.0,1638387304,2021-12-01T19:35:04Z
5890,160848,4.5,1648665011,2022-03-30T18:30:11Z
6112,163134,4.5,1626873973,2021-07-21T13:26:13Z
6112,166291,4.0,1626874023,2021-07-21T13:27:03Z
6112,204158,4.5,1626874335,2021-07-21T13:32:15Z
6112,193916,3.0,1626874483,2021-07-21T13:34:43Z
6112,146309,3.5,1626874490,2021-07-21T13:34:50Z
6112,178111,3.5,1626874629,2021-07-21T13:37:09Z
6112,201706,2.5,1626874651,2021-07-21T13:37:31Z
6112,171013,4.0,1626874840,2021-07-21T13:40:40Z
6112,177285,3.5,1626874870,2021-07-21T13:41:10Z
6112,201704,3.0,1627045326,2021-07-23T13:02:06Z
6112,224465,3.0,1627045404,2021-07-23T13:03:24Z
6112,162990,2.5,1627045428,2021-07-23T13:03:48Z
6112,161594,3.5,1627045459,2021-07-23T13:04:19Z
6112,205447,3.0,1627045496,2021-07-23T13:04:56Z
6112,198611,3.5,1627045531,2021-07-23T13:05:31Z
6112,221072,2.0,1627045554,2021-07-23T13:05:54Z
6112,192981,3.5,1627045610,2021-07-23T13:06:50Z
6112,214216,4.0,1627045680,2021-07-23T13:08:00Z
6112,186985,1.0,1627045934,2021-07-23T13:12:14Z
6112,210577,3.0,1627047785,2021-07-23T13:43:05Z
6112,163056,3.0,1627047793,2021-07-23T13:43:13Z
6112,164395,3.5,1627048059,2021-07-23T13:47:39Z
6112,173905,2.0,1627048071,2021-07-23T13:47:51Z
6112,177939,2.0,1635098966,2021-10-24T18:09:26Z
6112,259871,2.5,1635789021,2021-11-01T17:50:21Z
6112,246604,2.5,1641055280,2022-01-01T16:41:20Z
6112,206393,3.0,1641925495,2022-01-11T18:24:55Z
6112,249180,4.5,1642958528,2022-01-23T17:22:08Z
6112,251520,2.0,1643043323,2022-01-24T16:55:23Z
6112,169400,2.5,1643733276,2022-02-01T16:34:36Z
6112,193533,2.0,1644359361,2022-02-08T22:29:21Z
6112,216525,1.5,1645029569,2022-02-16T16:39:29Z
6112,224841,3.0,1651169053,2022-04-28T18:04:13Z
6112,179411,3.0,1654445797,2022-06-05T16:16:37Z
6112,216511,0.5,1655648246,2022-06-19T14:17:26Z
6112,162968,3.5,1655648251,2022-06-19T14:17:31Z
6112,142566,3.0,1655648252,2022-06-19T14:17:32Z
6112,160848,3.0,1655648252,2022-06-19T14:17:32Z
6112,179493,2.5,1655648252,2022-06-19T14:17:32Z
6112,200820,3.0,1655648252,2022-06-19T14:17:32Z
6112,148855,3.0,1655648253,2022-06-19T14:17:33Z
6112,162718,2.5,1655648253,2022-06-19T14:17:33Z
6112,166295,3.0,1655648253,2022-06-19T14:17:33Z
6112,168090,3.5,1655648253,2022-06-19T14:17:33Z
6112,168218,3.0,1655648253,2022-06-19T14:17:33Z
6112,170125,3.5,1655648253,2022-06-19T14:17:33Z
6112,173007,2.0,1655648254,2022-06-19T14:17:34Z
6112,177229,2.5,1655648254,2022-06-19T14:17:34Z
6112,177869,3.5,1655648254,2022-06-19T14:17:34Z
6112,193583,2.5,1655648254,2022-06-19T14:17:34Z
6112,215653,3.5,1655648254,2022-06-19T14:17:34Z
6112,192209,3.5,1655648255,2022-06-19T14:17:35Z
6112,216147,4.0,1655648255,2022-06-19T14:17:35Z
6112,208293,3.0,1655648256,2022-06-19T14:17:36Z
6112,200838,3.0,1661966092,2022-08-31T17:14:52Z
6112,188773,4.0,1662393939,2022-09-05T16:05:39Z
6112,204610,2.0,1663003363,2022-09-12T17:22:43Z
6112,221256,3.0,1664125106,2022-09-25T16:58:26Z
6112,194797,1.5,1667836771,2022-11-07T15:59:31Z
6112,191235,1.5,1667836779,2022-11-07T15:59:39Z
6112,183661,1.5,1667836790,2022-11-07T15:59:50Z
6112,273891,2.5,1678803268,2023-03-14T14:14:28Z
6112,198107,3.0,1685286463,2023-05-28T15:07:43Z
6250,273891,3.5,1695739936,2023-09-26T14:52:16Z
6250,281188,3.5,1695739937,2023-09-26T14:52:17Z
6250,163134,4.5,1695739941,2023-09-26T14:52:21Z
6250,166291,3.0,1695739941,2023-09-26T14:52:21Z
6250,168250,4.0,1695739941,2023-09-26T14:52:21Z
6250,204158,3.5,1695739943,2023-09-26T14:52:23Z
6311,162968,3.5,1561130909,2019-06-21T15:28:29Z
6311,168090,4.0,1561130916,2019-06-21T15:28:36Z
6311,168218,4.0,1561130921,2019-06-21T15:28:41Z
6311,163134,4.0,1561175372,2019-06-22T03:49:32Z
6311,168250,3.5,1564541838,2019-07-31T02:57:18Z
6317,168250,2.0,1545357620,2018-12-21T02:00:20Z
6317,193041,2.0,1602101303,2020-10-07T20:08:23Z
6317,207297,3.5,1602103314,2020-10-07T20:41:54Z
6317,142550,3.5,1602104011,2020-10-07T20:53:31Z
6317,179411,3.5,1602104092,2020-10-07T20:54:52Z
6324,137863,3.5,1449173532,2015-12-03T20:12:12Z
6324,178907,4.5,1507699612,2017-10-11T05:26:52Z
6324,163134,5.0,1515786453,2018-01-12T19:47:33Z
6324,148855,4.0,1537766322,2018-09-24T05:18:42Z
6324,196937,1.5,1557775879,2019-05-13T19:31:19Z
6324,169400,4.0,1584484478,2020-03-17T22:34:38Z
6324,246604,2.5,1648106580,2022-03-24T07:23:00Z
6324,275245,3.5,1669347507,2022-11-25T03:38:27Z
6324,273891,4.0,1670773417,2022-12-11T15:43:37Z
6324,286915,1.5,1684297025,2023-05-17T04:17:05Z
6324,276231,4.0,1693791321,2023-09-04T01:35:21Z
6471,143367,4.0,1488653810,2017-03-04T18:56:50Z
6471,163134,5.0,1489291936,2017-03-12T04:12:16Z
6471,168250,4.0,1495489645,2017-05-22T21:47:25Z
6471,187467,4.0,1525030382,2018-04-29T19:33:02Z
6471,173935,2.5,1529508817,2018-06-20T15:33:37Z
6471,193041,5.0,1541813291,2018-11-10T01:28:11Z
6471,198119,1.5,1560302074,2019-06-12T01:14:34Z
6471,207323,4.0,1570830356,2019-10-11T21:45:56Z
6471,189121,4.0,1571258105,2019-10-16T20:35:05Z
6471,209973,4.0,1575564077,2019-12-05T16:41:17Z
6541,137863,5.0,1446251038,2015-10-31T00:23:58Z
6541,140805,4.0,1446658047,2015-11-04T17:27:27Z
6541,173007,3.5,1513299005,2017-12-15T00:50:05Z
6541,169400,3.0,1523933806,2018-04-17T02:56:46Z
6541,168250,4.0,1528311916,2018-06-06T19:05:16Z
6541,196937,3.0,1548725586,2019-01-29T01:33:06Z
6541,186985,3.0,1549303570,2019-02-04T18:06:10Z
6541,200052,1.0,1553123530,2019-03-20T23:12:10Z
6541,174549,2.0,1569777102,2019-09-29T17:11:42Z
6541,210577,3.0,1584030829,2020-03-12T16:33:49Z
6541,224841,4.0,1601514445,2020-10-01T01:07:25Z
6541,267380,1.0,1640588714,2021-12-27T07:05:14Z
6541,265114,3.0,1649828759,2022-04-13T05:45:59Z
6541,273891,3.0,1667803967,2022-11-07T06:52:47Z
6541,281066,2.0,1669450730,2022-11-26T08:18:50Z
6541,206093,2.0,1691898086,2023-08-13T03:41:26Z
6541,289097,3.0,1695805988,2023-09-27T09:13:08Z
6570,163134,4.5,1607401750,2020-12-08T04:29:10Z
6570,166291,5.0,1607401757,2020-12-08T04:29:17Z
6570,204158,4.5,1607401771,2020-12-08T04:29:31Z
6570,200838,3.5,1634004190,2021-10-12T02:03:10Z
6570,210939,4.0,1686546188,2023-06-12T05:03:08Z
6570,281188,4.0,1686546887,2023-06-12T05:14:47Z
6690,166291,4.0,1650232011,2022-04-17T21:46:51Z
6690,163134,3.5,1650232020,2022-04-17T21:47:00Z
6690,168250,4.0,1650232686,2022-04-17T21:58:06Z
6690,160848,3.5,1650234066,2022-04-17T22:21:06Z
6690,177939,4.5,1650239389,2022-04-17T23:49:49Z
6796,168250,4.0,1494886052,2017-05-15T22:07:32Z
6796,163134,3.5,1523308423,2018-04-09T21:13:43Z
6796,188773,5.0,1554760136,2019-04-08T21:48:56Z
6796,188623,4.5,1559684746,2019-06-04T21:45:46Z
6796,177939,5.0,1623272527,2021-06-09T21:02:07Z
6796,257037,4.0,1655646406,2022-06-19T13:46:46Z
6796,275245,3.0,1668274175,2022-11-12T17:29:35Z
6796,273891,1.5,1693568125,2023-09-01T11:35:25Z
6921,168250,4.0,1673457003,2023-01-11T17:10:03Z
6921,210577,2.5,1673457493,2023-01-11T17:18:13Z
6921,166291,4.0,1673458413,2023-01-11T17:33:33Z
6921,275245,4.5,1673458760,2023-01-11T17:39:20Z
6921,163134,3.5,1673458922,2023-01-11T17:42:02Z
6921,193041,4.5,1673459445,2023-01-11T17:50:45Z
7248,257037,3.0,1659008259,2022-07-28T11:37:39Z
7248,200820,1.5,1659008264,2022-07-28T11:37:44Z
7248,143367,3.0,1659008267,2022-07-28T11:37:47Z
7248,168250,4.0,1659008267,2022-07-28T11:37:47Z
7248,163134,2.5,1659008268,2022-07-28T11:37:48Z
7248,200838,1.5,1659008268,2022-07-28T11:37:48Z
7248,182479,3.0,1659008269,2022-07-28T11:37:49Z
7248,188623,3.5,1659008269,2022-07-28T11:37:49Z
7248,275245,3.5,1661739089,2022-08-29T02:11:29Z
7419,188773,4.0,1595948630,2020-07-28T15:03:50Z
7419,204158,4.0,1595948815,2020-07-28T15:06:55Z
7419,166291,5.0,1595948917,2020-07-28T15:08:37Z
7419,188623,4.0,1595949171,2020-07-28T15:12:51Z
7419,193916,3.5,1595949192,2020-07-28T15:13:12Z
7419,171013,3.5,1595949264,2020-07-28T15:14:24Z
7419,200838,3.5,1596034163,2020-07-29T14:49:23Z
7419,173007,3.0,1596559606,2020-08-04T16:46:46Z
7419,187145,3.5,1596559639,2020-08-04T16:47:19Z
7419,192209,3.5,1596559720,2020-08-04T16:48:40Z
7419,198611,3.5,1596559727,2020-08-04T16:48:47Z
7419,178111,3.5,1596560064,2020-08-04T16:54:24Z
7419,216525,3.5,1596560088,2020-08-04T16:54:48Z
7419,163134,4.5,1596804964,2020-08-07T12:56:04Z
7419,164204,4.5,1605434825,2020-11-15T10:07:05Z
7419,168250,4.5,1605784994,2020-11-19T11:23:14Z
7419,218657,3.5,1638716478,2021-12-05T15:01:18Z
7419,254464,3.5,1638780364,2021-12-06T08:46:04Z
7419,253826,4.0,1638780372,2021-12-06T08:46:12Z
7419,200820,3.5,1644734435,2022-02-13T06:40:35Z
7419,200794,3.5,1662179960,2022-09-03T04:39:20Z
7419,275245,4.0,1664817999,2022-10-03T17:26:39Z
7419,146309,4.0,1665818267,2022-10-15T07:17:47Z
7419,257037,3.5,1669816392,2022-11-30T13:53:12Z
7419,242062,3.5,1674369516,2023-01-22T06:38:36Z
7664,160848,4.0,1552381285,2019-03-12T09:01:25Z
7664,163056,4.5,1552381286,2019-03-12T09:01:26Z
7664,165105,4.0,1552381286,2019-03-12T09:01:26Z
7664,143367,4.5,1552381287,2019-03-12T09:01:27Z
7664,168250,3.5,1552381287,2019-03-12T09:01:27Z
7664,179411,3.5,1552381287,2019-03-12T09:01:27Z
7664,163134,5.0,1552381288,2019-03-12T09:01:28Z
7664,188623,4.5,1553588772,2019-03-26T08:26:12Z
7664,177939,4.5,1553588980,2019-03-26T08:29:40Z
7664,182467,4.5,1553589284,2019-03-26T08:34:44Z
7664,200838,3.0,1566011607,2019-08-17T03:13:27Z
7664,200820,2.5,1576484937,2019-12-16T08:28:57Z
7858,174515,0.5,1497972879,2017-06-20T15:34:39Z
7858,143367,1.0,1521855296,2018-03-24T01:34:56Z
7858,177119,0.5,1524687878,2018-04-25T20:24:38Z
7858,161594,1.0,1524690502,2018-04-25T21:08:22Z
7858,173007,2.0,1526804481,2018-05-20T08:21:21Z
7858,183661,2.0,1532048780,2018-07-20T01:06:20Z
7858,191235,2.5,1534354455,2018-08-15T17:34:15Z
7858,194797,1.0,1554410279,2019-04-04T20:37:59Z
7858,200820,3.0,1577933195,2020-01-02T02:46:35Z
7858,200838,1.0,1578453807,2020-01-08T03:23:27Z
7858,169400,1.5,1584213006,2020-03-14T19:10:06Z
7858,210577,1.0,1602377064,2020-10-11T00:44:24Z
7858,165105,1.0,1633562470,2021-10-06T23:21:10Z
7858,257037,1.5,1647947945,2022-03-22T11:19:05Z
7858,168250,4.0,1648949933,2022-04-03T01:38:53Z
7858,275245,2.0,1668908505,2022-11-20T01:41:45Z
7858,273891,1.5,1673089295,2023-01-07T11:01:35Z
8069,210577,2.5,1620332226,2021-05-06T20:17:06Z
8069,200838,3.0,1620332682,2021-05-06T20:24:42Z
8069,163134,3.5,1626920185,2021-07-22T02:16:25Z
8069,192649,3.5,1632971908,2021-09-30T03:18:28Z
8069,210939,2.5,1633560058,2021-10-06T22:40:58Z
8069,263555,2.5,1645315647,2022-02-20T00:07:27Z
8069,213353,2.5,1645315877,2022-02-20T00:11:17Z
8069,272079,4.5,1671940901,2022-12-25T04:01:41Z
8069,281884,4.5,1671941940,2022-12-25T04:19:00Z
8069,272555,2.5,1673765020,2023-01-15T06:43:40Z
8069,283791,3.0,1683659519,2023-05-09T19:11:59Z
8069,231413,4.0,1691272996,2023-08-05T22:03:16Z
8069,193573,4.5,1695247350,2023-09-20T22:02:30Z
8135,200838,3.0,1580831866,2020-02-04T15:57:46Z
8135,160848,4.0,1580832763,2020-02-04T16:12:43Z
8135,163134,3.5,1580832947,2020-02-04T16:15:47Z
8135,146309,4.0,1580833039,2020-02-04T16:17:19Z
8135,166291,4.0,1580833064,2020-02-04T16:17:44Z
8135,166295,3.5,1580833108,2020-02-04T16:18:28Z
8135,211670,3.5,1580833212,2020-02-04T16:20:12Z
8135,178111,3.5,1580833366,2020-02-04T16:22:46Z
8135,182479,2.5,1580833371,2020-02-04T16:22:51Z
8135,204158,4.0,1580833652,2020-02-04T16:27:32Z
8135,170125,3.5,1580833752,2020-02-04T16:29:12Z
8135,163056,4.5,1580834271,2020-02-04T16:37:51Z
8135,200820,2.0,1580834283,2020-02-04T16:38:03Z
8135,168090,4.0,1580834763,2020-02-04T16:46:03Z
8135,162990,3.5,1580835009,2020-02-04T16:50:09Z
8135,162968,4.0,1580835039,2020-02-04T16:50:39Z
8135,168218,4.5,1580835189,2020-02-04T16:53:09Z
8135,149658,3.0,1580835466,2020-02-04T16:57:46Z
8135,177939,4.0,1580836457,2020-02-04T17:14:17Z
8135,178907,3.5,1580836477,2020-02-04T17:14:37Z
8135,186985,4.0,1580836485,2020-02-04T17:14:45Z
8135,184835,3.0,1580836510,2020-02-04T17:15:10Z
8135,187145,4.5,1580836512,2020-02-04T17:15:12Z
8135,192649,2.5,1580836523,2020-02-04T17:15:23Z
8135,180091,2.0,1580836535,2020-02-04T17:15:35Z
8135,193587,4.0,1580836567,2020-02-04T17:16:07Z
8135,192209,3.5,1580836599,2020-02-04T17:16:39Z
8135,161594,2.0,1580836602,2020-02-04T17:16:42Z
8135,174515,2.0,1580836610,2020-02-04T17:16:50Z
8135,204810,3.0,1580848966,2020-02-04T20:42:46Z
8135,212383,4.5,1580849250,2020-02-04T20:47:30Z
8135,212385,5.0,1580849294,2020-02-04T20:48:14Z
8135,204816,3.5,1580957087,2020-02-06T02:44:47Z
8135,213353,4.0,1582809926,2020-02-27T13:25:26Z
8135,210577,1.5,1583928934,2020-03-11T12:15:34Z
8135,207297,4.0,1590209395,2020-05-23T04:49:55Z
8135,247464,5.0,1619448682,2021-04-26T14:51:22Z
8135,221072,3.0,1619448738,2021-04-26T14:52:18Z
8135,204812,2.5,1619448764,2021-04-26T14:52:44Z
8135,215463,4.5,1621692493,2021-05-22T14:08:13Z
8135,212481,3.5,1621692494,2021-05-22T14:08:14Z
8135,223570,4.5,1621692713,2021-05-22T14:11:53Z
8307,168250,2.5,1504038558,2017-08-29T20:29:18Z
8307,143367,2.5,1504054447,2017-08-30T00:54:07Z
8307,165105,4.0,1504062929,2017-08-30T03:15:29Z
8307,163134,4.0,1504229978,2017-09-01T01:39:38Z
8307,168652,2.0,1504310915,2017-09-02T00:08:35Z
8307,160848,4.5,1504495655,2017-09-04T03:27:35Z
8307,163056,1.0,1504725895,2017-09-06T19:24:55Z
8317,140108,4.0,1600836248,2020-09-23T04:44:08Z
8317,163134,3.5,1601691308,2020-10-03T02:15:08Z
8317,210577,3.5,1602562545,2020-10-13T04:15:45Z
8317,200820,3.0,1628802258,2021-08-12T21:04:18Z
8317,186985,4.5,1651892705,2022-05-07T03:05:05Z
8317,166291,5.0,1689049196,2023-07-11T04:19:56Z
8359,168250,4.0,1501457889,2017-07-30T23:38:09Z
8359,200838,4.0,1569720213,2019-09-29T01:23:33Z
8359,200820,4.0,1572748717,2019-11-03T02:38:37Z
8359,210641,3.5,1580953845,2020-02-06T01:50:45Z
8359,180091,4.0,1582944352,2020-02-29T02:45:52Z
8359,213367,4.0,1583288837,2020-03-04T02:27:17Z
8359,200052,4.0,1584500515,2020-03-18T03:01:55Z
8359,210577,4.0,1588469714,2020-05-03T01:35:14Z
8359,262529,3.5,1635383171,2021-10-28T01:06:11Z
8359,269766,3.0,1653008845,2022-05-20T01:07:25Z
8359,273891,4.0,1661695024,2022-08-28T13:57:04Z
8521,141432,4.0,1473304113,2016-09-08T03:08:33Z
8521,168250,3.5,1497320530,2017-06-13T02:22:10Z
8521,166974,3.0,1504398868,2017-09-03T00:34:28Z
8521,143531,3.5,1531008054,2018-07-08T00:00:54Z
8521,188623,3.0,1560805924,2019-06-17T21:12:04Z
8901,168250,3.5,1545452366,2018-12-22T04:19:26Z
8901,183661,0.5,1550149854,2019-02-14T13:10:54Z
8901,171013,0.5,1551101137,2019-02-25T13:25:37Z
8901,188773,4.0,1552481497,2019-03-13T12:51:37Z
8901,163134,0.5,1554293482,2019-04-03T12:11:22Z
8901,188623,3.0,1554813367,2019-04-09T12:36:07Z
8901,200838,0.5,1557750769,2019-05-13T12:32:49Z
8901,202061,0.5,1557750937,2019-05-13T12:35:37Z
8901,200820,0.5,1559314905,2019-05-31T15:01:45Z
8901,201706,0.5,1561296196,2019-06-23T13:23:16Z
8901,203733,1.0,1562333370,2019-07-05T13:29:30Z
8901,203747,1.0,1562333443,2019-07-05T13:30:43Z
8901,204158,0.5,1564581716,2019-07-31T14:01:56Z
8901,194797,0.5,1569151090,2019-09-22T11:18:10Z
8901,206837,0.5,1569739153,2019-09-29T06:39:13Z
8901,201704,0.5,1570337243,2019-10-06T04:47:23Z
8901,150776,0.5,1571749237,2019-10-22T13:00:37Z
8901,206393,0.5,1572013441,2019-10-25T14:24:01Z
8901,191763,1.0,1572440620,2019-10-30T13:03:40Z
8901,178111,0.5,1574858575,2019-11-27T12:42:55Z
8901,165105,0.5,1581843546,2020-02-16T08:59:06Z
8901,210577,0.5,1581844561,2020-02-16T09:16:01Z
8901,160848,1.0,1585836762,2020-04-02T14:12:42Z
8901,218587,1.0,1592400609,2020-06-17T13:30:09Z
8901,218657,0.5,1592569923,2020-06-19T12:32:03Z
8901,177285,0.5,1592741567,2020-06-21T12:12:47Z
8901,204820,1.0,1596466877,2020-08-03T15:01:17Z
8901,223310,1.0,1602857500,2020-10-16T14:11:40Z
8901,219328,5.0,1604062033,2020-10-30T12:47:13Z
8901,166291,0.5,1605441517,2020-11-15T11:58:37Z
8901,205759,5.0,1606052220,2020-11-22T13:37:00Z
8901,142374,0.5,1606052579,2020-11-22T13:42:59Z
8901,163056,0.5,1621086539,2021-05-15T13:48:59Z
8901,193041,0.5,1621086603,2021-05-15T13:50:03Z
8905,143367,5.0,1485629219,2017-01-28T18:46:59Z
8905,169400,4.0,1488064337,2017-02-25T23:12:17Z
8905,160848,3.5,1492622682,2017-04-19T17:24:42Z
8905,173007,3.5,1497298850,2017-06-12T20:20:50Z
8905,168250,4.0,1564719778,2019-08-02T04:22:58Z
8905,163134,4.5,1591717825,2020-06-09T15:50:25Z
8905,210577,2.0,1602565953,2020-10-13T05:12:33Z
9085,200820,1.5,1644071888,2022-02-05T14:38:08Z
9085,210577,1.5,1644071889,2022-02-05T14:38:09Z
9085,143367,3.5,1644071900,2022-02-05T14:38:20Z
9085,168250,4.0,1644071901,2022-02-05T14:38:21Z
9085,166291,3.0,1644071902,2022-02-05T14:38:22Z
9085,200838,3.0,1644071904,2022-02-05T14:38:24Z
9085,253332,3.0,1644071905,2022-02-05T14:38:25Z
9247,166291,5.0,1623870936,2021-06-16T19:15:36Z
9247,163134,4.5,1623870943,2021-06-16T19:15:43Z
9247,204158,5.0,1623870952,2021-06-16T19:15:52Z
9247,201704,4.5,1623870968,2021-06-16T19:16:08Z
9247,188623,3.5,1630689785,2021-09-03T17:23:05Z
9247,188773,4.0,1649367038,2022-04-07T21:30:38Z
9247,146309,4.5,1651445930,2022-05-01T22:58:50Z
9247,168250,4.0,1684691848,2023-05-21T17:57:28Z
9418,168250,4.0,1559524201,2019-06-03T01:10:01Z
9418,137863,4.0,1560988723,2019-06-19T23:58:43Z
9418,186985,3.5,1560989343,2019-06-20T00:09:03Z
9418,140805,3.5,1560989381,2019-06-20T00:09:41Z
9418,188623,3.0,1561537755,2019-06-26T08:29:15Z
9418,200838,3.0,1566324396,2019-08-20T18:06:36Z
9418,205447,3.5,1569433465,2019-09-25T17:44:25Z
9418,196937,4.0,1571621710,2019-10-21T01:35:10Z
9418,198611,4.0,1571857700,2019-10-23T19:08:20Z
9418,210227,3.5,1578273680,2020-01-06T01:21:20Z
9418,211608,2.5,1578773117,2020-01-11T20:05:17Z
9418,201706,3.5,1578860063,2020-01-12T20:14:23Z
9418,211137,3.5,1579457553,2020-01-19T18:12:33Z
9418,210577,3.5,1591808938,2020-06-10T17:08:58Z
9418,213353,3.5,1598382734,2020-08-25T19:12:14Z
9418,222883,3.5,1598465651,2020-08-26T18:14:11Z
9418,222903,2.0,1598553569,2020-08-27T18:39:29Z
9418,218657,3.5,1599614857,2020-09-09T01:27:37Z
9418,162990,3.0,1600376104,2020-09-17T20:55:04Z
9418,224465,3.5,1600444774,2020-09-18T15:59:34Z
9418,224845,3.5,1600972291,2020-09-24T18:31:31Z
9418,240868,3.0,1613913606,2021-02-21T13:20:06Z
9418,162968,4.0,1615420410,2021-03-10T23:53:30Z
9418,247500,3.0,1619741163,2021-04-30T00:06:03Z
9418,231413,3.5,1619984518,2021-05-02T19:41:58Z
9644,213111,5.0,1633147206,2021-10-02T04:00:06Z
9644,173007,4.0,1633147426,2021-10-02T04:03:46Z
9644,210577,4.0,1633148059,2021-10-02T04:14:19Z
9644,222627,5.0,1633148351,2021-10-02T04:19:11Z
9644,223572,5.0,1633148365,2021-10-02T04:19:25Z
9644,223570,5.0,1633148366,2021-10-02T04:19:26Z
9662,163134,3.5,1637052873,2021-11-16T08:54:33Z
9662,168250,4.0,1637053340,2021-11-16T09:02:20Z
9662,200838,2.5,1637210936,2021-11-18T04:48:56Z
9662,231413,4.0,1644847960,2022-02-14T14:12:40Z
9662,166291,4.5,1661629520,2022-08-27T19:45:20Z
9662,198611,3.0,1683475187,2023-05-07T15:59:47Z
9662,218657,3.5,1684762167,2023-05-22T13:29:27Z
9701,200820,4.0,1562537179,2019-07-07T22:06:19Z
9701,188773,5.0,1562537439,2019-07-07T22:10:39Z
9701,200838,5.0,1562537470,2019-07-07T22:11:10Z
9701,193533,4.0,1562538159,2019-07-07T22:22:39Z
9701,200052,5.0,1562538504,2019-07-07T22:28:24Z
9701,196937,5.0,1562538755,2019-07-07T22:32:35Z
9701,192209,4.0,1562538959,2019-07-07T22:35:59Z
9779,257037,4.5,1660366073,2022-08-13T04:47:53Z
9779,143367,5.0,1660857831,2022-08-18T21:23:51Z
9779,188773,4.5,1660858149,2022-08-18T21:29:09Z
9779,273891,3.5,1661021689,2022-08-20T18:54:49Z
9779,188623,5.0,1662579998,2022-09-07T19:46:38Z
9779,163134,4.0,1663688735,2022-09-20T15:45:35Z
9779,168250,5.0,1665596620,2022-10-12T17:43:40Z
9779,160848,5.0,1667410163,2022-11-02T17:29:23Z
9779,166291,4.0,1671496781,2022-12-20T00:39:41Z
9779,200838,3.5,1675715978,2023-02-06T20:39:38Z
9779,187545,3.5,1678149531,2023-03-07T00:38:51Z
9779,275245,5.0,1679945211,2023-03-27T19:26:51Z
9825,168250,3.5,1496934627,2017-06-08T15:10:27Z
9825,163134,3.5,1499554837,2017-07-08T23:00:37Z
9825,166291,3.5,1499615936,2017-07-09T15:58:56Z
9825,162968,2.0,1594749949,2020-07-14T18:05:49Z
9825,168090,1.0,1594749953,2020-07-14T18:05:53Z
9825,188623,4.5,1618591221,2021-04-16T16:40:21Z
9825,176515,3.0,1631874134,2021-09-17T10:22:14Z
9825,188773,3.0,1631875085,2021-09-17T10:38:05Z
9825,193041,3.0,1631876000,2021-09-17T10:53:20Z
9825,242062,1.0,1648971660,2022-04-03T07:41:00Z
9825,207297,2.0,1653510204,2022-05-25T20:23:24Z
9825,257037,1.5,1653510207,2022-05-25T20:23:27Z
10090,163134,3.5,1687567789,2023-06-24T00:49:49Z
10090,273891,3.5,1687567835,2023-06-24T00:50:35Z
10090,168250,4.0,1687568692,2023-06-24T01:04:52Z
10090,257037,4.5,1687576736,2023-06-24T03:18:56Z
10090,289097,3.5,1693185517,2023-08-28T01:18:37Z
10189,168250,3.5,1518821467,2018-02-16T22:51:07Z
10189,163134,4.0,1518823604,2018-02-16T23:26:44Z
10189,143367,3.0,1518861764,2018-02-17T10:02:44Z
10189,166291,2.5,1536577177,2018-09-10T10:59:37Z
10189,146309,3.0,1538175426,2018-09-28T22:57:06Z
10189,193916,3.0,1538175432,2018-09-28T22:57:12Z
10189,186985,2.5,1541935890,2018-11-11T11:31:30Z
10189,188773,4.0,1547510607,2019-01-15T00:03:27Z
10189,188623,4.5,1555975796,2019-04-22T23:29:56Z
10189,206393,3.5,1569622352,2019-09-27T22:12:32Z
10189,163056,3.5,1585612376,2020-03-30T23:52:56Z
10189,257037,4.5,1650973137,2022-04-26T11:38:57Z
10189,243994,4.0,1651499820,2022-05-02T13:57:00Z
10189,252932,3.5,1651499821,2022-05-02T13:57:01Z
10189,174549,3.5,1651499824,2022-05-02T13:57:04Z
10189,182479,2.5,1651499825,2022-05-02T13:57:05Z
10189,197455,3.0,1651499825,2022-05-02T13:57:05Z
10189,239256,1.5,1651499825,2022-05-02T13:57:05Z
10189,253332,4.0,1651499825,2022-05-02T13:57:05Z
10189,260185,4.5,1651499825,2022-05-02T13:57:05Z
10189,197079,3.5,1651499826,2022-05-02T13:57:06Z
10189,204158,3.0,1651499827,2022-05-02T13:57:07Z
10189,260825,4.0,1651499827,2022-05-02T13:57:07Z
10189,193041,3.5,1652814719,2022-05-17T19:11:59Z
10202,168250,4.0,1488514841,2017-03-03T04:20:41Z
10202,185539,4.0,1526261233,2018-05-14T01:27:13Z
10202,163134,2.5,1552523883,2019-03-14T00:38:03Z
10202,204158,2.5,1579991523,2020-01-25T22:32:03Z
10202,210641,1.5,1591035951,2020-06-01T18:25:51Z
10202,143367,3.5,1603402755,2020-10-22T21:39:15Z
10202,253332,2.5,1640235067,2021-12-23T04:51:07Z
10202,257037,4.0,1645917636,2022-02-26T23:20:36Z
10202,275245,3.5,1658458709,2022-07-22T02:58:29Z
10202,140106,4.0,1662402136,2022-09-05T18:22:16Z
10280,148855,3.0,1471377384,2016-08-16T19:56:24Z
10280,200820,3.5,1594152473,2020-07-07T20:07:53Z
10280,210577,3.0,1594152473,2020-07-07T20:07:53Z
10280,163134,3.5,1594152474,2020-07-07T20:07:54Z
10280,183661,3.0,1594152474,2020-07-07T20:07:54Z
10280,200838,3.5,1594152474,2020-07-07T20:07:54Z
10280,186985,2.5,1594152475,2020-07-07T20:07:55Z
10280,143367,3.0,1609017795,2020-12-26T21:23:15Z
10439,168250,4.0,1520522824,2018-03-08T15:27:04Z
10439,201288,4.0,1555895635,2019-04-22T01:13:55Z
10439,188623,3.0,1557534500,2019-05-11T00:28:20Z
10439,188773,4.0,1577286348,2019-12-25T15:05:48Z
10439,143367,3.5,1578525114,2020-01-08T23:11:54Z
10439,189121,3.5,1637006165,2021-11-15T19:56:05Z
10439,257037,4.0,1678225729,2023-03-07T21:48:49Z
10556,177939,2.5,1624091438,2021-06-19T08:30:38Z
10556,188773,4.5,1633660744,2021-10-08T02:39:04Z
10556,140106,4.0,1654424352,2022-06-05T10:19:12Z
10556,199279,4.5,1668831857,2022-11-19T04:24:17Z
10556,164204,3.0,1673156336,2023-01-08T05:38:56Z
10556,165129,3.5,1673158426,2023-01-08T06:13:46Z
10556,209283,3.5,1673158441,2023-01-08T06:14:01Z
10556,176515,3.0,1673158484,2023-01-08T06:14:44Z
10556,141432,3.5,1673158851,2023-01-08T06:20:51Z
10556,212969,3.0,1673158864,2023-01-08T06:21:04Z
10556,163134,3.5,1679745275,2023-03-25T11:54:35Z
10556,190705,3.5,1687766859,2023-06-26T08:07:39Z
10556,198107,3.0,1696732164,2023-10-08T02:29:24Z
10556,142550,3.5,1696732197,2023-10-08T02:29:57Z
10567,168250,3.5,1517608994,2018-02-02T22:03:14Z
10567,179411,2.5,1520194329,2018-03-04T20:12:09Z
10567,160848,3.5,1523339416,2018-04-10T05:50:16Z
10567,163056,2.5,1523647681,2018-04-13T19:28:01Z
10567,163134,3.5,1527603065,2018-05-29T14:11:05Z
10567,146309,3.5,1534279504,2018-08-14T20:45:04Z
10567,200820,2.0,1559774460,2019-06-05T22:41:00Z
10632,168250,5.0,1501806893,2017-08-04T00:34:53Z
10632,186985,3.5,1545098473,2018-12-18T02:01:13Z
10632,200838,3.5,1560624629,2019-06-15T18:50:29Z
10632,254464,3.0,1679715323,2023-03-25T03:35:23Z
10632,210577,2.5,1679715370,2023-03-25T03:36:10Z
10632,275245,3.5,1679715411,2023-03-25T03:36:51Z
10632,141432,4.0,1692755503,2023-08-23T01:51:43Z
10763,188773,4.0,1609557671,2021-01-02T03:21:11Z
10763,168250,5.0,1615094632,2021-03-07T05:23:52Z
10763,210577,3.0,1644467925,2022-02-10T04:38:45Z
10763,257037,4.5,1652197182,2022-05-10T15:39:42Z
10763,275245,3.5,1658963579,2022-07-27T23:12:59Z
10847,137863,2.5,1462975176,2016-05-11T13:59:36Z
10847,148855,3.5,1588537797,2020-05-03T20:29:57Z
10847,200820,3.0,1588537943,2020-05-03T20:32:23Z
10847,273891,3.5,1674134071,2023-01-19T13:14:31Z
10847,186985,2.5,1674134587,2023-01-19T13:23:07Z
11424,168250,4.0,1615508515,2021-03-12T00:21:55Z
11424,200820,3.5,1615525934,2021-03-12T05:12:14Z
11424,163056,4.0,1615534587,2021-03-12T07:36:27Z
11424,273891,4.0,1688353407,2023-07-03T03:03:27Z
11424,275245,4.0,1688354298,2023-07-03T03:18:18Z
11642,146309,5.0,1493569565,2017-04-30T16:26:05Z
11642,160848,3.0,1503878099,2017-08-27T23:54:59Z
11642,184641,3.5,1519170757,2018-02-20T23:52:37Z
11642,163134,5.0,1559430556,2019-06-01T23:09:16Z
11642,168250,4.0,1564320771,2019-07-28T13:32:51Z
11642,210577,3.5,1594305659,2020-07-09T14:40:59Z
11642,165105,5.0,1662149605,2022-09-02T20:13:25Z
11642,275245,4.5,1664582952,2022-10-01T00:09:12Z
11642,273891,4.5,1667407651,2022-11-02T16:47:31Z
11685,188773,4.0,1594520343,2020-07-12T02:19:03Z
11685,168250,4.0,1595129610,2020-07-19T03:33:30Z
11685,188623,3.5,1595735903,2020-07-26T03:58:23Z
11685,200386,1.0,1596414802,2020-08-03T00:33:22Z
11685,177939,0.5,1596415672,2020-08-03T00:47:52Z
11685,173007,3.0,1596758462,2020-08-07T00:01:02Z
11685,160848,1.0,1596837220,2020-08-07T21:53:40Z
11685,192649,0.5,1597284603,2020-08-13T02:10:03Z
11685,205539,0.5,1597286019,2020-08-13T02:33:39Z
11685,193041,0.5,1597286118,2020-08-13T02:35:18Z
11796,168250,4.5,1545199268,2018-12-19T06:01:08Z
11796,137863,3.0,1549428176,2019-02-06T04:42:56Z
11796,182479,3.0,1549429401,2019-02-06T05:03:21Z
11796,186985,1.5,1549429564,2019-02-06T05:06:04Z
11796,171013,4.0,1551763349,2019-03-05T05:22:29Z
11796,196937,4.5,1558864395,2019-05-26T09:53:15Z
11796,163134,4.0,1563458337,2019-07-18T13:58:57Z
11801,188623,3.0,1562770402,2019-07-10T14:53:22Z
11801,206393,4.0,1575958484,2019-12-10T06:14:44Z
11801,200838,3.0,1580448422,2020-01-31T05:27:02Z
11801,168250,4.0,1585437054,2020-03-28T23:10:54Z
11801,177939,2.5,1589014894,2020-05-09T09:01:34Z
11801,257037,2.0,1650472238,2022-04-20T16:30:38Z
11801,275245,4.0,1662090426,2022-09-02T03:47:06Z
11812,163134,3.5,1567120721,2019-08-29T23:18:41Z
11812,166291,2.0,1567120792,2019-08-29T23:19:52Z
11812,169400,3.0,1567120821,2019-08-29T23:20:21Z
11812,162990,2.5,1567121381,2019-08-29T23:29:41Z
11812,192649,3.0,1567121392,2019-08-29T23:29:52Z
12042,222627,3.0,1631284854,2021-09-10T14:40:54Z
12042,223572,3.0,1631284854,2021-09-10T14:40:54Z
12042,243994,3.5,1631284856,2021-09-10T14:40:56Z
12042,162968,2.5,1631284873,2021-09-10T14:41:13Z
12042,200820,3.0,1631284877,2021-09-10T14:41:17Z
12042,143367,4.5,1631284884,2021-09-10T14:41:24Z
12042,171013,3.5,1631284884,2021-09-10T14:41:24Z
12042,197657,4.0,1631284884,2021-09-10T14:41:24Z
12042,168090,3.0,1631284885,2021-09-10T14:41:25Z
12042,168218,2.5,1631284885,2021-09-10T14:41:25Z
12042,168250,4.5,1631284885,2021-09-10T14:41:25Z
12042,179411,4.0,1631284885,2021-09-10T14:41:25Z
12042,163134,4.0,1631284886,2021-09-10T14:41:26Z
12042,161594,3.0,1631284888,2021-09-10T14:41:28Z
12042,200838,3.5,1631284889,2021-09-10T14:41:29Z
12042,177939,4.5,1631284891,2021-09-10T14:41:31Z
12042,200794,4.0,1631284893,2021-09-10T14:41:33Z
12042,201704,3.0,1631284893,2021-09-10T14:41:33Z
12042,188623,4.0,1631284894,2021-09-10T14:41:34Z
12042,188773,4.0,1631284896,2021-09-10T14:41:36Z
12042,193041,4.5,1631284896,2021-09-10T14:41:36Z
12335,184641,2.0,1521095565,2018-03-15T06:32:45Z
12335,168250,5.0,1523987514,2018-04-17T17:51:54Z
12335,193041,5.0,1590723710,2020-05-29T03:41:50Z
12335,161594,2.5,1593377000,2020-06-28T20:43:20Z
12335,180091,3.0,1600052984,2020-09-14T03:09:44Z
12335,200838,3.5,1600055352,2020-09-14T03:49:12Z
12335,163056,4.5,1617742532,2021-04-06T20:55:32Z
12335,200820,2.5,1617764947,2021-04-07T03:09:07Z
12335,253332,3.5,1629474345,2021-08-20T15:45:45Z
12335,163134,4.5,1634276113,2021-10-15T05:35:13Z
12335,257037,5.0,1648698181,2022-03-31T03:43:01Z
12335,178907,3.5,1648914226,2022-04-02T15:43:46Z
12335,210577,2.5,1652589626,2022-05-15T04:40:26Z
12335,275245,4.0,1658618267,2022-07-23T23:17:47Z
12423,177939,4.5,1563644037,2019-07-20T17:33:57Z
12423,163134,3.5,1563733187,2019-07-21T18:19:47Z
12423,193041,4.5,1563733226,2019-07-21T18:20:26Z
12423,188773,4.0,1563734567,2019-07-21T18:42:47Z
12423,171013,4.5,1563735673,2019-07-21T19:01:13Z
12423,201704,4.0,1563736818,2019-07-21T19:20:18Z
12667,188773,4.5,1629006530,2021-08-15T05:48:50Z
12667,188623,3.5,1629006830,2021-08-15T05:53:50Z
12667,163134,3.5,1629007653,2021-08-15T06:07:33Z
12667,168250,3.0,1629008279,2021-08-15T06:17:59Z
12667,143367,3.0,1629008623,2021-08-15T06:23:43Z
12667,231413,3.0,1629008826,2021-08-15T06:27:06Z
12667,200838,2.5,1629009100,2021-08-15T06:31:40Z
12667,161594,2.5,1629009192,2021-08-15T06:33:12Z
12667,165105,2.5,1629044427,2021-08-15T16:20:27Z
13013,163134,4.5,1503166637,2017-08-19T18:17:17Z
13013,168250,3.5,1529541238,2018-06-21T00:33:58Z
13013,188773,4.0,1586715489,2020-04-12T18:18:09Z
13013,188623,3.5,1613517246,2021-02-16T23:14:06Z
13013,204158,3.5,1636390734,2021-11-08T16:58:54Z
13118,163134,4.0,1563472363,2019-07-18T17:52:43Z
13118,200838,3.0,1584716640,2020-03-20T15:04:00Z
13118,204158,3.0,1598474696,2020-08-26T20:44:56Z
13118,273891,4.0,1663619330,2022-09-19T20:28:50Z
13118,168250,4.0,1679053649,2023-03-17T11:47:29Z
13147,174549,4.0,1553275312,2019-03-22T17:21:52Z
13147,140108,2.5,1580139516,2020-01-27T15:38:36Z
13147,188773,4.0,1613984759,2021-02-22T09:05:59Z
13147,160848,4.0,1614102588,2021-02-23T17:49:48Z
13147,143367,3.0,1618508003,2021-04-15T17:33:23Z
13147,188623,3.5,1644956678,2022-02-15T20:24:38Z
13147,260185,3.5,1670961454,2022-12-13T19:57:34Z
13147,209949,3.5,1671473270,2022-12-19T18:07:50Z
13147,200838,2.5,1688884444,2023-07-09T06:34:04Z
13193,146309,3.5,1484169347,2017-01-11T21:15:47Z
13193,143367,5.0,1489672011,2017-03-16T13:46:51Z
13193,163134,4.5,1490256307,2017-03-23T08:05:07Z
13193,160848,3.5,1491338850,2017-04-04T20:47:30Z
13193,168250,4.5,1494488211,2017-05-11T07:36:51Z
13193,163056,1.5,1503832695,2017-08-27T11:18:15Z
13279,163056,3.5,1484499213,2017-01-15T16:53:33Z
13279,163134,4.0,1492494680,2017-04-18T05:51:20Z
13279,200838,2.0,1557497590,2019-05-10T14:13:10Z
13279,168250,4.0,1574397811,2019-11-22T04:43:31Z
13279,177939,3.5,1621875133,2021-05-24T16:52:13Z
13287,168250,2.5,1584102187,2020-03-13T12:23:07Z
13287,200838,1.5,1584208880,2020-03-14T18:01:20Z
13287,188773,2.5,1610406886,2021-01-11T23:14:46Z
13287,275245,3.5,1661794919,2022-08-29T17:41:59Z
13287,273891,3.0,1664569598,2022-09-30T20:26:38Z
13436,163134,5.0,1680615158,2023-04-04T13:32:38Z
13436,275245,3.0,1680624523,2023-04-04T16:08:43Z
13436,142566,3.5,1680624760,2023-04-04T16:12:40Z
13436,184835,3.0,1680624843,2023-04-04T16:14:03Z
13436,257037,4.0,1693398744,2023-08-30T12:32:24Z
13436,204158,3.0,1693399701,2023-08-30T12:48:21Z
13436,160848,4.5,1693400984,2023-08-30T13:09:44Z
13436,188773,3.0,1693462217,2023-08-31T06:10:17Z
13436,140106,4.0,1693462248,2023-08-31T06:10:48Z
13536,161594,3.0,1493964045,2017-05-05T06:00:45Z
13536,142550,4.5,1493965442,2017-05-05T06:24:02Z
13536,168250,2.5,1500480525,2017-07-19T16:08:45Z
13536,179411,3.0,1510687925,2017-11-14T19:32:05Z
13536,173935,1.0,1514571158,2017-12-29T18:12:38Z
13536,140805,4.5,1514647075,2017-12-30T15:17:55Z
13536,142374,3.5,1514647087,2017-12-30T15:18:07Z
13536,188181,3.5,1525980059,2018-05-10T19:20:59Z
13536,168090,1.0,1527329582,2018-05-26T10:13:02Z
13536,148855,1.0,1527329658,2018-05-26T10:14:18Z
13536,177285,1.0,1527690512,2018-05-30T14:28:32Z
13536,170125,0.5,1528002597,2018-06-03T05:09:57Z
13536,168218,1.0,1533829813,2018-08-09T15:50:13Z
13536,186985,0.5,1535469091,2018-08-28T15:11:31Z
13536,186593,0.5,1535469161,2018-08-28T15:12:41Z
13536,200838,2.5,1564149526,2019-07-26T13:58:46Z
13536,173007,2.0,1573302081,2019-11-09T12:21:21Z
13536,207297,3.5,1580526226,2020-02-01T03:03:46Z
13536,140108,4.0,1580526697,2020-02-01T03:11:37Z
13536,213431,2.5,1582972074,2020-02-29T10:27:54Z
13536,203735,2.5,1590184469,2020-05-22T21:54:29Z
13536,164395,2.5,1590184684,2020-05-22T21:58:04Z
13536,210577,1.0,1613125695,2021-02-12T10:28:15Z
13536,239256,2.0,1635760607,2021-11-01T09:56:47Z
13913,163134,5.0,1675633095,2023-02-05T21:38:15Z
13913,204158,4.0,1675633098,2023-02-05T21:38:18Z
13913,198611,4.5,1675633122,2023-02-05T21:38:42Z
13913,166291,5.0,1675633133,2023-02-05T21:38:53Z
13913,257037,4.0,1685841597,2023-06-04T01:19:57Z
13952,188623,4.5,1682718575,2023-04-28T21:49:35Z
13952,168250,4.0,1682719015,2023-04-28T21:56:55Z
13952,200794,4.0,1682896343,2023-04-30T23:12:23Z
13952,200838,3.5,1683227531,2023-05-04T19:12:11Z
13952,143367,4.5,1683227696,2023-05-04T19:14:56Z
14108,193916,3.0,1577198737,2019-12-24T14:45:37Z
14108,179113,3.5,1577203592,2019-12-24T16:06:32Z
14108,164204,3.0,1577204883,2019-12-24T16:28:03Z
14108,140106,3.0,1580576651,2020-02-01T17:04:11Z
14108,164643,3.5,1580682873,2020-02-02T22:34:33Z
14109,163134,4.5,1587724041,2020-04-24T10:27:21Z
14109,253826,4.0,1667829105,2022-11-07T13:51:45Z
14109,204158,4.0,1667829303,2022-11-07T13:55:03Z
14109,187145,4.5,1667829413,2022-11-07T13:56:53Z
14109,166291,4.5,1667829527,2022-11-07T13:58:47Z
14109,273891,3.5,1671822716,2022-12-23T19:11:56Z
14109,218795,3.5,1676297691,2023-02-13T14:14:51Z
14231,200838,4.5,1598737326,2020-08-29T21:42:06Z
14231,168250,4.0,1598737456,2020-08-29T21:44:16Z
14231,200820,4.5,1598737801,2020-08-29T21:50:01Z
14231,163134,4.5,1598989225,2020-09-01T19:40:25Z
14231,206393,4.5,1600375882,2020-09-17T20:51:22Z
14231,210577,4.5,1603664206,2020-10-25T22:16:46Z
14290,140805,2.0,1490238399,2017-03-23T03:06:39Z
14290,168652,2.5,1490241813,2017-03-23T04:03:33Z
14290,143367,3.0,1494434300,2017-05-10T16:38:20Z
14290,165105,3.0,1494435154,2017-05-10T16:52:34Z
14290,168250,3.0,1503606507,2017-08-24T20:28:27Z
14353,169400,3.5,1498090165,2017-06-22T00:09:25Z
14353,168250,5.0,1511520835,2017-11-24T10:53:55Z
14353,184641,4.0,1521006268,2018-03-14T05:44:28Z
14353,150776,1.0,1549911562,2019-02-11T18:59:22Z
14353,193533,3.0,1558327345,2019-05-20T04:42:25Z
14353,200838,3.5,1571425514,2019-10-18T19:05:14Z
14353,210577,3.0,1596403030,2020-08-02T21:17:10Z
14353,275245,4.0,1667710931,2022-11-06T05:02:11Z
14387,166291,5.0,1566631860,2019-08-24T07:31:00Z
14387,192209,3.0,1566631923,2019-08-24T07:32:03Z
14387,177285,3.0,1566632017,2019-08-24T07:33:37Z
14387,204158,4.0,1566848521,2019-08-26T19:42:01Z
14387,163134,5.0,1567066872,2019-08-29T08:21:12Z
14418,279692,5.0,1667911352,2022-11-08T12:42:32Z
14418,210227,5.0,1667911355,2022-11-08T12:42:35Z
14418,167850,5.0,1667911357,2022-11-08T12:42:37Z
14418,166291,5.0,1667912196,2022-11-08T12:56:36Z
14418,163134,5.0,1667912213,2022-11-08T12:56:53Z
14418,193583,5.0,1667912284,2022-11-08T12:58:04Z
14587,163134,5.0,1656208520,2022-06-26T01:55:20Z
14587,204158,5.0,1656208564,2022-06-26T01:56:04Z
14587,166291,5.0,1656208598,2022-06-26T01:56:38Z
14587,168250,3.5,1656267381,2022-06-26T18:16:21Z
14587,272079,4.0,1658306571,2022-07-20T08:42:51Z
14636,137863,1.0,1589574059,2020-05-15T20:20:59Z
14636,143367,3.5,1589574060,2020-05-15T20:21:00Z
14636,166291,1.5,1589574060,2020-05-15T20:21:00Z
14636,168250,2.5,1589574060,2020-05-15T20:21:00Z
14636,188623,4.0,1589574061,2020-05-15T20:21:01Z
14636,188773,3.5,1589574062,2020-05-15T20:21:02Z
14642,196937,1.0,1549714446,2019-02-09T12:14:06Z
14642,137863,1.0,1549714457,2019-02-09T12:14:17Z
14642,180091,0.5,1549714499,2019-02-09T12:14:59Z
14642,141972,0.5,1549714504,2019-02-09T12:15:04Z
14642,149658,1.5,1549714533,2019-02-09T12:15:33Z
14674,163056,2.5,1648259804,2022-03-26T01:56:44Z
14674,168250,3.0,1648423583,2022-03-27T23:26:23Z
14674,200820,2.5,1648679317,2022-03-30T22:28:37Z
14674,165105,2.5,1649142691,2022-04-05T07:11:31Z
14674,239256,3.0,1656218510,2022-06-26T04:41:50Z
14674,273891,1.5,1679186512,2023-03-19T00:41:52Z
14674,275245,1.5,1679384689,2023-03-21T07:44:49Z
14731,272079,3.5,1691174150,2023-08-04T18:35:50Z
14731,168250,4.0,1691174962,2023-08-04T18:49:22Z
14731,200838,2.5,1691176820,2023-08-04T19:20:20Z
14731,188623,5.0,1691177124,2023-08-04T19:25:24Z
14731,273891,2.0,1691178571,2023-08-04T19:49:31Z
14731,275245,4.0,1691179427,2023-08-04T20:03:47Z
14731,253332,3.5,1691194517,2023-08-05T00:15:17Z
14731,257037,4.0,1691198451,2023-08-05T01:20:51Z
14731,163134,4.5,1691198879,2023-08-05T01:27:59Z
14731,252932,3.5,1691201447,2023-08-05T02:10:47Z
14731,182479,2.5,1691202966,2023-08-05T02:36:06Z
14731,242062,3.5,1694095847,2023-09-07T14:10:47Z
14758,168250,3.0,1495395722,2017-05-21T19:42:02Z
14758,140106,2.5,1538423742,2018-10-01T19:55:42Z
14758,143367,2.5,1541277726,2018-11-03T20:42:06Z
14758,142618,2.5,1607031914,2020-12-03T21:45:14Z
14758,188623,2.5,1607727092,2020-12-11T22:51:32Z
14758,247500,2.5,1619467271,2021-04-26T20:01:11Z
14758,275245,2.0,1665438190,2022-10-10T21:43:10Z
14758,273891,4.0,1665775181,2022-10-14T19:19:41Z
14758,185905,2.5,1672775625,2023-01-03T19:53:45Z
14984,182479,4.0,1613401459,2021-02-15T15:04:19Z
14984,204158,4.5,1613403213,2021-02-15T15:33:33Z
14984,166291,4.0,1613403215,2021-02-15T15:33:35Z
14984,163134,4.5,1613404027,2021-02-15T15:47:07Z
14984,253826,5.0,1639868808,2021-12-18T23:06:48Z
14984,166295,4.0,1645476366,2022-02-21T20:46:06Z
14984,246604,4.5,1657801881,2022-07-14T12:31:21Z
15183,168250,4.5,1577650228,2019-12-29T20:10:28Z
15183,204810,5.0,1577651604,2019-12-29T20:33:24Z
15183,204820,5.0,1577651626,2019-12-29T20:33:46Z
15183,204816,5.0,1577651629,2019-12-29T20:33:49Z
15183,204812,4.0,1577651633,2019-12-29T20:33:53Z
15183,204814,4.5,1577651635,2019-12-29T20:33:55Z
15183,204818,4.0,1577651637,2019-12-29T20:33:57Z
15188,146309,4.5,1565916553,2019-08-16T00:49:13Z
15188,200838,3.0,1570899914,2019-10-12T17:05:14Z
15188,163134,4.5,1590825339,2020-05-30T07:55:39Z
15188,166295,3.5,1590826265,2020-05-30T08:11:05Z
15188,168250,3.5,1590829900,2020-05-30T09:11:40Z
15188,210577,2.5,1591050654,2020-06-01T22:30:54Z
15188,201488,2.5,1591162542,2020-06-03T05:35:42Z
15314,207297,3.0,1626118535,2021-07-12T19:35:35Z
15314,160848,4.0,1626118546,2021-07-12T19:35:46Z
15314,168250,3.5,1626118549,2021-07-12T19:35:49Z
15314,188623,5.0,1626118551,2021-07-12T19:35:51Z
15314,188773,5.0,1626118551,2021-07-12T19:35:51Z
15314,204158,3.5,1626118553,2021-07-12T19:35:53Z
15489,168250,3.5,1608042137,2020-12-15T14:22:17Z
15489,188773,4.0,1608110489,2020-12-16T09:21:29Z
15489,188623,4.0,1608124465,2020-12-16T13:14:25Z
15489,163134,4.5,1608126156,2020-12-16T13:42:36Z
15489,200838,3.5,1610400665,2021-01-11T21:31:05Z
15489,200820,3.0,1610400859,2021-01-11T21:34:19Z
15489,143367,3.0,1613576729,2021-02-17T15:45:29Z
15489,228225,4.0,1623959509,2021-06-17T19:51:49Z
15489,209949,3.5,1626370816,2021-07-15T17:40:16Z
15489,258157,3.0,1638902103,2021-12-07T18:35:03Z
15489,253332,3.5,1651341891,2022-04-30T18:04:51Z
15489,257037,4.5,1656874528,2022-07-03T18:55:28Z
15489,275245,4.0,1660433590,2022-08-13T23:33:10Z
15489,273891,2.5,1665003064,2022-10-05T20:51:04Z
15489,258001,3.0,1674742285,2023-01-26T14:11:25Z
15489,242062,4.0,1676741128,2023-02-18T17:25:28Z
15528,162968,4.0,1497119995,2017-06-10T18:39:55Z
15528,168250,4.0,1500825294,2017-07-23T15:54:54Z
15528,188623,4.5,1555922546,2019-04-22T08:42:26Z
15528,162990,3.5,1565101443,2019-08-06T14:24:03Z
15528,207297,4.0,1587843264,2020-04-25T19:34:24Z
15528,255639,4.0,1631650178,2021-09-14T20:09:38Z
15528,169400,3.5,1633805973,2021-10-09T18:59:33Z
15528,213431,4.0,1637525952,2021-11-21T20:19:12Z
15528,179411,3.0,1644354647,2022-02-08T21:10:47Z
15528,273891,4.0,1664569602,2022-09-30T20:26:42Z
15528,287539,4.0,1685192653,2023-05-27T13:04:13Z
15594,143367,4.0,1512849369,2017-12-09T19:56:09Z
15594,163134,4.0,1512849369,2017-12-09T19:56:09Z
15594,168250,4.0,1512849369,2017-12-09T19:56:09Z
15594,137863,4.0,1512849370,2017-12-09T19:56:10Z
15594,231413,4.0,1651340621,2022-04-30T17:43:41Z
15594,200838,4.0,1651340625,2022-04-30T17:43:45Z
15594,188773,4.0,1651340626,2022-04-30T17:43:46Z
15596,275245,5.0,1673141755,2023-01-08T01:35:55Z
15596,168250,3.5,1673141906,2023-01-08T01:38:26Z
15596,200838,4.0,1673142606,2023-01-08T01:50:06Z
15596,210577,5.0,1673142679,2023-01-08T01:51:19Z
15596,282901,0.5,1674350382,2023-01-22T01:19:42Z
15650,168250,4.0,1531366040,2018-07-12T03:27:20Z
15650,185905,0.5,1537057461,2018-09-16T00:24:21Z
15650,143367,2.5,1537081700,2018-09-16T07:08:20Z
15650,200838,3.5,1558851023,2019-05-26T06:10:23Z
15650,200820,4.0,1559795570,2019-06-06T04:32:50Z
15650,163134,4.0,1585523958,2020-03-29T23:19:18Z
15650,273891,3.0,1668382191,2022-11-13T23:29:51Z
15650,275245,3.5,1668382199,2022-11-13T23:29:59Z
15708,143367,5.0,1485667124,2017-01-29T05:18:44Z
15708,168250,4.0,1488065675,2017-02-25T23:34:35Z
15708,165105,4.0,1488346832,2017-03-01T05:40:32Z
15708,174515,3.5,1500071117,2017-07-14T22:25:17Z
15708,163056,3.5,1502382930,2017-08-10T16:35:30Z
15708,160848,3.5,1517583346,2018-02-02T14:55:46Z
15708,163134,4.5,1548149107,2019-01-22T09:25:07Z
15807,163134,4.0,1521991379,2018-03-25T15:22:59Z
15807,168250,2.0,1539853306,2018-10-18T09:01:46Z
15807,188623,3.0,1560887182,2019-06-18T19:46:22Z
15807,177939,3.0,1560887250,2019-06-18T19:47:30Z
15807,166291,3.0,1560887274,2019-06-18T19:47:54Z
15807,146309,3.0,1560887922,2019-06-18T19:58:42Z
15807,171013,4.0,1565502582,2019-08-11T05:49:42Z
15807,212383,2.0,1586765947,2020-04-13T08:19:07Z
15807,212385,1.0,1586765965,2020-04-13T08:19:25Z
15807,201704,3.0,1588106141,2020-04-28T20:35:41Z
15823,163134,5.0,1489147300,2017-03-10T12:01:40Z
15823,143367,3.5,1496997111,2017-06-09T08:31:51Z
15823,163056,3.5,1498972442,2017-07-02T05:14:02Z
15823,168250,3.5,1500680722,2017-07-21T23:45:22Z
15823,211137,4.0,1671185095,2022-12-16T10:04:55Z
15823,273891,3.0,1672395415,2022-12-30T10:16:55Z
15823,204158,4.5,1693962052,2023-09-06T01:00:52Z
15875,165105,2.5,1516570684,2018-01-21T21:38:04Z
15875,166291,3.5,1519941372,2018-03-01T21:56:12Z
15875,168250,3.5,1547297793,2019-01-12T12:56:33Z
15875,163134,3.5,1560708523,2019-06-16T18:08:43Z
15875,206093,2.0,1568034748,2019-09-09T13:12:28Z
15875,160848,3.0,1577188898,2019-12-24T12:01:38Z
15875,188773,2.5,1577363226,2019-12-26T12:27:06Z
15875,188623,3.5,1579268681,2020-01-17T13:44:41Z
15875,143367,2.5,1590163732,2020-05-22T16:08:52Z
15875,173007,3.0,1599994749,2020-09-13T10:59:09Z
15875,240868,3.0,1631185112,2021-09-09T10:58:32Z
15875,275245,1.5,1683996686,2023-05-13T16:51:26Z
15875,273891,3.5,1684397263,2023-05-18T08:07:43Z
15903,166291,4.0,1634727719,2021-10-20T11:01:59Z
15903,223572,4.0,1634727816,2021-10-20T11:03:36Z
15903,222627,4.0,1634727832,2021-10-20T11:03:52Z
15903,231413,4.0,1634727911,2021-10-20T11:05:11Z
15903,249180,3.5,1634727953,2021-10-20T11:05:53Z
15903,218657,3.5,1634728193,2021-10-20T11:09:53Z
15903,163134,4.5,1635630122,2021-10-30T21:42:02Z
15968,188623,4.0,1569272166,2019-09-23T20:56:06Z
15968,168250,4.0,1569272499,2019-09-23T21:01:39Z
15968,163056,4.0,1569272867,2019-09-23T21:07:47Z
15968,265114,4.0,1670870984,2022-12-12T18:49:44Z
15968,213431,4.0,1670870987,2022-12-12T18:49:47Z
15968,188773,4.0,1670874784,2022-12-12T19:53:04Z
15968,275245,5.0,1670887098,2022-12-12T23:18:18Z
15968,258001,4.0,1682140655,2023-04-22T05:17:35Z
16087,141432,4.5,1486886578,2017-02-12T08:02:58Z
16087,140106,3.0,1486888669,2017-02-12T08:37:49Z
16087,164204,3.5,1486911422,2017-02-12T14:57:02Z
16087,189743,3.0,1537291471,2018-09-18T17:24:31Z
16087,143531,3.0,1537613234,2018-09-22T10:47:14Z
16087,194452,3.0,1539166387,2018-10-10T10:13:07Z
16087,188773,4.0,1583596906,2020-03-07T16:01:46Z
16087,177465,4.0,1621006264,2021-05-14T15:31:04Z
16087,188623,2.5,1646236722,2022-03-02T15:58:42Z
16087,164643,2.0,1650897815,2022-04-25T14:43:35Z
16087,264806,3.0,1668337261,2022-11-13T11:01:01Z
16087,257037,4.0,1668960150,2022-11-20T16:02:30Z
16087,179225,3.0,1676228555,2023-02-12T19:02:35Z
16087,184509,2.0,1676228691,2023-02-12T19:04:51Z
16204,210577,1.5,1651692660,2022-05-04T19:31:00Z
16204,200838,1.5,1651693756,2022-05-04T19:49:16Z
16204,146309,3.0,1651697202,2022-05-04T20:46:42Z
16204,163134,1.5,1651698580,2022-05-04T21:09:40Z
16204,273891,2.0,1687611148,2023-06-24T12:52:28Z
16344,210577,3.0,1626028947,2021-07-11T18:42:27Z
16344,200838,3.0,1626028969,2021-07-11T18:42:49Z
16344,163134,2.5,1642342018,2022-01-16T14:06:58Z
16344,231413,3.5,1642342118,2022-01-16T14:08:38Z
16344,184641,3.0,1656434869,2022-06-28T16:47:49Z
16344,196937,3.0,1666061925,2022-10-18T02:58:45Z
16344,276231,3.0,1666061934,2022-10-18T02:58:54Z
16344,137863,2.5,1666061946,2022-10-18T02:59:06Z
16344,271224,3.5,1672604842,2023-01-01T20:27:22Z
16344,283791,4.0,1676561928,2023-02-16T15:38:48Z
16344,204158,3.0,1680416163,2023-04-02T06:16:03Z
16344,281188,3.0,1681363621,2023-04-13T05:27:01Z
16344,286915,2.0,1683200895,2023-05-04T11:48:15Z
16405,168250,4.0,1618017157,2021-04-10T01:12:37Z
16405,163134,4.0,1618332826,2021-04-13T16:53:46Z
16405,200820,3.5,1619281238,2021-04-24T16:20:38Z
16405,171013,4.0,1620565832,2021-05-09T13:10:32Z
16405,193041,3.5,1622325734,2021-05-29T22:02:14Z
16405,193916,3.0,1622329651,2021-05-29T23:07:31Z
16405,160848,4.0,1623526783,2021-06-12T19:39:43Z
16405,140106,4.0,1625100188,2021-07-01T00:43:08Z
16405,198611,3.0,1674513030,2023-01-23T22:30:30Z
16564,168250,3.5,1494717162,2017-05-13T23:12:42Z
16564,166291,4.5,1507777563,2017-10-12T03:06:03Z
16564,169022,5.0,1541369146,2018-11-04T22:05:46Z
16564,188623,4.0,1577588056,2019-12-29T02:54:16Z
16564,163134,3.5,1636889784,2021-11-14T11:36:24Z
16564,257037,3.5,1644686587,2022-02-12T17:23:07Z
16564,223570,1.5,1679270286,2023-03-19T23:58:06Z
16564,275245,4.0,1680878002,2023-04-07T14:33:22Z
16564,188773,4.0,1681058932,2023-04-09T16:48:52Z
16564,281188,4.0,1682169589,2023-04-22T13:19:49Z
16642,168250,4.0,1647475011,2022-03-16T23:56:51Z
16642,193041,4.0,1647481960,2022-03-17T01:52:40Z
16642,188773,3.5,1647486685,2022-03-17T03:11:25Z
16642,260185,3.5,1647562608,2022-03-18T00:16:48Z
16642,260645,3.0,1647565906,2022-03-18T01:11:46Z
16642,210577,1.5,1647568259,2022-03-18T01:50:59Z
16642,194252,3.0,1647568361,2022-03-18T01:52:41Z
16642,264806,3.0,1653395075,2022-05-24T12:24:35Z
16642,258001,3.5,1653395280,2022-05-24T12:28:00Z
16642,169400,2.0,1694212595,2023-09-08T22:36:35Z
16647,257037,5.0,1690177497,2023-07-24T05:44:57Z
16647,253332,4.0,1690178084,2023-07-24T05:54:44Z
16647,246604,5.0,1690178168,2023-07-24T05:56:08Z
16647,168250,4.5,1690179396,2023-07-24T06:16:36Z
16647,239256,4.0,1690238998,2023-07-24T22:49:58Z
16647,210577,3.5,1690239042,2023-07-24T22:50:42Z
16672,160848,4.5,1554243046,2019-04-02T22:10:46Z
16672,163134,4.5,1554243048,2019-04-02T22:10:48Z
16672,168250,4.0,1554243048,2019-04-02T22:10:48Z
16672,188773,4.0,1554243049,2019-04-02T22:10:49Z
16672,200820,1.5,1560923778,2019-06-19T05:56:18Z
16672,188623,4.0,1565988580,2019-08-16T20:49:40Z
16672,143367,4.5,1577345855,2019-12-26T07:37:35Z
16672,204158,3.5,1609983472,2021-01-07T01:37:52Z
16672,231413,2.0,1623889714,2021-06-17T00:28:34Z
16751,193916,4.0,1584795235,2020-03-21T12:53:55Z
16751,184835,4.0,1584795457,2020-03-21T12:57:37Z
16751,171013,3.0,1584795467,2020-03-21T12:57:47Z
16751,182479,2.0,1584795609,2020-03-21T13:00:09Z
16751,177939,3.0,1584795717,2020-03-21T13:01:57Z
16751,160848,4.0,1584795935,2020-03-21T13:05:35Z
16751,166291,3.0,1584795969,2020-03-21T13:06:09Z
16751,182467,2.0,1584795997,2020-03-21T13:06:37Z
16751,163134,3.0,1584796022,2020-03-21T13:07:02Z
16751,166295,3.0,1584796118,2020-03-21T13:08:38Z
16751,142566,3.0,1584796152,2020-03-21T13:09:12Z
16751,146309,4.0,1584796401,2020-03-21T13:13:21Z
16751,150776,1.0,1584796410,2020-03-21T13:13:30Z
16751,204610,3.0,1586770054,2020-04-13T09:27:34Z
16751,216147,3.0,1588321496,2020-05-01T08:24:56Z
16751,216149,3.0,1588321525,2020-05-01T08:25:25Z
16751,188773,3.0,1592487627,2020-06-18T13:40:27Z
16825,197625,3.5,1547567054,2019-01-15T15:44:14Z
16825,179411,3.5,1547567056,2019-01-15T15:44:16Z
16825,193533,3.5,1547567056,2019-01-15T15:44:16Z
16825,168250,3.5,1547567059,2019-01-15T15:44:19Z
16825,196233,3.5,1547567062,2019-01-15T15:44:22Z
16825,182479,3.5,1547567064,2019-01-15T15:44:24Z
16825,186875,3.5,1547567065,2019-01-15T15:44:25Z
16825,165105,3.5,1547567066,2019-01-15T15:44:26Z
16825,193041,3.5,1547567066,2019-01-15T15:44:26Z
16825,188181,3.5,1547567067,2019-01-15T15:44:27Z
16825,163056,3.5,1547567069,2019-01-15T15:44:29Z
16825,150776,3.5,1547567070,2019-01-15T15:44:30Z
16825,175299,3.5,1547567070,2019-01-15T15:44:30Z
16825,173935,3.5,1547567073,2019-01-15T15:44:33Z
16825,191763,3.5,1547567074,2019-01-15T15:44:34Z
16825,163134,3.5,1547567075,2019-01-15T15:44:35Z
17035,168250,3.0,1510466412,2017-11-12T06:00:12Z
17035,143367,3.0,1517635828,2018-02-03T05:30:28Z
17035,165105,2.5,1518327323,2018-02-11T05:35:23Z
17035,185539,2.0,1600400324,2020-09-18T03:38:44Z
17035,209949,2.0,1612752869,2021-02-08T02:54:29Z
17035,200820,3.5,1618636232,2021-04-17T05:10:32Z
17035,188773,1.0,1646982413,2022-03-11T07:06:53Z
17042,168250,4.0,1663130423,2022-09-14T04:40:23Z
17042,200838,3.5,1663458901,2022-09-17T23:55:01Z
17042,275245,2.0,1665885902,2022-10-16T02:05:02Z
17042,273891,3.0,1666812626,2022-10-26T19:30:26Z
17042,231413,3.5,1667180421,2022-10-31T01:40:21Z
17042,163134,3.5,1674358814,2023-01-22T03:40:14Z
17042,200820,3.5,1675303623,2023-02-02T02:07:03Z
17175,163134,4.0,1500797043,2017-07-23T08:04:03Z
17175,146309,3.5,1500799742,2017-07-23T08:49:02Z
17175,168250,4.0,1514042408,2017-12-23T15:20:08Z
17175,163056,3.5,1520949767,2018-03-13T14:02:47Z
17175,164395,3.5,1520949795,2018-03-13T14:03:15Z
17175,188773,4.0,1529801577,2018-06-24T00:52:57Z
17175,143367,3.0,1541859111,2018-11-10T14:11:51Z
17175,200838,3.5,1557840654,2019-05-14T13:30:54Z
17175,204158,3.5,1563797984,2019-07-22T12:19:44Z
17175,187467,3.5,1576508085,2019-12-16T14:54:45Z
17189,165105,3.5,1479139822,2016-11-14T16:10:22Z
17189,168250,4.0,1495133017,2017-05-18T18:43:37Z
17189,188623,3.0,1537092994,2018-09-16T10:16:34Z
17189,143367,1.0,1567693749,2019-09-05T14:29:09Z
17189,200820,1.0,1570968047,2019-10-13T12:00:47Z
17189,253332,2.0,1631184635,2021-09-09T10:50:35Z
17521,150776,4.0,1649541257,2022-04-09T21:54:17Z
17521,164282,3.5,1649541258,2022-04-09T21:54:18Z
17521,182467,4.5,1649541263,2022-04-09T21:54:23Z
17521,238344,4.5,1649541267,2022-04-09T21:54:27Z
17521,239256,2.0,1649541268,2022-04-09T21:54:28Z
17542,200838,3.0,1584491176,2020-03-18T00:26:16Z
17542,163134,1.5,1601044981,2020-09-25T14:43:01Z
17542,200820,2.5,1602054749,2020-10-07T07:12:29Z
17542,183661,3.5,1602245642,2020-10-09T12:14:02Z
17542,191235,3.0,1602772918,2020-10-15T14:41:58Z
17542,194797,1.5,1602837504,2020-10-16T08:38:24Z
17542,274993,3.0,1680824864,2023-04-06T23:47:44Z
17638,168250,4.5,1622926843,2021-06-05T21:00:43Z
17638,163056,4.0,1622927308,2021-06-05T21:08:28Z
17638,194797,1.0,1622927315,2021-06-05T21:08:35Z
17638,191235,0.5,1622927318,2021-06-05T21:08:38Z
17638,183661,1.5,1622927348,2021-06-05T21:09:08Z
17638,200820,1.5,1624811350,2021-06-27T16:29:10Z
17700,210577,3.0,1589649019,2020-05-16T17:10:19Z
17700,143367,4.0,1589649021,2020-05-16T17:10:21Z
17700,163134,3.5,1589649021,2020-05-16T17:10:21Z
17700,168250,3.5,1589649021,2020-05-16T17:10:21Z
17700,200838,4.0,1589649022,2020-05-16T17:10:22Z
17700,188773,3.0,1589649024,2020-05-16T17:10:24Z
17767,163134,3.5,1523445731,2018-04-11T11:22:11Z
17767,168250,2.5,1541877893,2018-11-10T19:24:53Z
17767,178907,3.5,1572191989,2019-10-27T15:59:49Z
17767,204158,4.5,1613660563,2021-02-18T15:02:43Z
17767,166291,3.5,1631538832,2021-09-13T13:13:52Z
17767,146309,4.0,1631618355,2021-09-14T11:19:15Z
17835,143531,5.0,1654459294,2022-06-05T20:01:34Z
17835,257037,5.0,1654459559,2022-06-05T20:05:59Z
17835,253332,1.0,1654460024,2022-06-05T20:13:44Z
17835,242062,5.0,1654461479,2022-06-05T20:37:59Z
17835,200794,5.0,1654461487,2022-06-05T20:38:07Z
17835,204158,1.0,1654462014,2022-06-05T20:46:54Z
17835,143367,5.0,1654462071,2022-06-05T20:47:51Z
17835,166974,2.0,1654467668,2022-06-05T22:21:08Z
17835,184275,1.5,1654467669,2022-06-05T22:21:09Z
17835,145034,2.0,1654470995,2022-06-05T23:16:35Z
17835,168250,2.5,1655072300,2022-06-12T22:18:20Z
17835,188623,2.5,1655072347,2022-06-12T22:19:07Z
17835,163134,2.5,1655074064,2022-06-12T22:47:44Z
17835,197657,4.5,1655077722,2022-06-12T23:48:42Z
17856,193801,4.0,1584373870,2020-03-16T15:51:10Z
17856,188623,3.5,1584374344,2020-03-16T15:59:04Z
17856,204158,4.0,1584374914,2020-03-16T16:08:34Z
17856,163134,5.0,1584375486,2020-03-16T16:18:06Z
17856,168250,4.5,1584375497,2020-03-16T16:18:17Z
17856,146309,4.5,1584375781,2020-03-16T16:23:01Z
17856,203974,3.5,1584377679,2020-03-16T16:54:39Z
17856,192209,3.5,1584377691,2020-03-16T16:54:51Z
17856,193916,4.0,1584377695,2020-03-16T16:54:55Z
17856,174549,3.5,1584377719,2020-03-16T16:55:19Z
17856,183661,3.0,1584377757,2020-03-16T16:55:57Z
17856,178111,1.0,1584377779,2020-03-16T16:56:19Z
17856,182479,3.0,1584377788,2020-03-16T16:56:28Z
17856,160848,3.5,1584377864,2020-03-16T16:57:44Z
17856,166291,4.5,1584378849,2020-03-16T17:14:09Z
17856,200820,2.5,1584449307,2020-03-17T12:48:27Z
17856,163056,4.5,1584451395,2020-03-17T13:23:15Z
17856,186985,3.0,1584452521,2020-03-17T13:42:01Z
17856,200838,3.5,1584458486,2020-03-17T15:21:26Z
17856,142374,2.5,1584469134,2020-03-17T18:18:54Z
17856,193533,4.0,1584469248,2020-03-17T18:20:48Z
17856,142566,3.5,1584469266,2020-03-17T18:21:06Z
17856,185539,3.5,1584473124,2020-03-17T19:25:24Z
17856,165105,4.0,1586096467,2020-04-05T14:21:07Z
17856,140805,2.5,1586097707,2020-04-05T14:41:47Z
17856,201488,3.0,1593051284,2020-06-25T02:14:44Z
17856,206393,5.0,1593056116,2020-06-25T03:35:16Z
17856,177229,3.5,1593056456,2020-06-25T03:40:56Z
17856,206093,2.0,1594395466,2020-07-10T15:37:46Z
17856,210577,3.0,1600788359,2020-09-22T15:25:59Z
17856,205539,4.0,1603031129,2020-10-18T14:25:29Z
17856,221256,4.0,1603113316,2020-10-19T13:15:16Z
17856,193041,4.5,1604065172,2020-10-30T13:39:32Z
17856,194797,2.5,1610634338,2021-01-14T14:25:38Z
17856,191235,4.0,1610634343,2021-01-14T14:25:43Z
17856,238036,3.5,1612803062,2021-02-08T16:51:02Z
17856,243994,3.0,1618454749,2021-04-15T02:45:49Z
17856,177939,4.5,1629822387,2021-08-24T16:26:27Z
17856,184835,2.0,1637258592,2021-11-18T18:03:12Z
17856,201706,4.0,1637258691,2021-11-18T18:04:51Z
17856,252932,4.5,1642699371,2022-01-20T17:22:51Z
17856,275245,3.5,1672838731,2023-01-04T13:25:31Z
17856,273891,3.5,1673970602,2023-01-17T15:50:02Z
17856,259737,2.5,1675829069,2023-02-08T04:04:29Z
18038,168250,4.0,1575064355,2019-11-29T21:52:35Z
18038,188773,3.5,1575066551,2019-11-29T22:29:11Z
18038,188623,4.0,1575066644,2019-11-29T22:30:44Z
18038,182467,4.5,1575154236,2019-11-30T22:50:36Z
18038,143531,3.5,1575157537,2019-11-30T23:45:37Z
18038,239256,3.0,1623533804,2021-06-12T21:36:44Z
18171,168250,3.0,1507482246,2017-10-08T17:04:06Z
18171,188773,4.5,1569867426,2019-09-30T18:17:06Z
18171,188623,4.0,1584989195,2020-03-23T18:46:35Z
18171,163134,4.0,1585430890,2020-03-28T21:28:10Z
18171,200838,2.5,1587665316,2020-04-23T18:08:36Z
18199,275245,2.0,1689614387,2023-07-17T17:19:47Z
18199,273891,3.5,1689614390,2023-07-17T17:19:50Z
18199,257037,3.5,1689614391,2023-07-17T17:19:51Z
18199,165105,3.5,1689614399,2023-07-17T17:19:59Z
18199,168250,4.0,1689614401,2023-07-17T17:20:01Z
18199,188623,4.0,1689614404,2023-07-17T17:20:04Z
18240,167198,3.5,1482503081,2016-12-23T14:24:41Z
18240,170961,2.5,1498171412,2017-06-22T22:43:32Z
18240,177119,2.5,1503852936,2017-08-27T16:55:36Z
18240,168250,3.5,1509644491,2017-11-02T17:41:31Z
18240,186985,3.0,1524773351,2018-04-26T20:09:11Z
18240,200838,2.0,1573220833,2019-11-08T13:47:13Z
18240,210577,2.0,1585386267,2020-03-28T09:04:27Z
18240,272339,3.5,1648323659,2022-03-26T19:40:59Z
18240,251646,3.0,1648323938,2022-03-26T19:45:38Z
18240,273891,2.5,1686088821,2023-06-06T22:00:21Z
18240,289069,2.0,1690896573,2023-08-01T13:29:33Z
18428,168250,5.0,1618555536,2021-04-16T06:45:36Z
18428,178111,5.0,1618556628,2021-04-16T07:03:48Z
18428,200838,5.0,1618556671,2021-04-16T07:04:31Z
18428,204158,5.0,1618556894,2021-04-16T07:08:14Z
18428,163134,5.0,1618581219,2021-04-16T13:53:39Z
18428,200820,4.0,1618585003,2021-04-16T14:56:43Z
18537,168250,4.5,1529834463,2018-06-24T10:01:03Z
18537,186985,2.5,1533556153,2018-08-06T11:49:13Z
18537,137863,5.0,1533989013,2018-08-11T12:03:33Z
18537,171071,5.0,1534429424,2018-08-16T14:23:44Z
18537,210577,3.5,1585174676,2020-03-25T22:17:56Z
18537,208293,4.0,1586627703,2020-04-11T17:55:03Z
18537,196937,5.0,1586627779,2020-04-11T17:56:19Z
18537,273891,5.0,1671222113,2022-12-16T20:21:53Z
18564,163134,5.0,1505686992,2017-09-17T22:23:12Z
18564,162990,4.0,1541679802,2018-11-08T12:23:22Z
18564,178907,4.0,1546552813,2019-01-03T22:00:13Z
18564,166291,5.0,1565274611,2019-08-08T14:30:11Z
18564,188773,4.0,1569356865,2019-09-24T20:27:45Z
18564,168250,4.0,1577628693,2019-12-29T14:11:33Z
18564,177939,5.0,1578319211,2020-01-06T14:00:11Z
18564,193041,5.0,1586637119,2020-04-11T20:31:59Z
18564,162968,2.5,1602332620,2020-10-10T12:23:40Z
18564,184835,5.0,1653606450,2022-05-26T23:07:30Z
18564,246604,5.0,1655939984,2022-06-22T23:19:44Z
18564,275245,4.5,1664064865,2022-09-25T00:14:25Z
18564,163056,3.5,1693096505,2023-08-27T00:35:05Z
18699,165105,1.5,1481814611,2016-12-15T15:10:11Z
18699,168250,3.5,1496251579,2017-05-31T17:26:19Z
18699,173007,2.0,1496251805,2017-05-31T17:30:05Z
18699,182479,1.0,1541293622,2018-11-04T01:07:02Z
18699,166974,1.0,1575155436,2019-11-30T23:10:36Z
18699,168652,0.5,1607964451,2020-12-14T16:47:31Z
18699,200820,1.5,1622995102,2021-06-06T15:58:22Z
18699,231413,1.0,1655313915,2022-06-15T17:25:15Z
18699,275245,5.0,1662405343,2022-09-05T19:15:43Z
18699,177119,1.0,1672593656,2023-01-01T17:20:56Z
18699,170961,1.0,1688590106,2023-07-05T20:48:26Z
18699,284793,2.0,1688590818,2023-07-05T21:00:18Z
18699,193041,4.5,1696723072,2023-10-07T23:57:52Z
19120,163134,4.0,1542172516,2018-11-14T05:15:16Z
19120,186985,2.0,1550992065,2019-02-24T07:07:45Z
19120,168250,2.5,1582529251,2020-02-24T07:27:31Z
19120,200838,3.0,1584343430,2020-03-16T07:23:50Z
19120,200820,2.5,1584343510,2020-03-16T07:25:10Z
19120,188773,3.0,1585547833,2020-03-30T05:57:13Z
19120,210577,3.0,1588310522,2020-05-01T05:22:02Z
19120,204158,3.5,1607929921,2020-12-14T07:12:01Z
19314,188773,5.0,1567998067,2019-09-09T03:01:07Z
19314,160848,2.5,1568007870,2019-09-09T05:44:30Z
19314,163134,4.0,1569978322,2019-10-02T01:05:22Z
19314,166291,2.5,1573430382,2019-11-10T23:59:42Z
19314,177939,5.0,1573512353,2019-11-11T22:45:53Z
19314,184835,3.5,1575188505,2019-12-01T08:21:45Z
19314,171013,4.5,1577057813,2019-12-22T23:36:53Z
19314,168250,3.5,1581586689,2020-02-13T09:38:09Z
19314,188623,4.5,1607463550,2020-12-08T21:39:10Z
19316,137863,5.0,1612301213,2021-02-02T21:26:53Z
19316,160848,3.5,1612301213,2021-02-02T21:26:53Z
19316,164204,4.0,1612301215,2021-02-02T21:26:55Z
19316,168250,4.0,1612301215,2021-02-02T21:26:55Z
19316,163134,4.0,1612301216,2021-02-02T21:26:56Z
19316,188623,3.5,1612301217,2021-02-02T21:26:57Z
19347,143367,4.0,1494615458,2017-05-12T18:57:38Z
19347,163134,3.5,1494615458,2017-05-12T18:57:38Z
19347,169400,4.0,1494615460,2017-05-12T18:57:40Z
19347,178907,5.0,1515950379,2018-01-14T17:19:39Z
19347,173007,5.0,1516304411,2018-01-18T19:40:11Z
19347,160848,3.5,1518063310,2018-02-08T04:15:10Z
19347,171071,4.0,1523281104,2018-04-09T13:38:24Z
19347,168250,4.0,1526813719,2018-05-20T10:55:19Z
19347,177119,3.5,1535041571,2018-08-23T16:26:11Z
19347,200838,2.0,1566578869,2019-08-23T16:47:49Z
19347,188623,2.0,1570463239,2019-10-07T15:47:19Z
19347,200820,3.0,1590645956,2020-05-28T06:05:56Z
19347,204158,5.0,1622215903,2021-05-28T15:31:43Z
19347,223572,4.5,1632556255,2021-09-25T07:50:55Z
19347,222627,4.5,1632556260,2021-09-25T07:51:00Z
19347,223570,4.5,1632556265,2021-09-25T07:51:05Z
19347,249180,3.0,1645622264,2022-02-23T13:17:44Z
19347,252932,3.0,1649844220,2022-04-13T10:03:40Z
19347,207828,2.0,1674628589,2023-01-25T06:36:29Z
19347,273891,2.5,1679403489,2023-03-21T12:58:09Z
19387,167850,3.5,1483913865,2017-01-08T22:17:45Z
19387,143367,4.0,1484772571,2017-01-18T20:49:31Z
19387,168250,4.0,1502649708,2017-08-13T18:41:48Z
19387,200820,3.5,1559340380,2019-05-31T22:06:20Z
19387,200838,3.0,1561322145,2019-06-23T20:35:45Z
19387,188773,3.5,1578776051,2020-01-11T20:54:11Z
19387,198107,3.5,1586642730,2020-04-11T22:05:30Z
19387,178907,3.0,1587847785,2020-04-25T20:49:45Z
19387,213367,3.5,1625606998,2021-07-06T21:29:58Z
19387,246604,3.5,1643739356,2022-02-01T18:15:56Z
19387,257037,3.5,1650404573,2022-04-19T21:42:53Z
19387,188623,3.0,1657402325,2022-07-09T21:32:05Z
19387,273891,4.0,1659649682,2022-08-04T21:48:02Z
19387,275245,3.5,1661546159,2022-08-26T20:35:59Z
19387,289097,4.0,1692736699,2023-08-22T20:38:19Z
19465,148855,3.0,1503439914,2017-08-22T22:11:54Z
19465,168250,3.0,1503439914,2017-08-22T22:11:54Z
19465,200820,2.5,1600570373,2020-09-20T02:52:53Z
19465,275245,2.5,1662302422,2022-09-04T14:40:22Z
19465,273891,2.5,1664772554,2022-10-03T04:49:14Z
19528,163134,5.0,1490289070,2017-03-23T17:11:10Z
19528,140106,5.0,1490289255,2017-03-23T17:14:15Z
19528,145034,2.0,1495572273,2017-05-23T20:44:33Z
19528,141432,3.5,1495722460,2017-05-25T14:27:40Z
19528,164204,3.0,1497286955,2017-06-12T17:02:35Z
19528,146309,4.0,1497904679,2017-06-19T20:37:59Z
19528,160848,3.0,1498246721,2017-06-23T19:38:41Z
19528,140805,1.0,1508330966,2017-10-18T12:49:26Z
19528,142374,0.5,1508418606,2017-10-19T13:10:06Z
19528,168250,3.5,1515767010,2018-01-12T14:23:30Z
19528,182479,3.0,1522411239,2018-03-30T12:00:39Z
19528,188773,4.0,1529801527,2018-06-24T00:52:07Z
19528,166291,3.5,1529980615,2018-06-26T02:36:55Z
19528,192209,4.0,1535459542,2018-08-28T12:32:22Z
19528,193041,3.5,1535897705,2018-09-02T14:15:05Z
19528,171863,2.0,1536225643,2018-09-06T09:20:43Z
19528,193463,3.0,1536919401,2018-09-14T10:03:21Z
19528,193483,3.0,1536991949,2018-09-15T06:12:29Z
19528,193679,2.0,1537266691,2018-09-18T10:31:31Z
19528,175299,3.5,1537403272,2018-09-20T00:27:52Z
19528,176515,4.0,1537618970,2018-09-22T12:22:50Z
19528,143367,2.0,1541859061,2018-11-10T14:11:01Z
19528,199231,3.0,1550846637,2019-02-22T14:43:57Z
19528,197549,1.0,1551182129,2019-02-26T11:55:29Z
19528,200838,3.5,1557755174,2019-05-13T13:46:14Z
19528,197349,3.0,1558488532,2019-05-22T01:28:52Z
19528,204158,3.0,1563626810,2019-07-20T12:46:50Z
19528,207451,3.5,1571187752,2019-10-16T01:02:32Z
19528,145596,2.0,1571222027,2019-10-16T10:33:47Z
19528,208076,2.5,1572342496,2019-10-29T09:48:16Z
19528,187467,3.0,1575899942,2019-12-09T13:59:02Z
19528,211836,2.0,1579167900,2020-01-16T09:45:00Z
19528,212359,3.0,1587454762,2020-04-21T07:39:22Z
19528,199269,3.5,1588942357,2020-05-08T12:52:37Z
19528,219334,2.0,1593571854,2020-07-01T02:50:54Z
19528,185539,3.0,1596266300,2020-08-01T07:18:20Z
19528,170805,3.5,1596531893,2020-08-04T09:04:53Z
19528,200794,1.0,1598708901,2020-08-29T13:48:21Z
19528,230703,2.0,1606918776,2020-12-02T14:19:36Z
19528,204610,1.0,1612336549,2021-02-03T07:15:49Z
19528,223310,2.0,1619593147,2021-04-28T06:59:07Z
19528,236121,2.0,1619766853,2021-04-30T07:14:13Z
19528,209949,3.0,1623597134,2021-06-13T15:12:14Z
19528,257037,3.0,1646606415,2022-03-06T22:40:15Z
19528,210577,2.0,1655237690,2022-06-14T20:14:50Z
19528,275245,3.5,1667249639,2022-10-31T20:53:59Z
19528,273891,2.5,1671485703,2022-12-19T21:35:03Z
19528,284377,1.5,1677949493,2023-03-04T17:04:53Z
19600,143367,4.5,1580856402,2020-02-04T22:46:42Z
19600,168250,4.5,1580856648,2020-02-04T22:50:48Z
19600,163056,4.0,1580856854,2020-02-04T22:54:14Z
19600,200820,3.5,1580856869,2020-02-04T22:54:29Z
19600,188623,4.5,1580857130,2020-02-04T22:58:50Z
19600,188773,4.5,1581367974,2020-02-10T20:52:54Z
19600,195605,3.0,1586783017,2020-04-13T13:03:37Z
19600,212383,3.5,1635640761,2021-10-31T00:39:21Z
19600,212385,3.5,1635640762,2021-10-31T00:39:22Z
19600,247464,3.5,1635640764,2021-10-31T00:39:24Z
19600,206393,5.0,1635640777,2021-10-31T00:39:37Z
19600,210577,3.5,1653686836,2022-05-27T21:27:16Z
19600,265114,4.0,1653687048,2022-05-27T21:30:48Z
19700,168250,4.0,1494052530,2017-05-06T06:35:30Z
19700,163134,5.0,1566978507,2019-08-28T07:48:27Z
19700,210577,4.0,1582337070,2020-02-22T02:04:30Z
19700,204158,4.5,1599693324,2020-09-09T23:15:24Z
19700,200838,4.0,1600482743,2020-09-19T02:32:23Z
19700,281188,4.5,1682221833,2023-04-23T03:50:33Z
19700,231413,4.0,1690696783,2023-07-30T05:59:43Z
20590,163134,4.5,1519326320,2018-02-22T19:05:20Z
20590,188773,4.5,1571677943,2019-10-21T17:12:23Z
20590,177939,4.0,1589436394,2020-05-14T06:06:34Z
20590,188623,4.0,1600927663,2020-09-24T06:07:43Z
20590,252932,4.0,1643936290,2022-02-04T00:58:10Z
20942,231413,0.5,1677054221,2023-02-22T08:23:41Z
20942,275245,3.0,1677054221,2023-02-22T08:23:41Z
20942,257037,0.5,1677054222,2023-02-22T08:23:42Z
20942,272079,0.5,1677054222,2023-02-22T08:23:42Z
20942,273891,0.5,1677054222,2023-02-22T08:23:42Z
20942,163134,3.5,1677054227,2023-02-22T08:23:47Z
20942,168250,3.5,1677054227,2023-02-22T08:23:47Z
20942,182467,4.0,1677054228,2023-02-22T08:23:48Z
20942,188623,0.5,1677054228,2023-02-22T08:23:48Z
20942,279806,0.5,1677054228,2023-02-22T08:23:48Z
20942,188773,3.5,1677054229,2023-02-22T08:23:49Z
20959,143367,3.5,1514359465,2017-12-27T07:24:25Z
20959,200820,3.0,1559404659,2019-06-01T15:57:39Z
20959,200838,3.5,1559404716,2019-06-01T15:58:36Z
20959,210577,3.5,1581654799,2020-02-14T04:33:19Z
20959,253332,3.0,1629690560,2021-08-23T03:49:20Z
20959,273891,4.0,1659491806,2022-08-03T01:56:46Z
20959,275245,3.5,1659496451,2022-08-03T03:14:11Z
20959,289097,3.5,1694968305,2023-09-17T16:31:45Z
21222,163134,3.0,1595821288,2020-07-27T03:41:28Z
21222,157369,4.0,1595824834,2020-07-27T04:40:34Z
21222,163056,3.5,1595825391,2020-07-27T04:49:51Z
21222,177869,3.0,1595825533,2020-07-27T04:52:13Z
21222,166974,3.0,1595825973,2020-07-27T04:59:33Z
21222,164395,3.0,1595826335,2020-07-27T05:05:35Z
21222,140805,0.5,1595826932,2020-07-27T05:15:32Z
21222,149146,3.0,1628987056,2021-08-15T00:24:16Z
21222,168652,2.5,1628987795,2021-08-15T00:36:35Z
21576,137863,3.0,1499629273,2017-07-09T19:41:13Z
21576,163134,4.0,1499761498,2017-07-11T08:24:58Z
21576,166291,4.0,1527791356,2018-05-31T18:29:16Z
21576,140106,4.0,1544986459,2018-12-16T18:54:19Z
21576,196937,3.5,1553663658,2019-03-27T05:14:18Z
21576,192649,4.0,1553663678,2019-03-27T05:14:38Z
21576,157369,3.5,1553663887,2019-03-27T05:18:07Z
21576,273891,4.0,1669492034,2022-11-26T19:47:14Z
21576,258001,4.5,1686828638,2023-06-15T11:30:38Z
21576,188773,3.5,1694614818,2023-09-13T14:20:18Z
21576,281188,4.5,1696537673,2023-10-05T20:27:53Z
21703,273891,3.5,1681352468,2023-04-13T02:21:08Z
21703,275245,3.5,1681352474,2023-04-13T02:21:14Z
21703,188623,4.0,1681353083,2023-04-13T02:31:23Z
21703,188773,5.0,1681353138,2023-04-13T02:32:18Z
21703,140106,4.0,1681566678,2023-04-15T13:51:18Z
21703,164204,3.5,1681566690,2023-04-15T13:51:30Z
21707,163134,5.0,1492669300,2017-04-20T06:21:40Z
21707,166291,4.5,1492847034,2017-04-22T07:43:54Z
21707,173007,4.0,1495244932,2017-05-20T01:48:52Z
21707,165129,4.0,1504408280,2017-09-03T03:11:20Z
21707,178707,4.0,1509868749,2017-11-05T07:59:09Z
21707,163056,3.5,1514543386,2017-12-29T10:29:46Z
21707,182479,3.5,1515663989,2018-01-11T09:46:29Z
21707,182863,4.0,1523179733,2018-04-08T09:28:53Z
21707,186593,4.5,1523179812,2018-04-08T09:30:12Z
21707,186595,4.0,1523179873,2018-04-08T09:31:13Z
21707,190201,2.0,1530009649,2018-06-26T10:40:49Z
21707,188773,4.5,1532165731,2018-07-21T09:35:31Z
21707,140106,4.0,1532167087,2018-07-21T09:58:07Z
21707,188623,3.5,1532845338,2018-07-29T06:22:18Z
21707,170125,4.5,1543637382,2018-12-01T04:09:42Z
21707,171013,4.0,1546253236,2018-12-31T10:47:16Z
21707,192209,3.5,1551348407,2019-02-28T10:06:47Z
21707,200794,3.5,1556111120,2019-04-24T13:05:20Z
21707,203733,4.0,1562284057,2019-07-04T23:47:37Z
21707,203735,4.0,1562284122,2019-07-04T23:48:42Z
21707,201488,4.0,1563619693,2019-07-20T10:48:13Z
21707,206303,3.5,1570787518,2019-10-11T09:51:58Z
21707,206093,2.5,1577588997,2019-12-29T03:09:57Z
21707,211137,3.5,1579419547,2020-01-19T07:39:07Z
21707,212359,4.0,1580717197,2020-02-03T08:06:37Z
21707,214216,4.0,1587034751,2020-04-16T10:59:11Z
21707,143367,3.5,1591352679,2020-06-05T10:24:39Z
21707,170961,3.0,1592110183,2020-06-14T04:49:43Z
21707,218657,4.0,1592742563,2020-06-21T12:29:23Z
21707,160848,3.0,1595404534,2020-07-22T07:55:34Z
21707,247500,3.5,1619583127,2021-04-28T04:12:07Z
21707,161594,3.0,1620200132,2021-05-05T07:35:32Z
21707,254464,4.0,1627810085,2021-08-01T09:28:05Z
21707,257701,4.0,1632013209,2021-09-19T01:00:09Z
21707,249180,4.5,1634600340,2021-10-18T23:39:00Z
21707,262113,4.0,1634987920,2021-10-23T11:18:40Z
21707,213111,4.5,1640666591,2021-12-28T04:43:11Z
21707,204158,4.5,1643713241,2022-02-01T11:00:41Z
21707,187145,4.0,1647086611,2022-03-12T12:03:31Z
21707,270762,3.5,1649072462,2022-04-04T11:41:02Z
21707,272555,3.5,1652159426,2022-05-10T05:10:26Z
21707,265114,3.5,1653803314,2022-05-29T05:48:34Z
21707,267640,4.5,1653873192,2022-05-30T01:13:12Z
21707,279094,3.5,1663636594,2022-09-20T01:16:34Z
21707,289563,3.5,1691650965,2023-08-10T07:02:45Z
21806,166291,3.5,1589116899,2020-05-10T13:21:39Z
21806,188773,4.5,1592794273,2020-06-22T02:51:13Z
21806,218657,3.5,1592854528,2020-06-22T19:35:28Z
21806,163134,4.5,1601779096,2020-10-04T02:38:16Z
21806,188623,2.0,1604851222,2020-11-08T16:00:22Z
21806,200838,4.0,1607572706,2020-12-10T03:58:26Z
21806,169400,4.0,1608415321,2020-12-19T22:02:01Z
21806,252308,3.5,1624191804,2021-06-20T12:23:24Z
21806,255639,4.5,1628177025,2021-08-05T15:23:45Z
21806,283149,5.0,1695131764,2023-09-19T13:56:04Z
21821,168250,4.0,1554768650,2019-04-09T00:10:50Z
21821,200820,1.0,1559358599,2019-06-01T03:09:59Z
21821,188623,5.0,1573297933,2019-11-09T11:12:13Z
21821,192981,2.0,1581140419,2020-02-08T05:40:19Z
21821,163134,3.0,1589795199,2020-05-18T09:46:39Z
21821,150776,3.0,1589795210,2020-05-18T09:46:50Z
21821,177939,5.0,1624285766,2021-06-21T14:29:26Z
21821,275245,4.0,1681535391,2023-04-15T05:09:51Z
21953,188623,4.5,1584994042,2020-03-23T20:07:22Z
21953,168250,4.0,1584994527,2020-03-23T20:15:27Z
21953,143367,4.5,1584994637,2020-03-23T20:17:17Z
21953,188773,4.5,1584995072,2020-03-23T20:24:32Z
21953,164204,4.0,1584995081,2020-03-23T20:24:41Z
21953,257037,5.0,1658578651,2022-07-23T12:17:31Z
22038,257037,4.0,1667934639,2022-11-08T19:10:39Z
22038,258001,3.5,1667934664,2022-11-08T19:11:04Z
22038,200838,2.5,1667935524,2022-11-08T19:25:24Z
22038,188623,3.0,1667935602,2022-11-08T19:26:42Z
22038,168250,4.0,1667936580,2022-11-08T19:43:00Z
22038,163134,4.0,1682150594,2023-04-22T08:03:14Z
22401,160848,3.0,1475529276,2016-10-03T21:14:36Z
22401,163134,4.0,1497685918,2017-06-17T07:51:58Z
22401,168250,3.5,1520276784,2018-03-05T19:06:24Z
22401,186985,3.5,1524745582,2018-04-26T12:26:22Z
22401,166291,3.0,1616181943,2021-03-19T19:25:43Z
22673,168250,4.0,1518898838,2018-02-17T20:20:38Z
22673,163134,4.5,1518899221,2018-02-17T20:27:01Z
22673,193041,5.0,1544572459,2018-12-11T23:54:19Z
22673,200838,4.5,1565713054,2019-08-13T16:17:34Z
22673,200820,4.5,1565713076,2019-08-13T16:17:56Z
22673,166291,4.0,1565713854,2019-08-13T16:30:54Z
22673,188773,4.5,1566585925,2019-08-23T18:45:25Z
22673,200384,4.0,1576691491,2019-12-18T17:51:31Z
22673,200386,4.0,1576691515,2019-12-18T17:51:55Z
22673,175479,4.0,1576691521,2019-12-18T17:52:01Z
22724,170961,4.0,1498718659,2017-06-29T06:44:19Z
22724,186985,3.5,1548830783,2019-01-30T06:46:23Z
22724,168250,4.5,1561662900,2019-06-27T19:15:00Z
22724,210577,3.5,1610442204,2021-01-12T09:03:24Z
22724,275245,3.5,1660812623,2022-08-18T08:50:23Z
22724,239256,3.5,1660814282,2022-08-18T09:18:02Z
22724,273891,4.0,1685651655,2023-06-01T20:34:15Z
22724,231413,4.0,1693286847,2023-08-29T05:27:27Z
22744,137863,5.0,1553616042,2019-03-26T16:00:42Z
22744,163134,5.0,1553616060,2019-03-26T16:01:00Z
22744,180091,5.0,1553616179,2019-03-26T16:02:59Z
22744,193533,4.0,1553616311,2019-03-26T16:05:11Z
22744,184641,4.0,1553616330,2019-03-26T16:05:30Z
22744,175283,4.0,1553616365,2019-03-26T16:06:05Z
22744,166291,4.0,1553616382,2019-03-26T16:06:22Z
22744,175479,5.0,1553616450,2019-03-26T16:07:30Z
22744,164395,4.0,1553627608,2019-03-26T19:13:28Z
22744,163056,4.0,1553629182,2019-03-26T19:39:42Z
22744,200052,5.0,1553771810,2019-03-28T11:16:50Z
22744,167850,4.0,1553771848,2019-03-28T11:17:28Z
22744,140805,4.0,1553780339,2019-03-28T13:38:59Z
22744,142374,4.0,1553790184,2019-03-28T16:23:04Z
22744,174515,4.0,1553849096,2019-03-29T08:44:56Z
22744,198815,4.0,1553860787,2019-03-29T11:59:47Z
22744,200384,5.0,1553949481,2019-03-30T12:38:01Z
22744,200386,5.0,1553949573,2019-03-30T12:39:33Z
22744,200820,4.0,1560690050,2019-06-16T13:00:50Z
22744,200838,5.0,1560690098,2019-06-16T13:01:38Z
22744,188773,5.0,1560695456,2019-06-16T14:30:56Z
22744,192209,4.0,1560696292,2019-06-16T14:44:52Z
22744,196937,5.0,1574942044,2019-11-28T11:54:04Z
22744,168250,0.5,1574942254,2019-11-28T11:57:34Z
22744,143367,0.5,1574942394,2019-11-28T11:59:54Z
22744,188623,3.0,1574958834,2019-11-28T16:33:54Z
22744,186985,3.0,1575011952,2019-11-29T07:19:12Z
22744,178907,2.0,1575012020,2019-11-29T07:20:20Z
22744,161594,3.0,1575012066,2019-11-29T07:21:06Z
22744,170961,3.0,1575012267,2019-11-29T07:24:27Z
22744,169400,2.0,1575012439,2019-11-29T07:27:19Z
22744,179411,2.0,1575012592,2019-11-29T07:29:52Z
22744,198107,4.0,1575021343,2019-11-29T09:55:43Z
22744,182479,3.0,1575119319,2019-11-30T13:08:39Z
22744,173007,3.0,1575207057,2019-12-01T13:30:57Z
22744,148855,3.0,1575207377,2019-12-01T13:36:17Z
22744,193041,2.0,1575207542,2019-12-01T13:39:02Z
22744,183661,3.0,1575209240,2019-12-01T14:07:20Z
22744,150776,4.0,1575210173,2019-12-01T14:22:53Z
22744,149658,3.0,1575294554,2019-12-02T13:49:14Z
22744,191235,3.0,1575294886,2019-12-02T13:54:46Z
22744,194797,3.0,1575299302,2019-12-02T15:08:22Z
22744,140108,3.0,1575299591,2019-12-02T15:13:11Z
22744,177285,3.0,1575299918,2019-12-02T15:18:38Z
22744,141972,4.0,1575306096,2019-12-02T17:01:36Z
22744,150395,3.0,1575306226,2019-12-02T17:03:46Z
22744,161592,2.0,1575306252,2019-12-02T17:04:12Z
22744,193801,4.0,1575376707,2019-12-03T12:38:27Z
22744,173935,3.0,1575377372,2019-12-03T12:49:32Z
22744,186999,3.0,1575380262,2019-12-03T13:37:42Z
22744,193763,3.0,1575380291,2019-12-03T13:38:11Z
22744,191005,3.0,1575380455,2019-12-03T13:40:55Z
22744,204816,3.0,1575380487,2019-12-03T13:41:27Z
22744,204810,4.0,1575381243,2019-12-03T13:54:03Z
22744,205539,4.0,1575454052,2019-12-04T10:07:32Z
22744,208293,3.0,1575454095,2019-12-04T10:08:15Z
22744,177119,2.0,1575916710,2019-12-09T18:38:30Z
22744,192649,3.0,1575917156,2019-12-09T18:45:56Z
22744,210577,4.0,1610672418,2021-01-15T01:00:18Z
22744,210227,3.0,1610673351,2021-01-15T01:15:51Z
22744,221256,4.0,1610673422,2021-01-15T01:17:02Z
22744,213367,3.0,1610673568,2021-01-15T01:19:28Z
22744,207297,3.0,1610673677,2021-01-15T01:21:17Z
22768,165105,2.5,1488189604,2017-02-27T10:00:04Z
22768,275245,3.5,1665832913,2022-10-15T11:21:53Z
22768,204158,3.5,1665833179,2022-10-15T11:26:19Z
22768,163134,3.5,1665833301,2022-10-15T11:28:21Z
22768,252932,3.0,1665833377,2022-10-15T11:29:37Z
22768,273891,1.5,1665834122,2022-10-15T11:42:02Z
22768,200838,2.5,1675581157,2023-02-05T07:12:37Z
22768,258001,3.5,1688815950,2023-07-08T11:32:30Z
22768,279436,2.0,1688817986,2023-07-08T12:06:26Z
22768,281188,3.5,1688818005,2023-07-08T12:06:45Z
22768,279452,2.5,1692843679,2023-08-24T02:21:19Z
22780,252932,1.0,1667570432,2022-11-04T14:00:32Z
22780,163134,3.5,1674048763,2023-01-18T13:32:43Z
22780,213353,4.0,1674049765,2023-01-18T13:49:25Z
22780,200838,2.5,1674050258,2023-01-18T13:57:38Z
22780,204158,3.5,1674053226,2023-01-18T14:47:06Z
22780,275245,2.5,1674056594,2023-01-18T15:43:14Z
22878,188773,3.0,1632045687,2021-09-19T10:01:27Z
22878,188623,3.5,1632045694,2021-09-19T10:01:34Z
22878,143367,3.5,1632045695,2021-09-19T10:01:35Z
22878,163134,5.0,1632045698,2021-09-19T10:01:38Z
22878,204158,4.0,1632045698,2021-09-19T10:01:38Z
22878,253332,2.0,1632045700,2021-09-19T10:01:40Z
23053,143367,3.5,1495042852,2017-05-17T17:40:52Z
23053,168250,3.5,1497116893,2017-06-10T17:48:13Z
23053,188773,3.5,1552663374,2019-03-15T15:22:54Z
23053,188623,3.5,1558510165,2019-05-22T07:29:25Z
23053,200820,3.0,1566318321,2019-08-20T16:25:21Z
23053,163056,3.0,1626677258,2021-07-19T06:47:38Z
23053,212359,4.5,1638571059,2021-12-03T22:37:39Z
23053,257037,3.5,1649332263,2022-04-07T11:51:03Z
23053,253332,3.5,1662223844,2022-09-03T16:50:44Z
23053,275245,4.0,1664570485,2022-09-30T20:41:25Z
23053,273891,3.5,1667771720,2022-11-06T21:55:20Z
23077,192649,4.0,1662938567,2022-09-11T23:22:47Z
23077,200820,3.0,1662938567,2022-09-11T23:22:47Z
23077,200838,3.5,1662938567,2022-09-11T23:22:47Z
23077,246604,5.0,1662938567,2022-09-11T23:22:47Z
23077,177285,3.5,1662938568,2022-09-11T23:22:48Z
23077,210577,3.5,1662938568,2022-09-11T23:22:48Z
23077,210939,4.5,1662938568,2022-09-11T23:22:48Z
23077,163134,4.0,1662938570,2022-09-11T23:22:50Z
23077,166291,5.0,1662938570,2022-09-11T23:22:50Z
23077,193587,4.0,1662938570,2022-09-11T23:22:50Z
23077,168250,4.0,1662938571,2022-09-11T23:22:51Z
23077,170125,3.5,1662938571,2022-09-11T23:22:51Z
23077,273891,5.0,1664413834,2022-09-29T01:10:34Z
23084,163134,5.0,1475469188,2016-10-03T04:33:08Z
23084,168250,4.5,1494235387,2017-05-08T09:23:07Z
23084,192649,4.5,1538591138,2018-10-03T18:25:38Z
23084,196937,4.5,1548324182,2019-01-24T10:03:02Z
23084,193587,3.5,1553544739,2019-03-25T20:12:19Z
23084,200838,4.0,1560579717,2019-06-15T06:21:57Z
23084,205447,4.0,1568328048,2019-09-12T22:40:48Z
23084,206393,4.0,1576890310,2019-12-21T01:05:10Z
23084,204158,4.0,1581400274,2020-02-11T05:51:14Z
23084,210577,4.0,1582943791,2020-02-29T02:36:31Z
23084,208293,3.5,1594017727,2020-07-06T06:42:07Z
23084,200820,3.5,1594017757,2020-07-06T06:42:37Z
23084,162990,3.5,1594017766,2020-07-06T06:42:46Z
23084,163056,3.5,1594028979,2020-07-06T09:49:39Z
23084,166291,4.5,1594028996,2020-07-06T09:49:56Z
23084,213353,3.5,1617430497,2021-04-03T06:14:57Z
23084,231413,4.0,1626329354,2021-07-15T06:09:14Z
23084,167850,4.5,1652933951,2022-05-19T04:19:11Z
23084,210227,4.0,1652933958,2022-05-19T04:19:18Z
23084,275245,3.0,1662196287,2022-09-03T09:11:27Z
23084,273891,4.0,1664725056,2022-10-02T15:37:36Z
23087,163134,4.5,1575109158,2019-11-30T10:19:18Z
23087,146309,4.5,1575109257,2019-11-30T10:20:57Z
23087,192649,4.0,1594506196,2020-07-11T22:23:16Z
23087,213353,5.0,1605382207,2020-11-14T19:30:07Z
23087,231413,3.0,1638010241,2021-11-27T10:50:41Z
23087,252932,5.0,1645101361,2022-02-17T12:36:01Z
23087,200838,3.5,1645101595,2022-02-17T12:39:55Z
23087,167850,5.0,1671570897,2022-12-20T21:14:57Z
23087,210227,4.0,1671570926,2022-12-20T21:15:26Z
23087,279692,4.0,1671570930,2022-12-20T21:15:30Z
23087,204158,3.5,1688841422,2023-07-08T18:37:02Z
23087,272555,4.0,1688841504,2023-07-08T18:38:24Z
23087,281188,4.5,1688841514,2023-07-08T18:38:34Z
23127,200838,3.5,1578190019,2020-01-05T02:06:59Z
23127,214216,1.5,1587253194,2020-04-18T23:39:54Z
23127,218657,2.0,1606612918,2020-11-29T01:21:58Z
23127,210577,2.0,1613749728,2021-02-19T15:48:48Z
23127,257037,1.5,1659060059,2022-07-29T02:00:59Z
23189,163134,5.0,1635083521,2021-10-24T13:52:01Z
23189,168250,4.0,1644154984,2022-02-06T13:43:04Z
23189,166291,4.5,1655027918,2022-06-12T09:58:38Z
23189,188773,3.0,1656189325,2022-06-25T20:35:25Z
23189,273891,4.5,1667170362,2022-10-30T22:52:42Z
23310,170961,1.5,1506012142,2017-09-21T16:42:22Z
23310,166291,4.5,1506012276,2017-09-21T16:44:36Z
23310,137863,4.0,1506012842,2017-09-21T16:54:02Z
23310,173007,4.0,1506013103,2017-09-21T16:58:23Z
23310,163134,5.0,1506014178,2017-09-21T17:16:18Z
23450,210577,2.0,1585351855,2020-03-27T23:30:55Z
23450,200838,3.0,1585352380,2020-03-27T23:39:40Z
23450,188623,5.0,1585352875,2020-03-27T23:47:55Z
23450,188773,4.5,1585352936,2020-03-27T23:48:56Z
23450,163134,5.0,1585361515,2020-03-28T02:11:55Z
23450,168250,4.0,1585361515,2020-03-28T02:11:55Z
23450,186985,3.0,1585361516,2020-03-28T02:11:56Z
23481,140106,4.0,1473240938,2016-09-07T09:35:38Z
23481,143367,4.0,1489074101,2017-03-09T15:41:41Z
23481,170961,2.0,1499629729,2017-07-09T19:48:49Z
23481,177229,3.5,1521108043,2018-03-15T10:00:43Z
23481,182479,3.5,1522274800,2018-03-28T22:06:40Z
23688,165105,3.0,1486201872,2017-02-04T09:51:12Z
23688,161594,2.5,1488021101,2017-02-25T11:11:41Z
23688,140805,2.5,1491149269,2017-04-02T16:07:49Z
23688,148855,3.0,1564402244,2019-07-29T12:10:44Z
23688,163134,3.5,1564402245,2019-07-29T12:10:45Z
23688,170961,2.5,1564402245,2019-07-29T12:10:45Z
23688,173007,3.5,1564402245,2019-07-29T12:10:45Z
23688,183661,3.0,1564402245,2019-07-29T12:10:45Z
23688,184641,3.0,1564402245,2019-07-29T12:10:45Z
23688,198815,2.5,1564402245,2019-07-29T12:10:45Z
23688,200838,3.5,1564402245,2019-07-29T12:10:45Z
23688,186985,3.0,1564402246,2019-07-29T12:10:46Z
23688,191235,3.0,1564402246,2019-07-29T12:10:46Z
23688,194797,2.5,1564402246,2019-07-29T12:10:46Z
23688,200820,3.0,1571517939,2019-10-19T20:45:39Z
23688,210641,3.0,1577711371,2019-12-30T13:09:31Z
23688,146309,3.0,1585424048,2020-03-28T19:34:08Z
23688,210577,3.0,1635541195,2021-10-29T20:59:55Z
23688,217773,2.0,1635541198,2021-10-29T20:59:58Z
23783,168250,4.5,1580447273,2020-01-31T05:07:53Z
23783,200838,4.5,1580447290,2020-01-31T05:08:10Z
23783,200820,4.5,1580447291,2020-01-31T05:08:11Z
23783,143367,4.5,1580447293,2020-01-31T05:08:13Z
23783,165105,4.5,1580447300,2020-01-31T05:08:20Z
23783,186985,4.5,1580447322,2020-01-31T05:08:42Z
23961,168250,5.0,1524184187,2018-04-20T00:29:47Z
23961,163056,4.0,1530801071,2018-07-05T14:31:11Z
23961,178907,3.5,1532894652,2018-07-29T20:04:12Z
23961,200838,3.5,1567802910,2019-09-06T20:48:30Z
23961,210577,3.0,1594681472,2020-07-13T23:04:32Z
23961,246604,4.5,1629481546,2021-08-20T17:45:46Z
23961,200820,3.5,1670860093,2022-12-12T15:48:13Z
24072,221256,3.5,1673236697,2023-01-09T03:58:17Z
24072,250832,3.0,1673236700,2023-01-09T03:58:20Z
24072,238344,3.5,1673236701,2023-01-09T03:58:21Z
24072,258001,3.5,1673236702,2023-01-09T03:58:22Z
24072,276231,4.0,1673236702,2023-01-09T03:58:22Z
24072,246604,4.0,1673236705,2023-01-09T03:58:25Z
24072,195605,3.5,1673236707,2023-01-09T03:58:27Z
24072,137863,3.5,1673236709,2023-01-09T03:58:29Z
24072,142374,3.0,1673236709,2023-01-09T03:58:29Z
24072,164282,3.0,1673236709,2023-01-09T03:58:29Z
24072,164395,3.5,1673236709,2023-01-09T03:58:29Z
24072,200386,3.5,1673236709,2023-01-09T03:58:29Z
24072,150776,3.0,1673236710,2023-01-09T03:58:30Z
24072,175283,3.5,1673236711,2023-01-09T03:58:31Z
24072,200384,3.0,1673236711,2023-01-09T03:58:31Z
24072,163134,4.0,1673236712,2023-01-09T03:58:32Z
24072,175479,3.5,1673236712,2023-01-09T03:58:32Z
24072,177099,3.5,1673236713,2023-01-09T03:58:33Z
24072,182467,3.0,1673236713,2023-01-09T03:58:33Z
24072,185877,3.5,1673236713,2023-01-09T03:58:33Z
24072,193801,3.5,1673236713,2023-01-09T03:58:33Z
24072,196233,3.0,1673236713,2023-01-09T03:58:33Z
24072,239256,3.0,1673236713,2023-01-09T03:58:33Z
24072,193041,3.5,1673236716,2023-01-09T03:58:36Z
24072,214020,3.5,1673236716,2023-01-09T03:58:36Z
24072,205539,3.5,1673236719,2023-01-09T03:58:39Z
24072,214026,3.0,1673236719,2023-01-09T03:58:39Z
24108,163134,5.0,1520085362,2018-03-03T13:56:02Z
24108,178907,4.0,1522002968,2018-03-25T18:36:08Z
24108,168250,4.5,1545225703,2018-12-19T13:21:43Z
24108,188773,4.5,1557644009,2019-05-12T06:53:29Z
24108,188623,4.5,1558814912,2019-05-25T20:08:32Z
24108,200838,3.5,1558814956,2019-05-25T20:09:16Z
24175,168250,4.5,1592462400,2020-06-18T06:40:00Z
24175,199279,4.0,1592474063,2020-06-18T09:54:23Z
24175,163134,5.0,1592506856,2020-06-18T19:00:56Z
24175,166291,4.5,1592506965,2020-06-18T19:02:45Z
24175,204158,4.5,1592513519,2020-06-18T20:51:59Z
24175,171013,4.5,1593271177,2020-06-27T15:19:37Z
24175,193916,4.0,1601045801,2020-09-25T14:56:41Z
24175,231413,5.0,1620982692,2021-05-14T08:58:12Z
24175,214216,4.0,1620982829,2021-05-14T09:00:29Z
24175,249180,5.0,1620982928,2021-05-14T09:02:08Z
24238,160848,5.0,1537800624,2018-09-24T14:50:24Z
24238,163134,5.0,1556647283,2019-04-30T18:01:23Z
24238,166291,4.5,1556647520,2019-04-30T18:05:20Z
24238,168250,5.0,1587266677,2020-04-19T03:24:37Z
24238,193916,3.5,1657030221,2022-07-05T14:10:21Z
24480,163134,3.0,1523687777,2018-04-14T06:36:17Z
24480,168250,4.0,1523688358,2018-04-14T06:45:58Z
24480,186915,3.0,1523689022,2018-04-14T06:57:02Z
24480,188773,5.0,1573395283,2019-11-10T14:14:43Z
24480,288807,4.5,1695339973,2023-09-21T23:46:13Z
24675,242062,2.0,1630192728,2021-08-28T23:18:48Z
24675,275245,3.0,1662376062,2022-09-05T11:07:42Z
24675,278698,3.0,1662848802,2022-09-10T22:26:42Z
24675,278746,2.0,1684012629,2023-05-13T21:17:09Z
24675,281188,3.0,1693685588,2023-09-02T20:13:08Z
24763,168250,4.5,1488769900,2017-03-06T03:11:40Z
24763,163134,4.0,1490067841,2017-03-21T03:44:01Z
24763,188773,3.0,1547922770,2019-01-19T18:32:50Z
24763,178907,4.0,1555036921,2019-04-12T02:42:01Z
24763,200820,3.0,1580092509,2020-01-27T02:35:09Z
24763,200838,3.5,1582871199,2020-02-28T06:26:39Z
24778,146309,3.5,1562206950,2019-07-04T02:22:30Z
24778,188623,5.0,1562208259,2019-07-04T02:44:19Z
24778,168250,2.5,1562210936,2019-07-04T03:28:56Z
24778,163134,3.5,1592499477,2020-06-18T16:57:57Z
24778,210939,3.5,1592499489,2020-06-18T16:58:09Z
24778,193041,2.0,1592504082,2020-06-18T18:14:42Z
24778,254464,3.5,1646109679,2022-03-01T04:41:19Z
24778,143367,4.5,1646109688,2022-03-01T04:41:28Z
24796,163134,5.0,1568899518,2019-09-19T13:25:18Z
24796,168250,4.5,1568899831,2019-09-19T13:30:31Z
24796,169022,4.0,1568900420,2019-09-19T13:40:20Z
24796,192209,3.5,1568900763,2019-09-19T13:46:03Z
24796,197549,2.5,1568927183,2019-09-19T21:06:23Z
25137,146309,3.5,1583648958,2020-03-08T06:29:18Z
25137,200384,2.5,1583648958,2020-03-08T06:29:18Z
25137,214020,2.5,1584191849,2020-03-14T13:17:29Z
25137,214026,2.5,1584191849,2020-03-14T13:17:29Z
25137,163056,2.5,1630917578,2021-09-06T08:39:38Z
25137,175479,2.5,1630917578,2021-09-06T08:39:38Z
25137,179411,3.5,1630917578,2021-09-06T08:39:38Z
25137,202389,2.5,1630917580,2021-09-06T08:39:40Z
25346,168250,5.0,1568035388,2019-09-09T13:23:08Z
25346,194797,4.5,1568098972,2019-09-10T07:02:52Z
25346,170125,2.0,1568900767,2019-09-19T13:46:07Z
25346,170961,4.5,1568901814,2019-09-19T14:03:34Z
25346,200386,1.0,1582444167,2020-02-23T07:49:27Z
25346,200838,4.0,1586784535,2020-04-13T13:28:55Z
25346,200820,4.5,1586784777,2020-04-13T13:32:57Z
25346,177119,1.0,1586785235,2020-04-13T13:40:35Z
25356,168250,3.0,1553782971,2019-03-28T14:22:51Z
25356,163056,3.5,1553784166,2019-03-28T14:42:46Z
25356,143367,4.0,1553798196,2019-03-28T18:36:36Z
25356,196937,3.0,1553799446,2019-03-28T18:57:26Z
25356,188623,3.5,1559025336,2019-05-28T06:35:36Z
25361,188773,4.0,1575617556,2019-12-06T07:32:36Z
25361,168250,4.0,1575618410,2019-12-06T07:46:50Z
25361,163134,3.5,1575618667,2019-12-06T07:51:07Z
25361,166291,4.0,1575619207,2019-12-06T08:00:07Z
25361,164204,3.0,1575621662,2019-12-06T08:41:02Z
25361,188623,2.5,1575626653,2019-12-06T10:04:13Z
25361,216525,2.5,1626332061,2021-07-15T06:54:21Z
25391,177119,3.0,1513708445,2017-12-19T18:34:05Z
25391,200820,3.0,1572268954,2019-10-28T13:22:34Z
25391,200838,4.0,1572269164,2019-10-28T13:26:04Z
25391,192257,3.0,1581185218,2020-02-08T18:06:58Z
25391,193533,4.0,1602521199,2020-10-12T16:46:39Z
25391,193041,5.0,1631097402,2021-09-08T10:36:42Z
25391,150776,3.0,1631097854,2021-09-08T10:44:14Z
25429,204158,4.0,1594979094,2020-07-17T09:44:54Z
25429,210577,3.0,1594979217,2020-07-17T09:46:57Z
25429,168250,3.5,1595060719,2020-07-18T08:25:19Z
25429,188773,4.0,1595084445,2020-07-18T15:00:45Z
25429,200838,3.5,1595359931,2020-07-21T19:32:11Z
25429,257037,4.0,1654987466,2022-06-11T22:44:26Z
25788,168250,3.5,1540834650,2018-10-29T17:37:30Z
25788,163134,4.5,1540838170,2018-10-29T18:36:10Z
25788,177119,2.0,1540838506,2018-10-29T18:41:46Z
25788,182479,3.0,1540840818,2018-10-29T19:20:18Z
25788,178907,4.0,1540840861,2018-10-29T19:21:01Z
25788,169400,4.0,1540840867,2018-10-29T19:21:07Z
25788,137863,4.0,1540840916,2018-10-29T19:21:56Z
25788,183661,2.5,1540840927,2018-10-29T19:22:07Z
25788,146309,4.0,1540841119,2018-10-29T19:25:19Z
25788,161594,4.0,1540841141,2018-10-29T19:25:41Z
25788,140805,2.5,1540867784,2018-10-30T02:49:44Z
25788,163056,5.0,1540867960,2018-10-30T02:52:40Z
25788,184641,2.0,1543036051,2018-11-24T05:07:31Z
25788,179411,4.5,1543036791,2018-11-24T05:19:51Z
25788,200838,2.5,1557579415,2019-05-11T12:56:55Z
25788,193916,3.0,1557579484,2019-05-11T12:58:04Z
25788,196937,4.0,1558323543,2019-05-20T03:39:03Z
25788,200820,2.5,1559610839,2019-06-04T01:13:59Z
25788,204158,4.0,1579193518,2020-01-16T16:51:58Z
25788,210577,2.0,1582133627,2020-02-19T17:33:47Z
25788,206393,4.0,1590009707,2020-05-20T21:21:47Z
25788,221256,4.0,1603077351,2020-10-19T03:15:51Z
25788,193041,4.0,1603763609,2020-10-27T01:53:29Z
25788,168090,3.5,1623589857,2021-06-13T13:10:57Z
25788,246604,5.0,1629808187,2021-08-24T12:29:47Z
25788,239256,2.5,1637608141,2021-11-22T19:09:01Z
25788,252932,4.0,1641995415,2022-01-12T13:50:15Z
25788,231413,4.0,1648397133,2022-03-27T16:05:33Z
25788,276231,3.0,1661305777,2022-08-24T01:49:37Z
25788,273891,4.0,1662125153,2022-09-02T13:25:53Z
25788,275245,3.5,1663246303,2022-09-15T12:51:43Z
25788,279452,3.5,1674332087,2023-01-21T20:14:47Z
25788,257037,4.5,1675612120,2023-02-05T15:48:40Z
25788,284793,3.0,1678560938,2023-03-11T18:55:38Z
25788,253826,4.5,1680443536,2023-04-02T13:52:16Z
25788,281188,3.5,1682632049,2023-04-27T21:47:29Z
25788,204610,4.5,1691756064,2023-08-11T12:14:24Z
25788,287737,4.5,1691756073,2023-08-11T12:14:33Z
25795,206393,3.5,1663549468,2022-09-19T01:04:28Z
25795,168250,4.0,1685719470,2023-06-02T15:24:30Z
25795,210577,2.5,1686942266,2023-06-16T19:04:26Z
25795,177939,4.0,1686942450,2023-06-16T19:07:30Z
25795,246604,3.5,1686942512,2023-06-16T19:08:32Z
25795,213111,3.0,1688855607,2023-07-08T22:33:27Z
25795,275245,4.5,1688855997,2023-07-08T22:39:57Z
25795,200838,3.5,1688856290,2023-07-08T22:44:50Z
25806,167142,3.5,1481654339,2016-12-13T18:38:59Z
25806,163134,4.5,1516161819,2018-01-17T04:03:39Z
25806,182863,4.0,1520993674,2018-03-14T02:14:34Z
25806,165129,2.0,1520993754,2018-03-14T02:15:54Z
25806,185489,3.5,1520993895,2018-03-14T02:18:15Z
25911,188773,3.0,1624420844,2021-06-23T04:00:44Z
25911,168250,3.5,1642302168,2022-01-16T03:02:48Z
25911,257037,4.0,1651635223,2022-05-04T03:33:43Z
25911,242062,5.0,1676351856,2023-02-14T05:17:36Z
25911,188623,4.5,1693190560,2023-08-28T02:42:40Z
25936,168250,4.5,1589750947,2020-05-17T21:29:07Z
25936,163134,4.5,1612639823,2021-02-06T19:30:23Z
25936,188773,3.5,1686359248,2023-06-10T01:07:28Z
25936,257037,4.0,1686359398,2023-06-10T01:09:58Z
25936,275245,4.5,1686360142,2023-06-10T01:22:22Z
25936,204158,2.5,1686360177,2023-06-10T01:22:57Z
25936,260185,4.0,1686360304,2023-06-10T01:25:04Z
25936,200838,2.5,1686361075,2023-06-10T01:37:55Z
25936,188623,4.0,1686362022,2023-06-10T01:53:42Z
26077,200820,3.5,1592746944,2020-06-21T13:42:24Z
26077,163134,5.0,1595931351,2020-07-28T10:15:51Z
26077,200838,4.0,1607957276,2020-12-14T14:47:56Z
26077,206321,4.5,1612607418,2021-02-06T10:30:18Z
26077,204158,4.5,1612608276,2021-02-06T10:44:36Z
26077,173007,4.0,1674327447,2023-01-21T18:57:27Z
26128,200820,2.0,1574795564,2019-11-26T19:12:44Z
26128,161594,3.0,1574801947,2019-11-26T20:59:07Z
26128,170961,2.5,1574803103,2019-11-26T21:18:23Z
26128,163134,4.0,1618508141,2021-04-15T17:35:41Z
26128,200838,2.5,1619803026,2021-04-30T17:17:06Z
26136,204158,5.0,1633247143,2021-10-03T07:45:43Z
26136,163134,3.5,1633247518,2021-10-03T07:51:58Z
26136,188623,4.0,1633248021,2021-10-03T08:00:21Z
26136,168250,4.0,1633248562,2021-10-03T08:09:22Z
26136,166291,4.5,1633285767,2021-10-03T18:29:27Z
26136,231413,4.0,1633285817,2021-10-03T18:30:17Z
26136,177939,4.0,1633285821,2021-10-03T18:30:21Z
26136,168218,3.5,1633285886,2021-10-03T18:31:26Z
26136,178111,3.0,1633285891,2021-10-03T18:31:31Z
26136,168090,3.5,1633285900,2021-10-03T18:31:40Z
26136,171013,3.5,1633285909,2021-10-03T18:31:49Z
26136,162968,4.0,1633285914,2021-10-03T18:31:54Z
26487,231413,4.0,1630301340,2021-08-30T05:29:00Z
26487,246604,4.0,1630301412,2021-08-30T05:30:12Z
26487,249182,3.0,1630301493,2021-08-30T05:31:33Z
26487,196937,4.0,1630301618,2021-08-30T05:33:38Z
26487,177285,2.0,1630301787,2021-08-30T05:36:27Z
26487,163134,4.0,1630301849,2021-08-30T05:37:29Z
26487,250832,3.5,1630369366,2021-08-31T00:22:46Z
26623,200838,3.5,1565408635,2019-08-10T03:43:55Z
26623,166291,4.0,1597720144,2020-08-18T03:09:04Z
26623,163134,3.5,1599451205,2020-09-07T04:00:05Z
26623,168250,5.0,1602367902,2020-10-10T22:11:42Z
26623,275245,4.0,1670172915,2022-12-04T16:55:15Z
26623,273891,3.0,1675477332,2023-02-04T02:22:12Z
26623,258579,2.5,1679355925,2023-03-20T23:45:25Z
26692,185905,3.0,1572234823,2019-10-28T03:53:43Z
26692,163134,3.0,1572237717,2019-10-28T04:41:57Z
26692,166126,3.5,1572237718,2019-10-28T04:41:58Z
26692,257037,5.0,1654250463,2022-06-03T10:01:03Z
26692,259543,3.0,1654250463,2022-06-03T10:01:03Z
26692,188773,4.0,1654250466,2022-06-03T10:01:06Z
26692,201704,3.5,1654250466,2022-06-03T10:01:06Z
26767,143367,3.0,1646800974,2022-03-09T04:42:54Z
26767,196937,2.5,1659327218,2022-08-01T04:13:38Z
26767,137863,2.5,1659327726,2022-08-01T04:22:06Z
26767,168250,2.5,1680235254,2023-03-31T04:00:54Z
26767,276231,2.5,1690590375,2023-07-29T00:26:15Z
26769,141432,3.0,1475955185,2016-10-08T19:33:05Z
26769,168250,3.0,1490545701,2017-03-26T16:28:21Z
26769,143367,3.0,1526958548,2018-05-22T03:09:08Z
26769,257037,3.0,1647043065,2022-03-11T23:57:45Z
26769,275245,3.0,1667650498,2022-11-05T12:14:58Z
26769,253332,3.0,1670694457,2022-12-10T17:47:37Z
26769,273891,1.0,1672512846,2022-12-31T18:54:06Z
26989,257037,3.0,1667715158,2022-11-06T06:12:38Z
26989,246604,4.0,1667715160,2022-11-06T06:12:40Z
26989,168250,3.0,1667715164,2022-11-06T06:12:44Z
26989,163134,4.0,1667715165,2022-11-06T06:12:45Z
26989,188623,4.5,1667715167,2022-11-06T06:12:47Z
26989,188773,4.0,1667715168,2022-11-06T06:12:48Z
27038,149658,4.0,1506545849,2017-09-27T20:57:29Z
27038,168250,4.5,1508633756,2017-10-22T00:55:56Z
27038,163134,4.5,1509869151,2017-11-05T08:05:51Z
27038,146309,4.0,1576996553,2019-12-22T06:35:53Z
27038,218657,4.0,1603516810,2020-10-24T05:20:10Z
27124,219328,4.0,1611467602,2021-01-24T05:53:22Z
27124,188623,5.0,1611467612,2021-01-24T05:53:32Z
27124,188773,5.0,1611467613,2021-01-24T05:53:33Z
27124,196937,3.5,1611467613,2021-01-24T05:53:33Z
27124,209949,4.0,1611467613,2021-01-24T05:53:33Z
27533,193583,5.0,1631927374,2021-09-18T01:09:34Z
27533,198611,4.0,1631929336,2021-09-18T01:42:16Z
27533,206321,4.0,1631929615,2021-09-18T01:46:55Z
27533,210577,3.5,1631933290,2021-09-18T02:48:10Z
27533,213353,4.0,1631933663,2021-09-18T02:54:23Z
27533,192649,3.5,1631934590,2021-09-18T03:09:50Z
27533,206393,3.5,1631934760,2021-09-18T03:12:40Z
27533,231413,4.0,1631934780,2021-09-18T03:13:00Z
27533,218657,4.5,1631935024,2021-09-18T03:17:04Z
27533,263555,3.5,1641959672,2022-01-12T03:54:32Z
27533,275245,3.5,1664435430,2022-09-29T07:10:30Z
27584,200820,4.0,1561543483,2019-06-26T10:04:43Z
27584,168250,4.5,1564570972,2019-07-31T11:02:52Z
27584,231413,1.0,1625877937,2021-07-10T00:45:37Z
27584,255639,4.0,1646005600,2022-02-27T23:46:40Z
27584,215221,4.0,1664767399,2022-10-03T03:23:19Z
27590,137863,1.5,1531620859,2018-07-15T02:14:19Z
27590,200838,2.5,1557631145,2019-05-12T03:19:05Z
27590,186985,1.5,1589041323,2020-05-09T16:22:03Z
27590,163134,3.0,1601247344,2020-09-27T22:55:44Z
27590,168250,4.5,1641990578,2022-01-12T12:29:38Z
27590,273891,3.0,1670112267,2022-12-04T00:04:27Z
27590,275245,4.0,1678242065,2023-03-08T02:21:05Z
27863,140805,2.0,1618011615,2021-04-09T23:40:15Z
27863,143531,3.0,1618011619,2021-04-09T23:40:19Z
27863,181225,2.5,1618011622,2021-04-09T23:40:22Z
27863,166126,3.0,1618011623,2021-04-09T23:40:23Z
27863,168250,3.0,1618011623,2021-04-09T23:40:23Z
27863,182467,2.5,1618011624,2021-04-09T23:40:24Z
27863,188773,4.0,1618011627,2021-04-09T23:40:27Z
28129,188623,4.5,1576708255,2019-12-18T22:30:55Z
28129,193916,4.0,1576710487,2019-12-18T23:08:07Z
28129,188773,4.0,1595212088,2020-07-20T02:28:08Z
28129,163134,3.5,1623722667,2021-06-15T02:04:27Z
28129,168250,4.0,1625697396,2021-07-07T22:36:36Z
28129,179113,2.5,1638297848,2021-11-30T18:44:08Z
28129,257037,2.5,1684198820,2023-05-16T01:00:20Z
28129,259737,4.0,1695047628,2023-09-18T14:33:48Z
28576,200820,4.0,1667909735,2022-11-08T12:15:35Z
28576,204158,4.0,1668083204,2022-11-10T12:26:44Z
28576,163134,4.5,1668083214,2022-11-10T12:26:54Z
28576,174515,3.0,1668083728,2022-11-10T12:35:28Z
28576,200052,3.5,1668083742,2022-11-10T12:35:42Z
28576,252932,4.0,1668084556,2022-11-10T12:49:16Z
28665,168250,3.5,1502130183,2017-08-07T18:23:03Z
28665,200838,4.0,1559588174,2019-06-03T18:56:14Z
28665,204158,3.5,1615671979,2021-03-13T21:46:19Z
28665,163134,4.0,1617147492,2021-03-30T23:38:12Z
28665,210577,3.0,1622071466,2021-05-26T23:24:26Z
28665,188773,4.5,1647544442,2022-03-17T19:14:02Z
28665,193916,3.0,1663959372,2022-09-23T18:56:12Z
28665,275245,4.0,1667346098,2022-11-01T23:41:38Z
28665,273891,4.0,1685726878,2023-06-02T17:27:58Z
29008,143367,4.0,1547738293,2019-01-17T15:18:13Z
29008,188623,4.0,1554471728,2019-04-05T13:42:08Z
29008,182479,4.0,1554472270,2019-04-05T13:51:10Z
29008,168250,4.0,1554472519,2019-04-05T13:55:19Z
29008,188773,4.0,1578062641,2020-01-03T14:44:01Z
29008,160848,3.5,1580406994,2020-01-30T17:56:34Z
29008,204158,2.5,1633551686,2021-10-06T20:21:26Z
29008,228225,1.5,1650207524,2022-04-17T14:58:44Z
29008,257037,4.0,1660589358,2022-08-15T18:49:18Z
29008,200794,3.5,1660591847,2022-08-15T19:30:47Z
29008,275245,2.5,1673639993,2023-01-13T19:59:53Z
29008,253332,2.5,1673640918,2023-01-13T20:15:18Z
29022,168250,5.0,1606044342,2020-11-22T11:25:42Z
29022,173007,3.0,1611395307,2021-01-23T09:48:27Z
29022,275245,1.5,1661957858,2022-08-31T14:57:38Z
29022,273891,4.0,1664359652,2022-09-28T10:07:32Z
29022,163056,2.5,1672589962,2023-01-01T16:19:22Z
29223,140805,5.0,1590624008,2020-05-28T00:00:08Z
29223,142374,5.0,1590624008,2020-05-28T00:00:08Z
29223,137863,5.0,1590624009,2020-05-28T00:00:09Z
29223,196937,5.0,1590624009,2020-05-28T00:00:09Z
29223,168250,5.0,1590624010,2020-05-28T00:00:10Z
29223,200838,5.0,1590624011,2020-05-28T00:00:11Z
29258,163134,3.0,1516554982,2018-01-21T17:16:22Z
29258,146309,4.0,1518551389,2018-02-13T19:49:49Z
29258,171013,3.5,1572379089,2019-10-29T19:58:09Z
29258,166291,4.0,1593813378,2020-07-03T21:56:18Z
29258,173007,2.5,1696087422,2023-09-30T15:23:42Z
29499,143367,4.0,1640445041,2021-12-25T15:10:41Z
29499,197079,4.5,1640445056,2021-12-25T15:10:56Z
29499,228225,3.5,1640445241,2021-12-25T15:14:01Z
29499,193041,5.0,1640445675,2021-12-25T15:21:15Z
29499,177939,4.5,1640445764,2021-12-25T15:22:44Z
29499,243994,4.5,1640446918,2021-12-25T15:41:58Z
29499,206393,3.0,1640447223,2021-12-25T15:47:03Z
29499,184835,3.5,1641246406,2022-01-03T21:46:46Z
29499,193916,4.5,1641246634,2022-01-03T21:50:34Z
29499,174549,4.5,1641246668,2022-01-03T21:51:08Z
29499,162990,2.5,1641325910,2022-01-04T19:51:50Z
29499,178907,3.0,1642169519,2022-01-14T14:11:59Z
29499,200838,2.0,1642171645,2022-01-14T14:47:25Z
29499,200820,0.5,1642172007,2022-01-14T14:53:27Z
29499,257037,4.5,1648668691,2022-03-30T19:31:31Z
29499,275245,4.0,1661092511,2022-08-21T14:35:11Z
29499,202389,4.0,1690894828,2023-08-01T13:00:28Z
29499,290059,3.0,1692822817,2023-08-23T20:33:37Z
29539,168250,5.0,1521474381,2018-03-19T15:46:21Z
29539,143367,5.0,1521475645,2018-03-19T16:07:25Z
29539,185905,2.0,1529453529,2018-06-20T00:12:09Z
29539,188623,3.0,1546281059,2018-12-31T18:30:59Z
29539,193041,4.0,1571433430,2019-10-18T21:17:10Z
29539,150776,4.0,1571433448,2019-10-18T21:17:28Z
29561,143367,4.5,1602993361,2020-10-18T03:56:01Z
29561,146309,4.5,1602994787,2020-10-18T04:19:47Z
29561,163134,3.0,1602994991,2020-10-18T04:23:11Z
29561,204158,3.5,1603030033,2020-10-18T14:07:13Z
29561,200838,2.0,1603045484,2020-10-18T18:24:44Z
29561,200820,1.0,1603046309,2020-10-18T18:38:29Z
29561,188773,4.0,1604938206,2020-11-09T16:10:06Z
29561,168250,3.0,1617589568,2021-04-05T02:26:08Z
29561,171013,4.0,1619102536,2021-04-22T14:42:16Z
29561,141432,3.0,1670183296,2022-12-04T19:48:16Z
29561,273891,2.0,1674012833,2023-01-18T03:33:53Z
29561,275245,2.0,1674012858,2023-01-18T03:34:18Z
29623,163134,4.5,1533479956,2018-08-05T14:39:16Z
29623,168250,4.0,1552310767,2019-03-11T13:26:07Z
29623,143367,3.5,1585954360,2020-04-03T22:52:40Z
29623,188623,3.5,1589486640,2020-05-14T20:04:00Z
29623,188773,4.5,1602793216,2020-10-15T20:20:16Z
29623,275245,4.0,1663970501,2022-09-23T22:01:41Z
29843,200820,3.5,1649168879,2022-04-05T14:27:59Z
29843,210577,3.5,1649168879,2022-04-05T14:27:59Z
29843,168250,3.5,1649168881,2022-04-05T14:28:01Z
29843,200838,3.5,1649168882,2022-04-05T14:28:02Z
29843,273891,3.5,1670531476,2022-12-08T20:31:16Z
29929,168250,4.5,1628301233,2021-08-07T01:53:53Z
29929,200820,3.0,1628303155,2021-08-07T02:25:55Z
29929,163134,4.5,1628314783,2021-08-07T05:39:43Z
29929,210577,4.5,1650161794,2022-04-17T02:16:34Z
29929,273891,4.5,1679764263,2023-03-25T17:11:03Z
30197,168250,4.0,1592686070,2020-06-20T20:47:50Z
30197,200838,4.5,1592788853,2020-06-22T01:20:53Z
30197,170125,3.5,1592868400,2020-06-22T23:26:40Z
30197,180091,3.0,1593388300,2020-06-28T23:51:40Z
30197,166291,4.5,1593907025,2020-07-04T23:57:05Z
30197,188773,2.5,1676828943,2023-02-19T17:49:03Z
30197,275245,4.0,1687297691,2023-06-20T21:48:11Z
30315,163134,4.5,1551831353,2019-03-06T00:15:53Z
30315,168250,4.0,1552244586,2019-03-10T19:03:06Z
30315,186985,4.0,1555782453,2019-04-20T17:47:33Z
30315,188773,4.5,1630450474,2021-08-31T22:54:34Z
30315,275245,4.5,1662073633,2022-09-01T23:07:13Z
30315,273891,4.0,1677432417,2023-02-26T17:26:57Z
30339,168250,3.5,1561338859,2019-06-24T01:14:19Z
30339,150395,3.5,1561412141,2019-06-24T21:35:41Z
30339,197625,3.0,1561412495,2019-06-24T21:41:35Z
30339,140805,2.5,1561413003,2019-06-24T21:50:03Z
30339,200838,3.5,1584407763,2020-03-17T01:16:03Z
30465,146309,4.0,1622998584,2021-06-06T16:56:24Z
30465,163134,3.5,1622998586,2021-06-06T16:56:26Z
30465,140805,3.0,1622998587,2021-06-06T16:56:27Z
30465,168250,3.5,1623000507,2021-06-06T17:28:27Z
30465,231413,4.0,1624359976,2021-06-22T11:06:16Z
30465,216525,3.5,1635058744,2021-10-24T06:59:04Z
30465,252932,3.0,1661592974,2022-08-27T09:36:14Z
30465,273891,2.5,1687107915,2023-06-18T17:05:15Z
30465,149658,3.5,1690975557,2023-08-02T11:25:57Z
30465,178907,4.0,1690975558,2023-08-02T11:25:58Z
30465,193533,3.0,1690975558,2023-08-02T11:25:58Z
30465,196937,3.0,1690975558,2023-08-02T11:25:58Z
30465,281188,3.5,1692471226,2023-08-19T18:53:46Z
30521,210577,4.5,1694809978,2023-09-15T20:32:58Z
30521,193801,5.0,1694810265,2023-09-15T20:37:45Z
30521,221256,4.5,1694810266,2023-09-15T20:37:46Z
30521,174549,5.0,1694830300,2023-09-16T02:11:40Z
30521,166291,4.5,1694912604,2023-09-17T01:03:24Z
30565,168250,5.0,1516555705,2018-01-21T17:28:25Z
30565,165105,3.0,1547137942,2019-01-10T16:32:22Z
30565,163056,4.0,1561572356,2019-06-26T18:05:56Z
30565,193041,4.5,1569762726,2019-09-29T13:12:06Z
30565,188181,3.0,1574707811,2019-11-25T18:50:11Z
30565,200838,3.0,1621801004,2021-05-23T20:16:44Z
30618,193041,4.0,1591021919,2020-06-01T14:31:59Z
30618,146309,3.5,1591025463,2020-06-01T15:31:03Z
30618,188773,4.0,1592444271,2020-06-18T01:37:51Z
30618,210577,3.5,1604070624,2020-10-30T15:10:24Z
30618,163056,3.5,1612909762,2021-02-09T22:29:22Z
30618,198815,3.5,1615495718,2021-03-11T20:48:38Z
30618,238036,3.5,1616723860,2021-03-26T01:57:40Z
30618,163134,3.5,1619182394,2021-04-23T12:53:14Z
30618,168250,4.5,1629551525,2021-08-21T13:12:05Z
30618,239256,2.5,1631656112,2021-09-14T21:48:32Z
30633,273891,4.5,1666144430,2022-10-19T01:53:50Z
30633,231413,0.5,1666145070,2022-10-19T02:04:30Z
30633,246604,0.5,1666145085,2022-10-19T02:04:45Z
30633,254464,0.5,1666145229,2022-10-19T02:07:09Z
30633,252308,0.5,1666145271,2022-10-19T02:07:51Z
30717,168250,3.5,1691454608,2023-08-08T00:30:08Z
30717,198107,4.0,1691455621,2023-08-08T00:47:01Z
30717,182467,4.0,1691455832,2023-08-08T00:50:32Z
30717,163056,3.5,1691970190,2023-08-13T23:43:10Z
30717,238344,3.5,1691971754,2023-08-14T00:09:14Z
30717,289799,3.5,1691972139,2023-08-14T00:15:39Z
30741,178907,4.0,1507842594,2017-10-12T21:09:54Z
30741,168250,4.5,1509743457,2017-11-03T21:10:57Z
30741,143367,4.5,1510545349,2017-11-13T03:55:49Z
30741,179411,4.0,1525623620,2018-05-06T16:20:20Z
30741,186985,3.5,1526005340,2018-05-11T02:22:20Z
30741,183661,3.5,1547765578,2019-01-17T22:52:58Z
30741,194797,3.5,1547765598,2019-01-17T22:53:18Z
30741,191235,3.5,1547765603,2019-01-17T22:53:23Z
30741,200820,3.5,1559404325,2019-06-01T15:52:05Z
30741,163056,4.0,1617550811,2021-04-04T15:40:11Z
30741,273891,3.5,1669409817,2022-11-25T20:56:57Z
30884,163134,4.0,1557308907,2019-05-08T09:48:27Z
30884,166291,4.0,1557308907,2019-05-08T09:48:27Z
30884,162968,4.0,1563209888,2019-07-15T16:58:08Z
30884,168090,4.0,1563209889,2019-07-15T16:58:09Z
30884,168218,3.5,1563209889,2019-07-15T16:58:09Z
30884,204158,3.5,1597662609,2020-08-17T11:10:09Z
30884,168250,3.5,1610201910,2021-01-09T14:18:30Z
30884,246604,4.0,1639330488,2021-12-12T17:34:48Z
30884,163056,3.0,1651388808,2022-05-01T07:06:48Z
30884,168652,2.0,1667507407,2022-11-03T20:30:07Z
30884,257037,4.0,1679037455,2023-03-17T07:17:35Z
30884,177285,3.0,1683790449,2023-05-11T07:34:09Z
31033,160848,4.0,1587704930,2020-04-24T05:08:50Z
31033,163134,3.0,1587707278,2020-04-24T05:47:58Z
31033,168250,2.5,1587707579,2020-04-24T05:52:59Z
31033,200052,3.0,1587752871,2020-04-24T18:27:51Z
31033,198611,3.0,1587754686,2020-04-24T18:58:06Z
31033,200838,2.5,1592084106,2020-06-13T21:35:06Z
31033,206393,3.0,1599695186,2020-09-09T23:46:26Z
31033,210577,3.5,1608678337,2020-12-22T23:05:37Z
31033,251392,4.0,1664397839,2022-09-28T20:43:59Z
31033,163056,2.5,1664398250,2022-09-28T20:50:50Z
31033,201488,3.0,1664398259,2022-09-28T20:50:59Z
31033,146309,2.5,1664398285,2022-09-28T20:51:25Z
31033,231413,3.0,1664398397,2022-09-28T20:53:17Z
31033,204158,2.0,1664398447,2022-09-28T20:54:07Z
31033,213431,1.0,1664822735,2022-10-03T18:45:35Z
31033,275245,5.0,1664824129,2022-10-03T19:08:49Z
31033,252932,1.5,1667585853,2022-11-04T18:17:33Z
31033,204610,3.0,1670124519,2022-12-04T03:28:39Z
31033,273891,3.5,1678665575,2023-03-12T23:59:35Z
31290,188773,4.0,1565377423,2019-08-09T19:03:43Z
31290,166291,4.0,1594923943,2020-07-16T18:25:43Z
31290,188623,4.0,1595368395,2020-07-21T21:53:15Z
31290,168250,4.0,1596643414,2020-08-05T16:03:34Z
31290,163134,4.0,1599675504,2020-09-09T18:18:24Z
31290,160848,3.5,1622796847,2021-06-04T08:54:07Z
31290,257037,4.5,1660498829,2022-08-14T17:40:29Z
31290,273891,3.5,1673026491,2023-01-06T17:34:51Z
31290,190705,4.0,1673904202,2023-01-16T21:23:22Z
31356,150395,2.5,1482759926,2016-12-26T13:45:26Z
31356,163056,3.5,1484673560,2017-01-17T17:19:20Z
31356,168250,3.5,1493638425,2017-05-01T11:33:45Z
31356,163134,4.0,1505394035,2017-09-14T13:00:35Z
31356,178907,2.0,1507647545,2017-10-10T14:59:05Z
31361,137863,5.0,1459585924,2016-04-02T08:32:04Z
31361,200820,5.0,1573411971,2019-11-10T18:52:51Z
31361,168250,5.0,1583335328,2020-03-04T15:22:08Z
31361,200838,5.0,1583956342,2020-03-11T19:52:22Z
31361,231413,5.0,1631631703,2021-09-14T15:01:43Z
31530,204158,4.0,1638426193,2021-12-02T06:23:13Z
31530,193041,4.0,1638426218,2021-12-02T06:23:38Z
31530,163056,4.0,1638426220,2021-12-02T06:23:40Z
31530,163134,4.0,1638426222,2021-12-02T06:23:42Z
31530,168250,1.5,1638435142,2021-12-02T08:52:22Z
31530,246604,1.0,1638435542,2021-12-02T08:59:02Z
31530,197079,2.5,1638490955,2021-12-03T00:22:35Z
31530,161594,0.5,1638595504,2021-12-04T05:25:04Z
31530,226082,1.0,1675490480,2023-02-04T06:01:20Z
31549,168250,5.0,1496253259,2017-05-31T17:54:19Z
31549,210577,4.0,1586780353,2020-04-13T12:19:13Z
31549,200820,1.5,1586780361,2020-04-13T12:19:21Z
31549,273891,4.5,1661411843,2022-08-25T07:17:23Z
31549,275245,0.5,1666253647,2022-10-20T08:14:07Z
31650,163134,4.5,1590290197,2020-05-24T03:16:37Z
31650,177939,5.0,1590290504,2020-05-24T03:21:44Z
31650,204158,3.5,1590290686,2020-05-24T03:24:46Z
31650,187145,2.0,1590290767,2020-05-24T03:26:07Z
31650,184835,4.0,1590290856,2020-05-24T03:27:36Z
31696,143367,3.5,1524377479,2018-04-22T06:11:19Z
31696,185539,3.0,1530120353,2018-06-27T17:25:53Z
31696,163134,4.0,1552887346,2019-03-18T05:35:46Z
31696,200838,3.0,1559952445,2019-06-08T00:07:25Z
31696,275245,4.0,1661606166,2022-08-27T13:16:06Z
31696,168250,4.0,1661606264,2022-08-27T13:17:44Z
31696,273891,4.0,1664574662,2022-09-30T21:51:02Z
31711,168250,3.0,1577708456,2019-12-30T12:20:56Z
31711,169400,3.0,1586013028,2020-04-04T15:10:28Z
31711,200838,2.5,1608513419,2020-12-21T01:16:59Z
31711,163134,4.0,1682078595,2023-04-21T12:03:15Z
31711,273891,3.5,1690058705,2023-07-22T20:45:05Z
31715,137863,4.5,1469048803,2016-07-20T21:06:43Z
31715,168250,4.0,1512852826,2017-12-09T20:53:46Z
31715,143367,2.0,1513021613,2017-12-11T19:46:53Z
31715,200820,2.5,1582406956,2020-02-22T21:29:16Z
31715,210577,2.5,1582407036,2020-02-22T21:30:36Z
31715,275245,3.0,1672772728,2023-01-03T19:05:28Z
31715,273891,2.5,1682183699,2023-04-22T17:14:59Z
31767,160848,5.0,1558463330,2019-05-21T18:28:50Z
31767,163134,4.5,1558463331,2019-05-21T18:28:51Z
31767,188623,5.0,1558463331,2019-05-21T18:28:51Z
31767,188773,5.0,1558463331,2019-05-21T18:28:51Z
31767,204158,2.5,1573022782,2019-11-06T06:46:22Z
31767,187467,2.5,1644008871,2022-02-04T21:07:51Z
31911,200838,3.5,1560177611,2019-06-10T14:40:11Z
31911,174549,3.5,1566331080,2019-08-20T19:58:00Z
31911,221256,2.5,1609783449,2021-01-04T18:04:09Z
31911,163134,4.0,1626657813,2021-07-19T01:23:33Z
31911,168250,4.0,1652154879,2022-05-10T03:54:39Z
31911,188773,3.5,1652819942,2022-05-17T20:39:02Z
31958,166291,4.5,1648934169,2022-04-02T21:16:09Z
31958,231413,3.5,1648934318,2022-04-02T21:18:38Z
31958,163134,4.5,1648934600,2022-04-02T21:23:20Z
31958,188623,4.0,1648935598,2022-04-02T21:39:58Z
31958,204158,4.0,1648935635,2022-04-02T21:40:35Z
31958,273891,4.0,1664899918,2022-10-04T16:11:58Z
31958,281188,4.5,1683534300,2023-05-08T08:25:00Z
32324,188773,4.0,1581903944,2020-02-17T01:45:44Z
32324,163134,4.0,1584573699,2020-03-18T23:21:39Z
32324,206093,0.5,1588767094,2020-05-06T12:11:34Z
32324,173007,2.5,1592392981,2020-06-17T11:23:01Z
32324,193041,4.0,1671639359,2022-12-21T16:15:59Z
32324,168250,3.0,1673102720,2023-01-07T14:45:20Z
32324,169400,3.0,1674470087,2023-01-23T10:34:47Z
32410,143367,4.0,1483248905,2017-01-01T05:35:05Z
32410,163134,4.0,1491792709,2017-04-10T02:51:49Z
32410,168250,4.0,1493529672,2017-04-30T05:21:12Z
32410,142566,3.5,1498019743,2017-06-21T04:35:43Z
32410,160848,3.5,1498973851,2017-07-02T05:37:31Z
32410,182479,4.0,1516343591,2018-01-19T06:33:11Z
32410,177229,4.0,1520656747,2018-03-10T04:39:07Z
32410,193916,3.5,1544642658,2018-12-12T19:24:18Z
32410,188773,4.0,1558231116,2019-05-19T01:58:36Z
32410,204158,4.0,1579154406,2020-01-16T06:00:06Z
32410,146309,4.0,1583013853,2020-02-29T22:04:13Z
32410,257037,4.5,1644973434,2022-02-16T01:03:54Z
32410,286845,5.0,1682776536,2023-04-29T13:55:36Z
32466,178907,3.5,1508791820,2017-10-23T20:50:20Z
32466,168250,4.0,1518501306,2018-02-13T05:55:06Z
32466,253332,5.0,1628744181,2021-08-12T04:56:21Z
32466,281194,2.0,1669758528,2022-11-29T21:48:48Z
32466,275245,3.5,1672289312,2022-12-29T04:48:32Z
32466,287737,4.0,1685634394,2023-06-01T15:46:34Z
32825,140805,1.0,1442500752,2015-09-17T14:39:12Z
32825,149658,3.5,1451833610,2016-01-03T15:06:50Z
32825,141426,4.0,1466262866,2016-06-18T15:14:26Z
32825,150395,2.5,1466263445,2016-06-18T15:24:05Z
32825,173935,1.0,1524998699,2018-04-29T10:44:59Z
32825,168250,4.0,1533513688,2018-08-06T00:01:28Z
32825,192205,3.0,1533517555,2018-08-06T01:05:55Z
32825,200820,2.0,1564601064,2019-07-31T19:24:24Z
32825,200838,3.0,1586526230,2020-04-10T13:43:50Z
32825,210577,2.5,1587141248,2020-04-17T16:34:08Z
33405,168250,4.0,1490324891,2017-03-24T03:08:11Z
33405,143367,4.0,1490326577,2017-03-24T03:36:17Z
33405,163134,3.5,1491971657,2017-04-12T04:34:17Z
33405,146309,3.5,1504929813,2017-09-09T04:03:33Z
33405,188773,5.0,1612093871,2021-01-31T11:51:11Z
33467,200820,3.5,1570864591,2019-10-12T07:16:31Z
33467,168250,4.5,1570864599,2019-10-12T07:16:39Z
33467,188773,4.0,1603558200,2020-10-24T16:50:00Z
33467,188623,3.5,1619674520,2021-04-29T05:35:20Z
33467,200838,3.5,1658644568,2022-07-24T06:36:08Z
33467,275245,4.5,1660021837,2022-08-09T05:10:37Z
33467,273891,4.0,1661307647,2022-08-24T02:20:47Z
33594,157369,4.0,1477188729,2016-10-23T02:12:09Z
33594,146309,4.0,1480646773,2016-12-02T02:46:13Z
33594,168250,4.0,1526839439,2018-05-20T18:03:59Z
33594,188623,4.0,1586639489,2020-04-11T21:11:29Z
33594,188773,4.5,1586639502,2020-04-11T21:11:42Z
33594,209949,4.0,1593310753,2020-06-28T02:19:13Z
33594,163134,4.0,1605285874,2020-11-13T16:44:34Z
33594,193041,4.0,1645741359,2022-02-24T22:22:39Z
33594,257037,4.5,1654288793,2022-06-03T20:39:53Z
33606,143367,3.0,1488633513,2017-03-04T13:18:33Z
33606,168250,3.5,1510422119,2017-11-11T17:41:59Z
33606,188773,4.0,1612037330,2021-01-30T20:08:50Z
33606,253332,2.0,1630441866,2021-08-31T20:31:06Z
33606,261253,3.5,1660738244,2022-08-17T12:10:44Z
33606,257037,4.5,1664140240,2022-09-25T21:10:40Z
33606,275245,3.5,1665391601,2022-10-10T08:46:41Z
33606,163134,3.0,1666168258,2022-10-19T08:30:58Z
33962,164395,3.0,1484931658,2017-01-20T17:00:58Z
33962,163056,3.5,1493858981,2017-05-04T00:49:41Z
33962,165105,2.5,1493859190,2017-05-04T00:53:10Z
33962,168250,3.5,1493859650,2017-05-04T01:00:50Z
33962,200838,3.0,1572357500,2019-10-29T13:58:20Z
33962,163134,4.0,1574607638,2019-11-24T15:00:38Z
33962,188773,4.0,1575037384,2019-11-29T14:23:04Z
33962,166291,4.0,1579969638,2020-01-25T16:27:18Z
33962,143367,3.5,1579969861,2020-01-25T16:31:01Z
33962,188623,4.0,1579970329,2020-01-25T16:38:49Z
33962,207297,2.5,1599682941,2020-09-09T20:22:21Z
33962,193041,3.5,1618028312,2021-04-10T04:18:32Z
34036,168250,5.0,1598383856,2020-08-25T19:30:56Z
34036,200820,2.5,1619850139,2021-05-01T06:22:19Z
34036,253332,3.5,1634094817,2021-10-13T03:13:37Z
34036,257037,4.0,1648424775,2022-03-27T23:46:15Z
34036,188623,4.0,1659049027,2022-07-28T22:57:07Z
34036,275245,4.0,1659049094,2022-07-28T22:58:14Z
34036,273891,3.5,1660956095,2022-08-20T00:41:35Z
34138,143367,3.5,1500802720,2017-07-23T09:38:40Z
34138,168250,3.5,1501091816,2017-07-26T17:56:56Z
34138,200838,3.5,1578439939,2020-01-07T23:32:19Z
34138,210577,3.0,1590010634,2020-05-20T21:37:14Z
34138,200820,4.0,1597001728,2020-08-09T19:35:28Z
34138,273891,3.5,1684278446,2023-05-16T23:07:26Z
34143,168250,4.5,1583481233,2020-03-06T07:53:53Z
34143,163134,5.0,1583481427,2020-03-06T07:57:07Z
34143,257037,3.5,1651546175,2022-05-03T02:49:35Z
34143,204158,3.5,1660966205,2022-08-20T03:30:05Z
34143,273891,3.0,1682483553,2023-04-26T04:32:33Z
34207,168250,5.0,1581832983,2020-02-16T06:03:03Z
34207,200838,2.5,1581843165,2020-02-16T08:52:45Z
34207,200820,1.5,1581843210,2020-02-16T08:53:30Z
34207,188773,5.0,1581888688,2020-02-16T21:31:28Z
34207,177939,3.5,1615167417,2021-03-08T01:36:57Z
34207,188623,5.0,1615174206,2021-03-08T03:30:06Z
34207,257037,5.0,1649957182,2022-04-14T17:26:22Z
34217,168250,4.5,1522076633,2018-03-26T15:03:53Z
34217,200838,3.5,1571940388,2019-10-24T18:06:28Z
34217,238036,0.5,1644893353,2022-02-15T02:49:13Z
34217,166291,3.0,1644894975,2022-02-15T03:16:15Z
34217,210577,2.5,1664317507,2022-09-27T22:25:07Z
34227,168250,4.5,1626950548,2021-07-22T10:42:28Z
34227,188623,2.0,1626957744,2021-07-22T12:42:24Z
34227,163134,4.5,1627018568,2021-07-23T05:36:08Z
34227,231413,4.5,1627018693,2021-07-23T05:38:13Z
34227,179411,4.0,1627208090,2021-07-25T10:14:50Z
34365,168250,4.0,1640986310,2021-12-31T21:31:50Z
34365,200838,3.0,1640987182,2021-12-31T21:46:22Z
34365,200820,1.5,1640987332,2021-12-31T21:48:52Z
34365,210577,3.0,1648161322,2022-03-24T22:35:22Z
34365,166291,4.0,1653366624,2022-05-24T04:30:24Z
34365,273891,3.5,1659506642,2022-08-03T06:04:02Z
34365,279376,3.5,1664592283,2022-10-01T02:44:43Z
34365,279452,3.0,1664777508,2022-10-03T06:11:48Z
34365,252932,4.5,1673416894,2023-01-11T06:01:34Z
34365,246604,4.0,1673763539,2023-01-15T06:18:59Z
34365,282901,3.0,1674276169,2023-01-21T04:42:49Z
34365,281188,4.5,1681610901,2023-04-16T02:08:21Z
34365,258541,3.0,1682226751,2023-04-23T05:12:31Z
34365,163134,4.5,1687742714,2023-06-26T01:25:14Z
34365,204158,3.5,1689571641,2023-07-17T05:27:21Z
34365,289097,3.5,1690334396,2023-07-26T01:19:56Z
34365,275245,4.5,1691734618,2023-08-11T06:16:58Z
34365,141972,3.0,1696050157,2023-09-30T05:02:37Z
34416,163056,3.0,1481012264,2016-12-06T08:17:44Z
34416,166974,4.0,1483537910,2017-01-04T13:51:50Z
34416,168250,4.5,1497729090,2017-06-17T19:51:30Z
34416,188773,4.5,1546271186,2018-12-31T15:46:26Z
34416,199231,4.0,1552311545,2019-03-11T13:39:05Z
34416,188623,3.5,1555001151,2019-04-11T16:45:51Z
34416,206303,2.5,1568484752,2019-09-14T18:12:32Z
34416,150776,4.0,1570895693,2019-10-12T15:54:53Z
34416,275245,4.0,1667066444,2022-10-29T18:00:44Z
34463,168250,4.0,1644977219,2022-02-16T02:06:59Z
34463,188623,5.0,1644977633,2022-02-16T02:13:53Z
34463,163134,4.0,1644992665,2022-02-16T06:24:25Z
34463,188773,3.0,1645033629,2022-02-16T17:47:09Z
34463,275245,3.0,1660098295,2022-08-10T02:24:55Z
34463,257037,3.5,1660108699,2022-08-10T05:18:19Z
34463,273891,4.5,1661046338,2022-08-21T01:45:38Z
34581,200820,1.5,1634585362,2021-10-18T19:29:22Z
34581,212383,3.5,1634585430,2021-10-18T19:30:30Z
34581,212385,4.0,1634585445,2021-10-18T19:30:45Z
34581,247464,3.0,1634585450,2021-10-18T19:30:50Z
34581,206393,4.0,1634585723,2021-10-18T19:35:23Z
34581,163056,3.5,1634585777,2021-10-18T19:36:17Z
34581,166291,4.0,1634585786,2021-10-18T19:36:26Z
34581,204158,3.0,1634585882,2021-10-18T19:38:02Z
34581,218657,3.0,1634585901,2021-10-18T19:38:21Z
34581,163134,3.5,1634585928,2021-10-18T19:38:48Z
34613,231413,2.5,1648390865,2022-03-27T14:21:05Z
34613,149146,2.5,1648390874,2022-03-27T14:21:14Z
34613,143367,3.0,1648390878,2022-03-27T14:21:18Z
34613,168250,3.5,1648390879,2022-03-27T14:21:19Z
34613,184641,1.0,1648390879,2022-03-27T14:21:19Z
34613,189273,2.5,1648390880,2022-03-27T14:21:20Z
34613,200838,2.0,1648390880,2022-03-27T14:21:20Z
34613,178907,3.0,1648390882,2022-03-27T14:21:22Z
34613,193041,3.0,1648390884,2022-03-27T14:21:24Z
34684,168250,4.5,1617549697,2021-04-04T15:21:37Z
34684,200838,4.5,1630051152,2021-08-27T07:59:12Z
34684,163134,5.0,1668863137,2022-11-19T13:05:37Z
34684,204158,4.5,1670673733,2022-12-10T12:02:13Z
34684,166291,4.5,1670922227,2022-12-13T09:03:47Z
34684,275245,4.0,1675562848,2023-02-05T02:07:28Z
34684,198611,5.0,1682866131,2023-04-30T14:48:51Z
34792,163134,4.0,1577823413,2019-12-31T20:16:53Z
34792,166291,4.0,1580077932,2020-01-26T22:32:12Z
34792,192209,3.5,1617127809,2021-03-30T18:10:09Z
34792,216511,3.0,1617128683,2021-03-30T18:24:43Z
34792,214216,3.5,1634774366,2021-10-20T23:59:26Z
34883,163134,3.5,1486772458,2017-02-11T00:20:58Z
34883,168250,4.0,1499134133,2017-07-04T02:08:53Z
34883,146309,3.5,1502843973,2017-08-16T00:39:33Z
34883,182479,4.0,1536107969,2018-09-05T00:39:29Z
34883,166291,4.5,1564108807,2019-07-26T02:40:07Z
34883,193916,2.0,1564973855,2019-08-05T02:57:35Z
34883,216525,3.0,1589160321,2020-05-11T01:25:21Z
34883,166295,3.0,1593995103,2020-07-06T00:25:03Z
34883,218657,3.5,1595102066,2020-07-18T19:54:26Z
34883,204158,3.5,1601499498,2020-09-30T20:58:18Z
34883,222627,4.0,1603334704,2020-10-22T02:45:04Z
34883,223570,4.0,1605415679,2020-11-15T04:47:59Z
34883,164395,3.0,1609386504,2020-12-31T03:48:24Z
34883,200838,3.5,1626303684,2021-07-14T23:01:24Z
34883,253826,3.0,1631411167,2021-09-12T01:46:07Z
34883,239256,1.5,1632264850,2021-09-21T22:54:10Z
34883,231413,4.0,1637539697,2021-11-22T00:08:17Z
35263,168250,4.0,1608672280,2020-12-22T21:24:40Z
35263,182479,3.0,1608679176,2020-12-22T23:19:36Z
35263,210577,2.5,1651520478,2022-05-02T19:41:18Z
35263,257037,3.5,1664548511,2022-09-30T14:35:11Z
35263,242062,3.5,1664548633,2022-09-30T14:37:13Z
35263,204158,2.5,1664548896,2022-09-30T14:41:36Z
35263,275245,4.0,1664548972,2022-09-30T14:42:52Z
35263,188773,4.0,1668985220,2022-11-20T23:00:20Z
35263,253332,3.0,1668985312,2022-11-20T23:01:52Z
35263,188623,4.0,1668985672,2022-11-20T23:07:52Z
35263,182467,2.0,1670541626,2022-12-08T23:20:26Z
35263,252932,2.0,1674760641,2023-01-26T19:17:21Z
35328,200838,3.5,1565661891,2019-08-13T02:04:51Z
35328,170125,5.0,1570713521,2019-10-10T13:18:41Z
35328,168250,4.5,1575328312,2019-12-02T23:11:52Z
35328,211137,2.5,1587974241,2020-04-27T07:57:21Z
35328,188623,4.0,1593569675,2020-07-01T02:14:35Z
35328,253332,3.0,1641703677,2022-01-09T04:47:57Z
35340,164204,3.5,1478563355,2016-11-08T00:02:35Z
35340,168250,4.5,1488654892,2017-03-04T19:14:52Z
35340,221250,4.5,1599069314,2020-09-02T17:55:14Z
35340,188773,4.0,1599070745,2020-09-02T18:19:05Z
35340,188623,4.0,1599070970,2020-09-02T18:22:50Z
35340,185539,3.0,1599073230,2020-09-02T19:00:30Z
35484,189225,4.0,1527654220,2018-05-30T04:23:40Z
35484,163134,4.5,1527654564,2018-05-30T04:29:24Z
35484,189237,4.0,1527654833,2018-05-30T04:33:53Z
35484,173235,4.0,1527655493,2018-05-30T04:44:53Z
35484,168250,5.0,1527724468,2018-05-30T23:54:28Z
35484,169022,5.0,1527724517,2018-05-30T23:55:17Z
35614,168250,5.0,1587209417,2020-04-18T11:30:17Z
35614,188773,3.5,1590414493,2020-05-25T13:48:13Z
35614,193041,5.0,1593524013,2020-06-30T13:33:33Z
35614,188623,4.0,1629984632,2021-08-26T13:30:32Z
35614,257037,4.0,1644750036,2022-02-13T11:00:36Z
35614,275245,4.0,1661928373,2022-08-31T06:46:13Z
35687,182479,4.0,1687294067,2023-06-20T20:47:47Z
35687,203974,4.0,1687295269,2023-06-20T21:07:49Z
35687,163134,4.0,1687296292,2023-06-20T21:24:52Z
35687,218657,4.0,1687297118,2023-06-20T21:38:38Z
35687,187145,3.0,1687299691,2023-06-20T22:21:31Z
35687,166291,3.5,1687302627,2023-06-20T23:10:27Z
35687,184835,4.0,1687303697,2023-06-20T23:28:17Z
35687,252932,3.5,1687303816,2023-06-20T23:30:16Z
35877,163134,4.5,1496562912,2017-06-04T07:55:12Z
35877,160848,4.5,1496769473,2017-06-06T17:17:53Z
35877,190525,5.0,1530672629,2018-07-04T02:50:29Z
35877,188773,4.5,1532188658,2018-07-21T15:57:38Z
35877,168250,4.0,1537758670,2018-09-24T03:11:10Z
36145,275245,2.0,1665574118,2022-10-12T11:28:38Z
36145,273891,3.5,1665574155,2022-10-12T11:29:15Z
36145,163056,3.5,1665574439,2022-10-12T11:33:59Z
36145,188623,4.5,1665582845,2022-10-12T13:54:05Z
36145,166974,4.0,1665583350,2022-10-12T14:02:30Z
36145,168250,4.5,1665583919,2022-10-12T14:11:59Z
36145,140106,4.5,1665583975,2022-10-12T14:12:55Z
36145,165105,3.0,1665646222,2022-10-13T07:30:22Z
36145,197625,3.0,1666081753,2022-10-18T08:29:13Z
36145,271160,1.5,1666082473,2022-10-18T08:41:13Z
36145,162990,4.0,1666704374,2022-10-25T13:26:14Z
36145,171071,4.5,1666704746,2022-10-25T13:32:26Z
36145,224465,4.0,1666704860,2022-10-25T13:34:20Z
36145,196233,4.0,1666704929,2022-10-25T13:35:29Z
36145,224845,4.0,1666705037,2022-10-25T13:37:17Z
36145,235631,2.0,1666948759,2022-10-28T09:19:19Z
36145,161594,4.0,1666949933,2022-10-28T09:38:53Z
36145,246604,5.0,1666950782,2022-10-28T09:53:02Z
36145,200820,3.5,1666951033,2022-10-28T09:57:13Z
36145,173007,4.0,1666951519,2022-10-28T10:05:19Z
36145,185905,3.5,1666952338,2022-10-28T10:18:58Z
36145,239256,1.5,1667394416,2022-11-02T13:06:56Z
36145,204610,4.0,1667404390,2022-11-02T15:53:10Z
36145,247500,3.5,1667480796,2022-11-03T13:06:36Z
36145,185877,3.5,1667480919,2022-11-03T13:08:39Z
36145,210221,1.5,1667481139,2022-11-03T13:12:19Z
36145,164403,3.5,1667481253,2022-11-03T13:14:13Z
36145,166291,4.5,1667487254,2022-11-03T14:54:14Z
36145,204158,4.0,1667488876,2022-11-03T15:21:16Z
36145,163134,4.5,1667488967,2022-11-03T15:22:47Z
36145,146309,4.5,1667488985,2022-11-03T15:23:05Z
36145,169400,4.0,1667489525,2022-11-03T15:32:05Z
36145,257701,3.5,1667559668,2022-11-04T11:01:08Z
36145,176515,4.0,1669044755,2022-11-21T15:32:35Z
36145,164395,2.5,1674654508,2023-01-25T13:48:28Z
36145,218771,3.5,1674744993,2023-01-26T14:56:33Z
36270,210577,3.0,1676100099,2023-02-11T07:21:39Z
36270,163134,4.0,1676100102,2023-02-11T07:21:42Z
36270,168250,4.0,1676100102,2023-02-11T07:21:42Z
36270,200838,3.5,1676100103,2023-02-11T07:21:43Z
36270,182479,3.5,1676100104,2023-02-11T07:21:44Z
36270,188773,5.0,1676100106,2023-02-11T07:21:46Z
36287,163134,4.5,1492976277,2017-04-23T19:37:57Z
36287,200838,3.0,1586881815,2020-04-14T16:30:15Z
36287,168250,4.5,1659102438,2022-07-29T13:47:18Z
36287,275245,4.0,1673393912,2023-01-10T23:38:32Z
36287,273891,4.0,1673551778,2023-01-12T19:29:38Z
36438,163134,5.0,1484586837,2017-01-16T17:13:57Z
36438,192649,4.0,1537923886,2018-09-26T01:04:46Z
36438,166291,4.0,1548734665,2019-01-29T04:04:25Z
36438,200838,4.0,1557702851,2019-05-12T23:14:11Z
36438,200820,3.0,1560189677,2019-06-10T18:01:17Z
36438,204158,4.0,1579471351,2020-01-19T22:02:31Z
36438,210577,3.5,1582501534,2020-02-23T23:45:34Z
36438,213353,4.0,1583245512,2020-03-03T14:25:12Z
36438,210939,3.5,1619303274,2021-04-24T22:27:54Z
36438,231413,4.0,1625030651,2021-06-30T05:24:11Z
36438,263555,2.0,1636260989,2021-11-07T04:56:29Z
36438,273891,3.5,1662910424,2022-09-11T15:33:44Z
36438,281188,3.0,1682116311,2023-04-21T22:31:51Z
36438,289097,3.5,1694656935,2023-09-14T02:02:15Z
36618,177939,4.5,1678348107,2023-03-09T07:48:27Z
36618,188623,3.5,1678348754,2023-03-09T07:59:14Z
36618,246604,4.0,1678349506,2023-03-09T08:11:46Z
36618,204158,3.5,1678349985,2023-03-09T08:19:45Z
36618,168250,3.5,1678350414,2023-03-09T08:26:54Z
36618,275245,2.0,1678351186,2023-03-09T08:39:46Z
36618,163134,4.0,1678351648,2023-03-09T08:47:28Z
36683,140106,3.5,1546242461,2018-12-31T07:47:41Z
36683,140108,2.5,1546242461,2018-12-31T07:47:41Z
36683,160848,4.5,1546242461,2018-12-31T07:47:41Z
36683,165105,3.0,1546242464,2018-12-31T07:47:44Z
36683,143367,4.5,1546242467,2018-12-31T07:47:47Z
36683,166974,3.5,1546242467,2018-12-31T07:47:47Z
36683,168250,4.0,1546242467,2018-12-31T07:47:47Z
36683,163134,4.0,1546242468,2018-12-31T07:47:48Z
36683,179411,4.0,1546242468,2018-12-31T07:47:48Z
36683,185905,3.5,1546242470,2018-12-31T07:47:50Z
36757,168250,3.5,1581344726,2020-02-10T14:25:26Z
36757,186985,1.0,1581359103,2020-02-10T18:25:03Z
36757,143367,4.0,1581361510,2020-02-10T19:05:10Z
36757,163134,3.0,1581361773,2020-02-10T19:09:33Z
36757,200820,3.5,1581361968,2020-02-10T19:12:48Z
36757,183661,1.5,1581362304,2020-02-10T19:18:24Z
36757,163056,5.0,1581362376,2020-02-10T19:19:36Z
36757,191235,1.5,1581362378,2020-02-10T19:19:38Z
36757,194797,1.5,1581362380,2020-02-10T19:19:40Z
36757,161594,2.0,1581378734,2020-02-10T23:52:14Z
36867,163134,5.0,1593131782,2020-06-26T00:36:22Z
36867,166291,5.0,1593133676,2020-06-26T01:07:56Z
36867,210577,3.5,1593134665,2020-06-26T01:24:25Z
36867,182479,3.0,1593135526,2020-06-26T01:38:46Z
36867,193916,5.0,1593136402,2020-06-26T01:53:22Z
36867,171013,5.0,1593136489,2020-06-26T01:54:49Z
36867,204158,5.0,1593136546,2020-06-26T01:55:46Z
36867,177939,5.0,1593136606,2020-06-26T01:56:46Z
36867,142374,0.5,1593138014,2020-06-26T02:20:14Z
36867,142566,4.5,1593138144,2020-06-26T02:22:24Z
36867,192209,4.5,1593138333,2020-06-26T02:25:33Z
36867,184641,1.0,1593138499,2020-06-26T02:28:19Z
36867,180091,4.0,1593138650,2020-06-26T02:30:50Z
36867,218657,3.5,1593742709,2020-07-03T02:18:29Z
36912,164643,4.5,1554788365,2019-04-09T05:39:25Z
36912,168250,3.5,1554789071,2019-04-09T05:51:11Z
36912,143367,4.5,1554789428,2019-04-09T05:57:08Z
36912,163134,4.0,1554789640,2019-04-09T06:00:40Z
36912,179493,3.0,1554790012,2019-04-09T06:06:52Z
36938,168250,4.0,1548531905,2019-01-26T19:45:05Z
36938,146309,3.0,1548545232,2019-01-26T23:27:12Z
36938,166291,3.0,1580082570,2020-01-26T23:49:30Z
36938,163134,4.0,1581276128,2020-02-09T19:22:08Z
36938,193916,2.0,1581456854,2020-02-11T21:34:14Z
36938,204158,4.0,1593889654,2020-07-04T19:07:34Z
36938,150776,2.0,1603052881,2020-10-18T20:28:01Z
36938,200838,2.0,1631909315,2021-09-17T20:08:35Z
36938,193041,4.0,1635109654,2021-10-24T21:07:34Z
36938,218657,3.0,1641935076,2022-01-11T21:04:36Z
36938,200820,3.0,1662417745,2022-09-05T22:42:25Z
36938,275245,3.5,1669224890,2022-11-23T17:34:50Z
36938,164403,2.5,1670973055,2022-12-13T23:10:55Z
37168,168250,4.0,1638775747,2021-12-06T07:29:07Z
37168,150776,3.5,1638777110,2021-12-06T07:51:50Z
37168,196937,3.0,1638779945,2021-12-06T08:39:05Z
37168,165105,1.0,1638800933,2021-12-06T14:28:53Z
37168,187545,2.5,1638801712,2021-12-06T14:41:52Z
37245,273891,1.0,1678189169,2023-03-07T11:39:29Z
37245,200820,1.0,1678189598,2023-03-07T11:46:38Z
37245,275245,3.0,1679850317,2023-03-26T17:05:17Z
37245,160848,4.0,1680284076,2023-03-31T17:34:36Z
37245,188773,4.0,1681331669,2023-04-12T20:34:29Z
37245,168250,3.0,1691343774,2023-08-06T17:42:54Z
37544,164204,4.0,1485720962,2017-01-29T20:16:02Z
37544,170805,3.5,1491763496,2017-04-09T18:44:56Z
37544,170887,4.0,1492170068,2017-04-14T11:41:08Z
37544,163056,5.0,1492996045,2017-04-24T01:07:25Z
37544,171863,3.5,1494083195,2017-05-06T15:06:35Z
37544,173007,3.5,1502486386,2017-08-11T21:19:46Z
37544,150776,4.0,1526105904,2018-05-12T06:18:24Z
37544,184275,4.5,1538443750,2018-10-02T01:29:10Z
37677,168250,1.0,1513078101,2017-12-12T11:28:21Z
37677,169400,2.5,1526888915,2018-05-21T07:48:35Z
37677,192257,1.5,1533730726,2018-08-08T12:18:46Z
37677,200838,2.0,1559900916,2019-06-07T09:48:36Z
37677,140106,2.5,1571902512,2019-10-24T07:35:12Z
37677,258001,2.5,1643699303,2022-02-01T07:08:23Z
37677,182479,4.5,1651822543,2022-05-06T07:35:43Z
37677,273891,3.5,1666626114,2022-10-24T15:41:54Z
37677,275245,3.0,1669019412,2022-11-21T08:30:12Z
37677,160848,2.0,1679309118,2023-03-20T10:45:18Z
37677,174549,5.0,1680968857,2023-04-08T15:47:37Z
37677,248434,1.5,1690023044,2023-07-22T10:50:44Z
37678,200820,2.0,1575906945,2019-12-09T15:55:45Z
37678,163134,2.5,1576079055,2019-12-11T15:44:15Z
37678,160848,3.0,1587759892,2020-04-24T20:24:52Z
37678,206393,2.5,1590774048,2020-05-29T17:40:48Z
37678,188773,2.5,1592581446,2020-06-19T15:44:06Z
37678,198611,2.0,1597424983,2020-08-14T17:09:43Z
37678,182479,2.5,1604088474,2020-10-30T20:07:54Z
37678,177463,2.5,1604088582,2020-10-30T20:09:42Z
37678,200838,2.0,1605727357,2020-11-18T19:22:37Z
37678,216525,2.5,1610741041,2021-01-15T20:04:01Z
37678,193916,4.0,1611345524,2021-01-22T19:58:44Z
37678,175299,3.0,1615582478,2021-03-12T20:54:38Z
37678,146309,3.0,1621632060,2021-05-21T21:21:00Z
37678,168250,2.0,1626291843,2021-07-14T19:44:03Z
37678,193041,3.0,1652864685,2022-05-18T09:04:45Z
37678,273891,3.0,1673359660,2023-01-10T14:07:40Z
37680,168250,4.5,1493071285,2017-04-24T22:01:25Z
37680,143367,4.0,1493071653,2017-04-24T22:07:33Z
37680,200838,4.0,1562363588,2019-07-05T21:53:08Z
37680,210577,4.0,1598413335,2020-08-26T03:42:15Z
37680,257037,4.0,1650772889,2022-04-24T04:01:29Z
37680,273891,4.0,1668457657,2022-11-14T20:27:37Z
37680,275245,4.5,1680765077,2023-04-06T07:11:17Z
37721,179411,4.5,1533250743,2018-08-02T22:59:03Z
37721,193533,4.5,1565120726,2019-08-06T19:45:26Z
37721,170961,4.5,1588014735,2020-04-27T19:12:15Z
37721,206889,4.5,1588274709,2020-04-30T19:25:09Z
37721,173935,4.0,1596667028,2020-08-05T22:37:08Z
37721,207297,4.5,1602874491,2020-10-16T18:54:51Z
37721,168250,4.5,1612640078,2021-02-06T19:34:38Z
37721,198107,5.0,1615586570,2021-03-12T22:02:50Z
37721,213431,5.0,1637706478,2021-11-23T22:27:58Z
37721,265114,5.0,1637773465,2021-11-24T17:04:25Z
37721,255639,5.0,1638832406,2021-12-06T23:13:26Z
37721,252308,5.0,1639004477,2021-12-08T23:01:17Z
37721,273891,5.0,1664923916,2022-10-04T22:51:56Z
37745,168250,3.0,1506386184,2017-09-26T00:36:24Z
37745,160848,2.0,1506386316,2017-09-26T00:38:36Z
37745,195589,3.0,1542243330,2018-11-15T00:55:30Z
37745,188773,3.5,1547342288,2019-01-13T01:18:08Z
37745,166291,3.5,1596382336,2020-08-02T15:32:16Z
37745,171013,3.5,1624573711,2021-06-24T22:28:31Z
37745,163134,3.5,1638073752,2021-11-28T04:29:12Z
37745,164204,3.5,1639886874,2021-12-19T04:07:54Z
37745,140106,3.5,1664153755,2022-09-26T00:55:55Z
37745,188623,4.0,1664154275,2022-09-26T01:04:35Z
37745,257037,3.5,1669080677,2022-11-22T01:31:17Z
37745,143367,3.0,1674269527,2023-01-21T02:52:07Z
37745,242062,4.0,1676651682,2023-02-17T16:34:42Z
37745,185539,4.0,1677694435,2023-03-01T18:13:55Z
37745,207297,3.5,1680566688,2023-04-04T00:04:48Z
38091,168250,4.0,1583481052,2020-03-06T07:50:52Z
38091,163134,4.0,1583481966,2020-03-06T08:06:06Z
38091,166291,4.0,1583482197,2020-03-06T08:09:57Z
38091,165105,3.0,1583483108,2020-03-06T08:25:08Z
38091,188773,4.5,1583484617,2020-03-06T08:50:17Z
38095,170125,4.5,1522552671,2018-04-01T03:17:51Z
38095,200838,3.5,1590204744,2020-05-23T03:32:24Z
38095,210577,3.0,1592023238,2020-06-13T04:40:38Z
38095,182479,4.5,1625366031,2021-07-04T02:33:51Z
38095,275245,4.5,1659384597,2022-08-01T20:09:57Z
38113,168250,4.5,1645139011,2022-02-17T23:03:31Z
38113,231413,3.5,1691628424,2023-08-10T00:47:04Z
38113,275245,3.5,1691628424,2023-08-10T00:47:04Z
38113,257037,5.0,1691628425,2023-08-10T00:47:05Z
38113,210577,2.5,1691628428,2023-08-10T00:47:08Z
38162,140108,3.0,1564757009,2019-08-02T14:43:29Z
38162,142550,3.5,1564757011,2019-08-02T14:43:31Z
38162,197657,4.0,1564757013,2019-08-02T14:43:33Z
38162,143367,4.0,1564757014,2019-08-02T14:43:34Z
38162,168250,4.0,1564757015,2019-08-02T14:43:35Z
38162,190431,3.0,1564757016,2019-08-02T14:43:36Z
38162,182467,4.0,1564757018,2019-08-02T14:43:38Z
38162,189743,3.0,1564757019,2019-08-02T14:43:39Z
38162,188773,4.5,1564757025,2019-08-02T14:43:45Z
38318,163134,3.5,1524380633,2018-04-22T07:03:53Z
38318,168250,4.0,1525490273,2018-05-05T03:17:53Z
38318,188623,4.5,1544560020,2018-12-11T20:27:00Z
38318,196937,2.0,1585201984,2020-03-26T05:53:04Z
38318,193041,3.5,1592167529,2020-06-14T20:45:29Z
38318,200838,2.5,1602893963,2020-10-17T00:19:23Z
38318,166291,3.5,1611199603,2021-01-21T03:26:43Z
38318,246604,3.5,1643146421,2022-01-25T21:33:41Z
38319,177119,2.0,1520710260,2018-03-10T19:31:00Z
38319,184641,1.5,1538167117,2018-09-28T20:38:37Z
38319,200820,1.5,1569701132,2019-09-28T20:05:32Z
38319,200838,2.5,1569873974,2019-09-30T20:06:14Z
38319,186985,1.5,1606854640,2020-12-01T20:30:40Z
38319,239256,1.0,1641415228,2022-01-05T20:40:28Z
38319,273891,3.5,1674936045,2023-01-28T20:00:45Z
38319,269766,1.5,1678044976,2023-03-05T19:36:16Z
38504,210577,3.5,1595764219,2020-07-26T11:50:19Z
38504,166291,4.0,1595832483,2020-07-27T06:48:03Z
38504,163134,4.0,1595832492,2020-07-27T06:48:12Z
38504,143367,4.0,1597281652,2020-08-13T01:20:52Z
38504,168250,5.0,1606950974,2020-12-02T23:16:14Z
38631,222627,3.0,1662045476,2022-09-01T15:17:56Z
38631,228401,3.5,1662045477,2022-09-01T15:17:57Z
38631,231413,4.0,1662045478,2022-09-01T15:17:58Z
38631,275245,3.5,1662045478,2022-09-01T15:17:58Z
38631,252308,4.0,1662045480,2022-09-01T15:18:00Z
38631,273891,3.5,1662045482,2022-09-01T15:18:02Z
38631,272079,3.0,1662045483,2022-09-01T15:18:03Z
38631,200820,3.5,1662045492,2022-09-01T15:18:12Z
38631,210577,3.0,1662045492,2022-09-01T15:18:12Z
38631,165105,3.0,1662045493,2022-09-01T15:18:13Z
38631,174515,4.0,1662045493,2022-09-01T15:18:13Z
38631,150776,4.5,1662045494,2022-09-01T15:18:14Z
38631,143367,3.5,1662045495,2022-09-01T15:18:15Z
38631,163134,5.0,1662045495,2022-09-01T15:18:15Z
38631,164204,4.0,1662045495,2022-09-01T15:18:15Z
38631,167850,3.5,1662045495,2022-09-01T15:18:15Z
38631,168250,4.5,1662045495,2022-09-01T15:18:15Z
38631,175283,3.0,1662045495,2022-09-01T15:18:15Z
38631,182467,3.5,1662045496,2022-09-01T15:18:16Z
38631,193583,4.5,1662045496,2022-09-01T15:18:16Z
38631,200838,3.0,1662045496,2022-09-01T15:18:16Z
38631,193041,4.0,1662045497,2022-09-01T15:18:17Z
38631,196937,4.0,1662045497,2022-09-01T15:18:17Z
38631,204158,4.0,1662045499,2022-09-01T15:18:19Z
38631,210227,4.0,1662045499,2022-09-01T15:18:19Z
38916,214216,3.5,1628163118,2021-08-05T11:31:58Z
38916,247500,2.5,1628163123,2021-08-05T11:32:03Z
38916,160848,3.5,1628163132,2021-08-05T11:32:12Z
38916,210577,2.5,1628163133,2021-08-05T11:32:13Z
38916,141432,3.5,1628163134,2021-08-05T11:32:14Z
38916,163134,5.0,1628163137,2021-08-05T11:32:17Z
38916,168250,4.5,1628163137,2021-08-05T11:32:17Z
38916,166291,2.5,1628163138,2021-08-05T11:32:18Z
38916,197549,4.5,1628163138,2021-08-05T11:32:18Z
38916,173007,3.5,1628163139,2021-08-05T11:32:19Z
38916,190525,3.5,1628163139,2021-08-05T11:32:19Z
38916,188623,3.5,1628163140,2021-08-05T11:32:20Z
38916,188773,3.5,1628163140,2021-08-05T11:32:20Z
38916,193041,3.5,1628163140,2021-08-05T11:32:20Z
38916,192209,2.5,1628163141,2021-08-05T11:32:21Z
38916,201706,3.5,1628163142,2021-08-05T11:32:22Z
38916,211137,3.5,1628163142,2021-08-05T11:32:22Z
39052,275245,1.5,1681507297,2023-04-14T21:21:37Z
39052,273891,2.0,1681507316,2023-04-14T21:21:56Z
39052,276231,1.0,1688837433,2023-07-08T17:30:33Z
39052,223570,1.0,1688837439,2023-07-08T17:30:39Z
39052,224845,2.0,1688837932,2023-07-08T17:38:52Z
39052,166295,1.0,1688913176,2023-07-09T14:32:56Z
39052,216525,1.0,1688913179,2023-07-09T14:32:59Z
39052,169022,2.0,1688913188,2023-07-09T14:33:08Z
39052,271160,2.0,1688913196,2023-07-09T14:33:16Z
39052,289097,1.5,1694177248,2023-09-08T12:47:28Z
39052,210227,1.5,1694177286,2023-09-08T12:48:06Z
39066,214216,3.0,1621145651,2021-05-16T06:14:11Z
39066,163134,4.0,1621145669,2021-05-16T06:14:29Z
39066,166291,3.5,1621145669,2021-05-16T06:14:29Z
39066,168250,3.5,1621145669,2021-05-16T06:14:29Z
39066,177285,3.5,1621145669,2021-05-16T06:14:29Z
39066,200838,3.5,1621145670,2021-05-16T06:14:30Z
39066,188623,3.5,1621145671,2021-05-16T06:14:31Z
39066,188773,4.0,1621145672,2021-05-16T06:14:32Z
39081,168250,4.0,1519620662,2018-02-26T04:51:02Z
39081,185539,2.5,1535341635,2018-08-27T03:47:15Z
39081,210577,4.0,1585013700,2020-03-24T01:35:00Z
39081,253332,1.5,1628994303,2021-08-15T02:25:03Z
39081,190705,4.0,1692415671,2023-08-19T03:27:51Z
39209,168250,5.0,1598571708,2020-08-27T23:41:48Z
39209,163134,5.0,1600290643,2020-09-16T21:10:43Z
39209,188623,4.0,1601164803,2020-09-27T00:00:03Z
39209,166291,4.0,1604792027,2020-11-07T23:33:47Z
39209,204158,4.0,1633911959,2021-10-11T00:25:59Z
39209,275245,5.0,1677289035,2023-02-25T01:37:15Z
39209,188773,5.0,1678582083,2023-03-12T00:48:03Z
39321,163134,2.5,1613443904,2021-02-16T02:51:44Z
39321,200838,2.0,1613445089,2021-02-16T03:11:29Z
39321,143367,2.5,1613445474,2021-02-16T03:17:54Z
39321,188623,2.0,1613445888,2021-02-16T03:24:48Z
39321,210577,2.5,1613446663,2021-02-16T03:37:43Z
39321,168250,4.0,1613451578,2021-02-16T04:59:38Z
39321,200820,2.0,1613497142,2021-02-16T17:39:02Z
39321,193041,3.0,1613539735,2021-02-17T05:28:55Z
39321,170961,2.5,1613590613,2021-02-17T19:36:53Z
39321,150776,2.5,1613596838,2021-02-17T21:20:38Z
39321,182467,2.5,1613602470,2021-02-17T22:54:30Z
39321,165105,3.5,1613626888,2021-02-18T05:41:28Z
39321,163056,2.0,1635418696,2021-10-28T10:58:16Z
39321,188773,2.0,1638551932,2021-12-03T17:18:52Z
39595,163134,5.0,1474718587,2016-09-24T12:03:07Z
39595,160848,4.5,1529905303,2018-06-25T05:41:43Z
39595,168250,3.5,1529905625,2018-06-25T05:47:05Z
39595,200838,4.5,1571193203,2019-10-16T02:33:23Z
39595,177939,5.0,1571193534,2019-10-16T02:38:54Z
39595,146309,5.0,1571193581,2019-10-16T02:39:41Z
39644,163134,4.0,1504990111,2017-09-09T20:48:31Z
39644,140106,4.5,1533660591,2018-08-07T16:49:51Z
39644,164204,3.0,1534167140,2018-08-13T13:32:20Z
39644,142618,4.0,1556287489,2019-04-26T14:04:49Z
39644,188773,4.0,1557050414,2019-05-05T10:00:14Z
39644,193041,4.0,1574874050,2019-11-27T17:00:50Z
39644,212969,3.5,1581863423,2020-02-16T14:30:23Z
39682,221256,3.0,1639603709,2021-12-15T21:28:29Z
39682,137863,2.5,1639603714,2021-12-15T21:28:34Z
39682,140106,4.0,1639603714,2021-12-15T21:28:34Z
39682,141432,4.0,1639603715,2021-12-15T21:28:35Z
39682,171013,4.5,1639603715,2021-12-15T21:28:35Z
39682,187545,4.0,1639603715,2021-12-15T21:28:35Z
39682,163134,3.0,1639603716,2021-12-15T21:28:36Z
39682,166291,2.5,1639603716,2021-12-15T21:28:36Z
39682,167850,1.5,1639603716,2021-12-15T21:28:36Z
39682,168250,3.5,1639603716,2021-12-15T21:28:36Z
39682,193533,3.0,1639603716,2021-12-15T21:28:36Z
39682,193041,4.0,1639603717,2021-12-15T21:28:37Z
39682,196937,1.0,1639603717,2021-12-15T21:28:37Z
39693,163134,5.0,1599458005,2020-09-07T05:53:25Z
39693,188773,4.5,1599459039,2020-09-07T06:10:39Z
39693,168250,5.0,1599459649,2020-09-07T06:20:49Z
39693,200838,3.0,1599495944,2020-09-07T16:25:44Z
39693,196937,2.0,1599496829,2020-09-07T16:40:29Z
39693,194797,0.5,1599496931,2020-09-07T16:42:11Z
39693,192209,4.0,1599498251,2020-09-07T17:04:11Z
39693,191235,0.5,1599498616,2020-09-07T17:10:16Z
39693,188623,4.5,1599498644,2020-09-07T17:10:44Z
39693,186985,3.0,1599499141,2020-09-07T17:19:01Z
39693,183661,2.0,1599530499,2020-09-08T02:01:39Z
39693,146309,4.0,1600053191,2020-09-14T03:13:11Z
39693,143367,4.5,1600125573,2020-09-14T23:19:33Z
39693,251520,1.5,1640700524,2021-12-28T14:08:44Z
39744,242116,5.0,1615612468,2021-03-13T05:14:28Z
39744,166291,3.0,1615612552,2021-03-13T05:15:52Z
39744,192649,3.0,1615612613,2021-03-13T05:16:53Z
39744,200838,2.5,1615616605,2021-03-13T06:23:25Z
39744,210577,3.0,1615703222,2021-03-14T06:27:02Z
39912,188773,5.0,1643692257,2022-02-01T05:10:57Z
39912,204158,4.0,1643693875,2022-02-01T05:37:55Z
39912,168250,4.0,1643694872,2022-02-01T05:54:32Z
39912,166291,4.0,1643694965,2022-02-01T05:56:05Z
39912,163134,5.0,1643695008,2022-02-01T05:56:48Z
39912,188623,5.0,1643711419,2022-02-01T10:30:19Z
39912,275245,4.5,1672497389,2022-12-31T14:36:29Z
40212,163134,5.0,1486577259,2017-02-08T18:07:39Z
40212,146309,5.0,1500315605,2017-07-17T18:20:05Z
40212,200838,4.0,1588193926,2020-04-29T20:58:46Z
40212,204158,4.5,1599598805,2020-09-08T21:00:05Z
40212,166291,4.0,1599598935,2020-09-08T21:02:15Z
40212,168250,4.0,1623351142,2021-06-10T18:52:22Z
40582,168250,4.0,1628305290,2021-08-07T03:01:30Z
40582,215733,2.5,1632421831,2021-09-23T18:30:31Z
40582,189225,2.5,1632421861,2021-09-23T18:31:01Z
40582,239256,3.0,1632421913,2021-09-23T18:31:53Z
40582,150776,3.5,1632422259,2021-09-23T18:37:39Z
40582,182467,4.5,1632422402,2021-09-23T18:40:02Z
40582,188773,5.0,1632422521,2021-09-23T18:42:01Z
40582,200838,3.0,1632422555,2021-09-23T18:42:35Z
40603,168250,3.5,1495302000,2017-05-20T17:40:00Z
40603,166974,3.5,1495916631,2017-05-27T20:23:51Z
40603,166291,4.5,1559370802,2019-06-01T06:33:22Z
40603,193041,4.5,1568481339,2019-09-14T17:15:39Z
40603,163134,4.0,1578203840,2020-01-05T05:57:20Z
40603,188773,4.5,1608454618,2020-12-20T08:56:58Z
40603,257037,5.0,1648526039,2022-03-29T03:53:59Z
40603,273891,3.5,1671862502,2022-12-24T06:15:02Z
40603,275245,4.0,1688046598,2023-06-29T13:49:58Z
40603,204158,4.0,1697110220,2023-10-12T11:30:20Z
40667,168250,4.5,1592041322,2020-06-13T09:42:02Z
40667,163134,4.5,1592129618,2020-06-14T10:13:38Z
40667,188773,4.0,1592420015,2020-06-17T18:53:35Z
40667,193041,4.0,1595875862,2020-07-27T18:51:02Z
40667,188623,3.5,1602525921,2020-10-12T18:05:21Z
40667,275245,2.0,1661675521,2022-08-28T08:32:01Z
40667,185905,4.0,1673691448,2023-01-14T10:17:28Z
40667,273891,4.0,1673982038,2023-01-17T19:00:38Z
40709,168250,0.5,1687603135,2023-06-24T10:38:55Z
40709,275245,0.5,1687603151,2023-06-24T10:39:11Z
40709,200838,0.5,1687824819,2023-06-27T00:13:39Z
40709,210577,0.5,1687827605,2023-06-27T01:00:05Z
40709,224845,0.5,1687903038,2023-06-27T21:57:18Z
40880,163134,3.5,1486405044,2017-02-06T18:17:24Z
40880,146309,2.5,1486405069,2017-02-06T18:17:49Z
40880,166291,2.0,1656409294,2022-06-28T09:41:34Z
40880,168250,4.0,1656409298,2022-06-28T09:41:38Z
40880,160848,3.0,1656409958,2022-06-28T09:52:38Z
41053,196233,5.0,1672067600,2022-12-26T15:13:20Z
41053,140805,5.0,1672067789,2022-12-26T15:16:29Z
41053,163056,5.0,1672067816,2022-12-26T15:16:56Z
41053,161592,5.0,1672067866,2022-12-26T15:17:46Z
41053,200820,5.0,1672099862,2022-12-27T00:11:02Z
41115,200384,3.5,1555775687,2019-04-20T15:54:47Z
41115,200386,2.5,1555775691,2019-04-20T15:54:51Z
41115,175479,2.5,1555775823,2019-04-20T15:57:03Z
41115,168250,2.5,1566747636,2019-08-25T15:40:36Z
41115,163134,5.0,1567396724,2019-09-02T03:58:44Z
41115,188773,4.0,1577515800,2019-12-28T06:50:00Z
41127,163134,3.5,1641435734,2022-01-06T02:22:14Z
41127,204610,4.0,1644266598,2022-02-07T20:43:18Z
41127,254464,3.5,1646543132,2022-03-06T05:05:32Z
41127,260185,3.5,1646787824,2022-03-09T01:03:44Z
41127,268322,4.5,1650452007,2022-04-20T10:53:27Z
41127,174549,4.5,1650452029,2022-04-20T10:53:49Z
41219,146309,4.0,1461946306,2016-04-29T16:11:46Z
41219,163134,3.5,1488605874,2017-03-04T05:37:54Z
41219,168250,4.0,1488998363,2017-03-08T18:39:23Z
41219,173007,3.0,1498556949,2017-06-27T09:49:09Z
41219,178907,3.0,1508562939,2017-10-21T05:15:39Z
41219,182479,3.0,1525374304,2018-05-03T19:05:04Z
41219,177939,4.0,1526801143,2018-05-20T07:25:43Z
41226,168250,5.0,1571248992,2019-10-16T18:03:12Z
41226,193041,4.0,1595821142,2020-07-27T03:39:02Z
41226,188773,4.5,1595875266,2020-07-27T18:41:06Z
41226,257037,2.5,1647712842,2022-03-19T18:00:42Z
41226,275245,3.0,1659238010,2022-07-31T03:26:50Z
41226,273891,3.0,1660087859,2022-08-09T23:30:59Z
41226,242062,4.0,1696738064,2023-10-08T04:07:44Z
41294,143531,4.5,1468427500,2016-07-13T16:31:40Z
41294,140106,4.0,1484514493,2017-01-15T21:08:13Z
41294,143367,4.5,1485469392,2017-01-26T22:23:12Z
41294,168250,4.0,1503119115,2017-08-19T05:05:15Z
41294,164204,3.0,1508692089,2017-10-22T17:08:09Z
41294,188773,4.5,1551329358,2019-02-28T04:49:18Z
41294,188623,4.5,1555613089,2019-04-18T18:44:49Z
41294,171013,4.0,1560305025,2019-06-12T02:03:45Z
41294,275245,4.0,1659984683,2022-08-08T18:51:23Z
41294,257037,4.5,1660784073,2022-08-18T00:54:33Z
41382,252932,4.0,1695621703,2023-09-25T06:01:43Z
41382,213353,0.5,1695621915,2023-09-25T06:05:15Z
41382,169022,5.0,1695622306,2023-09-25T06:11:46Z
41382,171013,4.0,1695622454,2023-09-25T06:14:14Z
41382,206393,4.5,1695690107,2023-09-26T01:01:47Z
41382,223572,5.0,1695690128,2023-09-26T01:02:08Z
41382,222627,5.0,1695690130,2023-09-26T01:02:10Z
41382,223570,5.0,1695690131,2023-09-26T01:02:11Z
41382,193581,4.5,1695690158,2023-09-26T01:02:38Z
41382,238036,2.5,1695691035,2023-09-26T01:17:15Z
41407,182467,4.0,1646761998,2022-03-08T17:53:18Z
41407,150776,4.5,1647809059,2022-03-20T20:44:19Z
41407,253332,3.5,1652913734,2022-05-18T22:42:14Z
41407,143367,4.0,1654266473,2022-06-03T14:27:53Z
41407,260185,2.5,1655982326,2022-06-23T11:05:26Z
41407,246604,3.0,1681672352,2023-04-16T19:12:32Z
41407,188623,2.5,1696978510,2023-10-10T22:55:10Z
41407,239256,3.0,1697140418,2023-10-12T19:53:38Z
41924,161594,3.0,1474255459,2016-09-19T03:24:19Z
41924,168250,4.0,1490756822,2017-03-29T03:07:02Z
41924,182467,4.0,1560215674,2019-06-11T01:14:34Z
41924,150776,3.0,1560814722,2019-06-17T23:38:42Z
41924,193041,4.5,1575621070,2019-12-06T08:31:10Z
41924,179411,3.0,1625553209,2021-07-06T06:33:29Z
41924,137863,3.5,1631096227,2021-09-08T10:17:07Z
41924,196937,4.0,1639296265,2021-12-12T08:04:25Z
41924,275245,3.5,1662641827,2022-09-08T12:57:07Z
41984,168250,4.0,1597737308,2020-08-18T07:55:08Z
41984,200838,3.0,1597751666,2020-08-18T11:54:26Z
41984,143367,3.5,1597761936,2020-08-18T14:45:36Z
41984,163134,4.0,1607692173,2020-12-11T13:09:33Z
41984,210577,2.0,1607694104,2020-12-11T13:41:44Z
41984,166291,4.0,1635132911,2021-10-25T03:35:11Z
41984,200820,0.5,1671335511,2022-12-18T03:51:51Z
41984,198611,4.0,1682542332,2023-04-26T20:52:12Z
41984,171071,3.5,1689794493,2023-07-19T19:21:33Z
42015,163056,4.0,1636748988,2021-11-12T20:29:48Z
42015,200820,2.0,1636749024,2021-11-12T20:30:24Z
42015,200052,4.0,1636749075,2021-11-12T20:31:15Z
42015,262529,3.5,1636749089,2021-11-12T20:31:29Z
42015,141972,0.5,1636749121,2021-11-12T20:32:01Z
42015,180091,1.5,1636749143,2021-11-12T20:32:23Z
42015,200838,2.0,1636753971,2021-11-12T21:52:51Z
42015,219862,2.5,1636754014,2021-11-12T21:53:34Z
42015,213367,1.0,1636754054,2021-11-12T21:54:14Z
42015,168250,3.0,1636763191,2021-11-13T00:26:31Z
42015,275245,2.5,1662069097,2022-09-01T21:51:37Z
42015,252932,1.5,1662069135,2022-09-01T21:52:15Z
42125,168250,4.5,1514664445,2017-12-30T20:07:25Z
42125,188773,4.5,1567854266,2019-09-07T11:04:26Z
42125,163134,5.0,1567857920,2019-09-07T12:05:20Z
42125,166291,4.5,1567857920,2019-09-07T12:05:20Z
42125,188623,3.5,1587705935,2020-04-24T05:25:35Z
42125,231413,4.5,1640010940,2021-12-20T14:35:40Z
42125,275245,2.5,1662235820,2022-09-03T20:10:20Z
42125,257037,4.0,1695399188,2023-09-22T16:13:08Z
42299,222627,2.0,1604586496,2020-11-05T14:28:16Z
42299,223572,2.5,1604586498,2020-11-05T14:28:18Z
42299,223570,3.0,1604586504,2020-11-05T14:28:24Z
42299,168250,2.5,1604587343,2020-11-05T14:42:23Z
42299,168090,3.0,1604588572,2020-11-05T15:02:52Z
42299,188623,3.5,1604589769,2020-11-05T15:22:49Z
42299,168218,3.5,1625663124,2021-07-07T13:05:24Z
42299,162968,3.5,1625922168,2021-07-10T13:02:48Z
42299,170125,3.0,1638794393,2021-12-06T12:39:53Z
42299,177939,2.5,1649435932,2022-04-08T16:38:52Z
42317,143367,4.0,1639646350,2021-12-16T09:19:10Z
42317,168250,4.5,1639646350,2021-12-16T09:19:10Z
42317,200838,3.0,1639646351,2021-12-16T09:19:11Z
42317,257037,4.0,1695292007,2023-09-21T10:26:47Z
42317,273891,3.5,1695292007,2023-09-21T10:26:47Z
42467,137863,2.5,1502954328,2017-08-17T07:18:48Z
42467,140805,2.0,1502955457,2017-08-17T07:37:37Z
42467,149658,3.0,1502961267,2017-08-17T09:14:27Z
42467,174515,3.0,1502961919,2017-08-17T09:25:19Z
42467,162990,3.0,1502962166,2017-08-17T09:29:26Z
42467,166291,4.0,1502962185,2017-08-17T09:29:45Z
42467,163056,4.0,1502962973,2017-08-17T09:42:53Z
42467,177099,4.0,1518737869,2018-02-15T23:37:49Z
42477,163134,5.0,1605075435,2020-11-11T06:17:15Z
42477,140106,4.0,1605075452,2020-11-11T06:17:32Z
42477,187467,3.5,1605075571,2020-11-11T06:19:31Z
42477,204158,4.0,1605076235,2020-11-11T06:30:35Z
42477,166291,4.0,1605084026,2020-11-11T08:40:26Z
42477,146309,4.0,1605084090,2020-11-11T08:41:30Z
42477,168250,4.0,1605093188,2020-11-11T11:13:08Z
42477,201704,4.0,1605093532,2020-11-11T11:18:52Z
42533,200838,4.0,1579464028,2020-01-19T20:00:28Z
42533,168250,5.0,1589144578,2020-05-10T21:02:58Z
42533,185539,5.0,1589154778,2020-05-10T23:52:58Z
42533,163134,5.0,1658012483,2022-07-16T23:01:23Z
42533,275245,5.0,1674592921,2023-01-24T20:42:01Z
42649,160848,4.0,1490506656,2017-03-26T05:37:36Z
42649,168250,4.0,1495130670,2017-05-18T18:04:30Z
42649,163134,4.5,1511125831,2017-11-19T21:10:31Z
42649,150776,3.0,1544638771,2018-12-12T18:19:31Z
42649,193916,3.0,1551552262,2019-03-02T18:44:22Z
42649,188623,4.5,1554078857,2019-04-01T00:34:17Z
42649,192981,3.5,1557284129,2019-05-08T02:55:29Z
42649,165105,2.0,1557688245,2019-05-12T19:10:45Z
42649,182479,2.5,1557688575,2019-05-12T19:16:15Z
42649,200838,2.0,1557809777,2019-05-14T04:56:17Z
42649,166291,4.0,1593799642,2020-07-03T18:07:22Z
42829,188773,5.0,1606942968,2020-12-02T21:02:48Z
42829,200794,4.0,1606943975,2020-12-02T21:19:35Z
42829,163134,5.0,1606944128,2020-12-02T21:22:08Z
42829,160848,4.0,1606945748,2020-12-02T21:49:08Z
42829,177939,5.0,1606945822,2020-12-02T21:50:22Z
42829,146309,5.0,1606948325,2020-12-02T22:32:05Z
42829,142566,4.0,1611611238,2021-01-25T21:47:18Z
42829,236367,4.0,1611611480,2021-01-25T21:51:20Z
42829,174515,0.5,1611697437,2021-01-26T21:43:57Z
42829,221256,3.0,1611697454,2021-01-26T21:44:14Z
42829,192981,4.0,1611697544,2021-01-26T21:45:44Z
42879,168250,5.0,1503215716,2017-08-20T07:55:16Z
42879,173007,4.0,1504596376,2017-09-05T07:26:16Z
42879,168652,0.5,1506658577,2017-09-29T04:16:17Z
42879,150776,1.5,1555552411,2019-04-18T01:53:31Z
42879,193041,1.5,1669945815,2022-12-02T01:50:15Z
42879,273891,5.0,1671070913,2022-12-15T02:21:53Z
42879,275245,4.5,1681663477,2023-04-16T16:44:37Z
42879,252932,4.5,1686187503,2023-06-08T01:25:03Z
42879,177939,4.5,1688947918,2023-07-10T00:11:58Z
42879,246604,4.0,1690857383,2023-08-01T02:36:23Z
42943,206321,4.0,1586772140,2020-04-13T10:02:20Z
42943,198611,4.0,1586772796,2020-04-13T10:13:16Z
42943,214260,5.0,1586773608,2020-04-13T10:26:48Z
42943,177285,4.0,1586773824,2020-04-13T10:30:24Z
42943,177291,2.0,1586773829,2020-04-13T10:30:29Z
43138,166291,5.0,1655446067,2022-06-17T06:07:47Z
43138,163134,5.0,1655446077,2022-06-17T06:07:57Z
43138,272079,5.0,1655446845,2022-06-17T06:20:45Z
43138,146309,4.5,1658988945,2022-07-28T06:15:45Z
43138,275245,4.0,1662074636,2022-09-01T23:23:56Z
43138,182479,4.0,1663994808,2022-09-24T04:46:48Z
43138,168250,5.0,1664071117,2022-09-25T01:58:37Z
43138,273891,5.0,1664071232,2022-09-25T02:00:32Z
43138,169400,4.0,1665858648,2022-10-15T18:30:48Z
43138,231413,4.5,1668467178,2022-11-14T23:06:18Z
43138,178907,4.5,1674185964,2023-01-20T03:39:24Z
43138,192649,4.5,1674185998,2023-01-20T03:39:58Z
43138,162990,4.0,1674186112,2023-01-20T03:41:52Z
43216,200820,3.0,1587938041,2020-04-26T21:54:01Z
43216,182479,4.0,1591143946,2020-06-03T00:25:46Z
43216,204610,4.0,1600919241,2020-09-24T03:47:21Z
43216,168250,3.5,1600919398,2020-09-24T03:49:58Z
43216,163134,5.0,1603337942,2020-10-22T03:39:02Z
43499,163134,3.5,1551807971,2019-03-05T17:46:11Z
43499,168250,3.5,1551847415,2019-03-06T04:43:35Z
43499,146309,3.0,1551930987,2019-03-07T03:56:27Z
43499,200838,1.5,1573184867,2019-11-08T03:47:47Z
43499,177939,4.0,1573357715,2019-11-10T03:48:35Z
43499,193041,3.5,1573357932,2019-11-10T03:52:12Z
43499,193916,3.0,1611377147,2021-01-23T04:45:47Z
43499,204158,2.5,1614487162,2021-02-28T04:39:22Z
43499,254464,3.5,1652027131,2022-05-08T16:25:31Z
43639,168250,4.0,1506170666,2017-09-23T12:44:26Z
43639,163134,4.5,1509301493,2017-10-29T18:24:53Z
43639,193533,3.0,1554564876,2019-04-06T15:34:36Z
43639,200820,2.5,1566746286,2019-08-25T15:18:06Z
43639,200838,2.5,1568492216,2019-09-14T20:16:56Z
43639,228401,3.5,1604848253,2020-11-08T15:10:53Z
43639,204158,4.0,1634967037,2021-10-23T05:30:37Z
43639,166291,4.5,1644151833,2022-02-06T12:50:33Z
43639,273891,4.0,1669067445,2022-11-21T21:50:45Z
43639,197747,4.0,1670784140,2022-12-11T18:42:20Z
43639,267380,4.0,1680455293,2023-04-02T17:08:13Z
43639,266080,4.0,1680554528,2023-04-03T20:42:08Z
43639,236887,3.5,1680987020,2023-04-08T20:50:20Z
43639,177099,3.5,1682353850,2023-04-24T16:30:50Z
43639,197625,3.5,1685975583,2023-06-05T14:33:03Z
43703,275245,3.5,1664548995,2022-09-30T14:43:15Z
43703,273891,1.0,1664549008,2022-09-30T14:43:28Z
43703,200820,1.0,1664549041,2022-09-30T14:44:01Z
43703,210577,2.0,1664549042,2022-09-30T14:44:02Z
43703,163056,2.0,1664549047,2022-09-30T14:44:07Z
43703,150776,2.5,1664549048,2022-09-30T14:44:08Z
43703,165105,3.0,1664549048,2022-09-30T14:44:08Z
43703,143367,2.5,1664549053,2022-09-30T14:44:13Z
43703,168250,4.0,1664549054,2022-09-30T14:44:14Z
43703,163134,2.5,1664549056,2022-09-30T14:44:16Z
43703,182467,2.5,1664549059,2022-09-30T14:44:19Z
43703,200838,1.5,1664549059,2022-09-30T14:44:19Z
43703,185905,1.0,1664549062,2022-09-30T14:44:22Z
43703,188623,2.0,1664549068,2022-09-30T14:44:28Z
43703,193041,3.0,1664549073,2022-09-30T14:44:33Z
43703,188773,2.0,1664549075,2022-09-30T14:44:35Z
43719,168250,4.0,1649604871,2022-04-10T15:34:31Z
43719,275245,4.0,1664139320,2022-09-25T20:55:20Z
43719,273891,3.5,1668992488,2022-11-21T01:01:28Z
43719,161594,3.5,1678935771,2023-03-16T03:02:51Z
43719,200820,3.0,1678937984,2023-03-16T03:39:44Z
43719,170961,2.5,1680814482,2023-04-06T20:54:42Z
43719,193041,4.0,1682275881,2023-04-23T18:51:21Z
43975,201488,4.0,1615799083,2021-03-15T09:04:43Z
43975,211137,3.0,1615799838,2021-03-15T09:17:18Z
43975,203974,3.5,1615800065,2021-03-15T09:21:05Z
43975,200838,4.0,1615802807,2021-03-15T10:06:47Z
43975,141972,3.5,1615847263,2021-03-15T22:27:43Z
43975,210577,3.5,1621747032,2021-05-23T05:17:12Z
43975,182479,3.5,1629439295,2021-08-20T06:01:35Z
43975,257701,3.5,1629867571,2021-08-25T04:59:31Z
44069,163056,3.5,1504810394,2017-09-07T18:53:14Z
44069,168652,2.5,1504923574,2017-09-09T02:19:34Z
44069,163134,5.0,1542478976,2018-11-17T18:22:56Z
44069,183661,3.0,1591628785,2020-06-08T15:06:25Z
44069,194797,2.0,1591628814,2020-06-08T15:06:54Z
44069,191235,2.5,1591628816,2020-06-08T15:06:56Z
44069,204158,4.0,1602441487,2020-10-11T18:38:07Z
44069,218795,4.0,1622193894,2021-05-28T09:24:54Z
44069,216525,3.5,1622193899,2021-05-28T09:24:59Z
44069,221256,3.5,1625946603,2021-07-10T19:50:03Z
44069,239256,2.0,1640121912,2021-12-21T21:25:12Z
44069,246604,4.0,1656864718,2022-07-03T16:11:58Z
44069,281188,3.0,1690028267,2023-07-22T12:17:47Z
44230,146309,3.5,1460311766,2016-04-10T18:09:26Z
44230,168250,3.0,1502399274,2017-08-10T21:07:54Z
44230,163134,4.0,1507493958,2017-10-08T20:19:18Z
44230,188623,4.0,1574266860,2019-11-20T16:21:00Z
44230,177939,4.0,1586936392,2020-04-15T07:39:52Z
44248,163134,4.0,1577947017,2020-01-02T06:36:57Z
44248,238036,3.5,1653517506,2022-05-25T22:25:06Z
44248,198611,4.0,1653589265,2022-05-26T18:21:05Z
44248,160848,3.0,1653589339,2022-05-26T18:22:19Z
44248,204158,3.5,1653589370,2022-05-26T18:22:50Z
44248,166291,4.0,1653589426,2022-05-26T18:23:46Z
44248,182479,4.0,1653590037,2022-05-26T18:33:57Z
44248,281188,4.0,1688590860,2023-07-05T21:01:00Z
44443,160848,1.5,1487530615,2017-02-19T18:56:55Z
44443,168250,4.0,1509223218,2017-10-28T20:40:18Z
44443,177119,3.0,1511635738,2017-11-25T18:48:58Z
44443,186985,3.0,1542479059,2018-11-17T18:24:19Z
44443,200838,3.0,1566724229,2019-08-25T09:10:29Z
44443,200820,3.0,1567970489,2019-09-08T19:21:29Z
44443,163056,3.0,1580048048,2020-01-26T14:14:08Z
44443,183661,2.5,1584252126,2020-03-15T06:02:06Z
44443,191235,1.5,1584252144,2020-03-15T06:02:24Z
44443,194797,1.0,1584252170,2020-03-15T06:02:50Z
44539,143367,3.0,1497719158,2017-06-17T17:05:58Z
44539,168250,4.5,1497719158,2017-06-17T17:05:58Z
44539,163134,4.5,1588686798,2020-05-05T13:53:18Z
44539,166291,4.5,1613476492,2021-02-16T11:54:52Z
44539,204158,4.5,1613476492,2021-02-16T11:54:52Z
44539,198611,4.5,1634923201,2021-10-22T17:20:01Z
44570,163134,5.0,1629549310,2021-08-21T12:35:10Z
44570,166291,5.0,1630007033,2021-08-26T19:43:53Z
44570,204158,5.0,1630097379,2021-08-27T20:49:39Z
44570,166295,4.0,1630181324,2021-08-28T20:08:44Z
44570,193916,3.5,1630353175,2021-08-30T19:52:55Z
44570,198611,4.0,1630440772,2021-08-31T20:12:52Z
44583,200838,3.0,1571520728,2019-10-19T21:32:08Z
44583,200820,2.5,1571520747,2019-10-19T21:32:27Z
44583,168250,4.0,1583633959,2020-03-08T02:19:19Z
44583,163134,4.5,1593151052,2020-06-26T05:57:32Z
44583,201704,3.5,1623720021,2021-06-15T01:20:21Z
44583,192649,3.5,1642959407,2022-01-23T17:36:47Z
44583,263555,3.5,1642959429,2022-01-23T17:37:09Z
44583,231413,3.5,1642959451,2022-01-23T17:37:31Z
44583,196937,3.0,1642959460,2022-01-23T17:37:40Z
44583,253332,2.5,1642959584,2022-01-23T17:39:44Z
44583,272079,3.5,1657484741,2022-07-10T20:25:41Z
44583,275245,4.0,1667781173,2022-11-07T00:32:53Z
44583,262529,3.0,1667781314,2022-11-07T00:35:14Z
44816,275245,4.0,1683122110,2023-05-03T13:55:10Z
44816,252308,3.0,1683122111,2023-05-03T13:55:11Z
44816,218657,3.5,1683122112,2023-05-03T13:55:12Z
44816,273891,4.0,1683122113,2023-05-03T13:55:13Z
44816,246112,4.0,1683122114,2023-05-03T13:55:14Z
44816,267640,4.0,1683122114,2023-05-03T13:55:14Z
44816,257037,3.0,1683122115,2023-05-03T13:55:15Z
44816,140805,2.0,1683122120,2023-05-03T13:55:20Z
44816,164395,3.5,1683122127,2023-05-03T13:55:27Z
44816,166295,3.5,1683122130,2023-05-03T13:55:30Z
44816,143367,3.5,1683122132,2023-05-03T13:55:32Z
44816,168250,4.0,1683122132,2023-05-03T13:55:32Z
44816,163134,4.5,1683122133,2023-05-03T13:55:33Z
44816,197747,3.5,1683122133,2023-05-03T13:55:33Z
44816,184275,3.0,1683122134,2023-05-03T13:55:34Z
44816,185539,3.5,1683122134,2023-05-03T13:55:34Z
44816,188623,3.0,1683122135,2023-05-03T13:55:35Z
44816,188773,4.0,1683122137,2023-05-03T13:55:37Z
44816,204158,3.5,1683122139,2023-05-03T13:55:39Z
44816,247784,3.5,1683122139,2023-05-03T13:55:39Z
45067,146309,3.5,1623543896,2021-06-13T00:24:56Z
45067,149658,4.5,1623543896,2021-06-13T00:24:56Z
45067,166291,3.5,1623543896,2021-06-13T00:24:56Z
45067,168250,5.0,1623543896,2021-06-13T00:24:56Z
45067,200820,2.5,1623543896,2021-06-13T00:24:56Z
45067,204810,4.0,1623543896,2021-06-13T00:24:56Z
45067,204812,4.0,1623543896,2021-06-13T00:24:56Z
45067,210577,4.5,1623543896,2021-06-13T00:24:56Z
45067,169400,5.0,1623543897,2021-06-13T00:24:57Z
45067,173007,4.5,1623543897,2021-06-13T00:24:57Z
45067,177229,2.5,1623543897,2021-06-13T00:24:57Z
45067,200838,4.0,1623543897,2021-06-13T00:24:57Z
45067,204814,4.0,1623543897,2021-06-13T00:24:57Z
45067,204816,4.0,1623543897,2021-06-13T00:24:57Z
45067,204818,4.0,1623543897,2021-06-13T00:24:57Z
45067,204820,4.0,1623543897,2021-06-13T00:24:57Z
45143,257037,3.5,1654693971,2022-06-08T13:12:51Z
45143,275245,0.5,1658326903,2022-07-20T14:21:43Z
45143,188773,0.5,1658755919,2022-07-25T13:31:59Z
45143,273891,3.0,1665144855,2022-10-07T12:14:15Z
45143,168250,3.0,1677170242,2023-02-23T16:37:22Z
45171,163134,4.0,1641865644,2022-01-11T01:47:24Z
45171,166291,3.5,1641865713,2022-01-11T01:48:33Z
45171,188623,3.5,1641865794,2022-01-11T01:49:54Z
45171,143367,3.5,1641865849,2022-01-11T01:50:49Z
45171,204158,3.0,1641865908,2022-01-11T01:51:48Z
45171,188773,4.5,1641866118,2022-01-11T01:55:18Z
45171,163056,4.0,1641866454,2022-01-11T02:00:54Z
45171,198611,3.5,1641868546,2022-01-11T02:35:46Z
45171,168250,3.5,1641868672,2022-01-11T02:37:52Z
45171,187145,2.5,1641870398,2022-01-11T03:06:38Z
45171,200820,2.0,1641874622,2022-01-11T04:17:02Z
45200,148855,5.0,1549730309,2019-02-09T16:38:29Z
45200,165105,2.5,1549910150,2019-02-11T18:35:50Z
45200,169400,3.5,1550579067,2019-02-19T12:24:27Z
45200,173007,3.0,1550603979,2019-02-19T19:19:39Z
45200,149146,4.0,1551117801,2019-02-25T18:03:21Z
45223,168250,4.0,1530072214,2018-06-27T04:03:34Z
45223,188773,3.0,1552619787,2019-03-15T03:16:27Z
45223,188623,4.0,1586096410,2020-04-05T14:20:10Z
45223,165105,3.5,1602506654,2020-10-12T12:44:14Z
45223,257037,4.0,1649103093,2022-04-04T20:11:33Z
45223,275245,3.5,1672265233,2022-12-28T22:07:13Z
45459,143367,5.0,1626425254,2021-07-16T08:47:34Z
45459,163134,4.0,1626425432,2021-07-16T08:50:32Z
45459,188773,4.0,1626425479,2021-07-16T08:51:19Z
45459,187545,5.0,1626425710,2021-07-16T08:55:10Z
45459,193916,4.0,1626426229,2021-07-16T09:03:49Z
45585,273891,1.5,1691747625,2023-08-11T09:53:45Z
45585,246604,3.0,1691747629,2023-08-11T09:53:49Z
45585,146309,2.5,1691747633,2023-08-11T09:53:53Z
45585,163134,3.0,1691747635,2023-08-11T09:53:55Z
45585,166291,3.0,1691747635,2023-08-11T09:53:55Z
45585,169400,1.5,1691747635,2023-08-11T09:53:55Z
45585,204158,2.0,1691747639,2023-08-11T09:53:59Z
45719,188623,5.0,1600378031,2020-09-17T21:27:11Z
45719,168250,4.5,1600378900,2020-09-17T21:41:40Z
45719,188773,4.5,1600638390,2020-09-20T21:46:30Z
45719,166291,4.5,1614889250,2021-03-04T20:20:50Z
45719,163134,4.0,1615071961,2021-03-06T23:06:01Z
45719,177285,4.0,1636338531,2021-11-08T02:28:51Z
45719,257037,4.5,1651712995,2022-05-05T01:09:55Z
45784,143367,3.5,1487782049,2017-02-22T16:47:29Z
45784,168250,2.5,1494950249,2017-05-16T15:57:29Z
45784,160848,4.0,1497531464,2017-06-15T12:57:44Z
45784,161594,3.5,1521929542,2018-03-24T22:12:22Z
45784,200820,3.0,1565990487,2019-08-16T21:21:27Z
45784,273891,4.0,1664483724,2022-09-29T20:35:24Z
45897,163134,5.0,1479814954,2016-11-22T11:42:34Z
45897,168250,4.0,1496885802,2017-06-08T01:36:42Z
45897,166291,3.5,1503365889,2017-08-22T01:38:09Z
45897,192209,3.5,1548561090,2019-01-27T03:51:30Z
45897,204158,4.0,1572091002,2019-10-26T11:56:42Z
45897,216525,2.5,1604964136,2020-11-09T23:22:16Z
45897,165105,3.5,1672667213,2023-01-02T13:46:53Z
45897,214216,3.0,1672667929,2023-01-02T13:58:49Z
45897,249180,3.5,1672667936,2023-01-02T13:58:56Z
46509,215463,5.0,1605468286,2020-11-15T19:24:46Z
46509,212481,4.5,1605468288,2020-11-15T19:24:48Z
46509,211670,4.5,1605468299,2020-11-15T19:24:59Z
46509,163134,4.5,1605468327,2020-11-15T19:25:27Z
46509,204158,4.5,1605468346,2020-11-15T19:25:46Z
46509,166291,5.0,1605468353,2020-11-15T19:25:53Z
46509,273891,3.5,1673750535,2023-01-15T02:42:15Z
46509,259737,4.0,1677294635,2023-02-25T03:10:35Z
46509,281188,4.0,1696038389,2023-09-30T01:46:29Z
46824,231413,4.0,1693093232,2023-08-26T23:40:32Z
46824,275245,3.5,1693093258,2023-08-26T23:40:58Z
46824,273891,3.5,1693093295,2023-08-26T23:41:35Z
46824,163134,4.0,1693095085,2023-08-27T00:11:25Z
46824,168250,3.5,1693095394,2023-08-27T00:16:34Z
46944,200820,2.0,1606660708,2020-11-29T14:38:28Z
46944,165105,1.5,1606660710,2020-11-29T14:38:30Z
46944,168250,4.0,1606660711,2020-11-29T14:38:31Z
46944,188623,3.5,1606660711,2020-11-29T14:38:31Z
46944,193041,4.5,1606660712,2020-11-29T14:38:32Z
46954,165105,3.0,1560604664,2019-06-15T13:17:44Z
46954,247500,2.0,1620842612,2021-05-12T18:03:32Z
46954,212359,4.0,1621561764,2021-05-21T01:49:24Z
46954,275245,4.0,1664909954,2022-10-04T18:59:14Z
46954,168250,3.0,1672692217,2023-01-02T20:43:37Z
46954,289563,3.0,1693514340,2023-08-31T20:39:00Z
47118,273891,3.0,1674695271,2023-01-26T01:07:51Z
47118,140805,1.5,1674695272,2023-01-26T01:07:52Z
47118,246604,4.0,1674695273,2023-01-26T01:07:53Z
47118,163134,4.5,1674695275,2023-01-26T01:07:55Z
47118,168250,4.0,1674695275,2023-01-26T01:07:55Z
47118,169400,4.0,1674695275,2023-01-26T01:07:55Z
47118,186985,3.5,1674695276,2023-01-26T01:07:56Z
47118,204158,3.0,1674695277,2023-01-26T01:07:57Z
47118,281188,3.5,1690072277,2023-07-23T00:31:17Z
47278,168250,1.0,1588756291,2020-05-06T09:11:31Z
47278,163134,1.0,1590369357,2020-05-25T01:15:57Z
47278,216525,3.0,1613251484,2021-02-13T21:24:44Z
47278,166291,0.5,1624726871,2021-06-26T17:01:11Z
47278,188773,2.5,1633143215,2021-10-02T02:53:35Z
47278,187145,3.0,1633769125,2021-10-09T08:45:25Z
47278,143367,1.0,1665315123,2022-10-09T11:32:03Z
47278,164204,2.0,1665780989,2022-10-14T20:56:29Z
47440,275245,2.0,1694066241,2023-09-07T05:57:21Z
47440,169400,2.0,1694066937,2023-09-07T06:08:57Z
47440,257037,2.5,1694384836,2023-09-10T22:27:16Z
47440,272079,3.0,1694388461,2023-09-10T23:27:41Z
47440,231413,2.5,1694388783,2023-09-10T23:33:03Z
47440,168250,2.5,1694389070,2023-09-10T23:37:50Z
47481,246604,3.5,1631287739,2021-09-10T15:28:59Z
47481,137863,3.0,1631287740,2021-09-10T15:29:00Z
47481,160848,3.5,1631287740,2021-09-10T15:29:00Z
47481,163134,4.5,1631287740,2021-09-10T15:29:00Z
47481,166291,5.0,1631287740,2021-09-10T15:29:00Z
47481,182479,3.5,1631287740,2021-09-10T15:29:00Z
47481,193916,3.5,1631287740,2021-09-10T15:29:00Z
47481,198611,4.0,1631287740,2021-09-10T15:29:00Z
47481,201704,3.0,1631287740,2021-09-10T15:29:00Z
47481,210577,3.0,1631287740,2021-09-10T15:29:00Z
47481,187145,4.0,1631287741,2021-09-10T15:29:01Z
47481,196937,4.0,1631287741,2021-09-10T15:29:01Z
47481,201706,2.0,1631287741,2021-09-10T15:29:01Z
47481,206393,3.0,1631287741,2021-09-10T15:29:01Z
47481,210939,4.5,1631287741,2021-09-10T15:29:01Z
47557,165105,3.0,1542242817,2018-11-15T00:46:57Z
47557,200820,2.5,1566537487,2019-08-23T05:18:07Z
47557,170961,2.5,1600230777,2020-09-16T04:32:57Z
47557,169400,4.0,1600478711,2020-09-19T01:25:11Z
47557,188773,4.0,1604714950,2020-11-07T02:09:10Z
47557,188623,3.5,1605337660,2020-11-14T07:07:40Z
47557,168250,4.0,1607570820,2020-12-10T03:27:00Z
47557,229147,2.0,1664323702,2022-09-28T00:08:22Z
47557,246966,3.0,1664449639,2022-09-29T11:07:19Z
47557,275245,3.5,1679527986,2023-03-22T23:33:06Z
47985,168250,4.0,1523222911,2018-04-08T21:28:31Z
47985,200838,1.5,1593973282,2020-07-05T18:21:22Z
47985,188773,4.5,1626018887,2021-07-11T15:54:47Z
47985,273891,3.0,1659860309,2022-08-07T08:18:29Z
47985,275245,3.5,1661986992,2022-08-31T23:03:12Z
48111,163134,3.5,1493058980,2017-04-24T18:36:20Z
48111,168250,3.5,1498074416,2017-06-21T19:46:56Z
48111,188773,4.0,1546367567,2019-01-01T18:32:47Z
48111,188623,4.5,1552457974,2019-03-13T06:19:34Z
48111,197079,3.0,1552840382,2019-03-17T16:33:02Z
48111,193041,4.0,1552840418,2019-03-17T16:33:38Z
48111,247370,2.5,1619358527,2021-04-25T13:48:47Z
48111,257037,3.0,1650104175,2022-04-16T10:16:15Z
48111,274607,4.5,1651918374,2022-05-07T10:12:54Z
48111,275245,4.0,1661103057,2022-08-21T17:30:57Z
48111,285651,3.5,1679259556,2023-03-19T20:59:16Z
48242,163134,3.5,1644874885,2022-02-14T21:41:25Z
48242,166291,3.0,1644875189,2022-02-14T21:46:29Z
48242,200838,3.0,1644878059,2022-02-14T22:34:19Z
48242,168250,3.5,1644879958,2022-02-14T23:05:58Z
48242,258579,3.0,1679356006,2023-03-20T23:46:46Z
48297,166291,4.0,1691446032,2023-08-07T22:07:12Z
48297,273891,5.0,1691448243,2023-08-07T22:44:03Z
48297,204158,4.0,1691448379,2023-08-07T22:46:19Z
48297,198611,4.0,1691453661,2023-08-08T00:14:21Z
48297,231413,4.0,1691526989,2023-08-08T20:36:29Z
48470,200838,2.0,1564915703,2019-08-04T10:48:23Z
48470,168250,3.0,1648381436,2022-03-27T11:43:56Z
48470,239256,1.0,1658667021,2022-07-24T12:50:21Z
48470,273891,2.5,1667088339,2022-10-30T00:05:39Z
48470,275245,4.0,1678627083,2023-03-12T13:18:03Z
48556,166291,5.0,1564524580,2019-07-30T22:09:40Z
48556,200820,3.5,1567473608,2019-09-03T01:20:08Z
48556,200838,4.0,1567484646,2019-09-03T04:24:06Z
48556,210939,4.5,1585278740,2020-03-27T03:12:20Z
48556,216525,3.0,1590519016,2020-05-26T18:50:16Z
48556,187145,4.5,1590519034,2020-05-26T18:50:34Z
48556,206393,1.5,1590519047,2020-05-26T18:50:47Z
48556,163134,4.5,1590519064,2020-05-26T18:51:04Z
48556,146309,4.5,1590519096,2020-05-26T18:51:36Z
48556,171071,3.5,1590519111,2020-05-26T18:51:51Z
48556,204158,4.5,1595822447,2020-07-27T04:00:47Z
48556,182479,3.5,1616473351,2021-03-23T04:22:31Z
48605,168250,3.5,1566654226,2019-08-24T13:43:46Z
48605,200820,3.5,1566687688,2019-08-24T23:01:28Z
48605,165105,3.5,1605900102,2020-11-20T19:21:42Z
48605,210577,4.0,1605900102,2020-11-20T19:21:42Z
48605,143367,3.5,1605900103,2020-11-20T19:21:43Z
48690,168250,5.0,1546167743,2018-12-30T11:02:23Z
48690,200838,5.0,1597466559,2020-08-15T04:42:39Z
48690,165105,4.5,1597481975,2020-08-15T08:59:35Z
48690,184641,4.5,1659140155,2022-07-30T00:15:55Z
48690,273891,5.0,1683080140,2023-05-03T02:15:40Z
48931,168250,4.0,1673020574,2023-01-06T15:56:14Z
48931,143367,5.0,1673031043,2023-01-06T18:50:43Z
48931,275245,3.5,1673287069,2023-01-09T17:57:49Z
48931,224465,1.0,1674239794,2023-01-20T18:36:34Z
48931,213353,1.0,1675857029,2023-02-08T11:50:29Z
48931,146309,1.0,1675859371,2023-02-08T12:29:31Z
48931,227835,3.5,1676299334,2023-02-13T14:42:14Z
48931,200820,2.5,1677671526,2023-03-01T11:52:06Z
48931,200838,2.0,1677671637,2023-03-01T11:53:57Z
48931,273891,4.0,1679861868,2023-03-26T20:17:48Z
49048,179411,3.5,1527317197,2018-05-26T06:46:37Z
49048,173007,3.5,1560417719,2019-06-13T09:21:59Z
49048,174549,3.5,1563967727,2019-07-24T11:28:47Z
49048,163134,3.5,1591817549,2020-06-10T19:32:29Z
49048,273891,3.5,1670678501,2022-12-10T13:21:41Z
49048,275245,2.0,1674399904,2023-01-22T15:05:04Z
49095,168250,4.5,1493041034,2017-04-24T13:37:14Z
49095,143367,3.5,1493826805,2017-05-03T15:53:25Z
49095,162990,4.0,1495133656,2017-05-18T18:54:16Z
49095,160848,3.5,1500483967,2017-07-19T17:06:07Z
49095,179411,3.5,1510429644,2017-11-11T19:47:24Z
49095,163056,3.5,1517418183,2018-01-31T17:03:03Z
49095,163134,2.5,1518389917,2018-02-11T22:58:37Z
49095,180069,3.5,1565379965,2019-08-09T19:46:05Z
49128,168250,5.0,1527757467,2018-05-31T09:04:27Z
49128,200820,4.0,1559297107,2019-05-31T10:05:07Z
49128,186985,4.0,1575823106,2019-12-08T16:38:26Z
49128,210577,3.0,1585926742,2020-04-03T15:12:22Z
49128,275245,4.0,1661680552,2022-08-28T09:55:52Z
49297,150776,4.0,1618517623,2021-04-15T20:13:43Z
49297,164282,3.5,1618517631,2021-04-15T20:13:51Z
49297,182467,4.5,1618517643,2021-04-15T20:14:03Z
49297,238344,4.5,1618517665,2021-04-15T20:14:25Z
49297,239256,2.5,1634672183,2021-10-19T19:36:23Z
49297,246604,4.5,1634672388,2021-10-19T19:39:48Z
49297,197657,4.0,1634741627,2021-10-20T14:53:47Z
49492,143367,3.5,1495168069,2017-05-19T04:27:49Z
49492,186985,2.5,1524944724,2018-04-28T19:45:24Z
49492,166291,3.5,1558312034,2019-05-20T00:27:14Z
49492,163134,2.5,1594600414,2020-07-13T00:33:34Z
49492,273891,3.5,1670802122,2022-12-11T23:42:02Z
49521,163134,5.0,1601919217,2020-10-05T17:33:37Z
49521,204158,4.5,1601919731,2020-10-05T17:42:11Z
49521,143367,4.5,1601920182,2020-10-05T17:49:42Z
49521,188773,4.5,1602101583,2020-10-07T20:13:03Z
49521,168250,4.5,1602101632,2020-10-07T20:13:52Z
49521,188623,4.0,1604883945,2020-11-09T01:05:45Z
49521,257037,4.5,1660322571,2022-08-12T16:42:51Z
49786,137863,2.5,1527879789,2018-06-01T19:03:09Z
49786,149658,1.5,1527879815,2018-06-01T19:03:35Z
49786,166291,3.5,1527879951,2018-06-01T19:05:51Z
49786,177285,1.5,1527969133,2018-06-02T19:52:13Z
49786,193801,4.0,1537637651,2018-09-22T17:34:11Z
49786,168250,4.0,1537650871,2018-09-22T21:14:31Z
49786,162968,3.5,1540669282,2018-10-27T19:41:22Z
49786,168090,4.0,1541064373,2018-11-01T09:26:13Z
49786,168218,4.0,1541170718,2018-11-02T14:58:38Z
49786,186985,3.5,1546314012,2019-01-01T03:40:12Z
49786,163134,3.0,1546314065,2019-01-01T03:41:05Z
49786,165105,2.0,1546314301,2019-01-01T03:45:01Z
49786,200838,3.0,1561141440,2019-06-21T18:24:00Z
49786,183661,2.5,1566239877,2019-08-19T18:37:57Z
49999,168250,4.5,1661813556,2022-08-29T22:52:36Z
49999,200838,3.0,1661901143,2022-08-30T23:12:23Z
49999,275245,4.0,1662128329,2022-09-02T14:18:49Z
49999,273891,3.0,1662202174,2022-09-03T10:49:34Z
49999,210577,2.5,1664203789,2022-09-26T14:49:49Z
49999,200820,1.5,1664282102,2022-09-27T12:35:02Z
49999,287737,2.0,1685622543,2023-06-01T12:29:03Z
49999,188623,4.0,1687743401,2023-06-26T01:36:41Z
49999,289097,2.0,1693587034,2023-09-01T16:50:34Z
50288,200838,3.5,1559431391,2019-06-01T23:23:11Z
50288,192649,4.0,1559431448,2019-06-01T23:24:08Z
50288,163134,5.0,1559431467,2019-06-01T23:24:27Z
50288,166291,4.0,1559434962,2019-06-02T00:22:42Z
50288,169022,3.0,1559435172,2019-06-02T00:26:12Z
50288,171013,4.0,1559435231,2019-06-02T00:27:11Z
50288,174515,3.0,1559462965,2019-06-02T08:09:25Z
50288,196937,4.0,1559462986,2019-06-02T08:09:46Z
50288,198611,3.0,1560214936,2019-06-11T01:02:16Z
50288,206393,4.5,1570094506,2019-10-03T09:21:46Z
50288,204158,4.0,1579513705,2020-01-20T09:48:25Z
50288,213353,4.5,1583090274,2020-03-01T19:17:54Z
50288,210577,3.5,1583090291,2020-03-01T19:18:11Z
50288,163056,3.5,1623913411,2021-06-17T07:03:31Z
50288,263555,2.5,1647799248,2022-03-20T18:00:48Z
50288,231413,3.5,1647799266,2022-03-20T18:01:06Z
50288,272079,3.5,1664066720,2022-09-25T00:45:20Z
50288,273891,4.5,1671754641,2022-12-23T00:17:21Z
50683,259871,2.0,1664811733,2022-10-03T15:42:13Z
50683,161592,3.0,1664812601,2022-10-03T15:56:41Z
50683,210939,1.0,1664812874,2022-10-03T16:01:14Z
50683,197625,2.0,1664812903,2022-10-03T16:01:43Z
50683,205447,1.0,1664812964,2022-10-03T16:02:44Z
50683,260185,1.0,1664813093,2022-10-03T16:04:53Z
50683,169400,3.0,1664813388,2022-10-03T16:09:48Z
50683,192981,1.0,1664813496,2022-10-03T16:11:36Z
50845,179411,2.5,1566450426,2019-08-22T05:07:06Z
50845,168250,3.5,1566508832,2019-08-22T21:20:32Z
50845,200838,2.5,1566655385,2019-08-24T14:03:05Z
50845,253332,4.5,1635102504,2021-10-24T19:08:24Z
50845,257037,5.0,1635103014,2021-10-24T19:16:54Z
50845,275245,3.5,1661936821,2022-08-31T09:07:01Z
50875,168250,5.0,1524554426,2018-04-24T07:20:26Z
50875,160848,5.0,1554158058,2019-04-01T22:34:18Z
50875,188773,5.0,1627496975,2021-07-28T18:29:35Z
50875,200820,2.0,1629193649,2021-08-17T09:47:29Z
50875,207297,5.0,1638670928,2021-12-05T02:22:08Z
50875,273891,3.0,1678511478,2023-03-11T05:11:18Z
50911,163134,4.0,1620789190,2021-05-12T03:13:10Z
50911,164204,4.0,1625556916,2021-07-06T07:35:16Z
50911,188773,4.5,1625556927,2021-07-06T07:35:27Z
50911,140106,3.5,1625556959,2021-07-06T07:35:59Z
50911,209949,4.0,1625557007,2021-07-06T07:36:47Z
50911,166291,4.0,1625557812,2021-07-06T07:50:12Z
50911,204158,3.5,1625559030,2021-07-06T08:10:30Z
50911,146309,4.0,1625559042,2021-07-06T08:10:42Z
50911,143367,3.5,1625560101,2021-07-06T08:28:21Z
50911,171013,4.0,1626709014,2021-07-19T15:36:54Z
50991,143367,3.0,1601429578,2020-09-30T01:32:58Z
50991,188623,4.0,1601435199,2020-09-30T03:06:39Z
50991,168250,3.5,1601435754,2020-09-30T03:15:54Z
50991,188773,4.0,1601437470,2020-09-30T03:44:30Z
50991,163134,3.5,1601439210,2020-09-30T04:13:30Z
50991,163056,3.5,1601439874,2020-09-30T04:24:34Z
50991,197657,4.0,1650674392,2022-04-23T00:39:52Z
50991,275245,3.0,1676855172,2023-02-20T01:06:12Z
50991,257037,3.5,1676855863,2023-02-20T01:17:43Z
50991,281188,3.5,1697155859,2023-10-13T00:10:59Z
51158,163134,4.0,1579083998,2020-01-15T10:26:38Z
51158,188773,4.5,1579084139,2020-01-15T10:28:59Z
51158,188623,3.5,1579086146,2020-01-15T11:02:26Z
51158,162990,3.0,1579170896,2020-01-16T10:34:56Z
51158,170125,3.5,1580119244,2020-01-27T10:00:44Z
51158,207297,3.5,1581897045,2020-02-16T23:50:45Z
51158,140106,3.5,1591602722,2020-06-08T07:52:02Z
51158,209949,3.0,1600264417,2020-09-16T13:53:37Z
51158,200820,2.0,1638751066,2021-12-06T00:37:46Z
51158,275245,4.0,1662073103,2022-09-01T22:58:23Z
51158,200838,3.0,1696837754,2023-10-09T07:49:14Z
51582,273891,4.5,1676711313,2023-02-18T09:08:33Z
51582,168090,5.0,1676713468,2023-02-18T09:44:28Z
51582,162968,4.5,1676713472,2023-02-18T09:44:32Z
51582,168218,5.0,1676713474,2023-02-18T09:44:34Z
51582,167850,4.0,1676713489,2023-02-18T09:44:49Z
51582,170125,3.0,1676713513,2023-02-18T09:45:13Z
51582,200820,5.0,1682670073,2023-04-28T08:21:13Z
51667,168250,5.0,1523558166,2018-04-12T18:36:06Z
51667,163134,5.0,1523719606,2018-04-14T15:26:46Z
51667,193533,1.0,1574374293,2019-11-21T22:11:33Z
51667,188773,4.0,1574374776,2019-11-21T22:19:36Z
51667,149658,2.5,1574375358,2019-11-21T22:29:18Z
51667,166291,2.5,1606488078,2020-11-27T14:41:18Z
51720,210577,2.0,1607917122,2020-12-14T03:38:42Z
51720,165105,3.0,1607917124,2020-12-14T03:38:44Z
51720,168250,3.5,1607917125,2020-12-14T03:38:45Z
51720,200838,1.0,1607917126,2020-12-14T03:38:46Z
51720,193041,4.0,1607917128,2020-12-14T03:38:48Z
51940,210577,2.0,1627650393,2021-07-30T13:06:33Z
51940,182467,3.0,1628377308,2021-08-07T23:01:48Z
51940,163134,3.5,1631453449,2021-09-12T13:30:49Z
51940,168250,4.0,1633697149,2021-10-08T12:45:49Z
51940,193041,4.0,1633700044,2021-10-08T13:34:04Z
52068,168250,4.0,1616373695,2021-03-22T00:41:35Z
52068,164204,1.0,1637201035,2021-11-18T02:03:55Z
52068,150776,1.5,1644259620,2022-02-07T18:47:00Z
52068,187145,1.5,1645999603,2022-02-27T22:06:43Z
52068,276231,1.0,1668967704,2022-11-20T18:08:24Z
52068,192981,2.0,1672360670,2022-12-30T00:37:50Z
52068,174515,1.0,1675983189,2023-02-09T22:53:09Z
52068,198611,1.0,1676509710,2023-02-16T01:08:30Z
52068,210939,0.5,1681662904,2023-04-16T16:35:04Z
52068,204158,1.0,1682299724,2023-04-24T01:28:44Z
52068,242404,1.0,1688221896,2023-07-01T14:31:36Z
52068,275245,4.5,1688222375,2023-07-01T14:39:35Z
52068,272079,0.5,1689034932,2023-07-11T00:22:12Z
52068,283751,2.5,1690138337,2023-07-23T18:52:17Z
52123,163134,5.0,1481091211,2016-12-07T06:13:31Z
52123,163056,4.0,1485747887,2017-01-30T03:44:47Z
52123,166291,5.0,1548121469,2019-01-22T01:44:29Z
52123,204158,5.0,1609984505,2021-01-07T01:55:05Z
52123,275245,4.0,1687738289,2023-06-26T00:11:29Z
52161,198107,3.5,1640552623,2021-12-26T21:03:43Z
52161,272079,2.5,1664091434,2022-09-25T07:37:14Z
52161,273891,4.0,1664649059,2022-10-01T18:30:59Z
52161,279436,2.5,1664745373,2022-10-02T21:16:13Z
52161,160848,3.0,1665845680,2022-10-15T14:54:40Z
52161,286915,0.5,1688314814,2023-07-02T16:20:14Z
52161,289069,2.5,1690143872,2023-07-23T20:24:32Z
52313,168250,4.0,1505879254,2017-09-20T03:47:34Z
52313,165105,3.5,1505879531,2017-09-20T03:52:11Z
52313,163134,5.0,1547666967,2019-01-16T19:29:27Z
52313,171013,2.5,1557092010,2019-05-05T21:33:30Z
52313,200838,4.0,1557610028,2019-05-11T21:27:08Z
52313,193041,4.5,1572885685,2019-11-04T16:41:25Z
52313,188623,4.0,1585001379,2020-03-23T22:09:39Z
52591,168250,4.0,1506914439,2017-10-02T03:20:39Z
52591,165105,3.5,1507266262,2017-10-06T05:04:22Z
52591,163134,4.0,1510246283,2017-11-09T16:51:23Z
52591,275245,3.0,1659245372,2022-07-31T05:29:32Z
52591,273891,3.5,1660458023,2022-08-14T06:20:23Z
52591,185539,3.5,1676305424,2023-02-13T16:23:44Z
52603,160848,4.0,1559214252,2019-05-30T11:04:12Z
52603,143367,4.0,1559214260,2019-05-30T11:04:20Z
52603,168250,4.0,1559214260,2019-05-30T11:04:20Z
52603,163134,4.0,1559214261,2019-05-30T11:04:21Z
52603,185539,3.5,1559214265,2019-05-30T11:04:25Z
52603,188623,4.0,1559214268,2019-05-30T11:04:28Z
52649,210577,4.0,1662934428,2022-09-11T22:13:48Z
52649,257037,5.0,1662934680,2022-09-11T22:18:00Z
52649,275245,4.0,1668366074,2022-11-13T19:01:14Z
52649,210641,0.5,1678884958,2023-03-15T12:55:58Z
52649,221256,3.5,1688425672,2023-07-03T23:07:52Z
52786,204158,3.5,1595003609,2020-07-17T16:33:29Z
52786,193041,4.5,1595004006,2020-07-17T16:40:06Z
52786,205759,4.0,1676414696,2023-02-14T22:44:56Z
52786,273891,2.5,1676416583,2023-02-14T23:16:23Z
52786,275245,3.0,1676416596,2023-02-14T23:16:36Z
52801,257037,2.0,1656968773,2022-07-04T21:06:13Z
52801,163134,5.0,1656969305,2022-07-04T21:15:05Z
52801,166291,3.0,1656970002,2022-07-04T21:26:42Z
52801,204158,2.0,1656970745,2022-07-04T21:39:05Z
52801,246604,2.0,1656970980,2022-07-04T21:43:00Z
52801,143367,4.0,1656973300,2022-07-04T22:21:40Z
52801,253826,0.5,1656973607,2022-07-04T22:26:47Z
52801,252932,2.0,1656973970,2022-07-04T22:32:50Z
52801,171013,3.0,1656973981,2022-07-04T22:33:01Z
52801,161594,0.5,1656973995,2022-07-04T22:33:15Z
52801,187145,0.5,1656974002,2022-07-04T22:33:22Z
52801,249180,3.5,1656974009,2022-07-04T22:33:29Z
52801,198611,4.5,1656983962,2022-07-05T01:19:22Z
52859,257037,4.5,1661483633,2022-08-26T03:13:53Z
52859,166291,4.5,1661483674,2022-08-26T03:14:34Z
52859,188773,4.0,1661483762,2022-08-26T03:16:02Z
52859,163134,4.0,1661483770,2022-08-26T03:16:10Z
52859,168250,4.0,1672841903,2023-01-04T14:18:23Z
52881,210939,5.0,1653437617,2022-05-25T00:13:37Z
52881,272079,2.5,1653438214,2022-05-25T00:23:34Z
52881,231413,3.0,1653438231,2022-05-25T00:23:51Z
52881,163134,3.5,1653438249,2022-05-25T00:24:09Z
52881,246604,4.5,1653438602,2022-05-25T00:30:02Z
52881,168250,1.0,1653439293,2022-05-25T00:41:33Z
52881,198611,3.0,1653439914,2022-05-25T00:51:54Z
52881,204158,3.0,1653439943,2022-05-25T00:52:23Z
52881,249182,4.5,1655270864,2022-06-15T05:27:44Z
52881,279692,3.5,1668036693,2022-11-09T23:31:33Z
52881,166291,4.5,1678425096,2023-03-10T05:11:36Z
52881,256535,4.5,1680224542,2023-03-31T01:02:22Z
52881,273891,2.0,1680831700,2023-04-07T01:41:40Z
52881,200838,3.0,1684383783,2023-05-18T04:23:03Z
52881,288209,4.5,1686952931,2023-06-16T22:02:11Z
52881,278070,5.0,1695482266,2023-09-23T15:17:46Z
52927,273891,3.5,1684053864,2023-05-14T08:44:24Z
52927,275245,2.5,1684076019,2023-05-14T14:53:39Z
52927,168250,3.5,1684076875,2023-05-14T15:07:55Z
52927,193041,4.0,1684855325,2023-05-23T15:22:05Z
52927,188623,2.5,1688923491,2023-07-09T17:24:51Z
52927,196937,3.5,1689277781,2023-07-13T19:49:41Z
52927,272079,3.5,1694280696,2023-09-09T17:31:36Z
52954,160848,3.0,1547325125,2019-01-12T20:32:05Z
52954,164643,2.5,1547325130,2019-01-12T20:32:10Z
52954,171013,3.5,1547325130,2019-01-12T20:32:10Z
52954,163134,5.0,1547325131,2019-01-12T20:32:11Z
52954,164204,3.5,1547325131,2019-01-12T20:32:11Z
52954,168250,4.5,1547325131,2019-01-12T20:32:11Z
52954,179411,3.5,1547325131,2019-01-12T20:32:11Z
52954,182479,3.0,1547325133,2019-01-12T20:32:13Z
52954,184275,3.0,1547325133,2019-01-12T20:32:13Z
52954,185539,3.5,1547325133,2019-01-12T20:32:13Z
52977,200838,4.0,1580499419,2020-01-31T19:36:59Z
52977,163134,4.5,1580499651,2020-01-31T19:40:51Z
52977,166291,5.0,1580499704,2020-01-31T19:41:44Z
52977,204158,4.0,1580500064,2020-01-31T19:47:44Z
52977,206393,5.0,1580500069,2020-01-31T19:47:49Z
53000,168250,4.5,1510120276,2017-11-08T05:51:16Z
53000,162990,4.0,1537174727,2018-09-17T08:58:47Z
53000,177939,4.5,1537175023,2018-09-17T09:03:43Z
53000,166291,4.5,1537175106,2018-09-17T09:05:06Z
53000,163134,4.0,1537175243,2018-09-17T09:07:23Z
53000,173007,3.5,1537175302,2018-09-17T09:08:22Z
53000,160848,4.0,1634947230,2021-10-23T00:00:30Z
53479,163134,4.0,1668019931,2022-11-09T18:52:11Z
53479,246604,4.0,1668021550,2022-11-09T19:19:10Z
53479,272079,3.5,1668022000,2022-11-09T19:26:40Z
53479,273891,4.0,1669753656,2022-11-29T20:27:36Z
53479,177285,2.0,1671546068,2022-12-20T14:21:08Z
53479,162990,4.0,1671546143,2022-12-20T14:22:23Z
53661,148855,3.5,1455671933,2016-02-17T01:18:53Z
53661,146309,4.0,1464485420,2016-05-29T01:30:20Z
53661,137863,3.5,1464916543,2016-06-03T01:15:43Z
53661,162990,3.5,1514424528,2017-12-28T01:28:48Z
53661,178907,3.5,1514424602,2017-12-28T01:30:02Z
53661,177119,3.0,1514424616,2017-12-28T01:30:16Z
53661,183661,3.5,1518315279,2018-02-11T02:14:39Z
53661,186985,2.5,1524881766,2018-04-28T02:16:06Z
53661,191235,3.5,1533350974,2018-08-04T02:49:34Z
53661,196937,3.5,1552003916,2019-03-08T00:11:56Z
53661,200820,3.5,1559442225,2019-06-02T02:23:45Z
53661,200838,3.0,1560651852,2019-06-16T02:24:12Z
53661,177285,3.0,1560652468,2019-06-16T02:34:28Z
53661,169400,3.5,1566698598,2019-08-25T02:03:18Z
53661,140805,3.0,1589684046,2020-05-17T02:54:06Z
53661,174549,3.0,1623981917,2021-06-18T02:05:17Z
53661,221256,3.5,1641775943,2022-01-10T00:52:23Z
53661,231413,3.5,1646530154,2022-03-06T01:29:14Z
53661,275245,3.0,1662773642,2022-09-10T01:34:02Z
53661,273891,3.0,1680053551,2023-03-29T01:32:31Z
53998,168250,4.5,1591746199,2020-06-09T23:43:19Z
53998,143367,1.0,1591824722,2020-06-10T21:32:02Z
53998,188623,5.0,1607403321,2020-12-08T04:55:21Z
53998,170961,0.5,1611590461,2021-01-25T16:01:01Z
53998,221282,4.5,1656305426,2022-06-27T04:50:26Z
53998,275245,2.5,1678086466,2023-03-06T07:07:46Z
54224,163134,4.0,1490773765,2017-03-29T07:49:25Z
54224,160848,3.5,1504636679,2017-09-05T18:37:59Z
54224,168250,4.5,1535444351,2018-08-28T08:19:11Z
54224,186985,4.0,1630246312,2021-08-29T14:11:52Z
54224,231413,4.0,1630246508,2021-08-29T14:15:08Z
54224,200820,3.5,1630247964,2021-08-29T14:39:24Z
54224,246604,4.0,1631821879,2021-09-16T19:51:19Z
54231,160848,1.5,1578627623,2020-01-10T03:40:23Z
54231,168250,4.0,1579992672,2020-01-25T22:51:12Z
54231,204158,5.0,1607317410,2020-12-07T05:03:30Z
54231,163134,5.0,1607317432,2020-12-07T05:03:52Z
54231,166291,4.0,1610214186,2021-01-09T17:43:06Z
54281,143367,4.0,1566563562,2019-08-23T12:32:42Z
54281,165105,3.5,1566563562,2019-08-23T12:32:42Z
54281,163134,3.5,1566563563,2019-08-23T12:32:43Z
54281,168250,4.0,1566563563,2019-08-23T12:32:43Z
54281,193916,3.5,1566563563,2019-08-23T12:32:43Z
54441,163134,4.5,1517254437,2018-01-29T19:33:57Z
54441,184641,3.0,1532115898,2018-07-20T19:44:58Z
54441,200838,4.0,1562770282,2019-07-10T14:51:22Z
54441,193533,3.5,1578502069,2020-01-08T16:47:49Z
54441,210577,3.0,1671802972,2022-12-23T13:42:52Z
54625,168250,3.5,1684291226,2023-05-17T02:40:26Z
54625,275245,5.0,1684291881,2023-05-17T02:51:21Z
54625,210577,3.5,1684292853,2023-05-17T03:07:33Z
54625,200838,4.0,1684292858,2023-05-17T03:07:38Z
54625,166291,3.5,1684293221,2023-05-17T03:13:41Z
54625,272079,3.5,1684293817,2023-05-17T03:23:37Z
54798,140805,3.0,1487543514,2017-02-19T22:31:54Z
54798,165105,3.0,1488555829,2017-03-03T15:43:49Z
54798,168652,2.5,1489607513,2017-03-15T19:51:53Z
54798,143367,3.5,1493155260,2017-04-25T21:21:00Z
54798,168250,3.5,1501961184,2017-08-05T19:26:24Z
54798,148855,3.0,1505169710,2017-09-11T22:41:50Z
54798,166974,3.5,1515868337,2018-01-13T18:32:17Z
54798,162990,3.5,1517682902,2018-02-03T18:35:02Z
54798,184641,3.0,1521844592,2018-03-23T22:36:32Z
54805,168250,4.0,1639921331,2021-12-19T13:42:11Z
54805,210577,3.5,1641718973,2022-01-09T09:02:53Z
54805,271160,3.5,1646547762,2022-03-06T06:22:42Z
54805,273891,3.5,1673088175,2023-01-07T10:42:55Z
54805,163134,3.5,1676062966,2023-02-10T21:02:46Z
54805,275245,3.5,1682111463,2023-04-21T21:11:03Z
54831,196937,4.0,1603407581,2020-10-22T22:59:41Z
54831,204158,2.5,1611512242,2021-01-24T18:17:22Z
54831,238036,2.5,1614548714,2021-02-28T21:45:14Z
54831,206393,3.5,1614806789,2021-03-03T21:26:29Z
54831,200838,3.5,1626538964,2021-07-17T16:22:44Z
54831,171013,3.5,1626538972,2021-07-17T16:22:52Z
54831,246604,3.5,1643769685,2022-02-02T02:41:25Z
54831,193916,3.0,1643769779,2022-02-02T02:42:59Z
54831,252932,3.5,1643769825,2022-02-02T02:43:45Z
54831,254464,3.0,1643769904,2022-02-02T02:45:04Z
54831,257037,5.0,1648947179,2022-04-03T00:52:59Z
54831,166291,2.5,1648947207,2022-04-03T00:53:27Z
54831,168250,4.0,1648947324,2022-04-03T00:55:24Z
54831,275245,4.5,1666315310,2022-10-21T01:21:50Z
54831,281188,3.5,1689550494,2023-07-16T23:34:54Z
54831,163134,4.0,1689550506,2023-07-16T23:35:06Z
55059,183661,4.0,1696244605,2023-10-02T11:03:25Z
55059,196937,4.0,1696244724,2023-10-02T11:05:24Z
55059,231413,5.0,1696244755,2023-10-02T11:05:55Z
55059,200820,5.0,1696244934,2023-10-02T11:08:54Z
55059,200838,3.5,1696244945,2023-10-02T11:09:05Z
55241,163134,5.0,1492530947,2017-04-18T15:55:47Z
55241,168250,5.0,1527032941,2018-05-22T23:49:01Z
55241,166291,5.0,1630809048,2021-09-05T02:30:48Z
55241,204158,5.0,1630809106,2021-09-05T02:31:46Z
55241,255639,4.5,1630810752,2021-09-05T02:59:12Z
55241,252308,4.0,1630810754,2021-09-05T02:59:14Z
55473,168250,4.5,1654826456,2022-06-10T02:00:56Z
55473,188773,5.0,1654826815,2022-06-10T02:06:55Z
55473,257037,5.0,1654827007,2022-06-10T02:10:07Z
55473,188623,5.0,1654827155,2022-06-10T02:12:35Z
55473,275245,4.5,1664252099,2022-09-27T04:14:59Z
55535,168250,4.0,1511034618,2017-11-18T19:50:18Z
55535,143367,4.5,1517665124,2018-02-03T13:38:44Z
55535,253826,3.5,1633098886,2021-10-01T14:34:46Z
55535,163134,5.0,1633099019,2021-10-01T14:36:59Z
55535,257037,4.5,1654505799,2022-06-06T08:56:39Z
55729,273891,3.5,1668187512,2022-11-11T17:25:12Z
55729,168250,3.5,1668187899,2022-11-11T17:31:39Z
55729,275245,2.5,1668191403,2022-11-11T18:30:03Z
55729,257037,3.0,1668191589,2022-11-11T18:33:09Z
55729,170961,3.5,1668349734,2022-11-13T14:28:54Z
55855,163056,3.5,1476413607,2016-10-14T02:53:27Z
55855,168250,4.0,1493172225,2017-04-26T02:03:45Z
55855,200820,3.5,1561000445,2019-06-20T03:14:05Z
55855,183661,2.0,1561000512,2019-06-20T03:15:12Z
55855,194797,2.0,1561000541,2019-06-20T03:15:41Z
55855,191235,2.5,1561000549,2019-06-20T03:15:49Z
55855,257037,4.5,1648007314,2022-03-23T03:48:34Z
55855,165105,3.0,1650646847,2022-04-22T17:00:47Z
55855,275245,4.0,1658974542,2022-07-28T02:15:42Z
55855,273891,4.0,1667770949,2022-11-06T21:42:29Z
55855,283751,3.0,1691179005,2023-08-04T19:56:45Z
56120,145596,3.5,1446257259,2015-10-31T02:07:39Z
56120,141432,4.5,1487319008,2017-02-17T08:10:08Z
56120,166291,4.0,1607941296,2020-12-14T10:21:36Z
56120,188623,4.0,1617139565,2021-03-30T21:26:05Z
56120,213431,3.5,1637829352,2021-11-25T08:35:52Z
56120,265114,3.5,1637829359,2021-11-25T08:35:59Z
56131,163134,4.5,1587863237,2020-04-26T01:07:17Z
56131,166291,3.5,1587863273,2020-04-26T01:07:53Z
56131,188773,4.0,1587869751,2020-04-26T02:55:51Z
56131,168250,3.5,1587869812,2020-04-26T02:56:52Z
56131,200820,2.0,1587871025,2020-04-26T03:17:05Z
56131,179411,5.0,1588303409,2020-05-01T03:23:29Z
56205,168250,4.0,1549645731,2019-02-08T17:08:51Z
56205,163134,2.5,1591599592,2020-06-08T06:59:52Z
56205,177939,1.0,1597735843,2020-08-18T07:30:43Z
56205,210939,1.5,1615122348,2021-03-07T13:05:48Z
56205,187145,4.0,1650097921,2022-04-16T08:32:01Z
56205,209949,3.0,1651384833,2022-05-01T06:00:33Z
56205,140106,2.0,1652423527,2022-05-13T06:32:07Z
56205,185905,2.5,1658042861,2022-07-17T07:27:41Z
56205,141432,4.0,1683267877,2023-05-05T06:24:37Z
56205,143367,4.5,1686983633,2023-06-17T06:33:53Z
56205,163056,2.5,1687032339,2023-06-17T20:05:39Z
56205,160848,2.5,1687294829,2023-06-20T21:00:29Z
56205,164204,3.0,1691095103,2023-08-03T20:38:23Z
56207,163134,4.5,1538805207,2018-10-06T05:53:27Z
56207,193583,2.5,1577434582,2019-12-27T08:16:22Z
56207,218657,4.5,1595798559,2020-07-26T21:22:39Z
56207,211137,3.5,1637096746,2021-11-16T21:05:46Z
56207,272555,3.0,1678052310,2023-03-05T21:38:30Z
56305,193041,4.0,1578429333,2020-01-07T20:35:33Z
56305,166291,4.5,1578535533,2020-01-09T02:05:33Z
56305,200838,2.5,1578535533,2020-01-09T02:05:33Z
56305,204158,3.0,1578575595,2020-01-09T13:13:15Z
56305,186999,2.5,1578579564,2020-01-09T14:19:24Z
56305,170125,3.0,1578580018,2020-01-09T14:26:58Z
56305,177939,4.0,1578581567,2020-01-09T14:52:47Z
56305,187145,2.5,1578581567,2020-01-09T14:52:47Z
56305,186985,1.5,1578581568,2020-01-09T14:52:48Z
56305,201488,2.5,1578581568,2020-01-09T14:52:48Z
56305,206393,3.5,1592924751,2020-06-23T15:05:51Z
56305,174549,2.5,1605997751,2020-11-21T22:29:11Z
56305,210577,2.5,1616040553,2021-03-18T04:09:13Z
56305,246604,4.5,1629325021,2021-08-18T22:17:01Z
56305,163134,4.0,1657109796,2022-07-06T12:16:36Z
56317,257037,3.5,1640336380,2021-12-24T08:59:40Z
56317,143531,4.0,1640336386,2021-12-24T08:59:46Z
56317,160848,4.5,1640336386,2021-12-24T08:59:46Z
56317,188623,3.5,1640336391,2021-12-24T08:59:51Z
56317,188773,4.5,1640336392,2021-12-24T08:59:52Z
56463,163134,4.0,1503068278,2017-08-18T14:57:58Z
56463,168250,4.0,1504967789,2017-09-09T14:36:29Z
56463,188623,3.0,1556561694,2019-04-29T18:14:54Z
56463,257037,2.5,1670969980,2022-12-13T22:19:40Z
56463,188773,3.0,1676498024,2023-02-15T21:53:44Z
56463,275245,2.0,1680972917,2023-04-08T16:55:17Z
56599,143367,2.5,1624501911,2021-06-24T02:31:51Z
56599,193041,4.0,1624513255,2021-06-24T05:40:55Z
56599,168250,4.0,1624513998,2021-06-24T05:53:18Z
56599,210577,3.5,1665603844,2022-10-12T19:44:04Z
56599,273891,3.5,1675139896,2023-01-31T04:38:16Z
56599,231413,3.5,1675140084,2023-01-31T04:41:24Z
56599,200838,3.5,1675140478,2023-01-31T04:47:58Z
56703,165105,2.5,1478379811,2016-11-05T21:03:31Z
56703,163134,4.0,1484101443,2017-01-11T02:24:03Z
56703,168250,3.0,1489873815,2017-03-18T21:50:15Z
56703,200838,2.5,1559888115,2019-06-07T06:15:15Z
56703,200820,3.5,1566190667,2019-08-19T04:57:47Z
56703,143367,3.0,1578494057,2020-01-08T14:34:17Z
56703,188773,2.0,1579065314,2020-01-15T05:15:14Z
56703,209949,1.5,1591627513,2020-06-08T14:45:13Z
56703,275245,3.0,1660719725,2022-08-17T07:02:05Z
56703,273891,2.5,1660794373,2022-08-18T03:46:13Z
56793,273891,5.0,1695758941,2023-09-26T20:09:01Z
56793,200820,4.0,1695758952,2023-09-26T20:09:12Z
56793,210577,2.0,1695758952,2023-09-26T20:09:12Z
56793,168250,3.5,1695758956,2023-09-26T20:09:16Z
56793,163134,4.5,1695758957,2023-09-26T20:09:17Z
56793,204158,5.0,1695758961,2023-09-26T20:09:21Z
56835,200820,4.0,1579768893,2020-01-23T08:41:33Z
56835,162990,4.0,1579768894,2020-01-23T08:41:34Z
56835,149658,4.0,1579768895,2020-01-23T08:41:35Z
56835,161594,4.0,1579768896,2020-01-23T08:41:36Z
56835,163134,5.0,1579768896,2020-01-23T08:41:36Z
56835,168250,4.5,1579768896,2020-01-23T08:41:36Z
56835,170961,4.0,1579768896,2020-01-23T08:41:36Z
56835,169400,4.5,1579768897,2020-01-23T08:41:37Z
56835,188623,4.0,1579768897,2020-01-23T08:41:37Z
56835,200838,3.5,1579768897,2020-01-23T08:41:37Z
56938,198611,4.5,1694367896,2023-09-10T17:44:56Z
56938,204158,4.5,1694367905,2023-09-10T17:45:05Z
56938,273891,4.0,1694369221,2023-09-10T18:07:01Z
56938,249182,5.0,1694369773,2023-09-10T18:16:13Z
56938,223570,5.0,1694369956,2023-09-10T18:19:16Z
56938,200838,3.5,1694370677,2023-09-10T18:31:17Z
56938,231413,5.0,1694370875,2023-09-10T18:34:35Z
56956,163134,4.5,1490193004,2017-03-22T14:30:04Z
56956,146309,4.5,1490193310,2017-03-22T14:35:10Z
56956,184699,2.5,1519310989,2018-02-22T14:49:49Z
56956,188773,4.5,1597421160,2020-08-14T16:06:00Z
56956,193041,4.0,1600809247,2020-09-22T21:14:07Z
56956,188623,4.0,1600809889,2020-09-22T21:24:49Z
56956,185905,2.5,1600809898,2020-09-22T21:24:58Z
57285,188623,4.0,1688358760,2023-07-03T04:32:40Z
57285,246604,4.5,1688387932,2023-07-03T12:38:52Z
57285,275245,3.0,1688388004,2023-07-03T12:40:04Z
57285,163134,3.5,1688388358,2023-07-03T12:45:58Z
57285,188773,4.5,1688560937,2023-07-05T12:42:17Z
57304,161594,3.5,1498024563,2017-06-21T05:56:03Z
57304,168250,3.5,1499487591,2017-07-08T04:19:51Z
57304,165105,3.0,1501226948,2017-07-28T07:29:08Z
57304,160848,4.0,1507184487,2017-10-05T06:21:27Z
57304,143367,3.5,1508827960,2017-10-24T06:52:40Z
57304,171013,4.0,1512885924,2017-12-10T06:05:24Z
57304,163134,4.0,1512976762,2017-12-11T07:19:22Z
57304,140106,3.5,1520307434,2018-03-06T03:37:14Z
57304,164204,3.5,1521006484,2018-03-14T05:48:04Z
57304,177229,3.0,1526022144,2018-05-11T07:02:24Z
57304,179411,3.5,1530072551,2018-06-27T04:09:11Z
57304,182479,3.5,1530229785,2018-06-28T23:49:45Z
57304,164395,3.0,1537464875,2018-09-20T17:34:35Z
57304,186985,3.0,1541913910,2018-11-11T05:25:10Z
57304,178111,3.5,1546409083,2019-01-02T06:04:43Z
57304,170961,3.0,1550511215,2019-02-18T17:33:35Z
57304,184835,3.0,1551592787,2019-03-03T05:59:47Z
57304,177939,3.5,1554489932,2019-04-05T18:45:32Z
57304,198107,3.5,1555280301,2019-04-14T22:18:21Z
57304,187145,3.5,1555560955,2019-04-18T04:15:55Z
57304,184275,3.5,1556387362,2019-04-27T17:49:22Z
57304,188623,3.5,1557301158,2019-05-08T07:39:18Z
57304,166291,4.0,1557815359,2019-05-14T06:29:19Z
57304,174549,4.0,1560231385,2019-06-11T05:36:25Z
57304,203974,3.5,1565063665,2019-08-06T03:54:25Z
57304,173935,3.0,1566364508,2019-08-21T05:15:08Z
57304,192981,3.5,1566688459,2019-08-24T23:14:19Z
57304,200838,3.0,1567062115,2019-08-29T07:01:55Z
57304,193916,3.5,1567488267,2019-09-03T05:24:27Z
57304,188773,3.5,1567663406,2019-09-05T06:03:26Z
57304,200820,3.0,1569980521,2019-10-02T01:42:01Z
57304,140805,3.0,1570166821,2019-10-04T05:27:01Z
57304,142374,3.0,1570426700,2019-10-07T05:38:20Z
57304,163056,3.0,1570598911,2019-10-09T05:28:31Z
57304,189565,3.5,1571098290,2019-10-15T00:11:30Z
57304,142566,3.5,1573625957,2019-11-13T06:19:17Z
57304,150395,3.0,1576189720,2019-12-12T22:28:40Z
57304,193763,3.5,1576262741,2019-12-13T18:45:41Z
57304,201488,3.5,1577169283,2019-12-24T06:34:43Z
57304,187545,3.0,1579130070,2020-01-15T23:14:30Z
57304,185905,3.5,1580193360,2020-01-28T06:36:00Z
57304,184509,3.5,1581402955,2020-02-11T06:35:55Z
57304,199279,3.5,1582093995,2020-02-19T06:33:15Z
57304,206393,2.5,1599519038,2020-09-07T22:50:38Z
57304,210577,2.5,1600557058,2020-09-19T23:10:58Z
57304,201706,3.0,1608171262,2020-12-17T02:14:22Z
57304,204158,3.5,1609511365,2021-01-01T14:29:25Z
57304,207297,3.5,1610342985,2021-01-11T05:29:45Z
57304,210221,3.5,1611205893,2021-01-21T05:11:33Z
57304,207828,3.0,1613097867,2021-02-12T02:44:27Z
57304,193801,3.5,1619019030,2021-04-21T15:30:30Z
57304,243994,3.0,1626010808,2021-07-11T13:40:08Z
57304,193041,3.5,1626962159,2021-07-22T13:55:59Z
57304,221256,3.0,1629905214,2021-08-25T15:26:54Z
57304,238036,3.0,1630926674,2021-09-06T11:11:14Z
57304,219599,3.5,1632282215,2021-09-22T03:43:35Z
57304,239256,3.0,1641498799,2022-01-06T19:53:19Z
57304,221250,3.0,1643339424,2022-01-28T03:10:24Z
57304,253826,3.5,1651857983,2022-05-06T17:26:23Z
57304,236121,3.5,1654555877,2022-06-06T22:51:17Z
57304,200794,3.5,1657491509,2022-07-10T22:18:29Z
57304,214216,3.0,1658713472,2022-07-25T01:44:32Z
57304,252932,3.5,1659451168,2022-08-02T14:39:28Z
57304,256535,3.0,1664793301,2022-10-03T10:35:01Z
57304,268322,2.5,1666747740,2022-10-26T01:29:00Z
57304,278428,2.5,1669936174,2022-12-01T23:09:34Z
57304,275245,3.0,1670454670,2022-12-07T23:11:10Z
57304,258579,3.5,1675114906,2023-01-30T21:41:46Z
57304,273891,3.0,1675204709,2023-01-31T22:38:29Z
57304,278852,3.0,1676378105,2023-02-14T12:35:05Z
57304,275651,3.0,1677237332,2023-02-24T11:15:32Z
57304,242404,3.0,1678337993,2023-03-09T04:59:53Z
57304,259737,3.0,1679208620,2023-03-19T06:50:20Z
57304,278070,3.5,1679365780,2023-03-21T02:29:40Z
57304,204610,3.5,1679548519,2023-03-23T05:15:19Z
57304,272079,3.0,1687866425,2023-06-27T11:47:05Z
57304,286915,3.0,1690972069,2023-08-02T10:27:49Z
57304,177119,3.0,1692160892,2023-08-16T04:41:32Z
57304,289069,3.0,1695829963,2023-09-27T15:52:43Z
57389,210577,4.0,1668732388,2022-11-18T00:46:28Z
57389,275245,3.0,1668733610,2022-11-18T01:06:50Z
57389,273891,4.0,1670766931,2022-12-11T13:55:31Z
57389,200820,5.0,1676073445,2023-02-10T23:57:25Z
57389,200838,4.0,1678652962,2023-03-12T20:29:22Z
57515,140108,2.5,1551026807,2019-02-24T16:46:47Z
57515,160848,3.0,1551026807,2019-02-24T16:46:47Z
57515,142618,2.0,1551026808,2019-02-24T16:46:48Z
57515,150776,3.0,1551026808,2019-02-24T16:46:48Z
57515,163134,4.0,1551026809,2019-02-24T16:46:49Z
57515,168250,4.0,1551026809,2019-02-24T16:46:49Z
57515,182467,4.5,1551026810,2019-02-24T16:46:50Z
57515,188623,4.5,1551026810,2019-02-24T16:46:50Z
57515,188773,3.5,1551026811,2019-02-24T16:46:51Z
57536,168250,4.5,1579224392,2020-01-17T01:26:32Z
57536,163134,4.0,1579225017,2020-01-17T01:36:57Z
57536,200838,3.5,1579226226,2020-01-17T01:57:06Z
57536,200820,2.5,1579270576,2020-01-17T14:16:16Z
57536,188623,2.5,1582243171,2020-02-20T23:59:31Z
57618,164395,4.0,1568118177,2019-09-10T12:22:57Z
57618,200820,3.5,1568118177,2019-09-10T12:22:57Z
57618,150776,3.5,1568118183,2019-09-10T12:23:03Z
57618,165105,3.5,1568118183,2019-09-10T12:23:03Z
57618,166974,3.5,1568118188,2019-09-10T12:23:08Z
57618,168250,4.0,1568118188,2019-09-10T12:23:08Z
57618,175283,3.0,1568118188,2019-09-10T12:23:08Z
57618,168652,2.5,1568118189,2019-09-10T12:23:09Z
57618,190035,3.0,1568118189,2019-09-10T12:23:09Z
57618,170961,3.5,1568118190,2019-09-10T12:23:10Z
57618,186875,3.0,1568118190,2019-09-10T12:23:10Z
57618,188181,3.0,1568118190,2019-09-10T12:23:10Z
57618,197625,3.5,1568118191,2019-09-10T12:23:11Z
57673,168250,5.0,1624186728,2021-06-20T10:58:48Z
57673,210577,3.0,1659828071,2022-08-06T23:21:11Z
57673,275245,4.0,1662777467,2022-09-10T02:37:47Z
57673,273891,4.5,1665451896,2022-10-11T01:31:36Z
57673,289097,2.0,1696809502,2023-10-08T23:58:22Z
57719,168250,4.5,1610925918,2021-01-17T23:25:18Z
57719,200820,1.0,1619665069,2021-04-29T02:57:49Z
57719,200838,3.0,1641351864,2022-01-05T03:04:24Z
57719,275245,4.0,1665375308,2022-10-10T04:15:08Z
57719,273891,2.5,1670683742,2022-12-10T14:49:02Z
57770,168250,4.0,1635697497,2021-10-31T16:24:57Z
57770,163134,4.0,1635700655,2021-10-31T17:17:35Z
57770,210577,1.0,1636297620,2021-11-07T15:07:00Z
57770,188773,4.0,1636325359,2021-11-07T22:49:19Z
57770,193916,3.5,1636325513,2021-11-07T22:51:53Z
57770,275245,3.5,1659752645,2022-08-06T02:24:05Z
57770,257701,2.0,1662323070,2022-09-04T20:24:30Z
57770,193041,4.5,1665245080,2022-10-08T16:04:40Z
57770,160848,3.0,1674334884,2023-01-21T21:01:24Z
57770,258001,5.0,1682200877,2023-04-22T22:01:17Z
57770,252932,3.0,1688167378,2023-06-30T23:22:58Z
57770,260185,5.0,1693177354,2023-08-27T23:02:34Z
57907,196937,3.5,1694356669,2023-09-10T14:37:49Z
57907,273891,4.0,1694357578,2023-09-10T14:52:58Z
57907,210577,3.0,1694365646,2023-09-10T17:07:26Z
57907,275245,4.0,1694366946,2023-09-10T17:29:06Z
57907,168250,4.0,1694367558,2023-09-10T17:39:18Z
57907,289097,3.5,1696169088,2023-10-01T14:04:48Z
57913,168250,4.0,1645449793,2022-02-21T13:23:13Z
57913,188623,4.0,1645683713,2022-02-24T06:21:53Z
57913,206889,3.5,1655304625,2022-06-15T14:50:25Z
57913,184275,3.5,1655560449,2022-06-18T13:54:09Z
57913,188773,4.5,1665374690,2022-10-10T04:04:50Z
57913,140106,4.0,1668905314,2022-11-20T00:48:34Z
57913,179411,3.5,1670827754,2022-12-12T06:49:14Z
57913,275245,3.5,1677478978,2023-02-27T06:22:58Z
57913,257037,4.0,1695019786,2023-09-18T06:49:46Z
57927,196937,5.0,1632949534,2021-09-29T21:05:34Z
57927,192649,3.0,1632951297,2021-09-29T21:34:57Z
57927,213353,4.0,1632951313,2021-09-29T21:35:13Z
57927,137863,2.0,1632951340,2021-09-29T21:35:40Z
57927,231413,4.0,1632951456,2021-09-29T21:37:36Z
57927,149658,3.5,1633358417,2021-10-04T14:40:17Z
57927,263555,3.0,1656269882,2022-06-26T18:58:02Z
57927,227961,2.0,1656270719,2022-06-26T19:11:59Z
57927,276231,3.0,1656271125,2022-06-26T19:18:45Z
57927,251392,4.0,1691282249,2023-08-06T00:37:29Z
58089,168250,3.5,1515181232,2018-01-05T19:40:32Z
58089,143367,3.0,1522122871,2018-03-27T03:54:31Z
58089,188773,5.0,1579454614,2020-01-19T17:23:34Z
58089,273891,4.5,1671423937,2022-12-19T04:25:37Z
58089,275245,4.5,1686358774,2023-06-10T00:59:34Z
58120,143525,4.0,1445511951,2015-10-22T11:05:51Z
58120,200838,3.5,1569784203,2019-09-29T19:10:03Z
58120,188623,3.0,1585156477,2020-03-25T17:14:37Z
58120,160848,4.0,1585156812,2020-03-25T17:20:12Z
58120,210577,3.0,1610567230,2021-01-13T19:47:10Z
58120,204158,4.0,1612556166,2021-02-05T20:16:06Z
58289,163056,1.5,1533411118,2018-08-04T19:31:58Z
58289,182479,3.0,1533411133,2018-08-04T19:32:13Z
58289,141432,5.0,1533411298,2018-08-04T19:34:58Z
58289,140106,4.5,1533411322,2018-08-04T19:35:22Z
58289,176515,4.5,1560955419,2019-06-19T14:43:39Z
58289,203747,5.0,1562297176,2019-07-05T03:26:16Z
58289,188773,4.5,1564323324,2019-07-28T14:15:24Z
58289,171013,4.5,1573590949,2019-11-12T20:35:49Z
58289,214548,3.5,1585135641,2020-03-25T11:27:21Z
58289,200838,4.0,1596447949,2020-08-03T09:45:49Z
58289,163134,3.5,1630959623,2021-09-06T20:20:23Z
58289,204158,4.0,1638815001,2021-12-06T18:23:21Z
58289,257037,4.0,1645450291,2022-02-21T13:31:31Z
58289,264073,4.5,1648031126,2022-03-23T10:25:26Z
58367,143367,5.0,1492406579,2017-04-17T05:22:59Z
58367,168250,5.0,1495088213,2017-05-18T06:16:53Z
58367,186985,5.0,1526019558,2018-05-11T06:19:18Z
58367,188623,5.0,1568863554,2019-09-19T03:25:54Z
58367,166291,3.5,1625717602,2021-07-08T04:13:22Z
58367,173007,4.5,1641700385,2022-01-09T03:53:05Z
58367,163134,5.0,1642650015,2022-01-20T03:40:15Z
58367,273891,0.5,1660771233,2022-08-17T21:20:33Z
58367,275245,5.0,1663623959,2022-09-19T21:45:59Z
58367,204158,5.0,1673062719,2023-01-07T03:38:39Z
58367,143531,3.5,1676231104,2023-02-12T19:45:04Z
58537,166291,4.0,1588290559,2020-04-30T23:49:19Z
58537,146309,4.0,1588291573,2020-05-01T00:06:13Z
58537,168250,5.0,1588291914,2020-05-01T00:11:54Z
58537,171013,4.0,1596946419,2020-08-09T04:13:39Z
58537,187467,5.0,1608271562,2020-12-18T06:06:02Z
58537,254500,4.5,1646180228,2022-03-02T00:17:08Z
58537,257037,5.0,1650494511,2022-04-20T22:41:51Z
58800,143367,3.0,1493628602,2017-05-01T08:50:02Z
58800,140805,4.5,1515017185,2018-01-03T22:06:25Z
58800,184641,3.5,1542229097,2018-11-14T20:58:17Z
58800,167850,4.0,1574131415,2019-11-19T02:43:35Z
58800,204158,5.0,1617125041,2021-03-30T17:24:01Z
58800,163134,5.0,1617125053,2021-03-30T17:24:13Z
58800,166291,5.0,1617125213,2021-03-30T17:26:53Z
58800,162990,2.5,1619100931,2021-04-22T14:15:31Z
58800,210939,5.0,1682067438,2023-04-21T08:57:18Z
58800,249180,4.5,1682069870,2023-04-21T09:37:50Z
58800,231413,5.0,1682070100,2023-04-21T09:41:40Z
58800,208293,4.0,1682954464,2023-05-01T15:21:04Z
58804,168250,3.0,1595558070,2020-07-24T02:34:30Z
58804,200820,3.0,1595558071,2020-07-24T02:34:31Z
58804,200838,3.5,1595558071,2020-07-24T02:34:31Z
58804,210577,3.5,1595558072,2020-07-24T02:34:32Z
58804,170961,3.5,1642128759,2022-01-14T02:52:39Z
59050,143367,3.5,1611834920,2021-01-28T11:55:20Z
59050,188773,4.0,1658488744,2022-07-22T11:19:04Z
59050,188623,4.0,1658491342,2022-07-22T12:02:22Z
59050,257037,4.0,1682593347,2023-04-27T11:02:27Z
59050,177939,4.0,1682682116,2023-04-28T11:41:56Z
59210,177119,1.5,1587776805,2020-04-25T01:06:45Z
59210,200820,3.5,1627939786,2021-08-02T21:29:46Z
59210,196937,3.5,1636760033,2021-11-12T23:33:53Z
59210,277954,2.5,1662383507,2022-09-05T13:11:47Z
59210,279278,2.0,1665351183,2022-10-09T21:33:03Z
59256,173007,2.5,1495510580,2017-05-23T03:36:20Z
59256,170961,1.5,1592366580,2020-06-17T04:03:00Z
59256,193041,3.5,1596155043,2020-07-31T00:24:03Z
59256,168250,3.5,1628488125,2021-08-09T05:48:45Z
59256,273891,2.5,1687821813,2023-06-26T23:23:33Z
59335,143367,3.0,1484424714,2017-01-14T20:11:54Z
59335,168250,4.0,1489953398,2017-03-19T19:56:38Z
59335,163134,3.0,1518393160,2018-02-11T23:52:40Z
59335,188623,4.0,1549145183,2019-02-02T22:06:23Z
59335,275245,3.0,1661420354,2022-08-25T09:39:14Z
59335,257037,3.0,1679264131,2023-03-19T22:15:31Z
59419,168250,4.5,1519249437,2018-02-21T21:43:57Z
59419,163134,4.5,1519249610,2018-02-21T21:46:50Z
59419,143367,4.0,1522249589,2018-03-28T15:06:29Z
59419,188623,3.0,1560561808,2019-06-15T01:23:28Z
59419,200838,3.0,1581217840,2020-02-09T03:10:40Z
59419,166291,2.5,1592673560,2020-06-20T17:19:20Z
59419,273891,4.0,1667817254,2022-11-07T10:34:14Z
59527,160848,3.5,1608488288,2020-12-20T18:18:08Z
59527,163056,3.5,1608488288,2020-12-20T18:18:08Z
59527,166295,3.0,1608488288,2020-12-20T18:18:08Z
59527,171013,3.5,1608488288,2020-12-20T18:18:08Z
59527,204810,1.0,1608488288,2020-12-20T18:18:08Z
59527,163134,3.5,1608488289,2020-12-20T18:18:09Z
59527,169022,3.5,1608488289,2020-12-20T18:18:09Z
59527,193041,4.5,1608488289,2020-12-20T18:18:09Z
59527,198815,2.0,1608488289,2020-12-20T18:18:09Z
59527,218657,2.5,1608489837,2020-12-20T18:43:57Z
59527,168250,4.0,1608489838,2020-12-20T18:43:58Z
59672,168250,4.5,1667655372,2022-11-05T13:36:12Z
59672,163134,5.0,1667827039,2022-11-07T13:17:19Z
59672,177939,4.0,1667829961,2022-11-07T14:06:01Z
59672,188623,4.0,1667830053,2022-11-07T14:07:33Z
59672,257037,5.0,1668379344,2022-11-13T22:42:24Z
59672,275245,3.5,1668638098,2022-11-16T22:34:58Z
59672,219599,5.0,1682093671,2023-04-21T16:14:31Z
59694,263555,3.5,1661761504,2022-08-29T08:25:04Z
59694,204810,3.5,1672995031,2023-01-06T08:50:31Z
59694,204812,3.5,1673168489,2023-01-08T09:01:29Z
59694,204814,3.5,1673768284,2023-01-15T07:38:04Z
59694,204816,3.5,1675587570,2023-02-05T08:59:30Z
59694,204818,3.5,1676197297,2023-02-12T10:21:37Z
59694,204820,3.5,1676197311,2023-02-12T10:21:51Z
59694,228749,3.5,1680255215,2023-03-31T09:33:35Z
59810,161594,4.0,1475654788,2016-10-05T08:06:28Z
59810,170961,3.5,1499758457,2017-07-11T07:34:17Z
59810,163134,4.0,1515006809,2018-01-03T19:13:29Z
59810,184641,3.0,1538851502,2018-10-06T18:45:02Z
59810,188623,4.0,1547322058,2019-01-12T19:40:58Z
59810,188773,4.0,1553469465,2019-03-24T23:17:45Z
59810,140106,3.5,1568144996,2019-09-10T19:49:56Z
59810,164204,3.5,1590429494,2020-05-25T17:58:14Z
59810,140805,3.5,1592079802,2020-06-13T20:23:22Z
59810,142374,3.5,1592079809,2020-06-13T20:23:29Z
59810,185905,4.0,1592763962,2020-06-21T18:26:02Z
59810,168250,4.5,1606510169,2020-11-27T20:49:29Z
59810,222627,4.0,1612049807,2021-01-30T23:36:47Z
59810,207297,3.5,1649271413,2022-04-06T18:56:53Z
59810,257037,3.5,1650913217,2022-04-25T19:00:17Z
59810,275245,3.5,1661969079,2022-08-31T18:04:39Z
59810,273891,4.0,1666548217,2022-10-23T18:03:37Z
59810,215221,3.5,1674333814,2023-01-21T20:43:34Z
59810,284377,3.5,1678652426,2023-03-12T20:20:26Z
59810,182467,3.0,1693937842,2023-09-05T18:17:22Z
59893,228245,5.0,1641518037,2022-01-07T01:13:57Z
59893,204158,4.0,1641528287,2022-01-07T04:04:47Z
59893,163134,5.0,1641528295,2022-01-07T04:04:55Z
59893,168250,1.0,1641529336,2022-01-07T04:22:16Z
59893,188773,5.0,1641559432,2022-01-07T12:43:52Z
59899,188773,3.0,1559121093,2019-05-29T09:11:33Z
59899,168250,3.0,1566766784,2019-08-25T20:59:44Z
59899,163134,3.0,1595700478,2020-07-25T18:07:58Z
59899,222627,3.0,1599517884,2020-09-07T22:31:24Z
59899,223572,3.5,1599517884,2020-09-07T22:31:24Z
59899,223570,2.0,1610482281,2021-01-12T20:11:21Z
59899,227835,3.5,1649932867,2022-04-14T10:41:07Z
59909,163134,5.0,1522851120,2018-04-04T14:12:00Z
59909,168250,3.5,1522856242,2018-04-04T15:37:22Z
59909,182479,5.0,1525812617,2018-05-08T20:50:17Z
59909,166291,4.5,1588932342,2020-05-08T10:05:42Z
59909,210577,5.0,1588932761,2020-05-08T10:12:41Z
60076,163134,4.5,1542333839,2018-11-16T02:03:59Z
60076,168250,5.0,1542333841,2018-11-16T02:04:01Z
60076,171013,4.0,1542336366,2018-11-16T02:46:06Z
60076,179411,3.5,1542337941,2018-11-16T03:12:21Z
60076,169022,4.5,1542599250,2018-11-19T03:47:30Z
60095,231413,4.5,1692945514,2023-08-25T06:38:34Z
60095,275245,4.0,1692945514,2023-08-25T06:38:34Z
60095,200820,4.0,1692945529,2023-08-25T06:38:49Z
60095,210577,3.5,1692945530,2023-08-25T06:38:50Z
60095,146309,4.0,1692945531,2023-08-25T06:38:51Z
60095,165105,4.0,1692945532,2023-08-25T06:38:52Z
60095,163134,4.5,1692945534,2023-08-25T06:38:54Z
60095,168250,4.0,1692945534,2023-08-25T06:38:54Z
60095,196937,4.0,1692945537,2023-08-25T06:38:57Z
60095,204158,4.0,1692945540,2023-08-25T06:39:00Z
60239,143367,4.0,1489771467,2017-03-17T17:24:27Z
60239,168250,4.0,1491637820,2017-04-08T07:50:20Z
60239,163056,2.0,1503992670,2017-08-29T07:44:30Z
60239,165105,2.5,1515508860,2018-01-09T14:41:00Z
60239,163134,4.5,1520801360,2018-03-11T20:49:20Z
60239,160848,4.0,1521495236,2018-03-19T21:33:56Z
60239,166291,4.0,1548197573,2019-01-22T22:52:53Z
60239,199269,3.0,1551041946,2019-02-24T20:59:06Z
60239,193916,3.0,1555924750,2019-04-22T09:19:10Z
60239,198611,3.5,1557696974,2019-05-12T21:36:14Z
60239,192649,3.0,1559545945,2019-06-03T07:12:25Z
60239,192209,2.5,1570830021,2019-10-11T21:40:21Z
60239,188623,3.5,1585915500,2020-04-03T12:05:00Z
60239,193041,3.5,1586535654,2020-04-10T16:20:54Z
60239,164395,3.5,1587243650,2020-04-18T21:00:50Z
60239,275245,3.0,1662291074,2022-09-04T11:31:14Z
60239,273891,3.0,1665376472,2022-10-10T04:34:32Z
60239,283751,2.0,1679751332,2023-03-25T13:35:32Z
60239,150776,2.5,1687078054,2023-06-18T08:47:34Z
60239,188773,5.0,1689433774,2023-07-15T15:09:34Z
60239,204158,3.0,1689796128,2023-07-19T19:48:48Z
60248,188623,5.0,1547974762,2019-01-20T08:59:22Z
60248,188773,5.0,1558822061,2019-05-25T22:07:41Z
60248,163134,4.5,1577380893,2019-12-26T17:21:33Z
60248,177939,4.5,1630693112,2021-09-03T18:18:32Z
60248,246604,5.0,1630694209,2021-09-03T18:36:49Z
60248,257037,4.0,1654518146,2022-06-06T12:22:26Z
60249,213111,3.5,1624288019,2021-06-21T15:06:59Z
60249,218657,3.5,1624288020,2021-06-21T15:07:00Z
60249,210577,3.5,1624288024,2021-06-21T15:07:04Z
60249,163134,4.0,1624288026,2021-06-21T15:07:06Z
60249,166291,4.0,1624288026,2021-06-21T15:07:06Z
60249,168250,4.0,1624288026,2021-06-21T15:07:06Z
60283,200820,1.0,1574838784,2019-11-27T07:13:04Z
60283,186985,4.0,1623383020,2021-06-11T03:43:40Z
60283,168250,4.0,1632886660,2021-09-29T03:37:40Z
60283,275245,3.5,1660020399,2022-08-09T04:46:39Z
60283,188623,3.5,1670307130,2022-12-06T06:12:10Z
60326,163134,3.5,1496936790,2017-06-08T15:46:30Z
60326,174515,3.5,1497911046,2017-06-19T22:24:06Z
60326,161594,3.5,1500736796,2017-07-22T15:19:56Z
60326,168250,3.5,1519519968,2018-02-25T00:52:48Z
60326,184641,0.5,1519520089,2018-02-25T00:54:49Z
60326,163056,3.0,1527413990,2018-05-27T09:39:50Z
60326,165105,3.5,1544352752,2018-12-09T10:52:32Z
60326,200838,4.0,1559339033,2019-05-31T21:43:53Z
60326,206093,1.0,1568996632,2019-09-20T16:23:52Z
60326,200820,2.0,1584402579,2020-03-16T23:49:39Z
60326,178907,3.0,1584403467,2020-03-17T00:04:27Z
60326,210577,4.5,1585609070,2020-03-30T22:57:50Z
60326,192981,3.5,1633368579,2021-10-04T17:29:39Z
60326,252932,4.5,1648712933,2022-03-31T07:48:53Z
60326,276231,2.5,1665161346,2022-10-07T16:49:06Z
60326,186985,3.5,1668353640,2022-11-13T15:34:00Z
60326,169400,3.0,1668353726,2022-11-13T15:35:26Z
60326,275245,4.5,1677263369,2023-02-24T18:29:29Z
60326,204158,4.0,1685694403,2023-06-02T08:26:43Z
60326,206393,3.5,1685694464,2023-06-02T08:27:44Z
60326,281188,4.0,1685694506,2023-06-02T08:28:26Z
60326,196937,5.0,1690660523,2023-07-29T19:55:23Z
60478,247464,4.0,1676233110,2023-02-12T20:18:30Z
60478,212385,3.5,1676233114,2023-02-12T20:18:34Z
60478,212383,3.0,1676233118,2023-02-12T20:18:38Z
60478,269766,4.0,1676233133,2023-02-12T20:18:53Z
60478,168250,4.0,1676317751,2023-02-13T19:49:11Z
60563,160848,3.0,1514674443,2017-12-30T22:54:03Z
60563,168250,4.0,1519863258,2018-03-01T00:14:18Z
60563,179411,4.0,1520554045,2018-03-09T00:07:25Z
60563,188773,3.0,1558490295,2019-05-22T01:58:15Z
60563,200820,2.0,1559519532,2019-06-02T23:52:12Z
60563,200838,3.0,1596920309,2020-08-08T20:58:29Z
60568,143367,3.0,1487482132,2017-02-19T05:28:52Z
60568,160848,3.5,1487482132,2017-02-19T05:28:52Z
60568,207297,3.5,1585106597,2020-03-25T03:23:17Z
60568,200820,3.0,1585106603,2020-03-25T03:23:23Z
60568,163056,4.0,1585106604,2020-03-25T03:23:24Z
60568,168250,4.0,1585106605,2020-03-25T03:23:25Z
60568,163134,3.0,1585106606,2020-03-25T03:23:26Z
60568,185877,3.5,1585106606,2020-03-25T03:23:26Z
60568,173007,3.0,1585106607,2020-03-25T03:23:27Z
60568,188623,2.5,1585106608,2020-03-25T03:23:28Z
60568,275245,4.5,1672384433,2022-12-30T07:13:53Z
60568,273891,3.5,1672384434,2022-12-30T07:13:54Z
60569,168250,1.0,1639429655,2021-12-13T21:07:35Z
60569,143367,4.0,1640980418,2021-12-31T19:53:38Z
60569,188623,1.0,1645254981,2022-02-19T07:16:21Z
60569,200820,3.0,1645255314,2022-02-19T07:21:54Z
60569,165105,2.0,1647899389,2022-03-21T21:49:49Z
60730,163134,3.5,1546220720,2018-12-31T01:45:20Z
60730,163056,2.5,1546221203,2018-12-31T01:53:23Z
60730,143367,3.5,1546221218,2018-12-31T01:53:38Z
60730,160848,3.5,1546221263,2018-12-31T01:54:23Z
60730,168250,4.5,1546221339,2018-12-31T01:55:39Z
60730,164204,3.5,1546221366,2018-12-31T01:56:06Z
60730,210577,4.0,1649903512,2022-04-14T02:31:52Z
60730,273891,4.0,1678027168,2023-03-05T14:39:28Z
61352,164643,5.0,1584887802,2020-03-22T14:36:42Z
61352,171013,5.0,1584890379,2020-03-22T15:19:39Z
61352,163134,3.5,1584890445,2020-03-22T15:20:45Z
61352,187467,3.5,1584891187,2020-03-22T15:33:07Z
61352,170805,2.5,1584891324,2020-03-22T15:35:24Z
61352,214340,3.5,1584891382,2020-03-22T15:36:22Z
61352,168250,5.0,1584891744,2020-03-22T15:42:24Z
61352,193041,3.5,1584896869,2020-03-22T17:07:49Z
61352,193916,3.5,1584896931,2020-03-22T17:08:51Z
61352,205447,4.5,1584917805,2020-03-22T22:56:45Z
61352,188623,2.5,1585245014,2020-03-26T17:50:14Z
61358,143531,3.5,1554945898,2019-04-11T01:24:58Z
61358,143367,4.0,1554945899,2019-04-11T01:24:59Z
61358,166974,3.5,1554945899,2019-04-11T01:24:59Z
61358,168250,4.5,1554945899,2019-04-11T01:24:59Z
61358,141432,3.5,1554945900,2019-04-11T01:25:00Z
61358,163134,3.5,1554945900,2019-04-11T01:25:00Z
61358,185539,3.5,1554945900,2019-04-11T01:25:00Z
61358,188773,4.0,1554945901,2019-04-11T01:25:01Z
61624,171013,1.0,1504010706,2017-08-29T12:45:06Z
61624,188623,1.0,1541943012,2018-11-11T13:30:12Z
61624,188773,2.0,1546883033,2019-01-07T17:43:53Z
61624,200838,4.0,1557761989,2019-05-13T15:39:49Z
61624,200820,2.0,1559572106,2019-06-03T14:28:26Z
61624,257037,0.5,1645483035,2022-02-21T22:37:15Z
61624,273891,3.5,1660076779,2022-08-09T20:26:19Z
61737,210577,3.0,1591163259,2020-06-03T05:47:39Z
61737,164395,4.0,1598678733,2020-08-29T05:25:33Z
61737,163134,5.0,1600945316,2020-09-24T11:01:56Z
61737,218657,4.0,1612109104,2021-01-31T16:05:04Z
61737,193916,5.0,1617027293,2021-03-29T14:14:53Z
61737,166291,2.5,1618681469,2021-04-17T17:44:29Z
61737,204158,5.0,1660194846,2022-08-11T05:14:06Z
61874,193041,3.0,1608065880,2020-12-15T20:58:00Z
61874,165105,2.0,1608159946,2020-12-16T23:05:46Z
61874,168250,0.5,1608475456,2020-12-20T14:44:16Z
61874,163134,0.5,1608477528,2020-12-20T15:18:48Z
61874,188623,0.5,1628276828,2021-08-06T19:07:08Z
61874,273891,1.5,1666898031,2022-10-27T19:13:51Z
62002,161594,4.0,1484413447,2017-01-14T17:04:07Z
62002,163134,4.0,1497619392,2017-06-16T13:23:12Z
62002,170961,3.5,1498550226,2017-06-27T07:57:06Z
62002,160848,4.0,1515167228,2018-01-05T15:47:08Z
62002,188773,4.0,1553246723,2019-03-22T09:25:23Z
62002,204158,4.0,1598734281,2020-08-29T20:51:21Z
62002,203974,4.0,1618565076,2021-04-16T09:24:36Z
62002,200820,3.0,1640465241,2021-12-25T20:47:21Z
62002,257037,3.5,1644008180,2022-02-04T20:56:20Z
62002,242062,3.0,1644952810,2022-02-15T19:20:10Z
62002,166291,4.5,1648152250,2022-03-24T20:04:10Z
62002,146309,4.0,1652446558,2022-05-13T12:55:58Z
62002,140106,4.0,1678026726,2023-03-05T14:32:06Z
62002,281188,4.0,1690567498,2023-07-28T18:04:58Z
62017,186985,3.0,1533417608,2018-08-04T21:20:08Z
62017,177285,5.0,1537305778,2018-09-18T21:22:58Z
62017,200838,4.5,1570592576,2019-10-09T03:42:56Z
62017,273891,4.0,1671225721,2022-12-16T21:22:01Z
62017,289097,4.0,1692488096,2023-08-19T23:34:56Z
62135,168250,3.5,1595547850,2020-07-23T23:44:10Z
62135,188773,4.0,1595548352,2020-07-23T23:52:32Z
62135,188623,4.0,1595548437,2020-07-23T23:53:57Z
62135,163134,4.0,1595553717,2020-07-24T01:21:57Z
62135,273891,4.0,1665714922,2022-10-14T02:35:22Z
62181,168250,3.0,1588782023,2020-05-06T16:20:23Z
62181,200838,2.5,1591543051,2020-06-07T15:17:31Z
62181,188773,3.5,1591543182,2020-06-07T15:19:42Z
62181,182479,3.0,1591543236,2020-06-07T15:20:36Z
62181,163134,3.0,1591543276,2020-06-07T15:21:16Z
62181,193916,2.5,1591543311,2020-06-07T15:21:51Z
62377,163134,5.0,1627237138,2021-07-25T18:18:58Z
62377,166291,4.5,1627481614,2021-07-28T14:13:34Z
62377,210577,5.0,1649099018,2022-04-04T19:03:38Z
62377,198611,4.0,1673799785,2023-01-15T16:23:05Z
62377,253826,4.5,1673799933,2023-01-15T16:25:33Z
62377,214216,3.0,1675137132,2023-01-31T03:52:12Z
62377,281188,4.0,1689093719,2023-07-11T16:41:59Z
62377,187145,3.0,1690305679,2023-07-25T17:21:19Z
62440,141972,3.5,1450018890,2015-12-13T15:01:30Z
62440,163134,5.0,1487672917,2017-02-21T10:28:37Z
62440,188773,4.0,1610190269,2021-01-09T11:04:29Z
62440,168250,4.0,1627227952,2021-07-25T15:45:52Z
62440,275245,3.5,1661681522,2022-08-28T10:12:02Z
62440,273891,3.5,1664427509,2022-09-29T04:58:29Z
62623,143367,4.0,1552818873,2019-03-17T10:34:33Z
62623,168250,2.5,1552818873,2019-03-17T10:34:33Z
62623,163134,4.0,1552818874,2019-03-17T10:34:34Z
62623,164204,4.0,1552818874,2019-03-17T10:34:34Z
62623,185905,3.0,1552818875,2019-03-17T10:34:35Z
62623,188773,4.5,1552818877,2019-03-17T10:34:37Z
63204,170961,3.5,1548662998,2019-01-28T08:09:58Z
63204,165105,3.0,1549324015,2019-02-04T23:46:55Z
63204,170125,2.5,1550739349,2019-02-21T08:55:49Z
63204,154971,3.0,1551555937,2019-03-02T19:45:37Z
63204,179411,3.0,1552372912,2019-03-12T06:41:52Z
63204,177119,3.0,1573876643,2019-11-16T03:57:23Z
63204,173007,3.0,1582792285,2020-02-27T08:31:25Z
63204,161594,3.5,1584616061,2020-03-19T11:07:41Z
63275,188623,3.5,1565903823,2019-08-15T21:17:03Z
63275,200820,2.0,1566092866,2019-08-18T01:47:46Z
63275,200838,1.5,1566092906,2019-08-18T01:48:26Z
63275,168250,3.0,1566099009,2019-08-18T03:30:09Z
63275,183661,2.0,1599454552,2020-09-07T04:55:52Z
63287,210577,3.5,1661825746,2022-08-30T02:15:46Z
63287,163134,5.0,1661827943,2022-08-30T02:52:23Z
63287,163056,5.0,1661829047,2022-08-30T03:10:47Z
63287,186985,3.0,1661829673,2022-08-30T03:21:13Z
63287,200838,3.5,1662517350,2022-09-07T02:22:30Z
63287,200820,3.5,1662517360,2022-09-07T02:22:40Z
63287,211670,4.0,1666544815,2022-10-23T17:06:55Z
63287,168250,5.0,1666932841,2022-10-28T04:54:01Z
63287,275245,5.0,1674098044,2023-01-19T03:14:04Z
63287,231413,4.0,1675473691,2023-02-04T01:21:31Z
63287,272079,3.5,1675476656,2023-02-04T02:10:56Z
63287,146309,4.5,1676085084,2023-02-11T03:11:24Z
63287,193916,5.0,1676157723,2023-02-11T23:22:03Z
63287,252932,4.5,1676157766,2023-02-11T23:22:46Z
63287,206393,5.0,1685824691,2023-06-03T20:38:11Z
63287,282901,3.0,1689990640,2023-07-22T01:50:40Z
63287,177939,4.5,1691359453,2023-08-06T22:04:13Z
63433,200820,4.5,1576496261,2019-12-16T11:37:41Z
63433,200838,4.0,1576497418,2019-12-16T11:56:58Z
63433,273891,4.5,1667139040,2022-10-30T14:10:40Z
63433,275245,4.5,1667139056,2022-10-30T14:10:56Z
63433,168250,4.0,1667139275,2022-10-30T14:14:35Z
63433,257037,3.5,1667139770,2022-10-30T14:22:50Z
63433,210577,3.0,1667140077,2022-10-30T14:27:57Z
63535,171013,4.5,1520890512,2018-03-12T21:35:12Z
63535,142566,2.0,1524031488,2018-04-18T06:04:48Z
63535,163134,4.5,1525071579,2018-04-30T06:59:39Z
63535,182479,3.5,1532762715,2018-07-28T07:25:15Z
63535,160848,2.5,1634884469,2021-10-22T06:34:29Z
63535,218657,4.0,1634904919,2021-10-22T12:15:19Z
63535,254464,4.0,1641966140,2022-01-12T05:42:20Z
63535,166291,4.0,1660655361,2022-08-16T13:09:21Z
63535,204158,4.0,1661338323,2022-08-24T10:52:03Z
63535,279094,3.5,1669632610,2022-11-28T10:50:10Z
63763,163134,3.5,1593350966,2020-06-28T13:29:26Z
63763,162968,5.0,1594519878,2020-07-12T02:11:18Z
63763,168218,5.0,1594519879,2020-07-12T02:11:19Z
63763,168090,5.0,1594519881,2020-07-12T02:11:21Z
63763,246604,5.0,1652528799,2022-05-14T11:46:39Z
63763,275245,3.0,1664031354,2022-09-24T14:55:54Z
63763,188623,4.5,1693460223,2023-08-31T05:37:03Z
63863,163134,5.0,1634570829,2021-10-18T15:27:09Z
63863,168250,5.0,1634570865,2021-10-18T15:27:45Z
63863,200838,4.0,1647139606,2022-03-13T02:46:46Z
63863,180091,4.0,1647139663,2022-03-13T02:47:43Z
63863,269766,4.0,1660911853,2022-08-19T12:24:13Z
63863,186985,3.5,1667560683,2022-11-04T11:18:03Z
63863,273891,4.0,1676079167,2023-02-11T01:32:47Z
64161,168250,2.5,1656070740,2022-06-24T11:39:00Z
64161,163134,3.0,1656170967,2022-06-25T15:29:27Z
64161,175283,2.5,1656336991,2022-06-27T13:36:31Z
64161,177939,1.0,1656336992,2022-06-27T13:36:32Z
64161,160848,3.0,1656336993,2022-06-27T13:36:33Z
64161,171013,1.0,1656336993,2022-06-27T13:36:33Z
64161,274993,3.0,1664472359,2022-09-29T17:25:59Z
64161,273891,1.0,1666594419,2022-10-24T06:53:39Z
64319,168250,3.0,1641760440,2022-01-09T20:34:00Z
64319,163134,2.0,1641761058,2022-01-09T20:44:18Z
64319,252932,1.0,1641838137,2022-01-10T18:08:57Z
64319,218657,2.0,1641838372,2022-01-10T18:12:52Z
64319,160848,1.5,1650788387,2022-04-24T08:19:47Z
64567,168250,4.5,1539563750,2018-10-15T00:35:50Z
64567,177939,4.0,1562548831,2019-07-08T01:20:31Z
64567,201704,4.5,1587322777,2020-04-19T18:59:37Z
64567,166291,4.0,1587323863,2020-04-19T19:17:43Z
64567,146309,3.5,1587324026,2020-04-19T19:20:26Z
64567,163134,4.5,1587324183,2020-04-19T19:23:03Z
64567,204158,3.5,1587324213,2020-04-19T19:23:33Z
64567,142566,4.0,1587324222,2020-04-19T19:23:42Z
64567,187145,4.0,1587324227,2020-04-19T19:23:47Z
64567,178907,4.0,1587324235,2020-04-19T19:23:55Z
64588,168250,4.0,1495386421,2017-05-21T17:07:01Z
64588,163134,4.0,1527859215,2018-06-01T13:20:15Z
64588,204158,3.5,1644326565,2022-02-08T13:22:45Z
64588,257037,2.5,1648669832,2022-03-30T19:50:32Z
64588,275245,3.5,1663598990,2022-09-19T14:49:50Z
64588,273891,4.5,1675682737,2023-02-06T11:25:37Z
64639,200838,3.0,1623199739,2021-06-09T00:48:59Z
64639,200820,3.0,1623199822,2021-06-09T00:50:22Z
64639,163134,5.0,1623232196,2021-06-09T09:49:56Z
64639,204158,4.0,1623922729,2021-06-17T09:38:49Z
64639,168250,4.0,1628558442,2021-08-10T01:20:42Z
64710,184641,0.5,1675514841,2023-02-04T12:47:21Z
64710,193583,4.0,1675514841,2023-02-04T12:47:21Z
64710,173007,2.5,1675514842,2023-02-04T12:47:22Z
64710,188773,4.0,1675514842,2023-02-04T12:47:22Z
64710,149146,1.5,1675535204,2023-02-04T18:26:44Z
64710,200820,2.5,1675535204,2023-02-04T18:26:44Z
64710,163134,2.5,1675535205,2023-02-04T18:26:45Z
64710,169400,1.5,1675535206,2023-02-04T18:26:46Z
64710,183661,2.5,1675535206,2023-02-04T18:26:46Z
64710,193533,2.5,1675535206,2023-02-04T18:26:46Z
64710,194797,3.5,1675535207,2023-02-04T18:26:47Z
64711,163134,4.5,1596619537,2020-08-05T09:25:37Z
64711,168250,5.0,1596689857,2020-08-06T04:57:37Z
64711,204158,4.5,1599024186,2020-09-02T05:23:06Z
64711,166291,4.5,1599301929,2020-09-05T10:32:09Z
64711,146309,4.0,1599301966,2020-09-05T10:32:46Z
64711,275245,3.5,1661394656,2022-08-25T02:30:56Z
64711,188623,4.0,1677694134,2023-03-01T18:08:54Z
64711,281188,4.0,1682069238,2023-04-21T09:27:18Z
64737,200820,0.5,1566004575,2019-08-17T01:16:15Z
64737,188773,3.5,1574768461,2019-11-26T11:41:01Z
64737,204158,3.0,1629248369,2021-08-18T00:59:29Z
64737,257037,4.0,1657024752,2022-07-05T12:39:12Z
64737,273891,3.5,1665852785,2022-10-15T16:53:05Z
64737,188623,5.0,1672503553,2022-12-31T16:19:13Z
64737,177939,2.0,1683971066,2023-05-13T09:44:26Z
64819,137863,3.5,1487098672,2017-02-14T18:57:52Z
64819,200838,3.0,1557663805,2019-05-12T12:23:25Z
64819,200820,2.5,1566249575,2019-08-19T21:19:35Z
64819,210577,2.5,1583184329,2020-03-02T21:25:29Z
64819,246604,3.0,1629405640,2021-08-19T20:40:40Z
64819,239256,1.5,1633646525,2021-10-07T22:42:05Z
64819,275245,3.0,1662836626,2022-09-10T19:03:46Z
64819,273891,3.0,1670877592,2022-12-12T20:39:52Z
64819,276231,3.0,1686075763,2023-06-06T18:22:43Z
64819,168250,4.0,1690662253,2023-07-29T20:24:13Z
65079,168250,4.0,1531335528,2018-07-11T18:58:48Z
65079,163134,4.5,1539804702,2018-10-17T19:31:42Z
65079,200820,3.0,1560836485,2019-06-18T05:41:25Z
65079,200838,2.5,1586725170,2020-04-12T20:59:30Z
65079,182479,3.5,1588542366,2020-05-03T21:46:06Z
65079,188623,4.5,1619381942,2021-04-25T20:19:02Z
65278,143367,4.0,1489344739,2017-03-12T18:52:19Z
65278,163134,4.0,1513806108,2017-12-20T21:41:48Z
65278,168250,3.5,1523870499,2018-04-16T09:21:39Z
65278,188623,3.5,1556104611,2019-04-24T11:16:51Z
65278,188773,4.0,1568840132,2019-09-18T20:55:32Z
65925,137863,2.5,1694343611,2023-09-10T11:00:11Z
65925,150395,3.0,1694343611,2023-09-10T11:00:11Z
65925,193763,3.0,1694343611,2023-09-10T11:00:11Z
65925,163056,4.0,1694343613,2023-09-10T11:00:13Z
65925,163134,4.5,1694343613,2023-09-10T11:00:13Z
65925,168250,4.5,1694343613,2023-09-10T11:00:13Z
65925,179411,4.0,1694343613,2023-09-10T11:00:13Z
65925,183661,2.0,1694343614,2023-09-10T11:00:14Z
65925,184641,2.5,1694343614,2023-09-10T11:00:14Z
65925,193533,3.0,1694343614,2023-09-10T11:00:14Z
65925,150776,3.0,1694343615,2023-09-10T11:00:15Z
65925,182479,3.5,1694343615,2023-09-10T11:00:15Z
65925,188773,5.0,1694343615,2023-09-10T11:00:15Z
65925,193041,4.0,1694343615,2023-09-10T11:00:15Z
65925,200820,2.0,1694343615,2023-09-10T11:00:15Z
65925,200838,3.0,1694343615,2023-09-10T11:00:15Z
65925,206299,3.5,1694343615,2023-09-10T11:00:15Z
65925,170887,3.5,1694343616,2023-09-10T11:00:16Z
65925,185905,3.5,1694343616,2023-09-10T11:00:16Z
65925,192981,3.5,1694343616,2023-09-10T11:00:16Z
65925,203735,2.5,1694343616,2023-09-10T11:00:16Z
65925,204158,4.0,1694343616,2023-09-10T11:00:16Z
65925,206393,4.0,1694343616,2023-09-10T11:00:16Z
65925,207297,4.0,1694343616,2023-09-10T11:00:16Z
65925,210577,2.0,1694343616,2023-09-10T11:00:16Z
65925,218657,3.0,1694343617,2023-09-10T11:00:17Z
65925,175299,3.0,1694343618,2023-09-10T11:00:18Z
65925,258001,4.5,1694343619,2023-09-10T11:00:19Z
65925,273891,2.5,1694343620,2023-09-10T11:00:20Z
65925,279452,3.5,1694343620,2023-09-10T11:00:20Z
65925,281188,4.0,1694343620,2023-09-10T11:00:20Z
66166,168250,4.0,1496765469,2017-06-06T16:11:09Z
66166,163056,3.0,1503736294,2017-08-26T08:31:34Z
66166,183661,3.0,1518459809,2018-02-12T18:23:29Z
66166,200820,4.0,1580538014,2020-02-01T06:20:14Z
66166,193041,3.0,1677272579,2023-02-24T21:02:59Z
66166,273891,4.0,1684271843,2023-05-16T21:17:23Z
66242,204158,4.5,1622805996,2021-06-04T11:26:36Z
66242,223570,4.0,1622884410,2021-06-05T09:13:30Z
66242,246604,5.0,1632524471,2021-09-24T23:01:11Z
66242,166291,4.5,1634500463,2021-10-17T19:54:23Z
66242,163134,4.0,1635990825,2021-11-04T01:53:45Z
66255,168250,4.0,1676779165,2023-02-19T03:59:25Z
66255,273891,3.0,1676781944,2023-02-19T04:45:44Z
66255,163056,4.0,1676782584,2023-02-19T04:56:24Z
66255,246604,5.0,1676783583,2023-02-19T05:13:03Z
66255,163134,3.5,1676783920,2023-02-19T05:18:40Z
66255,146309,3.0,1676824121,2023-02-19T16:28:41Z
66255,204158,3.0,1676824140,2023-02-19T16:29:00Z
66255,167850,3.0,1676824158,2023-02-19T16:29:18Z
66255,193916,3.0,1676824413,2023-02-19T16:33:33Z
66255,252932,3.5,1676824554,2023-02-19T16:35:54Z
66255,272079,3.0,1676824579,2023-02-19T16:36:19Z
66255,231413,3.5,1676826508,2023-02-19T17:08:28Z
66264,200820,5.0,1573342613,2019-11-09T23:36:53Z
66264,143367,5.0,1573413011,2019-11-10T19:10:11Z
66264,168250,3.0,1590358378,2020-05-24T22:12:58Z
66264,200838,3.0,1590358823,2020-05-24T22:20:23Z
66264,210577,3.0,1593374600,2020-06-28T20:03:20Z
66336,168250,5.0,1579268092,2020-01-17T13:34:52Z
66336,163056,4.0,1579312679,2020-01-18T01:57:59Z
66336,163134,4.0,1579316873,2020-01-18T03:07:53Z
66336,179411,4.0,1579567208,2020-01-21T00:40:08Z
66336,210577,3.5,1640748289,2021-12-29T03:24:49Z
66366,168250,4.0,1495415494,2017-05-22T01:11:34Z
66366,163056,5.0,1565018338,2019-08-05T15:18:58Z
66366,177229,3.0,1565023665,2019-08-05T16:47:45Z
66366,207297,4.0,1606580757,2020-11-28T16:25:57Z
66366,140108,3.5,1606580880,2020-11-28T16:28:00Z
66366,200820,2.5,1606587489,2020-11-28T18:18:09Z
66366,228749,3.5,1606587973,2020-11-28T18:26:13Z
66366,163134,4.0,1615761674,2021-03-14T22:41:14Z
66366,177939,5.0,1618023032,2021-04-10T02:50:32Z
66366,191763,3.0,1622470270,2021-05-31T14:11:10Z
66366,193041,5.0,1626587761,2021-07-18T05:56:01Z
66366,254464,3.5,1627268528,2021-07-26T03:02:08Z
66366,239256,2.5,1632751624,2021-09-27T14:07:04Z
66366,252932,3.5,1641219447,2022-01-03T14:17:27Z
66366,257037,3.5,1646848990,2022-03-09T18:03:10Z
66366,273891,4.0,1662256189,2022-09-04T01:49:49Z
66366,278428,4.0,1662256228,2022-09-04T01:50:28Z
66537,146309,3.5,1489994974,2017-03-20T07:29:34Z
66537,160848,5.0,1490244272,2017-03-23T04:44:32Z
66537,168250,4.0,1514369375,2017-12-27T10:09:35Z
66537,184509,2.5,1532933837,2018-07-30T06:57:17Z
66537,142566,2.5,1547975189,2019-01-20T09:06:29Z
66537,163134,4.0,1548494863,2019-01-26T09:27:43Z
66537,188773,4.0,1568263388,2019-09-12T04:43:08Z
66537,193916,2.0,1639990050,2021-12-20T08:47:30Z
66537,253332,3.0,1641110892,2022-01-02T08:08:12Z
66537,177939,3.0,1644223568,2022-02-07T08:46:08Z
66537,143367,2.5,1646817802,2022-03-09T09:23:22Z
66537,252932,4.0,1664696464,2022-10-02T07:41:04Z
66537,275245,4.5,1670220058,2022-12-05T06:00:58Z
66537,258001,4.0,1672483416,2022-12-31T10:43:36Z
66537,193041,4.0,1684115890,2023-05-15T01:58:10Z
66537,257037,3.0,1693030572,2023-08-26T06:16:12Z
66750,168250,5.0,1576727213,2019-12-19T03:46:53Z
66750,186985,5.0,1614910230,2021-03-05T02:10:30Z
66750,273891,3.0,1668312921,2022-11-13T04:15:21Z
66750,275245,4.5,1668312931,2022-11-13T04:15:31Z
66750,223310,4.5,1681078237,2023-04-09T22:10:37Z
66899,148855,4.5,1494458787,2017-05-10T23:26:27Z
66899,177119,4.5,1506898663,2017-10-01T22:57:43Z
66899,194797,4.0,1548891352,2019-01-30T23:35:52Z
66899,200838,5.0,1564805769,2019-08-03T04:16:09Z
66899,177869,4.5,1577659200,2019-12-29T22:40:00Z
66899,210577,4.0,1632699049,2021-09-26T23:30:49Z
66899,262113,3.5,1655167288,2022-06-14T00:41:28Z
66899,221256,4.0,1655167513,2022-06-14T00:45:13Z
66933,204158,4.0,1615787010,2021-03-15T05:43:30Z
66933,163134,3.5,1615788491,2021-03-15T06:08:11Z
66933,200838,4.0,1615789946,2021-03-15T06:32:26Z
66933,188623,4.0,1615823074,2021-03-15T15:44:34Z
66933,200820,3.5,1615823107,2021-03-15T15:45:07Z
66933,166291,4.0,1615823512,2021-03-15T15:51:52Z
66933,210577,4.0,1615823801,2021-03-15T15:56:41Z
67072,141432,3.0,1511737665,2017-11-26T23:07:45Z
67072,184509,3.5,1533022623,2018-07-31T07:37:03Z
67072,168250,3.5,1577400480,2019-12-26T22:48:00Z
67072,193041,3.5,1588442467,2020-05-02T18:01:07Z
67072,193916,3.0,1604357097,2020-11-02T22:44:57Z
67072,188773,4.0,1611499540,2021-01-24T14:45:40Z
67072,163134,3.5,1624201886,2021-06-20T15:11:26Z
67072,188623,3.5,1627418928,2021-07-27T20:48:48Z
67072,246604,3.0,1636330044,2021-11-08T00:07:24Z
67072,253332,2.5,1637883056,2021-11-25T23:30:56Z
67072,204158,3.0,1638535872,2021-12-03T12:51:12Z
67072,164204,3.0,1639259290,2021-12-11T21:48:10Z
67072,257037,4.0,1647288472,2022-03-14T20:07:52Z
67072,228225,2.5,1647872421,2022-03-21T14:20:21Z
67072,242062,3.5,1656275794,2022-06-26T20:36:34Z
67072,252932,3.0,1656366428,2022-06-27T21:47:08Z
67072,200794,3.0,1659376330,2022-08-01T17:52:10Z
67072,223310,3.0,1660741929,2022-08-17T13:12:09Z
67072,160848,3.5,1668895447,2022-11-19T22:04:07Z
67072,273891,3.0,1678972645,2023-03-16T13:17:25Z
67087,168250,3.5,1641586389,2022-01-07T20:13:09Z
67087,163134,4.5,1641589637,2022-01-07T21:07:17Z
67087,188623,4.0,1641589700,2022-01-07T21:08:20Z
67087,257037,2.0,1652724373,2022-05-16T18:06:13Z
67087,275245,1.5,1679294328,2023-03-20T06:38:48Z
67189,275245,3.5,1681949595,2023-04-20T00:13:15Z
67189,252932,3.0,1681949689,2023-04-20T00:14:49Z
67189,281188,3.0,1681949691,2023-04-20T00:14:51Z
67189,283791,2.5,1681949694,2023-04-20T00:14:54Z
67189,200820,2.0,1681949698,2023-04-20T00:14:58Z
67189,165105,2.5,1681949700,2023-04-20T00:15:00Z
67189,163134,3.0,1681949702,2023-04-20T00:15:02Z
67189,166291,3.0,1681949702,2023-04-20T00:15:02Z
67189,168250,3.5,1681949702,2023-04-20T00:15:02Z
67189,178907,3.0,1681949705,2023-04-20T00:15:05Z
67227,189743,3.0,1630897362,2021-09-06T03:02:42Z
67227,169400,3.5,1630897755,2021-09-06T03:09:15Z
67227,163134,4.0,1630899655,2021-09-06T03:40:55Z
67227,166291,3.5,1630900215,2021-09-06T03:50:15Z
67227,169022,4.5,1630932061,2021-09-06T12:41:01Z
67227,177939,3.5,1697159031,2023-10-13T01:03:51Z
67352,188773,5.0,1622965382,2021-06-06T07:43:02Z
67352,140106,3.5,1622965406,2021-06-06T07:43:26Z
67352,168250,3.5,1622967526,2021-06-06T08:18:46Z
67352,164204,4.5,1622974865,2021-06-06T10:21:05Z
67352,188623,4.0,1622974870,2021-06-06T10:21:10Z
67352,228225,4.5,1622976796,2021-06-06T10:53:16Z
67352,163134,3.5,1622976881,2021-06-06T10:54:41Z
67513,168250,4.0,1595344734,2020-07-21T15:18:54Z
67513,163134,5.0,1595345868,2020-07-21T15:37:48Z
67513,200838,4.0,1595347299,2020-07-21T16:01:39Z
67513,188623,3.5,1595506145,2020-07-23T12:09:05Z
67513,202389,4.0,1595506944,2020-07-23T12:22:24Z
67513,191003,5.0,1595506971,2020-07-23T12:22:51Z
67513,150395,3.0,1595530680,2020-07-23T18:58:00Z
67513,207297,5.0,1595692880,2020-07-25T16:01:20Z
67513,161594,4.0,1595698183,2020-07-25T17:29:43Z
67513,166291,5.0,1598381182,2020-08-25T18:46:22Z
67513,193533,5.0,1610855228,2021-01-17T03:47:08Z
67513,235631,3.5,1610933208,2021-01-18T01:26:48Z
67513,215733,5.0,1611782203,2021-01-27T21:16:43Z
67513,173935,4.0,1611782472,2021-01-27T21:21:12Z
67513,236887,3.0,1611851053,2021-01-28T16:24:13Z
67513,244038,4.5,1616446739,2021-03-22T20:58:59Z
67513,201706,5.0,1616446791,2021-03-22T20:59:51Z
67513,191005,3.5,1617978049,2021-04-09T14:20:49Z
67513,199231,3.5,1617978064,2021-04-09T14:21:04Z
67513,218273,2.5,1617978067,2021-04-09T14:21:07Z
67513,231915,3.5,1617979067,2021-04-09T14:37:47Z
67513,219272,3.5,1617979245,2021-04-09T14:40:45Z
67513,185539,3.5,1622148603,2021-05-27T20:50:03Z
67513,254624,3.5,1628453153,2021-08-08T20:05:53Z
67513,202249,3.5,1628706969,2021-08-11T18:36:09Z
67513,252308,3.5,1629125030,2021-08-16T14:43:50Z
67513,210283,2.5,1645113233,2022-02-17T15:53:53Z
67513,220534,2.5,1645113268,2022-02-17T15:54:28Z
67513,273891,5.0,1660139133,2022-08-10T13:45:33Z
67513,275245,4.0,1662929300,2022-09-11T20:48:20Z
67754,210577,3.0,1618406923,2021-04-14T13:28:43Z
67754,143367,2.0,1618406926,2021-04-14T13:28:46Z
67754,163134,5.0,1618406927,2021-04-14T13:28:47Z
67754,168250,1.0,1618406927,2021-04-14T13:28:47Z
67754,200838,2.5,1618406928,2021-04-14T13:28:48Z
67754,182467,2.0,1618406929,2021-04-14T13:28:49Z
67754,188623,1.5,1618406931,2021-04-14T13:28:51Z
67754,188773,3.0,1618406933,2021-04-14T13:28:53Z
67854,168250,4.0,1499464149,2017-07-07T21:49:09Z
67854,163134,5.0,1501883093,2017-08-04T21:44:53Z
67854,188773,4.5,1545943790,2018-12-27T20:49:50Z
67854,183661,2.0,1547407124,2019-01-13T19:18:44Z
67854,140106,4.5,1553353743,2019-03-23T15:09:03Z
67854,177939,4.0,1580943815,2020-02-05T23:03:35Z
67854,207297,4.0,1582300400,2020-02-21T15:53:20Z
67854,275245,3.5,1662237904,2022-09-03T20:45:04Z
68065,163134,5.0,1587853397,2020-04-25T22:23:17Z
68065,193916,5.0,1587853455,2020-04-25T22:24:15Z
68065,166291,3.0,1595971365,2020-07-28T21:22:45Z
68065,146309,4.5,1596297206,2020-08-01T15:53:26Z
68065,192209,3.0,1597586884,2020-08-16T14:08:04Z
68065,204158,4.5,1600820185,2020-09-23T00:16:25Z
68065,210577,1.5,1602032765,2020-10-07T01:06:05Z
68065,143367,2.5,1605482268,2020-11-15T23:17:48Z
68068,163134,5.0,1581002954,2020-02-06T15:29:14Z
68068,168250,5.0,1618743824,2021-04-18T11:03:44Z
68068,166291,5.0,1618744064,2021-04-18T11:07:44Z
68068,204158,3.5,1618744940,2021-04-18T11:22:20Z
68068,187145,5.0,1619245216,2021-04-24T06:20:16Z
68068,146309,4.5,1619245261,2021-04-24T06:21:01Z
68110,163134,5.0,1508621465,2017-10-21T21:31:05Z
68110,168250,3.5,1520375539,2018-03-06T22:32:19Z
68110,188623,4.5,1550146880,2019-02-14T12:21:20Z
68110,188773,4.0,1585451348,2020-03-29T03:09:08Z
68110,231413,3.5,1626528683,2021-07-17T13:31:23Z
68110,204158,4.0,1627905112,2021-08-02T11:51:52Z
68110,255639,1.5,1629752262,2021-08-23T20:57:42Z
68110,166291,3.5,1630629540,2021-09-03T00:39:00Z
68110,246604,4.0,1639852171,2021-12-18T18:29:31Z
68110,281188,3.5,1682015721,2023-04-20T18:35:21Z
68110,206393,3.0,1688518096,2023-07-05T00:48:16Z
68110,223570,3.5,1691429043,2023-08-07T17:24:03Z
68410,146309,4.5,1477603230,2016-10-27T21:20:30Z
68410,163134,4.5,1498396709,2017-06-25T13:18:29Z
68410,166291,5.0,1499440935,2017-07-07T15:22:15Z
68410,177939,4.5,1546029369,2018-12-28T20:36:09Z
68410,188773,4.5,1558387477,2019-05-20T21:24:37Z
68410,160848,2.0,1559515674,2019-06-02T22:47:54Z
68410,168250,2.5,1563999365,2019-07-24T20:16:05Z
68410,201706,2.5,1582935364,2020-02-29T00:16:04Z
68410,188623,3.5,1597874203,2020-08-19T21:56:43Z
68410,206393,3.0,1597961951,2020-08-20T22:19:11Z
68410,198611,4.5,1598306639,2020-08-24T22:03:59Z
68410,204158,3.5,1599600079,2020-09-08T21:21:19Z
68410,187145,4.5,1603581919,2020-10-24T23:25:19Z
68413,163134,5.0,1566947785,2019-08-27T23:16:25Z
68413,146309,3.0,1566947939,2019-08-27T23:18:59Z
68413,166291,5.0,1580767679,2020-02-03T22:07:59Z
68413,168250,3.5,1580767712,2020-02-03T22:08:32Z
68413,204158,4.0,1630036390,2021-08-27T03:53:10Z
68448,163134,5.0,1495334428,2017-05-21T02:40:28Z
68448,182479,4.0,1543720530,2018-12-02T03:15:30Z
68448,192209,3.5,1556165254,2019-04-25T04:07:34Z
68448,200838,4.5,1559794629,2019-06-06T04:17:09Z
68448,166291,4.0,1570339775,2019-10-06T05:29:35Z
68448,201488,3.0,1570339776,2019-10-06T05:29:36Z
68448,220908,1.0,1595655220,2020-07-25T05:33:40Z
68448,239468,3.5,1613191864,2021-02-13T04:51:04Z
68518,160848,3.0,1573645231,2019-11-13T11:40:31Z
68518,171013,2.5,1573645232,2019-11-13T11:40:32Z
68518,163134,4.0,1573645233,2019-11-13T11:40:33Z
68518,168250,4.0,1573645233,2019-11-13T11:40:33Z
68518,188773,4.0,1573645234,2019-11-13T11:40:34Z
68518,166291,2.5,1617049751,2021-03-29T20:29:11Z
68560,168250,3.5,1497690101,2017-06-17T09:01:41Z
68560,188623,2.5,1560776378,2019-06-17T12:59:38Z
68560,140106,4.0,1560776503,2019-06-17T13:01:43Z
68560,188773,5.0,1560776618,2019-06-17T13:03:38Z
68560,203252,0.5,1560777011,2019-06-17T13:10:11Z
68560,163134,3.5,1560777066,2019-06-17T13:11:06Z
68639,168250,4.0,1490651551,2017-03-27T21:52:31Z
68639,188773,4.0,1547236046,2019-01-11T19:47:26Z
68639,200820,2.0,1574974746,2019-11-28T20:59:06Z
68639,143531,3.0,1630388790,2021-08-31T05:46:30Z
68639,257037,4.0,1648564206,2022-03-29T14:30:06Z
68639,275245,4.0,1660753030,2022-08-17T16:17:10Z
68639,273891,3.5,1672593819,2023-01-01T17:23:39Z
68808,160848,3.0,1482956248,2016-12-28T20:17:28Z
68808,163134,4.0,1506790950,2017-09-30T17:02:30Z
68808,185539,3.5,1521942539,2018-03-25T01:48:59Z
68808,196233,3.5,1550084372,2019-02-13T18:59:32Z
68808,166291,3.5,1570295268,2019-10-05T17:07:48Z
69240,188773,3.5,1633857476,2021-10-10T09:17:56Z
69240,257037,4.0,1641391874,2022-01-05T14:11:14Z
69240,163134,4.0,1647550643,2022-03-17T20:57:23Z
69240,166291,3.5,1647550643,2022-03-17T20:57:23Z
69240,192981,3.0,1647550643,2022-03-17T20:57:23Z
69240,198611,3.5,1647550643,2022-03-17T20:57:23Z
69240,204158,3.5,1647550644,2022-03-17T20:57:24Z
69240,168250,4.0,1667888670,2022-11-08T06:24:30Z
69279,160848,2.5,1616334626,2021-03-21T13:50:26Z
69279,168250,3.0,1616339332,2021-03-21T15:08:52Z
69279,163134,2.5,1616341970,2021-03-21T15:52:50Z
69279,200838,3.0,1616344899,2021-03-21T16:41:39Z
69279,146309,3.0,1616345361,2021-03-21T16:49:21Z
69279,180091,2.0,1616345952,2021-03-21T16:59:12Z
69279,177285,2.0,1616346068,2021-03-21T17:01:08Z
69279,213367,0.5,1616421626,2021-03-22T14:00:26Z
69279,200820,1.5,1616421669,2021-03-22T14:01:09Z
69279,210577,1.5,1623443012,2021-06-11T20:23:32Z
69279,262529,2.5,1635524953,2021-10-29T16:29:13Z
69279,289563,2.5,1692281779,2023-08-17T14:16:19Z
69279,273891,4.0,1693681071,2023-09-02T18:57:51Z
69453,168250,4.5,1531855618,2018-07-17T19:26:58Z
69453,163134,3.0,1555019527,2019-04-11T21:52:07Z
69453,188773,4.0,1595277430,2020-07-20T20:37:10Z
69453,188623,3.5,1625339133,2021-07-03T19:05:33Z
69453,257037,3.5,1654943023,2022-06-11T10:23:43Z
69632,148855,0.5,1554801430,2019-04-09T09:17:10Z
69632,163056,0.5,1554801430,2019-04-09T09:17:10Z
69632,143367,4.0,1554801433,2019-04-09T09:17:13Z
69632,161594,3.0,1554801434,2019-04-09T09:17:14Z
69632,177119,0.5,1554801436,2019-04-09T09:17:16Z
69659,200838,3.5,1589943406,2020-05-20T02:56:46Z
69659,200820,3.0,1593365000,2020-06-28T17:23:20Z
69659,168250,4.0,1593795752,2020-07-03T17:02:32Z
69659,210577,4.0,1594597359,2020-07-12T23:42:39Z
69659,263555,2.5,1642095808,2022-01-13T17:43:28Z
69659,253332,2.5,1647036422,2022-03-11T22:07:02Z
69722,168250,4.0,1681673148,2023-04-16T19:25:48Z
69722,275245,4.0,1681673812,2023-04-16T19:36:52Z
69722,188623,4.0,1681673891,2023-04-16T19:38:11Z
69722,273891,4.0,1681682239,2023-04-16T21:57:19Z
69722,200838,4.0,1683489817,2023-05-07T20:03:37Z
69722,193041,4.0,1683490108,2023-05-07T20:08:28Z
69728,188623,3.5,1554251245,2019-04-03T00:27:25Z
69728,163134,3.5,1554251856,2019-04-03T00:37:36Z
69728,143367,4.0,1554252019,2019-04-03T00:40:19Z
69728,142566,3.5,1554255027,2019-04-03T01:30:27Z
69728,150776,2.5,1554255462,2019-04-03T01:37:42Z
69728,143531,3.5,1554255810,2019-04-03T01:43:30Z
70117,163134,4.5,1538258736,2018-09-29T22:05:36Z
70117,168250,4.5,1538772600,2018-10-05T20:50:00Z
70117,188773,4.0,1586042123,2020-04-04T23:15:23Z
70117,275245,4.0,1672617409,2023-01-01T23:56:49Z
70117,273891,3.5,1680388057,2023-04-01T22:27:37Z
70154,168250,4.0,1495377371,2017-05-21T14:36:11Z
70154,143367,4.0,1528446717,2018-06-08T08:31:57Z
70154,188623,4.0,1537716673,2018-09-23T15:31:13Z
70154,196937,4.0,1549531014,2019-02-07T09:16:54Z
70154,188773,4.0,1564260169,2019-07-27T20:42:49Z
70154,163056,3.5,1590957529,2020-05-31T20:38:49Z
70192,168250,4.0,1496104541,2017-05-30T00:35:41Z
70192,188773,3.0,1548120941,2019-01-22T01:35:41Z
70192,193916,3.5,1550618140,2019-02-19T23:15:40Z
70192,224841,3.5,1610036419,2021-01-07T16:20:19Z
70192,275245,3.5,1672871875,2023-01-04T22:37:55Z
70192,257037,3.0,1673551737,2023-01-12T19:28:57Z
70313,163134,5.0,1540837620,2018-10-29T18:27:00Z
70313,182479,4.5,1540837724,2018-10-29T18:28:44Z
70313,170125,4.5,1540837832,2018-10-29T18:30:32Z
70313,166291,5.0,1540837862,2018-10-29T18:31:02Z
70313,178111,3.0,1540837870,2018-10-29T18:31:10Z
70313,192209,4.5,1540838018,2018-10-29T18:33:38Z
70313,146309,5.0,1540838030,2018-10-29T18:33:50Z
70313,166295,5.0,1540838122,2018-10-29T18:35:22Z
70362,168250,4.0,1544682454,2018-12-13T06:27:34Z
70362,160848,3.5,1544752354,2018-12-14T01:52:34Z
70362,143367,3.5,1544764682,2018-12-14T05:18:02Z
70362,200820,2.0,1579250813,2020-01-17T08:46:53Z
70362,188623,3.5,1579784819,2020-01-23T13:06:59Z
70418,163134,5.0,1491884626,2017-04-11T04:23:46Z
70418,143367,3.0,1493778027,2017-05-03T02:20:27Z
70418,168250,4.0,1494594097,2017-05-12T13:01:37Z
70418,166974,4.5,1502506911,2017-08-12T03:01:51Z
70418,163056,4.0,1506997278,2017-10-03T02:21:18Z
70484,163134,2.5,1499011502,2017-07-02T16:05:02Z
70484,188623,3.5,1536784699,2018-09-12T20:38:19Z
70484,175299,4.0,1537824761,2018-09-24T21:32:41Z
70484,188773,3.5,1552583828,2019-03-14T17:17:08Z
70484,146309,3.5,1564581492,2019-07-31T13:58:12Z
70484,168250,3.5,1575774036,2019-12-08T03:00:36Z
70484,257037,4.0,1659561409,2022-08-03T21:16:49Z
70719,204158,3.5,1654435275,2022-06-05T13:21:15Z
70719,178111,2.0,1654580553,2022-06-07T05:42:33Z
70719,198611,3.5,1654583483,2022-06-07T06:31:23Z
70719,166291,3.5,1654583492,2022-06-07T06:31:32Z
70719,168250,4.0,1654754828,2022-06-09T06:07:08Z
70740,168250,3.5,1593066660,2020-06-25T06:31:00Z
70740,193041,3.5,1602608251,2020-10-13T16:57:31Z
70740,210577,1.5,1607665504,2020-12-11T05:45:04Z
70740,200838,2.5,1614930129,2021-03-05T07:42:09Z
70740,188773,4.0,1614934880,2021-03-05T09:01:20Z
70740,207297,2.5,1622267710,2021-05-29T05:55:10Z
70740,253332,1.5,1632237492,2021-09-21T15:18:12Z
70740,163056,3.0,1641988944,2022-01-12T12:02:24Z
70740,200820,1.5,1641988974,2022-01-12T12:02:54Z
70740,239256,2.0,1645788859,2022-02-25T11:34:19Z
70740,257037,3.5,1650358834,2022-04-19T09:00:34Z
70740,216199,2.0,1660639323,2022-08-16T08:42:03Z
70740,273891,3.5,1667186094,2022-10-31T03:14:54Z
70740,275245,4.0,1668929171,2022-11-20T07:26:11Z
70740,228225,2.5,1669334363,2022-11-24T23:59:23Z
70861,137863,2.5,1525539439,2018-05-05T16:57:19Z
70861,175283,1.0,1530095430,2018-06-27T10:30:30Z
70861,163134,4.0,1530178936,2018-06-28T09:42:16Z
70861,192209,4.5,1544997382,2018-12-16T21:56:22Z
70861,182479,4.0,1577513058,2019-12-28T06:04:18Z
70861,186985,4.0,1607040725,2020-12-04T00:12:05Z
71026,160848,4.5,1598186202,2020-08-23T12:36:42Z
71026,163134,4.5,1598186205,2020-08-23T12:36:45Z
71026,168250,3.5,1598186205,2020-08-23T12:36:45Z
71026,200838,4.0,1598186206,2020-08-23T12:36:46Z
71026,188623,3.0,1614671493,2021-03-02T07:51:33Z
71074,163134,5.0,1516370771,2018-01-19T14:06:11Z
71074,168250,4.0,1516374322,2018-01-19T15:05:22Z
71074,166291,4.0,1519681704,2018-02-26T21:48:24Z
71074,200838,3.5,1579299646,2020-01-17T22:20:46Z
71074,231413,4.0,1619881286,2021-05-01T15:01:26Z
71074,275245,3.0,1667224822,2022-10-31T14:00:22Z
71074,193916,3.0,1667736737,2022-11-06T12:12:17Z
71074,281188,4.5,1681474376,2023-04-14T12:12:56Z
71074,204158,4.5,1686292066,2023-06-09T06:27:46Z
71234,163134,4.5,1493674706,2017-05-01T21:38:26Z
71234,166291,4.0,1515163718,2018-01-05T14:48:38Z
71234,177285,3.5,1533495541,2018-08-05T18:59:01Z
71234,170125,3.5,1533668759,2018-08-07T19:05:59Z
71234,169400,4.5,1533747657,2018-08-08T17:00:57Z
71234,173007,4.5,1533842968,2018-08-09T19:29:28Z
71234,168250,4.5,1547067110,2019-01-09T20:51:50Z
71234,192209,4.0,1574960335,2019-11-28T16:58:55Z
71234,206093,3.5,1575740770,2019-12-07T17:46:10Z
71234,179411,4.0,1611927640,2021-01-29T13:40:40Z
71362,163134,5.0,1547249015,2019-01-11T23:23:35Z
71362,196937,5.0,1547956860,2019-01-20T04:01:00Z
71362,188773,4.0,1686014975,2023-06-06T01:29:35Z
71362,204158,3.0,1686031436,2023-06-06T06:03:56Z
71362,275245,5.0,1686149174,2023-06-07T14:46:14Z
71523,146309,4.0,1657920079,2022-07-15T21:21:19Z
71523,163134,4.0,1657921185,2022-07-15T21:39:45Z
71523,182479,4.5,1657921200,2022-07-15T21:40:00Z
71523,166291,4.0,1657921274,2022-07-15T21:41:14Z
71523,257037,0.5,1657921371,2022-07-15T21:42:51Z
71523,204158,4.5,1657922061,2022-07-15T21:54:21Z
71523,253826,4.0,1657922375,2022-07-15T21:59:35Z
71523,171013,5.0,1657922613,2022-07-15T22:03:33Z
71523,184835,4.5,1657922688,2022-07-15T22:04:48Z
71523,161594,3.0,1657922820,2022-07-15T22:07:00Z
71523,198611,4.5,1657923225,2022-07-15T22:13:45Z
71523,193916,4.5,1657923239,2022-07-15T22:13:59Z
71523,219328,0.5,1657923274,2022-07-15T22:14:34Z
71523,218657,5.0,1657923394,2022-07-15T22:16:34Z
71523,260645,0.5,1657923413,2022-07-15T22:16:53Z
71523,224465,4.0,1657923497,2022-07-15T22:18:17Z
71523,238036,4.0,1657923819,2022-07-15T22:23:39Z
71523,164395,0.5,1657924057,2022-07-15T22:27:37Z
71523,168090,4.0,1657924850,2022-07-15T22:40:50Z
71523,168218,3.0,1657925008,2022-07-15T22:43:28Z
71523,141432,0.5,1657926125,2022-07-15T23:02:05Z
71543,168250,4.5,1490082789,2017-03-21T07:53:09Z
71543,140106,4.0,1605223763,2020-11-12T23:29:23Z
71543,188773,4.0,1606516845,2020-11-27T22:40:45Z
71543,193041,2.5,1622496693,2021-05-31T21:31:33Z
71543,188623,3.0,1639521762,2021-12-14T22:42:42Z
71543,275245,2.0,1666391677,2022-10-21T22:34:37Z
71591,146309,4.0,1586972359,2020-04-15T17:39:19Z
71591,163134,4.5,1586972360,2020-04-15T17:39:20Z
71591,166291,5.0,1586972360,2020-04-15T17:39:20Z
71591,169022,3.5,1586972360,2020-04-15T17:39:20Z
71591,169400,3.0,1586972360,2020-04-15T17:39:20Z
71591,200838,3.0,1586972360,2020-04-15T17:39:20Z
71689,137863,1.0,1547646730,2019-01-16T13:52:10Z
71689,168250,3.0,1549792709,2019-02-10T09:58:29Z
71689,148855,5.0,1549813039,2019-02-10T15:37:19Z
71689,171071,5.0,1549813118,2019-02-10T15:38:38Z
71689,178907,5.0,1549892295,2019-02-11T13:38:15Z
71689,168090,4.5,1549892483,2019-02-11T13:41:23Z
71720,163134,4.0,1655136510,2022-06-13T16:08:30Z
71720,166291,4.0,1655136510,2022-06-13T16:08:30Z
71720,257037,4.5,1655136593,2022-06-13T16:09:53Z
71720,253332,4.0,1655136609,2022-06-13T16:10:09Z
71720,242062,3.5,1655137074,2022-06-13T16:17:54Z
71720,246604,4.5,1655137074,2022-06-13T16:17:54Z
71720,168250,4.0,1655137078,2022-06-13T16:17:58Z
71720,274993,3.5,1655137078,2022-06-13T16:17:58Z
71720,143367,3.5,1655137079,2022-06-13T16:17:59Z
71720,188623,4.5,1655137079,2022-06-13T16:17:59Z
71720,188773,4.5,1655137079,2022-06-13T16:17:59Z
71720,193916,3.5,1655137079,2022-06-13T16:17:59Z
71720,200838,2.5,1655137079,2022-06-13T16:17:59Z
71720,204158,3.5,1655137079,2022-06-13T16:17:59Z
71720,209949,2.5,1655137079,2022-06-13T16:17:59Z
71831,168250,4.0,1565208666,2019-08-07T20:11:06Z
71831,200820,3.0,1587090098,2020-04-17T02:21:38Z
71831,188623,3.5,1609460513,2021-01-01T00:21:53Z
71831,275245,4.0,1658540019,2022-07-23T01:33:39Z
71831,273891,3.0,1688491497,2023-07-04T17:24:57Z
71952,168250,4.0,1535157528,2018-08-25T00:38:48Z
71952,210577,1.5,1582947955,2020-02-29T03:45:55Z
71952,204158,3.0,1582947999,2020-02-29T03:46:39Z
71952,171013,4.0,1604807350,2020-11-08T03:49:10Z
71952,207297,3.5,1611640941,2021-01-26T06:02:21Z
71952,258001,4.0,1650997675,2022-04-26T18:27:55Z
71952,257037,3.5,1650998212,2022-04-26T18:36:52Z
71952,275245,4.5,1660675521,2022-08-16T18:45:21Z
71952,273891,2.0,1660675565,2022-08-16T18:46:05Z
71952,281188,2.5,1683289630,2023-05-05T12:27:10Z
71952,289097,2.0,1695040540,2023-09-18T12:35:40Z
72096,188773,4.0,1557029018,2019-05-05T04:03:38Z
72096,188623,5.0,1557029022,2019-05-05T04:03:42Z
72096,166974,3.5,1557047010,2019-05-05T09:03:30Z
72096,150776,2.0,1557047581,2019-05-05T09:13:01Z
72096,168250,4.5,1557049218,2019-05-05T09:40:18Z
72096,184275,3.0,1557072980,2019-05-05T16:16:20Z
72096,145034,4.0,1557073003,2019-05-05T16:16:43Z
72149,163134,5.0,1634996693,2021-10-23T13:44:53Z
72149,166291,5.0,1634996717,2021-10-23T13:45:17Z
72149,182479,5.0,1634996725,2021-10-23T13:45:25Z
72149,204158,5.0,1634996730,2021-10-23T13:45:30Z
72149,177939,5.0,1634996771,2021-10-23T13:46:11Z
72149,231413,5.0,1634996779,2021-10-23T13:46:19Z
72149,146309,3.5,1634996801,2021-10-23T13:46:41Z
72149,178111,5.0,1634996820,2021-10-23T13:47:00Z
72149,171013,5.0,1634996834,2021-10-23T13:47:14Z
72149,169022,3.5,1634996873,2021-10-23T13:47:53Z
72149,184835,5.0,1634996919,2021-10-23T13:48:39Z
72149,166295,5.0,1634996926,2021-10-23T13:48:46Z
72149,249180,5.0,1634996929,2021-10-23T13:48:49Z
72149,218657,5.0,1634996984,2021-10-23T13:49:44Z
72149,246604,5.0,1634996986,2021-10-23T13:49:46Z
72149,192209,4.0,1634997004,2021-10-23T13:50:04Z
72149,142566,5.0,1634997026,2021-10-23T13:50:26Z
72453,218657,3.0,1644447135,2022-02-09T22:52:15Z
72453,210641,1.5,1644447264,2022-02-09T22:54:24Z
72453,182479,2.5,1644449652,2022-02-09T23:34:12Z
72453,193916,1.5,1644449753,2022-02-09T23:35:53Z
72453,192649,3.0,1644449864,2022-02-09T23:37:44Z
72453,213353,2.0,1644449866,2022-02-09T23:37:46Z
72453,213367,2.0,1644450240,2022-02-09T23:44:00Z
72453,204158,3.5,1644554320,2022-02-11T04:38:40Z
72453,163134,3.5,1644554437,2022-02-11T04:40:37Z
72453,142374,1.5,1644555318,2022-02-11T04:55:18Z
72453,140805,2.5,1644555323,2022-02-11T04:55:23Z
72453,238036,2.5,1644555782,2022-02-11T05:03:02Z
72453,178111,3.5,1644555926,2022-02-11T05:05:26Z
72453,210577,1.5,1645044969,2022-02-16T20:56:09Z
72453,166291,3.5,1645053644,2022-02-16T23:20:44Z
72477,168250,3.5,1588290121,2020-04-30T23:42:01Z
72477,200838,1.5,1588290927,2020-04-30T23:55:27Z
72477,143367,4.5,1588291673,2020-05-01T00:07:53Z
72477,188773,4.5,1588339361,2020-05-01T13:22:41Z
72477,188623,4.0,1590124210,2020-05-22T05:10:10Z
72551,207323,4.0,1578073672,2020-01-03T17:47:52Z
72551,188773,3.0,1578073673,2020-01-03T17:47:53Z
72551,193041,4.5,1578073673,2020-01-03T17:47:53Z
72551,192903,2.0,1595795439,2020-07-26T20:30:39Z
72551,210221,3.5,1595795439,2020-07-26T20:30:39Z
72590,163134,4.5,1581730465,2020-02-15T01:34:25Z
72590,160848,4.5,1581730670,2020-02-15T01:37:50Z
72590,188623,4.0,1581792003,2020-02-15T18:40:03Z
72590,168250,5.0,1581792287,2020-02-15T18:44:47Z
72590,193041,4.0,1589398075,2020-05-13T19:27:55Z
72795,146309,5.0,1585639823,2020-03-31T07:30:23Z
72795,163134,5.0,1618394134,2021-04-14T09:55:34Z
72795,186985,4.0,1619075994,2021-04-22T07:19:54Z
72795,173007,3.0,1649790638,2022-04-12T19:10:38Z
72795,204158,4.5,1673956013,2023-01-17T11:46:53Z
72795,272555,3.5,1676793822,2023-02-19T08:03:42Z
72871,168250,5.0,1495290540,2017-05-20T14:29:00Z
72871,193041,5.0,1557638019,2019-05-12T05:13:39Z
72871,200838,2.5,1569772894,2019-09-29T16:01:34Z
72871,275245,2.5,1658812756,2022-07-26T05:19:16Z
72871,284377,3.5,1680829634,2023-04-07T01:07:14Z
72952,163134,5.0,1619646246,2021-04-28T21:44:06Z
72952,166291,4.5,1619648088,2021-04-28T22:14:48Z
72952,198611,5.0,1619918323,2021-05-02T01:18:43Z
72952,204158,3.5,1622753902,2021-06-03T20:58:22Z
72952,257037,4.0,1644712691,2022-02-13T00:38:11Z
72955,164204,4.0,1564168537,2019-07-26T19:15:37Z
72955,253332,3.0,1661537344,2022-08-26T18:09:04Z
72955,273891,3.0,1669936266,2022-12-01T23:11:06Z
72955,246604,4.0,1671975505,2022-12-25T13:38:25Z
72955,143367,4.0,1680931573,2023-04-08T05:26:13Z
73054,200820,2.0,1601404297,2020-09-29T18:31:37Z
73054,210577,1.5,1601404297,2020-09-29T18:31:37Z
73054,212383,3.5,1601404298,2020-09-29T18:31:38Z
73054,163134,4.0,1601404300,2020-09-29T18:31:40Z
73054,168250,4.0,1601404300,2020-09-29T18:31:40Z
73054,161594,3.5,1601404301,2020-09-29T18:31:41Z
73054,188773,4.0,1601404303,2020-09-29T18:31:43Z
73054,212385,3.0,1601404303,2020-09-29T18:31:43Z
73054,194797,1.0,1601404304,2020-09-29T18:31:44Z
73206,163134,4.0,1640702327,2021-12-28T14:38:47Z
73206,168250,3.5,1645362032,2022-02-20T13:00:32Z
73206,193916,3.0,1646147663,2022-03-01T15:14:23Z
73206,272457,0.5,1648655170,2022-03-30T15:46:10Z
73206,177291,3.0,1648655373,2022-03-30T15:49:33Z
73206,272461,4.0,1648664492,2022-03-30T18:21:32Z
73206,272463,5.0,1648670631,2022-03-30T20:03:51Z
73206,200838,4.5,1657243520,2022-07-08T01:25:20Z
73206,272079,4.5,1665177262,2022-10-07T21:14:22Z
73206,192649,4.0,1669155823,2022-11-22T22:23:43Z
73206,213353,5.0,1669155830,2022-11-22T22:23:50Z
73206,263555,4.5,1669155836,2022-11-22T22:23:56Z
73206,231413,4.5,1669854009,2022-12-01T00:20:09Z
73206,193583,4.0,1669854131,2022-12-01T00:22:11Z
73206,196937,3.0,1669932772,2022-12-01T22:12:52Z
73206,273891,3.0,1669933062,2022-12-01T22:17:42Z
73206,166295,4.5,1676751436,2023-02-18T20:17:16Z
73375,168250,5.0,1625423188,2021-07-04T18:26:28Z
73375,204158,4.5,1625428130,2021-07-04T19:48:50Z
73375,186985,2.5,1625975859,2021-07-11T03:57:39Z
73375,163056,3.5,1640616721,2021-12-27T14:52:01Z
73375,166291,4.5,1640618818,2021-12-27T15:26:58Z
73375,163134,5.0,1647830858,2022-03-21T02:47:38Z
73375,273891,5.0,1665913911,2022-10-16T09:51:51Z
73375,272079,4.5,1676262548,2023-02-13T04:29:08Z
73375,200838,3.5,1686081664,2023-06-06T20:01:04Z
73375,146309,4.0,1692543098,2023-08-20T14:51:38Z
73435,275245,5.0,1689478036,2023-07-16T03:27:16Z
73435,168250,3.5,1689479300,2023-07-16T03:48:20Z
73435,165105,2.0,1689482237,2023-07-16T04:37:17Z
73435,163056,4.5,1689550354,2023-07-16T23:32:34Z
73435,206393,5.0,1690527015,2023-07-28T06:50:15Z
73435,211137,2.5,1690527417,2023-07-28T06:56:57Z
73435,223572,4.5,1690527457,2023-07-28T06:57:37Z
73435,222627,4.5,1690527459,2023-07-28T06:57:39Z
73435,223570,5.0,1690527461,2023-07-28T06:57:41Z
73435,252932,2.5,1690527593,2023-07-28T06:59:53Z
73435,182479,3.5,1691821723,2023-08-12T06:28:43Z
73435,251392,5.0,1691822038,2023-08-12T06:33:58Z
73522,200820,4.0,1559387224,2019-06-01T11:07:04Z
73522,200838,4.0,1559387254,2019-06-01T11:07:34Z
73522,210577,4.0,1582471447,2020-02-23T15:24:07Z
73522,177119,4.0,1597320281,2020-08-13T12:04:41Z
73522,141972,1.0,1607003677,2020-12-03T13:54:37Z
73522,219862,3.0,1607003708,2020-12-03T13:55:08Z
73522,180091,4.0,1607091807,2020-12-04T14:23:27Z
73522,200052,4.0,1607091834,2020-12-04T14:23:54Z
73522,186985,5.0,1625459787,2021-07-05T04:36:27Z
73522,267548,4.0,1642688646,2022-01-20T14:24:06Z
73522,161594,5.0,1655093708,2022-06-13T04:15:08Z
73522,273891,5.0,1659858348,2022-08-07T07:45:48Z
73522,275245,4.0,1662171350,2022-09-03T02:15:50Z
73522,170961,4.0,1665326847,2022-10-09T14:47:27Z
73645,168250,4.5,1555193158,2019-04-13T22:05:58Z
73645,200838,4.0,1559334186,2019-05-31T20:23:06Z
73645,179411,3.5,1612238226,2021-02-02T03:57:06Z
73645,210577,4.0,1622334646,2021-05-30T00:30:46Z
73645,188623,3.0,1636871563,2021-11-14T06:32:43Z
73645,166291,4.0,1644121679,2022-02-06T04:27:59Z
73645,273891,5.0,1671634693,2022-12-21T14:58:13Z
73646,204814,0.5,1628056531,2021-08-04T05:55:31Z
73646,204812,0.5,1628056534,2021-08-04T05:55:34Z
73646,204810,0.5,1628056546,2021-08-04T05:55:46Z
73646,223570,3.5,1628057677,2021-08-04T06:14:37Z
73646,206393,2.5,1649575555,2022-04-10T07:25:55Z
73646,163056,2.5,1649576591,2022-04-10T07:43:11Z
73761,163134,4.0,1570107074,2019-10-03T12:51:14Z
73761,193916,3.5,1570107239,2019-10-03T12:53:59Z
73761,146309,3.5,1570107257,2019-10-03T12:54:17Z
73761,171013,4.5,1570108194,2019-10-03T13:09:54Z
73761,193801,4.5,1570109429,2019-10-03T13:30:29Z
73761,204158,5.0,1570109859,2019-10-03T13:37:39Z
73761,201704,1.0,1570203163,2019-10-04T15:32:43Z
73761,177939,4.5,1570203332,2019-10-04T15:35:32Z
73761,178111,4.0,1570256996,2019-10-05T06:29:56Z
73761,168090,4.0,1570462600,2019-10-07T15:36:40Z
73761,168218,4.5,1570462810,2019-10-07T15:40:10Z
73800,163134,5.0,1660715474,2022-08-17T05:51:14Z
73800,254464,4.5,1660716464,2022-08-17T06:07:44Z
73800,206393,4.5,1660716510,2022-08-17T06:08:30Z
73800,231413,4.0,1660719141,2022-08-17T06:52:21Z
73800,200838,4.0,1660720445,2022-08-17T07:14:05Z
73800,279094,4.5,1663839699,2022-09-22T09:41:39Z
73800,174549,4.0,1665480286,2022-10-11T09:24:46Z
73800,168250,4.5,1665551749,2022-10-12T05:15:49Z
73800,186985,4.5,1667984762,2022-11-09T09:06:02Z
73800,201706,3.5,1669881357,2022-12-01T07:55:57Z
73800,222627,4.0,1673423698,2023-01-11T07:54:58Z
73800,223572,4.0,1673423703,2023-01-11T07:55:03Z
73800,223570,4.0,1673429101,2023-01-11T09:25:01Z
73800,167850,4.5,1674402726,2023-01-22T15:52:06Z
73800,210227,3.5,1677746987,2023-03-02T08:49:47Z
73800,163056,3.0,1682056659,2023-04-21T05:57:39Z
73800,275245,4.0,1684621710,2023-05-20T22:28:30Z
73800,279692,3.5,1686909481,2023-06-16T09:58:01Z
73800,169400,3.5,1688230745,2023-07-01T16:59:05Z
73800,284793,4.0,1692087841,2023-08-15T08:24:01Z
73800,272079,4.0,1692871105,2023-08-24T09:58:25Z
73858,163134,5.0,1665931563,2022-10-16T14:46:03Z
73858,255639,4.5,1665964826,2022-10-17T00:00:26Z
73858,252308,5.0,1665964827,2022-10-17T00:00:27Z
73858,166291,3.0,1665964897,2022-10-17T00:01:37Z
73858,204158,4.0,1665965238,2022-10-17T00:07:18Z
73859,140805,1.0,1605695527,2020-11-18T10:32:07Z
73859,137863,3.0,1605695532,2020-11-18T10:32:12Z
73859,200820,2.5,1605695532,2020-11-18T10:32:12Z
73859,210577,3.0,1605695532,2020-11-18T10:32:12Z
73859,149658,4.0,1605695534,2020-11-18T10:32:14Z
73859,163134,4.0,1605695535,2020-11-18T10:32:15Z
73859,168250,4.0,1605695535,2020-11-18T10:32:15Z
73859,169400,3.5,1605695535,2020-11-18T10:32:15Z
73859,170961,3.0,1605695535,2020-11-18T10:32:15Z
73859,192649,3.5,1605695537,2020-11-18T10:32:17Z
73859,193041,4.0,1605695537,2020-11-18T10:32:17Z
73859,196937,3.5,1605695537,2020-11-18T10:32:17Z
73859,231413,4.0,1640311442,2021-12-24T02:04:02Z
73859,206393,3.0,1640311445,2021-12-24T02:04:05Z
74223,143367,3.0,1513894330,2017-12-21T22:12:10Z
74223,143531,3.0,1515204951,2018-01-06T02:15:51Z
74223,168250,2.5,1529063474,2018-06-15T11:51:14Z
74223,188773,4.0,1553124056,2019-03-20T23:20:56Z
74223,204158,3.0,1609615900,2021-01-02T19:31:40Z
74223,284377,2.5,1686103855,2023-06-07T02:10:55Z
74223,275245,3.5,1688177390,2023-07-01T02:09:50Z
74341,161594,4.5,1480114994,2016-11-25T23:03:14Z
74341,137863,3.0,1480115122,2016-11-25T23:05:22Z
74341,173007,5.0,1498489998,2017-06-26T15:13:18Z
74341,179411,5.0,1522186728,2018-03-27T21:38:48Z
74341,163134,5.0,1537180409,2018-09-17T10:33:29Z
74341,163056,3.5,1537180923,2018-09-17T10:42:03Z
74341,182479,3.5,1544258595,2018-12-08T08:43:15Z
74341,198107,4.0,1550656182,2019-02-20T09:49:42Z
74341,207297,5.0,1573554604,2019-11-12T10:30:04Z
74341,140108,3.5,1573554631,2019-11-12T10:30:31Z
74341,161592,3.5,1573554645,2019-11-12T10:30:45Z
74341,204158,5.0,1580578211,2020-02-01T17:30:11Z
74341,200820,3.5,1621950132,2021-05-25T13:42:12Z
74348,146309,4.5,1583274939,2020-03-03T22:35:39Z
74348,163134,4.0,1587031724,2020-04-16T10:08:44Z
74348,206393,2.5,1587237642,2020-04-18T19:20:42Z
74348,192981,4.0,1604860190,2020-11-08T18:29:50Z
74348,188773,3.5,1608790188,2020-12-24T06:09:48Z
74348,187145,4.0,1616667851,2021-03-25T10:24:11Z
74364,168250,5.0,1519223561,2018-02-21T14:32:41Z
74364,163134,5.0,1535816183,2018-09-01T15:36:23Z
74364,196937,5.0,1548386620,2019-01-25T03:23:40Z
74364,200838,5.0,1557452711,2019-05-10T01:45:11Z
74364,200820,2.0,1559439117,2019-06-02T01:31:57Z
74364,188623,5.0,1570738748,2019-10-10T20:19:08Z
74502,188773,5.0,1577677493,2019-12-30T03:44:53Z
74502,193041,4.0,1577678280,2019-12-30T03:58:00Z
74502,168250,4.0,1577678653,2019-12-30T04:04:13Z
74502,146309,3.5,1577747905,2019-12-30T23:18:25Z
74502,188623,4.5,1587961902,2020-04-27T04:31:42Z
74502,163134,4.5,1658764102,2022-07-25T15:48:22Z
74587,221256,3.5,1643190499,2022-01-26T09:48:19Z
74587,200820,2.5,1643190514,2022-01-26T09:48:34Z
74587,210577,3.5,1643190515,2022-01-26T09:48:35Z
74587,143367,3.5,1643190518,2022-01-26T09:48:38Z
74587,163134,4.0,1643190519,2022-01-26T09:48:39Z
74587,166291,3.5,1643190519,2022-01-26T09:48:39Z
74587,168250,3.0,1643190519,2022-01-26T09:48:39Z
74587,184641,2.5,1643190520,2022-01-26T09:48:40Z
74587,200838,3.5,1643190520,2022-01-26T09:48:40Z
74587,273891,3.5,1687721304,2023-06-25T19:28:24Z
74587,252932,3.5,1687721305,2023-06-25T19:28:25Z
74587,277954,3.0,1687721305,2023-06-25T19:28:25Z
74587,279278,3.0,1687721306,2023-06-25T19:28:26Z
74587,161594,3.0,1687721308,2023-06-25T19:28:28Z
74606,168250,2.5,1621376872,2021-05-18T22:27:52Z
74606,231413,2.5,1621378175,2021-05-18T22:49:35Z
74606,140805,2.5,1621378221,2021-05-18T22:50:21Z
74606,163134,3.5,1621381925,2021-05-18T23:52:05Z
74606,166291,4.0,1641067531,2022-01-01T20:05:31Z
74606,275245,3.0,1662517265,2022-09-07T02:21:05Z
74606,188773,3.5,1665966427,2022-10-17T00:27:07Z
74617,231413,4.0,1681748143,2023-04-17T16:15:43Z
74617,163134,4.5,1681748500,2023-04-17T16:21:40Z
74617,166291,5.0,1681748546,2023-04-17T16:22:26Z
74617,146309,4.0,1681748993,2023-04-17T16:29:53Z
74617,162990,4.0,1681750083,2023-04-17T16:48:03Z
74617,167850,4.5,1681750165,2023-04-17T16:49:25Z
74617,166295,4.0,1681750177,2023-04-17T16:49:37Z
74617,193581,4.0,1681750200,2023-04-17T16:50:00Z
74617,198611,4.5,1681750247,2023-04-17T16:50:47Z
74617,196937,4.0,1681750273,2023-04-17T16:51:13Z
74617,253826,4.5,1681750349,2023-04-17T16:52:29Z
74617,210227,4.0,1681833712,2023-04-18T16:01:52Z
74617,187145,4.5,1681839350,2023-04-18T17:35:50Z
74617,273891,1.5,1682969338,2023-05-01T19:28:58Z
74645,198611,5.0,1584889038,2020-03-22T14:57:18Z
74645,166291,5.0,1584889062,2020-03-22T14:57:42Z
74645,163134,5.0,1584889116,2020-03-22T14:58:36Z
74645,168250,4.5,1592828504,2020-06-22T12:21:44Z
74645,218657,5.0,1608040769,2020-12-15T13:59:29Z
74645,204158,5.0,1612715961,2021-02-07T16:39:21Z
74645,273891,4.0,1675532009,2023-02-04T17:33:29Z
74758,168250,4.0,1660310799,2022-08-12T13:26:39Z
74758,163134,3.5,1660315015,2022-08-12T14:36:55Z
74758,188773,2.5,1660316070,2022-08-12T14:54:30Z
74758,200820,3.0,1660316406,2022-08-12T15:00:06Z
74758,210577,4.0,1660316635,2022-08-12T15:03:55Z
74758,146309,3.5,1660317238,2022-08-12T15:13:58Z
74758,200838,3.0,1660317687,2022-08-12T15:21:27Z
74758,275245,5.0,1661946866,2022-08-31T11:54:26Z
74904,168250,5.0,1489981698,2017-03-20T03:48:18Z
74904,163134,4.5,1491674910,2017-04-08T18:08:30Z
74904,200838,4.5,1558280508,2019-05-19T15:41:48Z
74904,204610,3.5,1627419376,2021-07-27T20:56:16Z
74904,210577,3.5,1636290237,2021-11-07T13:03:57Z
74904,275245,3.5,1684077113,2023-05-14T15:11:53Z
74973,188773,4.5,1662430249,2022-09-06T02:10:49Z
74973,163134,5.0,1662430553,2022-09-06T02:15:53Z
74973,187145,5.0,1662430559,2022-09-06T02:15:59Z
74973,216525,3.5,1662682713,2022-09-09T00:18:33Z
74973,200838,3.5,1662684299,2022-09-09T00:44:59Z
74973,210577,2.5,1662684342,2022-09-09T00:45:42Z
74973,231413,4.0,1662684889,2022-09-09T00:54:49Z
74973,198611,4.0,1662684903,2022-09-09T00:55:03Z
74973,166291,4.0,1662684990,2022-09-09T00:56:30Z
74973,283791,4.5,1677111999,2023-02-23T00:26:39Z
74973,285607,4.5,1679102763,2023-03-18T01:26:03Z
75060,160848,5.0,1644957520,2022-02-15T20:38:40Z
75060,200820,1.5,1644957521,2022-02-15T20:38:41Z
75060,161592,3.5,1644957523,2022-02-15T20:38:43Z
75060,168250,0.5,1644957526,2022-02-15T20:38:46Z
75060,193581,1.5,1644957526,2022-02-15T20:38:46Z
75060,192981,3.0,1644957531,2022-02-15T20:38:51Z
75189,207297,3.5,1670700753,2022-12-10T19:32:33Z
75189,275245,4.0,1670700753,2022-12-10T19:32:33Z
75189,273891,4.5,1670700754,2022-12-10T19:32:34Z
75189,238344,4.0,1670700755,2022-12-10T19:32:35Z
75189,252932,3.5,1670700755,2022-12-10T19:32:35Z
75189,257037,4.0,1670700755,2022-12-10T19:32:35Z
75189,164395,3.5,1670700758,2022-12-10T19:32:38Z
75189,145596,4.0,1670700759,2022-12-10T19:32:39Z
75189,150776,4.0,1670700759,2022-12-10T19:32:39Z
75189,163056,4.0,1670700759,2022-12-10T19:32:39Z
75189,176515,4.0,1670700759,2022-12-10T19:32:39Z
75189,143367,4.0,1670700760,2022-12-10T19:32:40Z
75189,163134,4.5,1670700760,2022-12-10T19:32:40Z
75189,164204,4.0,1670700760,2022-12-10T19:32:40Z
75189,168250,4.0,1670700760,2022-12-10T19:32:40Z
75189,170887,4.0,1670700760,2022-12-10T19:32:40Z
75189,181225,3.5,1670700760,2022-12-10T19:32:40Z
75189,193679,3.5,1670700760,2022-12-10T19:32:40Z
75189,169400,4.5,1670700761,2022-12-10T19:32:41Z
75189,175299,4.5,1670700761,2022-12-10T19:32:41Z
75189,178647,4.0,1670700761,2022-12-10T19:32:41Z
75189,182467,4.0,1670700761,2022-12-10T19:32:41Z
75189,185905,4.0,1670700761,2022-12-10T19:32:41Z
75189,196233,4.0,1670700761,2022-12-10T19:32:41Z
75189,197455,3.0,1670700761,2022-12-10T19:32:41Z
75189,212359,4.0,1670700761,2022-12-10T19:32:41Z
75189,188623,4.5,1670700762,2022-12-10T19:32:42Z
75189,193041,4.5,1670700762,2022-12-10T19:32:42Z
75189,199231,3.0,1670700762,2022-12-10T19:32:42Z
75189,188773,4.0,1670700763,2022-12-10T19:32:43Z
75189,201488,3.5,1670700763,2022-12-10T19:32:43Z
75189,206299,3.5,1670700763,2022-12-10T19:32:43Z
75189,206393,4.0,1670700763,2022-12-10T19:32:43Z
75189,255483,3.0,1670700763,2022-12-10T19:32:43Z
75189,204158,3.5,1670700764,2022-12-10T19:32:44Z
75189,283751,3.5,1677693241,2023-03-01T17:54:01Z
75202,188623,4.5,1563466034,2019-07-18T16:07:14Z
75202,168250,4.5,1563466695,2019-07-18T16:18:15Z
75202,188773,5.0,1563555477,2019-07-19T16:57:57Z
75202,163134,4.0,1563556032,2019-07-19T17:07:12Z
75202,166291,2.0,1569628643,2019-09-27T23:57:23Z
75264,163134,3.5,1629795509,2021-08-24T08:58:29Z
75264,168250,4.0,1629795509,2021-08-24T08:58:29Z
75264,200838,3.5,1629795509,2021-08-24T08:58:29Z
75264,186985,3.0,1629795510,2021-08-24T08:58:30Z
75264,188623,4.0,1629795510,2021-08-24T08:58:30Z
75264,188773,4.5,1629795510,2021-08-24T08:58:30Z
75369,200820,4.0,1624738466,2021-06-26T20:14:26Z
75369,200838,3.5,1624738556,2021-06-26T20:15:56Z
75369,168250,2.5,1624738600,2021-06-26T20:16:40Z
75369,166291,5.0,1624740552,2021-06-26T20:49:12Z
75369,177285,4.5,1624740576,2021-06-26T20:49:36Z
75369,163134,5.0,1624740587,2021-06-26T20:49:47Z
75369,170125,4.5,1624742442,2021-06-26T21:20:42Z
75369,193041,2.5,1624744758,2021-06-26T21:59:18Z
75369,146309,4.5,1624746326,2021-06-26T22:25:26Z
75369,196937,4.0,1625094715,2021-06-30T23:11:55Z
75369,231413,2.5,1651713793,2022-05-05T01:23:13Z
75369,137863,3.5,1651713978,2022-05-05T01:26:18Z
75393,168250,3.5,1595848390,2020-07-27T11:13:10Z
75393,210227,0.5,1596270509,2020-08-01T08:28:29Z
75393,200838,3.0,1596301069,2020-08-01T16:57:49Z
75393,200820,3.0,1596302762,2020-08-01T17:26:02Z
75393,210577,3.0,1596304102,2020-08-01T17:48:22Z
75393,137863,0.5,1596306432,2020-08-01T18:27:12Z
75393,196937,0.5,1596307303,2020-08-01T18:41:43Z
75393,180091,0.5,1596440268,2020-08-03T07:37:48Z
75393,186985,0.5,1597041201,2020-08-10T06:33:21Z
75393,192649,0.5,1597062939,2020-08-10T12:35:39Z
75393,177285,0.5,1597063066,2020-08-10T12:37:46Z
75393,140805,0.5,1597063073,2020-08-10T12:37:53Z
75393,170125,0.5,1597063093,2020-08-10T12:38:13Z
75393,193533,0.5,1597063189,2020-08-10T12:39:49Z
75393,210939,0.5,1597063194,2020-08-10T12:39:54Z
75393,211137,0.5,1597063196,2020-08-10T12:39:56Z
75393,193583,0.5,1597063279,2020-08-10T12:41:19Z
75393,275245,3.5,1665059977,2022-10-06T12:39:37Z
75393,183661,1.0,1665069041,2022-10-06T15:10:41Z
75393,149658,2.0,1665078044,2022-10-06T17:40:44Z
75393,194797,3.0,1665079715,2022-10-06T18:08:35Z
75393,177119,2.0,1665079762,2022-10-06T18:09:22Z
75393,142374,1.0,1665079808,2022-10-06T18:10:08Z
75393,184641,0.5,1665080524,2022-10-06T18:22:04Z
75393,191235,1.5,1665081398,2022-10-06T18:36:38Z
75393,174515,2.0,1665082520,2022-10-06T18:55:20Z
75393,175283,1.0,1665082809,2022-10-06T19:00:09Z
75393,213367,3.5,1665083632,2022-10-06T19:13:52Z
75393,200052,0.5,1665083883,2022-10-06T19:18:03Z
75393,273891,5.0,1680394493,2023-04-02T00:14:53Z
75602,168250,4.0,1569601295,2019-09-27T16:21:35Z
75602,188773,4.5,1569603824,2019-09-27T17:03:44Z
75602,188623,4.0,1569603837,2019-09-27T17:03:57Z
75602,200838,3.0,1569603919,2019-09-27T17:05:19Z
75602,200820,1.0,1569603930,2019-09-27T17:05:30Z
75772,168250,4.5,1495829806,2017-05-26T20:16:46Z
75772,143367,3.5,1518364096,2018-02-11T15:48:16Z
75772,200820,2.0,1581390298,2020-02-11T03:04:58Z
75772,160848,5.0,1581390670,2020-02-11T03:11:10Z
75772,239256,2.5,1640895856,2021-12-30T20:24:16Z
75772,275245,4.5,1675034746,2023-01-29T23:25:46Z
75916,224465,3.0,1635604776,2021-10-30T14:39:36Z
75916,231413,3.5,1635604777,2021-10-30T14:39:37Z
75916,259871,3.5,1635604777,2021-10-30T14:39:37Z
75916,164395,4.0,1635604788,2021-10-30T14:39:48Z
75916,200820,3.0,1635604788,2021-10-30T14:39:48Z
75916,210577,2.5,1635604788,2021-10-30T14:39:48Z
75916,162990,3.0,1635604789,2021-10-30T14:39:49Z
75916,163056,3.5,1635604789,2021-10-30T14:39:49Z
75916,163134,4.0,1635604791,2021-10-30T14:39:51Z
75916,166291,4.0,1635604791,2021-10-30T14:39:51Z
75916,179411,4.0,1635604791,2021-10-30T14:39:51Z
75916,183661,3.0,1635604791,2021-10-30T14:39:51Z
75916,200838,3.5,1635604791,2021-10-30T14:39:51Z
75916,193041,4.0,1635604792,2021-10-30T14:39:52Z
75916,215653,3.5,1635604792,2021-10-30T14:39:52Z
75916,208293,3.0,1635604794,2021-10-30T14:39:54Z
75916,210939,3.5,1635604794,2021-10-30T14:39:54Z
75916,204158,4.0,1635604795,2021-10-30T14:39:55Z
75916,205447,3.5,1635604795,2021-10-30T14:39:55Z
75916,244720,3.0,1635604795,2021-10-30T14:39:55Z
76136,179411,3.5,1621371974,2021-05-18T21:06:14Z
76136,246604,4.5,1641937980,2022-01-11T21:53:00Z
76136,281960,4.5,1675363980,2023-02-02T18:53:00Z
76136,281066,4.0,1675966022,2023-02-09T18:07:02Z
76136,251646,4.5,1678652512,2023-03-12T20:21:52Z
76136,273891,4.5,1690400865,2023-07-26T19:47:45Z
76230,168250,2.5,1535804894,2018-09-01T12:28:14Z
76230,200838,2.5,1565579068,2019-08-12T03:04:28Z
76230,200820,2.5,1567222276,2019-08-31T03:31:16Z
76230,210577,4.0,1592015008,2020-06-13T02:23:28Z
76230,275245,3.0,1669604821,2022-11-28T03:07:01Z
76344,143367,4.0,1544801922,2018-12-14T15:38:42Z
76344,164643,4.0,1544803077,2018-12-14T15:57:57Z
76344,179411,3.0,1545048100,2018-12-17T12:01:40Z
76344,163134,3.5,1545049098,2018-12-17T12:18:18Z
76344,168250,3.5,1545233808,2018-12-19T15:36:48Z
76344,140106,3.0,1550429156,2019-02-17T18:45:56Z
76344,188623,4.0,1553727579,2019-03-27T22:59:39Z
76344,143531,3.0,1555883754,2019-04-21T21:55:54Z
76344,200794,3.5,1555883786,2019-04-21T21:56:26Z
76344,188773,3.0,1555883818,2019-04-21T21:56:58Z
76344,195589,3.5,1563372572,2019-07-17T14:09:32Z
76344,150776,2.5,1572825328,2019-11-03T23:55:28Z
76344,200838,3.5,1580948398,2020-02-06T00:19:58Z
76344,210577,3.0,1623947805,2021-06-17T16:36:45Z
76344,182863,3.0,1629205543,2021-08-17T13:05:43Z
76344,255639,3.0,1629205615,2021-08-17T13:06:55Z
76344,252308,3.0,1629205631,2021-08-17T13:07:11Z
76344,251646,3.5,1629205715,2021-08-17T13:08:35Z
76344,169400,3.0,1633437156,2021-10-05T12:32:36Z
76344,247500,2.5,1633437259,2021-10-05T12:34:19Z
76344,199231,3.0,1642454986,2022-01-17T21:29:46Z
76344,235861,3.0,1642455223,2022-01-17T21:33:43Z
76344,267640,3.5,1642455277,2022-01-17T21:34:37Z
76344,264073,3.5,1642455332,2022-01-17T21:35:32Z
76344,275245,3.5,1668365237,2022-11-13T18:47:17Z
76344,273891,4.0,1668365315,2022-11-13T18:48:35Z
76454,231413,4.0,1683037938,2023-05-02T14:32:18Z
76454,200820,3.0,1683037941,2023-05-02T14:32:21Z
76454,210577,3.0,1683037941,2023-05-02T14:32:21Z
76454,163134,3.5,1683037942,2023-05-02T14:32:22Z
76454,168250,4.5,1683037942,2023-05-02T14:32:22Z
76454,188773,4.0,1683037943,2023-05-02T14:32:23Z
76454,193041,4.0,1683037943,2023-05-02T14:32:23Z
76532,168250,5.0,1565556483,2019-08-11T20:48:03Z
76532,200820,1.5,1565557411,2019-08-11T21:03:31Z
76532,200838,3.0,1565557524,2019-08-11T21:05:24Z
76532,188773,5.0,1575110407,2019-11-30T10:40:07Z
76532,188623,4.5,1575837966,2019-12-08T20:46:06Z
76646,275245,4.5,1684611632,2023-05-20T19:40:32Z
76646,257037,3.5,1684611633,2023-05-20T19:40:33Z
76646,163134,4.5,1684611636,2023-05-20T19:40:36Z
76646,168250,5.0,1684611636,2023-05-20T19:40:36Z
76646,200838,3.0,1684611636,2023-05-20T19:40:36Z
76793,142618,4.0,1451347067,2015-12-28T23:57:47Z
76793,143367,4.0,1492104911,2017-04-13T17:35:11Z
76793,170961,3.5,1508970216,2017-10-25T22:23:36Z
76793,186985,3.5,1525117716,2018-04-30T19:48:36Z
76793,196937,3.0,1546990429,2019-01-08T23:33:49Z
77054,262529,3.5,1695423424,2023-09-22T22:57:04Z
77054,276231,4.5,1695423428,2023-09-22T22:57:08Z
77054,137863,3.5,1695423439,2023-09-22T22:57:19Z
77054,163134,4.0,1695423443,2023-09-22T22:57:23Z
77054,168250,4.0,1695423443,2023-09-22T22:57:23Z
77054,169400,3.5,1695423443,2023-09-22T22:57:23Z
77054,200838,3.5,1695423443,2023-09-22T22:57:23Z
77054,178907,3.5,1695423444,2023-09-22T22:57:24Z
77054,196937,4.5,1695423445,2023-09-22T22:57:25Z
77114,137863,3.0,1489733166,2017-03-17T06:46:06Z
77114,170125,4.0,1489889482,2017-03-19T02:11:22Z
77114,146309,3.5,1496778877,2017-06-06T19:54:37Z
77114,168250,3.0,1508056064,2017-10-15T08:27:44Z
77114,200838,3.5,1585697035,2020-03-31T23:23:55Z
77114,196937,4.0,1585697227,2020-03-31T23:27:07Z
77114,200820,3.0,1585697487,2020-03-31T23:31:27Z
77114,213353,3.0,1586538830,2020-04-10T17:13:50Z
77114,221256,2.5,1613188267,2021-02-13T03:51:07Z
77114,166291,4.0,1630902435,2021-09-06T04:27:15Z
77114,182479,3.0,1630902449,2021-09-06T04:27:29Z
77114,210577,2.5,1630903132,2021-09-06T04:38:52Z
77114,163134,4.5,1631062495,2021-09-08T00:54:55Z
77114,204158,3.5,1631568053,2021-09-13T21:20:53Z
77295,163134,2.5,1542080253,2018-11-13T03:37:33Z
77295,168250,4.0,1542080291,2018-11-13T03:38:11Z
77295,188623,4.0,1650949975,2022-04-26T05:12:55Z
77295,210577,1.0,1650951458,2022-04-26T05:37:38Z
77295,210641,1.0,1650951559,2022-04-26T05:39:19Z
77356,168250,4.5,1586809044,2020-04-13T20:17:24Z
77356,163134,5.0,1586809249,2020-04-13T20:20:49Z
77356,204158,4.0,1586809258,2020-04-13T20:20:58Z
77356,210577,3.5,1586809278,2020-04-13T20:21:18Z
77356,200838,3.0,1586809318,2020-04-13T20:21:58Z
77404,200838,3.5,1562787260,2019-07-10T19:34:20Z
77404,200820,2.0,1567446563,2019-09-02T17:49:23Z
77404,168250,4.0,1584676514,2020-03-20T03:55:14Z
77404,192649,4.0,1636868706,2021-11-14T05:45:06Z
77404,213353,4.0,1636928425,2021-11-14T22:20:25Z
77404,273891,4.5,1676050442,2023-02-10T17:34:02Z
77536,168250,4.0,1509402789,2017-10-30T22:33:09Z
77536,200820,2.5,1559372024,2019-06-01T06:53:44Z
77536,140805,2.5,1613890149,2021-02-21T06:49:09Z
77536,142374,2.5,1613890163,2021-02-21T06:49:23Z
77536,163056,1.5,1620758479,2021-05-11T18:41:19Z
77536,275245,4.0,1658883308,2022-07-27T00:55:08Z
77536,210577,3.0,1671778454,2022-12-23T06:54:14Z
77581,168250,5.0,1663105334,2022-09-13T21:42:14Z
77581,210577,3.5,1663110886,2022-09-13T23:14:46Z
77581,200838,3.5,1663111079,2022-09-13T23:17:59Z
77581,200820,3.0,1663111268,2022-09-13T23:21:08Z
77581,275245,4.0,1663113134,2022-09-13T23:52:14Z
77787,163134,5.0,1630272033,2021-08-29T21:20:33Z
77787,166291,5.0,1630549311,2021-09-02T02:21:51Z
77787,204158,5.0,1630549328,2021-09-02T02:22:08Z
77787,160848,5.0,1646530590,2022-03-06T01:36:30Z
77787,168250,5.0,1675978886,2023-02-09T21:41:26Z
77863,164395,4.0,1550157282,2019-02-14T15:14:42Z
77863,150776,3.5,1550157285,2019-02-14T15:14:45Z
77863,165105,3.5,1550157285,2019-02-14T15:14:45Z
77863,166974,3.5,1550157288,2019-02-14T15:14:48Z
77863,168250,4.0,1550157288,2019-02-14T15:14:48Z
77863,168652,2.5,1550157288,2019-02-14T15:14:48Z
77863,190035,3.0,1550157288,2019-02-14T15:14:48Z
77863,170961,3.5,1550157289,2019-02-14T15:14:49Z
77863,186875,3.0,1550157289,2019-02-14T15:14:49Z
77863,188181,3.0,1550157289,2019-02-14T15:14:49Z
77863,197625,3.5,1550157290,2019-02-14T15:14:50Z
77947,168250,4.5,1602709238,2020-10-14T21:00:38Z
77947,188623,4.5,1676485061,2023-02-15T18:17:41Z
77947,257037,4.5,1677977959,2023-03-05T00:59:19Z
77947,275245,4.0,1682051029,2023-04-21T04:23:49Z
77947,218657,3.0,1690158603,2023-07-24T00:30:03Z
77949,177939,3.5,1550098365,2019-02-13T22:52:45Z
77949,168250,3.5,1557026601,2019-05-05T03:23:21Z
77949,200838,3.5,1559417809,2019-06-01T19:36:49Z
77949,210577,3.0,1589244054,2020-05-12T00:40:54Z
77949,257037,4.0,1648001004,2022-03-23T02:03:24Z
77949,182467,3.5,1650106158,2022-04-16T10:49:18Z
78213,163134,4.5,1512451569,2017-12-05T05:26:09Z
78213,178907,4.0,1546032847,2018-12-28T21:34:07Z
78213,200820,3.0,1566862915,2019-08-26T23:41:55Z
78213,168250,4.0,1582082044,2020-02-19T03:14:04Z
78213,275245,4.0,1665587739,2022-10-12T15:15:39Z
78213,273891,3.5,1670387051,2022-12-07T04:24:11Z
78217,168250,4.5,1614310557,2021-02-26T03:35:57Z
78217,188773,4.0,1614311095,2021-02-26T03:44:55Z
78217,188623,4.0,1614311237,2021-02-26T03:47:17Z
78217,163134,4.5,1617286826,2021-04-01T14:20:26Z
78217,257037,4.0,1653786547,2022-05-29T01:09:07Z
78217,200838,3.0,1653787423,2022-05-29T01:23:43Z
78217,198611,3.5,1660512292,2022-08-14T21:24:52Z
78394,141432,3.5,1445345853,2015-10-20T12:57:33Z
78394,143531,3.0,1460915815,2016-04-17T17:56:55Z
78394,168250,2.0,1494177095,2017-05-07T17:11:35Z
78394,188773,3.0,1590987992,2020-06-01T05:06:32Z
78394,199269,3.5,1590988061,2020-06-01T05:07:41Z
78394,185539,3.5,1591022567,2020-06-01T14:42:47Z
78394,184509,4.0,1591026714,2020-06-01T15:51:54Z
78394,164204,3.5,1614801304,2021-03-03T19:55:04Z
78394,236121,4.0,1614801587,2021-03-03T19:59:47Z
78394,257037,4.0,1673034229,2023-01-06T19:43:49Z
78465,168250,4.0,1643252364,2022-01-27T02:59:24Z
78465,163134,5.0,1643318447,2022-01-27T21:20:47Z
78465,166291,4.0,1643318491,2022-01-27T21:21:31Z
78465,186985,3.0,1643318553,2022-01-27T21:22:33Z
78465,183661,3.0,1643318561,2022-01-27T21:22:41Z
78701,148855,4.0,1481418375,2016-12-11T01:06:15Z
78701,163134,5.0,1513140795,2017-12-13T04:53:15Z
78701,168250,5.0,1543716076,2018-12-02T02:01:16Z
78701,178907,4.0,1566867454,2019-08-27T00:57:34Z
78701,177285,4.0,1566867600,2019-08-27T01:00:00Z
78701,166291,5.0,1600487086,2020-09-19T03:44:46Z
78701,210577,3.0,1616290938,2021-03-21T01:42:18Z
78701,204158,4.0,1616414655,2021-03-22T12:04:15Z
78701,275245,4.0,1680967182,2023-04-08T15:19:42Z
78718,168250,2.0,1496895068,2017-06-08T04:11:08Z
78718,170961,4.0,1552621645,2019-03-15T03:47:25Z
78718,185539,3.0,1566858273,2019-08-26T22:24:33Z
78718,161594,3.5,1585022197,2020-03-24T03:56:37Z
78718,169400,3.0,1585022211,2020-03-24T03:56:51Z
78842,200838,3.0,1590545130,2020-05-27T02:05:30Z
78842,200820,3.5,1656039792,2022-06-24T03:03:12Z
78842,163056,4.5,1656819459,2022-07-03T03:37:39Z
78842,273891,3.0,1672366925,2022-12-30T02:22:05Z
78842,183661,3.0,1682261043,2023-04-23T14:44:03Z
78842,191235,3.0,1682866853,2023-04-30T15:00:53Z
78842,194797,2.5,1683380596,2023-05-06T13:43:16Z
78842,252888,2.0,1687396233,2023-06-22T01:10:33Z
78842,184641,2.5,1687733593,2023-06-25T22:53:13Z
78842,275245,3.5,1690574086,2023-07-28T19:54:46Z
79014,168250,3.5,1563920015,2019-07-23T22:13:35Z
79014,163134,4.5,1563921189,2019-07-23T22:33:09Z
79014,143367,3.5,1563975785,2019-07-24T13:43:05Z
79014,146309,3.5,1586124883,2020-04-05T22:14:43Z
79014,166291,4.0,1601149111,2020-09-26T19:38:31Z
79014,205447,3.5,1609797685,2021-01-04T22:01:25Z
79014,289563,3.0,1696210664,2023-10-02T01:37:44Z
79091,163134,4.0,1603229844,2020-10-20T21:37:24Z
79091,168250,3.5,1603229844,2020-10-20T21:37:24Z
79091,200838,3.0,1603229845,2020-10-20T21:37:25Z
79091,188623,3.5,1603229847,2020-10-20T21:37:27Z
79091,193041,2.5,1603229848,2020-10-20T21:37:28Z
79091,253332,2.0,1634347542,2021-10-16T01:25:42Z
79115,168250,4.0,1586558748,2020-04-10T22:45:48Z
79115,196937,4.0,1586617957,2020-04-11T15:12:37Z
79115,149658,4.0,1586618925,2020-04-11T15:28:45Z
79115,161594,0.5,1598146761,2020-08-23T01:39:21Z
79115,186985,1.5,1639173777,2021-12-10T22:02:57Z
79115,137863,3.0,1639173806,2021-12-10T22:03:26Z
79115,275245,3.5,1682719269,2023-04-28T22:01:09Z
79115,273891,4.5,1691197659,2023-08-05T01:07:39Z
79164,160848,4.5,1558339853,2019-05-20T08:10:53Z
79164,164204,3.5,1558339855,2019-05-20T08:10:55Z
79164,168250,4.0,1558339855,2019-05-20T08:10:55Z
79164,188623,3.5,1558339856,2019-05-20T08:10:56Z
79164,188773,3.5,1570735140,2019-10-10T19:19:00Z
79211,188623,4.5,1565067138,2019-08-06T04:52:18Z
79211,143367,4.0,1570486524,2019-10-07T22:15:24Z
79211,168250,3.0,1616126508,2021-03-19T04:01:48Z
79211,166974,3.5,1676859114,2023-02-20T02:11:54Z
79211,160848,4.0,1690810080,2023-07-31T13:28:00Z
79307,168250,3.5,1589912297,2020-05-19T18:18:17Z
79307,200820,3.0,1591204290,2020-06-03T17:11:30Z
79307,275245,3.5,1661809263,2022-08-29T21:41:03Z
79307,273891,4.0,1673291440,2023-01-09T19:10:40Z
79307,289097,3.0,1695839375,2023-09-27T18:29:35Z
79486,141432,4.0,1456672204,2016-02-28T15:10:04Z
79486,142566,3.5,1497265943,2017-06-12T11:12:23Z
79486,160848,3.0,1500750821,2017-07-22T19:13:41Z
79486,163134,4.0,1500837207,2017-07-23T19:13:27Z
79486,168250,5.0,1500837218,2017-07-23T19:13:38Z
79486,275245,4.0,1675590586,2023-02-05T09:49:46Z
79555,168250,4.0,1505202270,2017-09-12T07:44:30Z
79555,165105,2.0,1505202430,2017-09-12T07:47:10Z
79555,163134,4.5,1505202591,2017-09-12T07:49:51Z
79555,146309,2.5,1505202628,2017-09-12T07:50:28Z
79555,143367,4.0,1505421478,2017-09-14T20:37:58Z
79555,166291,3.5,1529311778,2018-06-18T08:49:38Z
79555,186985,3.0,1552312351,2019-03-11T13:52:31Z
79555,200838,2.0,1557752771,2019-05-13T13:06:11Z
79555,200820,2.5,1560159129,2019-06-10T09:32:09Z
79555,163056,0.5,1566246465,2019-08-19T20:27:45Z
79555,275245,3.0,1661941036,2022-08-31T10:17:16Z
79555,273891,3.0,1663578894,2022-09-19T09:14:54Z
79555,289097,3.0,1692398065,2023-08-18T22:34:25Z
79555,281188,3.5,1694074794,2023-09-07T08:19:54Z
79565,275245,5.0,1695840797,2023-09-27T18:53:17Z
79565,188623,5.0,1695841704,2023-09-27T19:08:24Z
79565,150776,4.5,1695841825,2023-09-27T19:10:25Z
79565,228225,4.5,1695842000,2023-09-27T19:13:20Z
79565,273891,2.0,1695842539,2023-09-27T19:22:19Z
79565,197079,2.5,1695843684,2023-09-27T19:41:24Z
79565,287737,3.0,1695843709,2023-09-27T19:41:49Z
79565,141432,3.0,1695844060,2023-09-27T19:47:40Z
79565,179411,3.0,1695844235,2023-09-27T19:50:35Z
79565,197657,4.0,1695847746,2023-09-27T20:49:06Z
79565,216199,4.0,1695847805,2023-09-27T20:50:05Z
79565,182467,4.0,1695847811,2023-09-27T20:50:11Z
79662,163134,5.0,1513969817,2017-12-22T19:10:17Z
79662,160848,3.5,1515866877,2018-01-13T18:07:57Z
79662,204158,3.5,1660676446,2022-08-16T19:00:46Z
79662,188773,4.5,1660676981,2022-08-16T19:09:41Z
79662,140106,4.0,1660678353,2022-08-16T19:32:33Z
79662,185905,3.0,1660678365,2022-08-16T19:32:45Z
79716,275245,4.0,1681506670,2023-04-14T21:11:10Z
79716,200820,3.0,1681506675,2023-04-14T21:11:15Z
79716,143367,3.5,1681506677,2023-04-14T21:11:17Z
79716,168250,4.0,1681506677,2023-04-14T21:11:17Z
79716,200838,3.5,1681506677,2023-04-14T21:11:17Z
79721,163134,5.0,1587877298,2020-04-26T05:01:38Z
79721,170961,5.0,1587922841,2020-04-26T17:40:41Z
79721,148855,2.0,1588064357,2020-04-28T08:59:17Z
79721,163056,2.0,1589561179,2020-05-15T16:46:19Z
79721,183661,5.0,1591631505,2020-06-08T15:51:45Z
79721,200820,4.0,1591774023,2020-06-10T07:27:03Z
79721,194797,5.0,1591774178,2020-06-10T07:29:38Z
79721,191235,5.0,1591774189,2020-06-10T07:29:49Z
79721,173007,5.0,1591864715,2020-06-11T08:38:35Z
79721,140805,5.0,1634632201,2021-10-19T08:30:01Z
79721,246604,3.0,1665738868,2022-10-14T09:14:28Z
79726,163134,5.0,1667960590,2022-11-09T02:23:10Z
79726,253332,2.0,1667961091,2022-11-09T02:31:31Z
79726,168250,4.5,1667961169,2022-11-09T02:32:49Z
79726,177939,4.5,1667967485,2022-11-09T04:18:05Z
79726,206393,4.0,1667967545,2022-11-09T04:19:05Z
79726,253826,3.5,1667967611,2022-11-09T04:20:11Z
79726,204610,3.0,1667967651,2022-11-09T04:20:51Z
79726,221256,4.0,1667967668,2022-11-09T04:21:08Z
79726,184835,4.0,1667967694,2022-11-09T04:21:34Z
79742,246604,5.0,1648587968,2022-03-29T21:06:08Z
79742,210577,3.5,1648980129,2022-04-03T10:02:09Z
79742,256535,5.0,1652263102,2022-05-11T09:58:22Z
79742,231413,3.0,1652702379,2022-05-16T11:59:39Z
79742,210939,5.0,1652702413,2022-05-16T12:00:13Z
79742,223570,4.5,1658679363,2022-07-24T16:16:03Z
79742,273891,4.0,1660376630,2022-08-13T07:43:50Z
79742,163056,4.5,1661166606,2022-08-22T11:10:06Z
79742,276231,4.5,1668741966,2022-11-18T03:26:06Z
79849,200838,3.0,1566070320,2019-08-17T19:32:00Z
79849,200820,3.0,1573749975,2019-11-14T16:46:15Z
79849,174549,3.0,1575956163,2019-12-10T05:36:03Z
79849,163056,4.0,1576002302,2019-12-10T18:25:02Z
79849,210577,2.5,1583875140,2020-03-10T21:19:00Z
79849,146309,1.0,1643957508,2022-02-04T06:51:48Z
79849,273891,5.0,1681495139,2023-04-14T17:58:59Z
79849,275245,1.5,1681495818,2023-04-14T18:10:18Z
80105,163134,4.0,1551656904,2019-03-03T23:48:24Z
80105,184509,3.5,1551656904,2019-03-03T23:48:24Z
80105,185877,3.5,1551656904,2019-03-03T23:48:24Z
80105,166291,4.0,1552269617,2019-03-11T02:00:17Z
80105,201244,3.5,1585354368,2020-03-28T00:12:48Z
80105,143367,3.0,1593119318,2020-06-25T21:08:38Z
80105,188773,3.5,1593119319,2020-06-25T21:08:39Z
80105,204158,3.0,1593119319,2020-06-25T21:08:39Z
80105,221256,3.5,1608667351,2020-12-22T20:02:31Z
80105,185905,3.5,1608667354,2020-12-22T20:02:34Z
80105,188623,3.0,1608667354,2020-12-22T20:02:34Z
80105,185539,3.5,1651432666,2022-05-01T19:17:46Z
80116,168250,3.0,1598139690,2020-08-22T23:41:30Z
80116,166291,3.0,1603942704,2020-10-29T03:38:24Z
80116,188773,3.5,1605141667,2020-11-12T00:41:07Z
80116,188623,3.5,1613939257,2021-02-21T20:27:37Z
80116,200838,2.5,1657866917,2022-07-15T06:35:17Z
80190,163134,4.5,1537644827,2018-09-22T19:33:47Z
80190,182479,3.0,1540047153,2018-10-20T14:52:33Z
80190,146309,4.5,1540047193,2018-10-20T14:53:13Z
80190,166291,5.0,1540047258,2018-10-20T14:54:18Z
80190,166295,3.5,1563612144,2019-07-20T08:42:24Z
80190,200838,3.0,1566817116,2019-08-26T10:58:36Z
80266,168250,5.0,1547591688,2019-01-15T22:34:48Z
80266,200820,4.0,1583592621,2020-03-07T14:50:21Z
80266,146309,4.5,1589495853,2020-05-14T22:37:33Z
80266,186985,3.0,1590797115,2020-05-30T00:05:15Z
80266,163134,5.0,1594416394,2020-07-10T21:26:34Z
80266,210577,4.0,1594850636,2020-07-15T22:03:56Z
80266,188773,5.0,1596758038,2020-08-06T23:53:58Z
80266,140106,4.5,1598834174,2020-08-31T00:36:14Z
80266,164204,4.0,1598834189,2020-08-31T00:36:29Z
80266,214764,4.0,1619999628,2021-05-02T23:53:48Z
80266,193041,5.0,1621468431,2021-05-19T23:53:51Z
80266,140108,4.0,1621551245,2021-05-20T22:54:05Z
80266,251392,4.0,1622999263,2021-06-06T17:07:43Z
80266,241452,4.5,1623229217,2021-06-09T09:00:17Z
80266,219328,2.0,1624691661,2021-06-26T07:14:21Z
80266,242062,4.0,1624967637,2021-06-29T11:53:57Z
80266,247370,4.0,1625230539,2021-07-02T12:55:39Z
80266,252660,4.0,1626134612,2021-07-13T00:03:32Z
80266,204158,5.0,1627428037,2021-07-27T23:20:37Z
80266,188623,5.0,1628723364,2021-08-11T23:09:24Z
80266,254500,4.0,1628895412,2021-08-13T22:56:52Z
80266,258353,3.5,1630428395,2021-08-31T16:46:35Z
80266,163056,4.5,1631233631,2021-09-10T00:27:11Z
80266,246604,5.0,1631409113,2021-09-12T01:11:53Z
80266,189121,4.5,1631923465,2021-09-18T00:04:25Z
80266,231413,4.5,1631923979,2021-09-18T00:12:59Z
80266,190525,3.5,1636239841,2021-11-06T23:04:01Z
80266,189743,3.0,1636467701,2021-11-09T14:21:41Z
80266,254464,3.0,1644625258,2022-02-12T00:20:58Z
80266,273807,3.5,1650837976,2022-04-24T22:06:16Z
80278,210577,3.0,1614115248,2021-02-23T21:20:48Z
80278,200820,1.0,1614115348,2021-02-23T21:22:28Z
80278,253332,5.0,1631738059,2021-09-15T20:34:19Z
80278,200838,4.5,1642607467,2022-01-19T15:51:07Z
80278,168250,3.5,1648467377,2022-03-28T11:36:17Z
80449,193041,4.0,1578740275,2020-01-11T10:57:55Z
80449,188623,3.5,1578740556,2020-01-11T11:02:36Z
80449,188773,3.5,1578741261,2020-01-11T11:14:21Z
80449,257037,3.5,1672682880,2023-01-02T18:08:00Z
80449,163134,3.5,1693321517,2023-08-29T15:05:17Z
80472,219466,5.0,1639208886,2021-12-11T07:48:06Z
80472,225155,5.0,1639208886,2021-12-11T07:48:06Z
80472,220908,5.0,1639208889,2021-12-11T07:48:09Z
80472,238032,5.0,1639208890,2021-12-11T07:48:10Z
80472,239468,5.0,1639208890,2021-12-11T07:48:10Z
81102,168250,0.5,1542393609,2018-11-16T18:40:09Z
81102,188773,4.5,1561095598,2019-06-21T05:39:58Z
81102,188623,5.0,1562741901,2019-07-10T06:58:21Z
81102,200838,0.5,1570518629,2019-10-08T07:10:29Z
81102,163134,2.0,1575785926,2019-12-08T06:18:46Z
81102,185905,4.0,1577158372,2019-12-24T03:32:52Z
81102,212359,2.0,1584770431,2020-03-21T06:00:31Z
81102,164204,3.0,1603503102,2020-10-24T01:31:42Z
81102,230703,2.0,1615183050,2021-03-08T05:57:30Z
81102,200794,2.0,1653719264,2022-05-28T06:27:44Z
81102,257037,3.5,1654504558,2022-06-06T08:35:58Z
81102,140106,4.5,1662892513,2022-09-11T10:35:13Z
81102,242062,4.0,1664089020,2022-09-25T06:57:00Z
81117,168250,4.0,1642045838,2022-01-13T03:50:38Z
81117,275245,5.0,1661744811,2022-08-29T03:46:51Z
81117,182479,3.0,1674323974,2023-01-21T17:59:34Z
81117,163134,3.0,1682266411,2023-04-23T16:13:31Z
81117,258001,3.5,1692967500,2023-08-25T12:45:00Z
81184,168250,3.5,1548980792,2019-02-01T00:26:32Z
81184,187145,4.5,1548983085,2019-02-01T01:04:45Z
81184,188773,4.0,1558742959,2019-05-25T00:09:19Z
81184,200820,2.0,1559353501,2019-06-01T01:45:01Z
81184,188623,3.5,1562806675,2019-07-11T00:57:55Z
81184,163134,4.0,1564006333,2019-07-24T22:12:13Z
81184,204158,4.0,1591864331,2020-06-11T08:32:11Z
81266,168250,4.5,1500268478,2017-07-17T05:14:38Z
81266,137863,5.0,1500824644,2017-07-23T15:44:04Z
81266,148855,5.0,1500824870,2017-07-23T15:47:50Z
81266,163056,0.5,1500825819,2017-07-23T16:03:39Z
81266,149658,2.0,1500826307,2017-07-23T16:11:47Z
81266,162990,3.0,1529503542,2018-06-20T14:05:42Z
81266,180091,0.5,1529503563,2018-06-20T14:06:03Z
81266,168090,5.0,1529503572,2018-06-20T14:06:12Z
81267,168250,4.0,1509806041,2017-11-04T14:34:01Z
81267,185539,4.0,1543078808,2018-11-24T17:00:08Z
81267,200838,3.5,1568678296,2019-09-16T23:58:16Z
81267,188623,4.5,1592087419,2020-06-13T22:30:19Z
81267,210577,3.5,1613854029,2021-02-20T20:47:09Z
81267,188773,4.0,1618796419,2021-04-19T01:40:19Z
81267,257037,4.0,1646519990,2022-03-05T22:39:50Z
81267,273891,3.5,1671331706,2022-12-18T02:48:26Z
81267,275245,3.5,1671331754,2022-12-18T02:49:14Z
81267,289097,3.0,1693363025,2023-08-30T02:37:05Z
81271,143367,1.0,1491705962,2017-04-09T02:46:02Z
81271,168250,3.0,1517172796,2018-01-28T20:53:16Z
81271,188773,3.5,1555810400,2019-04-21T01:33:20Z
81271,200838,3.5,1564101557,2019-07-26T00:39:17Z
81271,200820,3.0,1566866077,2019-08-27T00:34:37Z
81271,210577,2.0,1586653725,2020-04-12T01:08:45Z
81290,168250,3.5,1522464239,2018-03-31T02:43:59Z
81290,160848,4.5,1526170340,2018-05-13T00:12:20Z
81290,182479,3.0,1545656982,2018-12-24T13:09:42Z
81290,210577,1.0,1624542052,2021-06-24T13:40:52Z
81290,163056,3.5,1641510876,2022-01-06T23:14:36Z
81295,163056,2.0,1520175551,2018-03-04T14:59:11Z
81295,163134,4.5,1523770168,2018-04-15T05:29:28Z
81295,168250,4.0,1525456251,2018-05-04T17:50:51Z
81295,188623,3.0,1544977123,2018-12-16T16:18:43Z
81295,275245,3.5,1661533402,2022-08-26T17:03:22Z
81295,283149,3.5,1675000012,2023-01-29T13:46:52Z
81295,281188,3.5,1680362637,2023-04-01T15:23:57Z
81466,168250,3.5,1547572877,2019-01-15T17:21:17Z
81466,163134,4.0,1547574437,2019-01-15T17:47:17Z
81466,166291,4.0,1547574597,2019-01-15T17:49:57Z
81466,163056,3.5,1547578407,2019-01-15T18:53:27Z
81466,171013,4.5,1547578411,2019-01-15T18:53:31Z
81778,166974,3.0,1587293554,2020-04-19T10:52:34Z
81778,168250,3.5,1587293752,2020-04-19T10:55:52Z
81778,143367,3.0,1587571232,2020-04-22T16:00:32Z
81778,188773,4.0,1592126730,2020-06-14T09:25:30Z
81778,163134,3.5,1592860633,2020-06-22T21:17:13Z
81778,200838,2.5,1689880166,2023-07-20T19:09:26Z
81850,168250,4.5,1611188033,2021-01-21T00:13:53Z
81850,200838,3.5,1611196247,2021-01-21T02:30:47Z
81850,204158,3.5,1611332618,2021-01-22T16:23:38Z
81850,182479,4.0,1611337696,2021-01-22T17:48:16Z
81850,163134,4.5,1611338012,2021-01-22T17:53:32Z
81850,150776,4.0,1611361231,2021-01-23T00:20:31Z
82050,168250,5.0,1502243403,2017-08-09T01:50:03Z
82050,160848,1.0,1581608695,2020-02-13T15:44:55Z
82050,193041,0.5,1582495787,2020-02-23T22:09:47Z
82050,177939,1.0,1584899775,2020-03-22T17:56:15Z
82050,143531,0.5,1585798539,2020-04-02T03:35:39Z
82050,216199,0.5,1588447900,2020-05-02T19:31:40Z
82050,210577,1.0,1590288621,2020-05-24T02:50:21Z
82050,217216,0.5,1590374526,2020-05-25T02:42:06Z
82050,173007,0.5,1593972997,2020-07-05T18:16:37Z
82050,163056,0.5,1597695242,2020-08-17T20:14:02Z
82050,203974,0.5,1602983849,2020-10-18T01:17:29Z
82050,165105,5.0,1631155591,2021-09-09T02:46:31Z
82050,181225,0.5,1632863701,2021-09-28T21:15:01Z
82050,179113,0.5,1655421083,2022-06-16T23:11:23Z
82050,164403,0.5,1656299549,2022-06-27T03:12:29Z
82050,230703,0.5,1660944995,2022-08-19T21:36:35Z
82050,271160,0.5,1661713404,2022-08-28T19:03:24Z
82050,275245,4.0,1666924934,2022-10-28T02:42:14Z
82050,214746,0.5,1669865670,2022-12-01T03:34:30Z
82050,273891,5.0,1679152197,2023-03-18T15:09:57Z
82050,143367,2.0,1685670926,2023-06-02T01:55:26Z
82151,163134,3.5,1651218356,2022-04-29T07:45:56Z
82151,166291,3.5,1651310744,2022-04-30T09:25:44Z
82151,200838,3.0,1651487335,2022-05-02T10:28:55Z
82151,210577,3.0,1651487504,2022-05-02T10:31:44Z
82151,146309,3.5,1652323409,2022-05-12T02:43:29Z
82151,200820,3.0,1652749613,2022-05-17T01:06:53Z
82151,206393,3.0,1653692400,2022-05-27T23:00:00Z
82151,203735,4.0,1653821130,2022-05-29T10:45:30Z
82151,246604,4.0,1653862439,2022-05-29T22:13:59Z
82151,161594,3.0,1653862732,2022-05-29T22:18:52Z
82151,148855,3.0,1653862739,2022-05-29T22:18:59Z
82151,163056,3.5,1655112667,2022-06-13T09:31:07Z
82151,170125,4.0,1655206007,2022-06-14T11:26:47Z
82151,187545,3.5,1655367289,2022-06-16T08:14:49Z
82151,169400,3.0,1664792668,2022-10-03T10:24:28Z
82151,221256,3.0,1664795814,2022-10-03T11:16:54Z
82151,279452,2.5,1665567066,2022-10-12T09:31:06Z
82151,273891,2.5,1667354781,2022-11-02T02:06:21Z
82151,142618,3.0,1671596035,2022-12-21T04:13:55Z
82151,257037,4.0,1671610610,2022-12-21T08:16:50Z
82151,178907,4.0,1671610659,2022-12-21T08:17:39Z
82151,188773,4.0,1672657301,2023-01-02T11:01:41Z
82151,140106,3.5,1672657316,2023-01-02T11:01:56Z
82151,195589,2.5,1672658438,2023-01-02T11:20:38Z
82151,282165,3.5,1672658639,2023-01-02T11:23:59Z
82151,202389,2.5,1691239050,2023-08-05T12:37:30Z
82245,163134,4.5,1532891068,2018-07-29T19:04:28Z
82245,166291,3.5,1565555621,2019-08-11T20:33:41Z
82245,204158,4.5,1591971310,2020-06-12T14:15:10Z
82245,255639,3.0,1629057427,2021-08-15T19:57:07Z
82245,146309,4.0,1652027063,2022-05-08T16:24:23Z
82245,273891,3.5,1696087587,2023-09-30T15:26:27Z
82286,143367,3.5,1571069962,2019-10-14T16:19:22Z
82286,168250,5.0,1571069962,2019-10-14T16:19:22Z
82286,179411,3.5,1571069962,2019-10-14T16:19:22Z
82286,167850,3.0,1571069963,2019-10-14T16:19:23Z
82286,184641,2.0,1571069963,2019-10-14T16:19:23Z
82286,180091,3.5,1571069964,2019-10-14T16:19:24Z
82286,186985,2.5,1571069965,2019-10-14T16:19:25Z
82318,164643,4.5,1578745260,2020-01-11T12:21:00Z
82318,188773,5.0,1580674498,2020-02-02T20:14:58Z
82318,178907,4.5,1592748289,2020-06-21T14:04:49Z
82318,177939,3.0,1595187218,2020-07-19T19:33:38Z
82318,146309,5.0,1596378394,2020-08-02T14:26:34Z
82318,164204,5.0,1620939976,2021-05-13T21:06:16Z
82318,145034,4.0,1621285643,2021-05-17T21:07:23Z
82318,142566,5.0,1622495165,2021-05-31T21:06:05Z
82318,188623,4.0,1629880822,2021-08-25T08:40:22Z
82318,200794,4.0,1637015187,2021-11-15T22:26:27Z
82318,160848,4.0,1645878880,2022-02-26T12:34:40Z
82367,188623,3.5,1539278151,2018-10-11T17:15:51Z
82367,188773,4.5,1549040365,2019-02-01T16:59:25Z
82367,200838,3.0,1667717426,2022-11-06T06:50:26Z
82367,163134,4.0,1667719509,2022-11-06T07:25:09Z
82367,253332,4.5,1667791315,2022-11-07T03:21:55Z
82367,168250,4.0,1667811779,2022-11-07T09:02:59Z
82424,168250,4.5,1491266331,2017-04-04T00:38:51Z
82424,163134,4.5,1515989572,2018-01-15T04:12:52Z
82424,141432,4.0,1543380549,2018-11-28T04:49:09Z
82424,188623,3.5,1543708707,2018-12-01T23:58:27Z
82424,188773,4.0,1664133069,2022-09-25T19:11:09Z
82436,168250,3.0,1567528227,2019-09-03T16:30:27Z
82436,164204,3.0,1567528228,2019-09-03T16:30:28Z
82436,185905,2.5,1567528229,2019-09-03T16:30:29Z
82436,188623,4.0,1567528231,2019-09-03T16:30:31Z
82436,188773,3.5,1567528232,2019-09-03T16:30:32Z
82436,275245,3.5,1686562696,2023-06-12T09:38:16Z
82436,257037,2.5,1686562697,2023-06-12T09:38:17Z
82436,166974,3.5,1686562703,2023-06-12T09:38:23Z
82445,170125,4.0,1618130806,2021-04-11T08:46:46Z
82445,163134,3.0,1618130860,2021-04-11T08:47:40Z
82445,166291,4.5,1618130899,2021-04-11T08:48:19Z
82445,206393,1.5,1619427452,2021-04-26T08:57:32Z
82445,171013,3.5,1654902358,2022-06-10T23:05:58Z
82445,246604,0.5,1660135425,2022-08-10T12:43:45Z
82445,163056,4.5,1660145170,2022-08-10T15:26:10Z
82445,200820,2.0,1661082365,2022-08-21T11:46:05Z
82445,275245,3.5,1663964319,2022-09-23T20:18:39Z
82445,168250,4.0,1670390118,2022-12-07T05:15:18Z
82445,279452,3.5,1679989294,2023-03-28T07:41:34Z
82445,177939,4.0,1696622277,2023-10-06T19:57:57Z
82445,242404,1.5,1696622286,2023-10-06T19:58:06Z
82457,168250,4.0,1542082677,2018-11-13T04:17:57Z
82457,182479,1.5,1545884987,2018-12-27T04:29:47Z
82457,146309,4.0,1547690179,2019-01-17T01:56:19Z
82457,163134,4.5,1581656284,2020-02-14T04:58:04Z
82457,204158,3.5,1601091283,2020-09-26T03:34:43Z
82514,257037,5.0,1677805409,2023-03-03T01:03:29Z
82514,168250,5.0,1677805778,2023-03-03T01:09:38Z
82514,275245,4.0,1677806158,2023-03-03T01:15:58Z
82514,273891,4.0,1677806159,2023-03-03T01:15:59Z
82514,200820,3.0,1677806161,2023-03-03T01:16:01Z
82599,210577,3.0,1594668782,2020-07-13T19:33:02Z
82599,178111,3.5,1594669075,2020-07-13T19:37:55Z
82599,180091,3.5,1594669201,2020-07-13T19:40:01Z
82599,186139,0.5,1594669440,2020-07-13T19:44:00Z
82599,163134,5.0,1594669701,2020-07-13T19:48:21Z
82599,168250,3.5,1594670396,2020-07-13T19:59:56Z
82599,146309,4.5,1594670755,2020-07-13T20:05:55Z
82599,174549,3.5,1594670987,2020-07-13T20:09:47Z
82599,170961,3.0,1594671063,2020-07-13T20:11:03Z
82599,193916,5.0,1595357151,2020-07-21T18:45:51Z
82778,146309,2.5,1464497483,2016-05-29T04:51:23Z
82778,143367,4.0,1494786477,2017-05-14T18:27:57Z
82778,163134,1.5,1494786558,2017-05-14T18:29:18Z
82778,164204,4.0,1504911494,2017-09-08T22:58:14Z
82778,173235,3.5,1511042889,2017-11-18T22:08:09Z
82778,166291,2.5,1511809853,2017-11-27T19:10:53Z
82778,168250,3.5,1513682045,2017-12-19T11:14:05Z
82778,177939,3.0,1513806831,2017-12-20T21:53:51Z
82778,182467,3.0,1513904339,2017-12-22T00:58:59Z
82778,140106,4.0,1518110411,2018-02-08T17:20:11Z
82778,184835,2.5,1525262588,2018-05-02T12:03:08Z
82778,187545,3.0,1525262754,2018-05-02T12:05:54Z
82778,187653,1.0,1525530464,2018-05-05T14:27:44Z
82778,182479,2.5,1529100624,2018-06-15T22:10:24Z
82778,189851,1.5,1529100769,2018-06-15T22:12:49Z
82778,179113,3.5,1533507263,2018-08-05T22:14:23Z
82778,166126,2.0,1534177526,2018-08-13T16:25:26Z
82778,192209,2.5,1540161801,2018-10-21T22:43:21Z
82778,190705,3.0,1543874293,2018-12-03T21:58:13Z
82778,185905,3.0,1548281359,2019-01-23T22:09:19Z
82778,188773,3.0,1548539781,2019-01-26T21:56:21Z
82778,175299,2.5,1548893116,2019-01-31T00:05:16Z
82778,194452,4.0,1550143485,2019-02-14T11:24:45Z
82778,192903,2.0,1551571925,2019-03-03T00:12:05Z
82778,193916,3.0,1557040201,2019-05-05T07:10:01Z
82778,201704,4.5,1557078985,2019-05-05T17:56:25Z
82778,187467,3.0,1557147961,2019-05-06T13:06:01Z
82778,178647,2.5,1557613052,2019-05-11T22:17:32Z
82778,200838,3.0,1557785099,2019-05-13T22:04:59Z
82778,195673,2.5,1557960271,2019-05-15T22:44:31Z
82778,163056,3.0,1559124250,2019-05-29T10:04:10Z
82778,200820,3.0,1559408192,2019-06-01T16:56:32Z
82778,199279,3.5,1562617810,2019-07-08T20:30:10Z
82778,141432,4.5,1569706569,2019-09-28T21:36:09Z
82778,161594,2.0,1570145345,2019-10-03T23:29:05Z
82778,210577,2.0,1583617281,2020-03-07T21:41:21Z
82778,204158,2.5,1583699544,2020-03-08T20:32:24Z
82778,201706,2.0,1592170806,2020-06-14T21:40:06Z
82778,188623,2.5,1593000113,2020-06-24T12:01:53Z
82778,213111,2.0,1594373173,2020-07-10T09:26:13Z
82778,204610,2.5,1616335161,2021-03-21T13:59:21Z
82778,264073,2.0,1642979591,2022-01-23T23:13:11Z
82778,242062,4.0,1643065148,2022-01-24T22:59:08Z
82778,252932,2.0,1662904502,2022-09-11T13:55:02Z
83026,163134,2.0,1578665702,2020-01-10T14:15:02Z
83026,196937,1.0,1578665918,2020-01-10T14:18:38Z
83026,186985,0.5,1578666029,2020-01-10T14:20:29Z
83026,174515,2.5,1583165237,2020-03-02T16:07:17Z
83026,178111,3.0,1583165422,2020-03-02T16:10:22Z
83029,168250,3.0,1686099214,2023-06-07T00:53:34Z
83029,163134,4.0,1686100342,2023-06-07T01:12:22Z
83029,166291,3.5,1686192518,2023-06-08T02:48:38Z
83029,204158,4.0,1686194637,2023-06-08T03:23:57Z
83029,160848,4.0,1689715224,2023-07-18T21:20:24Z
83284,168250,3.5,1507095585,2017-10-04T05:39:45Z
83284,192649,3.0,1554839850,2019-04-09T19:57:30Z
83284,143367,3.5,1567544441,2019-09-03T21:00:41Z
83284,163134,4.5,1590290260,2020-05-24T03:17:40Z
83284,272079,3.5,1674105854,2023-01-19T05:24:14Z
83284,275245,4.0,1675129176,2023-01-31T01:39:36Z
83310,166291,5.0,1659883753,2022-08-07T14:49:13Z
83310,163134,3.5,1659883784,2022-08-07T14:49:44Z
83310,200820,0.5,1659884510,2022-08-07T15:01:50Z
83310,210577,3.0,1659884541,2022-08-07T15:02:21Z
83310,170961,0.5,1659884731,2022-08-07T15:05:31Z
83310,204158,3.0,1659886686,2022-08-07T15:38:06Z
83310,273891,1.0,1666524155,2022-10-23T11:22:35Z
83310,275245,0.5,1666524410,2022-10-23T11:26:50Z
83625,168250,3.0,1495487751,2017-05-22T21:15:51Z
83625,200838,3.0,1580565723,2020-02-01T14:02:03Z
83625,207297,3.5,1588283996,2020-04-30T21:59:56Z
83625,210577,3.5,1603215888,2020-10-20T17:44:48Z
83625,275245,4.0,1662053913,2022-09-01T17:38:33Z
83625,273891,4.0,1680420579,2023-04-02T07:29:39Z
83693,168250,2.5,1546153282,2018-12-30T07:01:22Z
83693,140805,5.0,1636773457,2021-11-13T03:17:37Z
83693,142374,5.0,1636773462,2021-11-13T03:17:42Z
83693,200838,3.0,1687834417,2023-06-27T02:53:37Z
83693,231413,2.5,1687966815,2023-06-28T15:40:15Z
83693,169400,3.0,1687967677,2023-06-28T15:54:37Z
83693,192649,2.5,1687987706,2023-06-28T21:28:26Z
83693,279692,3.5,1687988401,2023-06-28T21:40:01Z
83693,167850,3.5,1687988413,2023-06-28T21:40:13Z
83693,210227,3.5,1687988474,2023-06-28T21:41:14Z
83693,222234,3.5,1687988478,2023-06-28T21:41:18Z
83693,272079,2.5,1687988985,2023-06-28T21:49:45Z
83707,168250,3.5,1502971051,2017-08-17T11:57:31Z
83707,188773,4.0,1592875153,2020-06-23T01:19:13Z
83707,188623,4.0,1616108102,2021-03-18T22:55:02Z
83707,160848,4.0,1631454920,2021-09-12T13:55:20Z
83707,257037,4.0,1661191446,2022-08-22T18:04:06Z
83707,252932,3.0,1661988749,2022-08-31T23:32:29Z
83707,275245,3.0,1668192769,2022-11-11T18:52:49Z
83707,193041,4.5,1671640115,2022-12-21T16:28:35Z
83863,200820,2.5,1622219258,2021-05-28T16:27:38Z
83863,210577,3.5,1622219258,2021-05-28T16:27:38Z
83863,168250,3.5,1622219262,2021-05-28T16:27:42Z
83863,273891,3.5,1664355734,2022-09-28T09:02:14Z
83863,192649,3.0,1696270868,2023-10-02T18:21:08Z
83924,168250,4.0,1501575103,2017-08-01T08:11:43Z
83924,160848,4.0,1503383968,2017-08-22T06:39:28Z
83924,140106,4.0,1504943495,2017-09-09T07:51:35Z
83924,163134,3.5,1515653558,2018-01-11T06:52:38Z
83924,171013,3.5,1521788461,2018-03-23T07:01:01Z
83924,142566,3.5,1522478609,2018-03-31T06:43:29Z
83924,182479,4.0,1526631562,2018-05-18T08:19:22Z
83924,141432,3.5,1541405673,2018-11-05T08:14:33Z
83924,184275,3.5,1541922444,2018-11-11T07:47:24Z
83924,188773,4.0,1553119014,2019-03-20T21:56:54Z
83924,177939,3.5,1564120004,2019-07-26T05:46:44Z
83924,164204,4.0,1566018399,2019-08-17T05:06:39Z
83924,193916,3.5,1591079285,2020-06-02T06:28:05Z
83924,218657,3.5,1592549214,2020-06-19T06:46:54Z
83924,201488,3.5,1593067406,2020-06-25T06:43:26Z
83924,166291,3.0,1606113437,2020-11-23T06:37:17Z
83924,193041,3.5,1621988457,2021-05-26T00:20:57Z
83924,219599,4.0,1626336220,2021-07-15T08:03:40Z
83924,223310,3.5,1641012388,2022-01-01T04:46:28Z
83924,229147,4.0,1645483605,2022-02-21T22:46:45Z
83924,258001,3.5,1656278387,2022-06-26T21:19:47Z
83924,242062,3.5,1677396644,2023-02-26T07:30:44Z
83924,275245,3.5,1679446332,2023-03-22T00:52:12Z
83924,216911,3.0,1679522273,2023-03-22T21:57:53Z
83924,188957,3.0,1686788469,2023-06-15T00:21:09Z
83924,253332,2.0,1688067092,2023-06-29T19:31:32Z
83924,260185,3.5,1692599942,2023-08-21T06:39:02Z
83952,168250,5.0,1676327311,2023-02-13T22:28:31Z
83952,188773,4.5,1676496245,2023-02-15T21:24:05Z
83952,163134,3.0,1676498573,2023-02-15T22:02:53Z
83952,257037,4.0,1676498597,2023-02-15T22:03:17Z
83952,143367,3.5,1676578550,2023-02-16T20:15:50Z
84038,200838,2.5,1565643933,2019-08-12T21:05:33Z
84038,143367,3.5,1565646676,2019-08-12T21:51:16Z
84038,168250,3.5,1568280745,2019-09-12T09:32:25Z
84038,257037,4.5,1651306453,2022-04-30T08:14:13Z
84038,275245,3.5,1672762103,2023-01-03T16:08:23Z
84155,143367,3.5,1492053763,2017-04-13T03:22:43Z
84155,188773,3.5,1568667279,2019-09-16T20:54:39Z
84155,168250,4.0,1576961998,2019-12-21T20:59:58Z
84155,188623,3.5,1591671562,2020-06-09T02:59:22Z
84155,166974,1.5,1595474276,2020-07-23T03:17:56Z
84343,188623,3.0,1622451057,2021-05-31T08:50:57Z
84343,188773,3.5,1622452689,2021-05-31T09:18:09Z
84343,163134,4.5,1622463971,2021-05-31T12:26:11Z
84343,168250,3.5,1622539972,2021-06-01T09:32:52Z
84343,254464,5.0,1628620020,2021-08-10T18:27:00Z
84343,166291,5.0,1633078282,2021-10-01T08:51:22Z
84346,231413,3.5,1693626877,2023-09-02T03:54:37Z
84346,273891,3.5,1693626878,2023-09-02T03:54:38Z
84346,142566,2.5,1693626885,2023-09-02T03:54:45Z
84346,170125,3.0,1693626886,2023-09-02T03:54:46Z
84346,166291,2.5,1693626887,2023-09-02T03:54:47Z
84346,177869,3.0,1693626887,2023-09-02T03:54:47Z
84346,186985,2.0,1693626887,2023-09-02T03:54:47Z
84346,193583,3.5,1693626887,2023-09-02T03:54:47Z
84346,200838,2.5,1693626887,2023-09-02T03:54:47Z
84441,140106,3.0,1467722906,2016-07-05T12:48:26Z
84441,163134,3.5,1490918677,2017-03-31T00:04:37Z
84441,182467,2.5,1513968297,2017-12-22T18:44:57Z
84441,143531,3.5,1520897200,2018-03-12T23:26:40Z
84441,168250,2.5,1538422977,2018-10-01T19:42:57Z
84441,184275,2.0,1538424886,2018-10-01T20:14:46Z
84441,193916,2.0,1541201212,2018-11-02T23:26:52Z
84441,188623,3.0,1562429816,2019-07-06T16:16:56Z
84441,177939,4.5,1573762850,2019-11-14T20:20:50Z
84441,198107,3.0,1604481220,2020-11-04T09:13:40Z
84441,160848,3.0,1604700571,2020-11-06T22:09:31Z
84441,221256,3.5,1621440790,2021-05-19T16:13:10Z
84441,246604,4.5,1638062407,2021-11-28T01:20:07Z
84441,273891,2.5,1659564771,2022-08-03T22:12:51Z
84441,161594,2.5,1665179436,2022-10-07T21:50:36Z
84441,275245,3.0,1671273870,2022-12-17T10:44:30Z
84441,279436,1.0,1677083489,2023-02-22T16:31:29Z
84923,163134,5.0,1574121045,2019-11-18T23:50:45Z
84923,200838,3.5,1574121279,2019-11-18T23:54:39Z
84923,168250,4.0,1574121734,2019-11-19T00:02:14Z
84923,200820,4.0,1574123497,2019-11-19T00:31:37Z
84923,183661,4.0,1574123513,2019-11-19T00:31:53Z
84997,271224,2.5,1647901731,2022-03-21T22:28:51Z
84997,165105,5.0,1647901734,2022-03-21T22:28:54Z
84997,200820,4.5,1647901734,2022-03-21T22:28:54Z
84997,210577,3.0,1647901734,2022-03-21T22:28:54Z
84997,168250,5.0,1647901735,2022-03-21T22:28:55Z
85014,200838,3.0,1586111486,2020-04-05T18:31:26Z
85014,161594,3.0,1602437583,2020-10-11T17:33:03Z
85014,168250,4.5,1605384641,2020-11-14T20:10:41Z
85014,210577,2.5,1607204252,2020-12-05T21:37:32Z
85014,200820,2.5,1612139411,2021-02-01T00:30:11Z
85014,163056,4.0,1617552331,2021-04-04T16:05:31Z
85014,165105,3.5,1648902639,2022-04-02T12:30:39Z
85014,275245,3.5,1667055467,2022-10-29T14:57:47Z
85014,273891,4.0,1667225666,2022-10-31T14:14:26Z
85103,164403,4.5,1514841801,2018-01-01T21:23:21Z
85103,163134,4.0,1524330156,2018-04-21T17:02:36Z
85103,166291,4.5,1524331307,2018-04-21T17:21:47Z
85103,171013,4.0,1524331334,2018-04-21T17:22:14Z
85103,160848,3.5,1524331368,2018-04-21T17:22:48Z
85103,192209,3.0,1546501479,2019-01-03T07:44:39Z
85103,168250,4.5,1546504566,2019-01-03T08:36:06Z
85103,173007,3.5,1546505012,2019-01-03T08:43:32Z
85103,142566,4.0,1546508922,2019-01-03T09:48:42Z
85103,197261,4.5,1546508978,2019-01-03T09:49:38Z
85103,146309,3.5,1546513172,2019-01-03T10:59:32Z
85103,182479,3.5,1549214143,2019-02-03T17:15:43Z
85103,222883,3.0,1640385608,2021-12-24T22:40:08Z
85103,218657,3.5,1640385609,2021-12-24T22:40:09Z
85103,238036,2.5,1640385610,2021-12-24T22:40:10Z
85103,258157,4.0,1640385611,2021-12-24T22:40:11Z
85103,140106,4.0,1640385615,2021-12-24T22:40:15Z
85103,210577,3.0,1640385615,2021-12-24T22:40:15Z
85103,166295,4.5,1640385616,2021-12-24T22:40:16Z
85103,191763,3.0,1640385617,2021-12-24T22:40:17Z
85103,200838,3.5,1640385619,2021-12-24T22:40:19Z
85103,212359,4.5,1640385619,2021-12-24T22:40:19Z
85103,180091,3.5,1640385620,2021-12-24T22:40:20Z
85103,193916,3.5,1640385620,2021-12-24T22:40:20Z
85103,198611,4.5,1640385621,2021-12-24T22:40:21Z
85103,199231,3.5,1640385621,2021-12-24T22:40:21Z
85103,188773,4.0,1640385622,2021-12-24T22:40:22Z
85103,192981,5.0,1640385622,2021-12-24T22:40:22Z
85103,193041,4.5,1640385622,2021-12-24T22:40:22Z
85103,200052,3.5,1640385622,2021-12-24T22:40:22Z
85103,201488,3.0,1640385622,2021-12-24T22:40:22Z
85103,203974,4.0,1640385622,2021-12-24T22:40:22Z
85103,213431,4.0,1640385623,2021-12-24T22:40:23Z
85103,204158,4.0,1640385624,2021-12-24T22:40:24Z
85103,209681,3.5,1640385624,2021-12-24T22:40:24Z
85103,211137,2.5,1640385624,2021-12-24T22:40:24Z
85103,244120,4.5,1640777859,2021-12-29T11:37:39Z
85103,265114,4.0,1640777859,2021-12-29T11:37:39Z
85191,168250,5.0,1627309322,2021-07-26T14:22:02Z
85191,166291,3.5,1627310339,2021-07-26T14:38:59Z
85191,146309,3.0,1627313604,2021-07-26T15:33:24Z
85191,219599,4.0,1627314339,2021-07-26T15:45:39Z
85191,204158,2.5,1627315080,2021-07-26T15:58:00Z
85191,163134,4.5,1628032208,2021-08-03T23:10:08Z
85191,188623,4.0,1628159972,2021-08-05T10:39:32Z
85191,177939,5.0,1628159975,2021-08-05T10:39:35Z
85191,257037,4.5,1655661971,2022-06-19T18:06:11Z
85225,168250,5.0,1589051727,2020-05-09T19:15:27Z
85225,143367,3.5,1609519430,2021-01-01T16:43:50Z
85225,140108,4.0,1617999433,2021-04-09T20:17:13Z
85225,200838,3.0,1619811211,2021-04-30T19:33:31Z
85225,210577,3.5,1619811282,2021-04-30T19:34:42Z
85225,169400,2.0,1622235325,2021-05-28T20:55:25Z
85225,275245,4.5,1661439609,2022-08-25T15:00:09Z
85312,168250,5.0,1510506381,2017-11-12T17:06:21Z
85312,143367,1.5,1510507887,2017-11-12T17:31:27Z
85312,178907,3.5,1510511268,2017-11-12T18:27:48Z
85312,179225,0.5,1510511443,2017-11-12T18:30:43Z
85312,165105,2.0,1510525145,2017-11-12T22:19:05Z
85312,141426,3.0,1510528479,2017-11-12T23:14:39Z
85312,177119,2.5,1510531176,2017-11-12T23:59:36Z
85312,178111,2.0,1510531179,2017-11-12T23:59:39Z
85418,143367,4.5,1485217445,2017-01-24T00:24:05Z
85418,168250,4.0,1492108353,2017-04-13T18:32:33Z
85418,163134,5.0,1521267456,2018-03-17T06:17:36Z
85418,171013,4.0,1531987960,2018-07-19T08:12:40Z
85418,200820,4.0,1563160292,2019-07-15T03:11:32Z
85418,200838,4.0,1563160337,2019-07-15T03:12:17Z
85418,273891,5.0,1661050199,2022-08-21T02:49:59Z
85418,289097,4.0,1695662210,2023-09-25T17:16:50Z
85509,200838,3.0,1588533771,2020-05-03T19:22:51Z
85509,200820,4.5,1588534782,2020-05-03T19:39:42Z
85509,168250,4.5,1588536064,2020-05-03T20:01:04Z
85509,163134,3.5,1588537916,2020-05-03T20:31:56Z
85509,183661,0.5,1588540873,2020-05-03T21:21:13Z
85584,150776,3.5,1541433100,2018-11-05T15:51:40Z
85584,182467,3.5,1541433101,2018-11-05T15:51:41Z
85584,166974,3.5,1577418802,2019-12-27T03:53:22Z
85584,170961,3.0,1577418803,2019-12-27T03:53:23Z
85584,193041,3.5,1577418804,2019-12-27T03:53:24Z
85634,166291,4.0,1583434224,2020-03-05T18:50:24Z
85634,160848,4.0,1583434297,2020-03-05T18:51:37Z
85634,146309,3.5,1583434315,2020-03-05T18:51:55Z
85634,193916,3.0,1583434379,2020-03-05T18:52:59Z
85634,177939,3.5,1583434514,2020-03-05T18:55:14Z
85634,174549,3.0,1583434583,2020-03-05T18:56:23Z
85634,163134,3.0,1583436638,2020-03-05T19:30:38Z
85634,188623,4.5,1583865358,2020-03-10T18:35:58Z
85634,201706,2.0,1587416433,2020-04-20T21:00:33Z
85714,168250,4.0,1488813505,2017-03-06T15:18:25Z
85714,160848,4.5,1510894623,2017-11-17T04:57:03Z
85714,163056,4.0,1523775097,2018-04-15T06:51:37Z
85714,210577,2.5,1588564292,2020-05-04T03:51:32Z
85714,200820,2.5,1588564391,2020-05-04T03:53:11Z
85714,200838,3.5,1588566620,2020-05-04T04:30:20Z
85714,204158,3.0,1588568526,2020-05-04T05:02:06Z
85714,193041,4.5,1647234047,2022-03-14T05:00:47Z
85714,256535,4.0,1651764487,2022-05-05T15:28:07Z
85714,275245,3.5,1661614665,2022-08-27T15:37:45Z
85714,258579,2.5,1661616303,2022-08-27T16:05:03Z
85714,273891,5.0,1661616398,2022-08-27T16:06:38Z
85714,259737,4.0,1661616424,2022-08-27T16:07:04Z
85714,186985,3.0,1661617529,2022-08-27T16:25:29Z
85714,188773,4.5,1671071592,2022-12-15T02:33:12Z
85714,281188,3.5,1682498272,2023-04-26T08:37:52Z
85714,289097,3.0,1696897190,2023-10-10T00:19:50Z
85742,165105,3.5,1505958368,2017-09-21T01:46:08Z
85742,168250,4.5,1510758946,2017-11-15T15:15:46Z
85742,168652,2.0,1515178342,2018-01-05T18:52:22Z
85742,163134,3.0,1526698503,2018-05-19T02:55:03Z
85742,143367,2.0,1544460244,2018-12-10T16:44:04Z
85742,188623,3.0,1549231692,2019-02-03T22:08:12Z
85742,188773,4.0,1550073733,2019-02-13T16:02:13Z
85742,200820,1.0,1560117182,2019-06-09T21:53:02Z
85946,163134,4.5,1604970902,2020-11-10T01:15:02Z
85946,168250,4.0,1604971002,2020-11-10T01:16:42Z
85946,184835,1.5,1604971921,2020-11-10T01:32:01Z
85946,166291,4.0,1605006670,2020-11-10T11:11:10Z
85946,162968,3.5,1605006714,2020-11-10T11:11:54Z
85946,168090,4.0,1605006718,2020-11-10T11:11:58Z
85946,168218,3.0,1605006725,2020-11-10T11:12:05Z
85946,177939,4.0,1605006741,2020-11-10T11:12:21Z
86062,163134,5.0,1494259388,2017-05-08T16:03:08Z
86062,137863,3.0,1498217736,2017-06-23T11:35:36Z
86062,168250,4.5,1555927355,2019-04-22T10:02:35Z
86062,200838,3.5,1560860722,2019-06-18T12:25:22Z
86062,166291,4.0,1561899736,2019-06-30T13:02:16Z
86062,182479,4.0,1567110859,2019-08-29T20:34:19Z
86062,171013,4.5,1570917566,2019-10-12T21:59:26Z
86062,204158,4.0,1571075997,2019-10-14T17:59:57Z
86062,198611,4.5,1571167408,2019-10-15T19:23:28Z
86062,213111,3.0,1582315088,2020-02-21T19:58:08Z
86062,199279,4.0,1582884590,2020-02-28T10:09:50Z
86062,210577,3.0,1600803649,2020-09-22T19:40:49Z
86100,188773,5.0,1642971642,2022-01-23T21:00:42Z
86100,171013,5.0,1647703003,2022-03-19T15:16:43Z
86100,231413,5.0,1648222624,2022-03-25T15:37:04Z
86100,273891,4.0,1670100038,2022-12-03T20:40:38Z
86100,162968,5.0,1676205663,2023-02-12T12:41:03Z
86100,168090,5.0,1676205669,2023-02-12T12:41:09Z
86100,148855,4.5,1676818455,2023-02-19T14:54:15Z
86100,246604,5.0,1678214906,2023-03-07T18:48:26Z
86402,163056,3.0,1624969318,2021-06-29T12:21:58Z
86402,163134,3.0,1624970012,2021-06-29T12:33:32Z
86402,143367,3.0,1624971032,2021-06-29T12:50:32Z
86402,160848,3.5,1624971054,2021-06-29T12:50:54Z
86402,168250,3.0,1624971201,2021-06-29T12:53:21Z
86402,188623,3.5,1625052943,2021-06-30T11:35:43Z
86402,186985,2.0,1625053686,2021-06-30T11:48:06Z
86402,200838,2.5,1625053987,2021-06-30T11:53:07Z
86402,188773,4.5,1633178831,2021-10-02T12:47:11Z
86402,257037,3.5,1648889095,2022-04-02T08:44:55Z
86402,275245,4.0,1671187630,2022-12-16T10:47:10Z
86418,168250,4.0,1670984695,2022-12-14T02:24:55Z
86418,166291,4.0,1670985067,2022-12-14T02:31:07Z
86418,200820,2.0,1670985348,2022-12-14T02:35:48Z
86418,163134,3.5,1670985349,2022-12-14T02:35:49Z
86418,183661,3.0,1670995195,2022-12-14T05:19:55Z
86418,161594,4.0,1671056161,2022-12-14T22:16:01Z
86418,273891,3.5,1677820711,2023-03-03T05:18:31Z
86418,170961,2.5,1677820712,2023-03-03T05:18:32Z
86418,162968,3.0,1679239970,2023-03-19T15:32:50Z
86418,289069,3.0,1690941906,2023-08-02T02:05:06Z
86418,177285,2.5,1694064979,2023-09-07T05:36:19Z
86418,196937,2.0,1694064979,2023-09-07T05:36:19Z
86418,206321,2.0,1694064979,2023-09-07T05:36:19Z
86418,246604,3.0,1694740451,2023-09-15T01:14:11Z
86418,200838,0.5,1696137673,2023-10-01T05:21:13Z
86459,163134,4.5,1687859983,2023-06-27T09:59:43Z
86459,204158,5.0,1687859993,2023-06-27T09:59:53Z
86459,166291,4.5,1687860010,2023-06-27T10:00:10Z
86459,168250,5.0,1687860052,2023-06-27T10:00:52Z
86459,231413,3.5,1687860247,2023-06-27T10:04:07Z
86459,252932,2.5,1687860282,2023-06-27T10:04:42Z
86736,193041,4.0,1597185530,2020-08-11T22:38:50Z
86736,169400,3.5,1608399098,2020-12-19T17:31:38Z
86736,179411,4.0,1611433691,2021-01-23T20:28:11Z
86736,185905,3.0,1611883842,2021-01-29T01:30:42Z
86736,150776,3.5,1614130193,2021-02-24T01:29:53Z
86736,140108,3.5,1632619972,2021-09-26T01:32:52Z
86736,252308,3.5,1640653890,2021-12-28T01:11:30Z
86736,198107,3.5,1643328830,2022-01-28T00:13:50Z
86788,163134,2.5,1677340785,2023-02-25T15:59:45Z
86788,193916,2.0,1677341517,2023-02-25T16:11:57Z
86788,253332,2.5,1680925829,2023-04-08T03:50:29Z
86788,188773,4.5,1682021603,2023-04-20T20:13:23Z
86788,188623,5.0,1683564765,2023-05-08T16:52:45Z
86841,168250,4.0,1522708297,2018-04-02T22:31:37Z
86841,187145,4.0,1539315400,2018-10-12T03:36:40Z
86841,200820,2.0,1585202371,2020-03-26T05:59:31Z
86841,210577,2.5,1585202371,2020-03-26T05:59:31Z
86841,231413,4.0,1637307299,2021-11-19T07:34:59Z
86841,174549,3.5,1637307303,2021-11-19T07:35:03Z
86889,164643,4.0,1501465820,2017-07-31T01:50:20Z
86889,143367,4.0,1501465821,2017-07-31T01:50:21Z
86889,163056,3.5,1501465821,2017-07-31T01:50:21Z
86889,168250,3.5,1501465821,2017-07-31T01:50:21Z
86889,150776,3.0,1501465824,2017-07-31T01:50:24Z
86889,140108,3.0,1501465827,2017-07-31T01:50:27Z
86889,207297,4.0,1656293084,2022-06-27T01:24:44Z
86889,257037,4.5,1656293087,2022-06-27T01:24:47Z
86889,198119,2.0,1656293088,2022-06-27T01:24:48Z
86889,246604,3.5,1656293090,2022-06-27T01:24:50Z
86889,195605,1.5,1656293092,2022-06-27T01:24:52Z
86889,200820,2.0,1656293093,2022-06-27T01:24:53Z
86889,191009,3.5,1656293094,2022-06-27T01:24:54Z
86889,202061,2.5,1656293094,2022-06-27T01:24:54Z
86889,166974,3.5,1656293096,2022-06-27T01:24:56Z
86889,181225,2.5,1656293096,2022-06-27T01:24:56Z
86889,163134,4.0,1656293097,2022-06-27T01:24:57Z
86889,166291,3.5,1656293097,2022-06-27T01:24:57Z
86889,182467,3.5,1656293099,2022-06-27T01:24:59Z
86889,239256,2.5,1656293100,2022-06-27T01:25:00Z
86889,188623,4.0,1656293103,2022-06-27T01:25:03Z
86889,188773,4.5,1656293104,2022-06-27T01:25:04Z
86889,193041,4.0,1656293104,2022-06-27T01:25:04Z
86889,213431,3.5,1656293105,2022-06-27T01:25:05Z
86889,204158,4.0,1656293107,2022-06-27T01:25:07Z
86939,163134,4.0,1610752802,2021-01-15T23:20:02Z
86939,162968,4.5,1610752839,2021-01-15T23:20:39Z
86939,168090,4.5,1610752850,2021-01-15T23:20:50Z
86939,223570,5.0,1610752883,2021-01-15T23:21:23Z
86939,166291,5.0,1610752978,2021-01-15T23:22:58Z
86939,205447,4.5,1610752984,2021-01-15T23:23:04Z
86939,168218,5.0,1611549777,2021-01-25T04:42:57Z
87007,140108,5.0,1558738306,2019-05-24T22:51:46Z
87007,160848,5.0,1558738306,2019-05-24T22:51:46Z
87007,163056,5.0,1558738310,2019-05-24T22:51:50Z
87007,174515,5.0,1558738310,2019-05-24T22:51:50Z
87007,168250,5.0,1558738313,2019-05-24T22:51:53Z
87007,161594,5.0,1558738315,2019-05-24T22:51:55Z
87007,195589,5.0,1558738319,2019-05-24T22:51:59Z
87117,168250,4.0,1502310392,2017-08-09T20:26:32Z
87117,160848,3.5,1516042401,2018-01-15T18:53:21Z
87117,146309,4.0,1518120842,2018-02-08T20:14:02Z
87117,164395,3.0,1571933329,2019-10-24T16:08:49Z
87117,188773,4.0,1572886359,2019-11-04T16:52:39Z
87117,188623,4.0,1685224471,2023-05-27T21:54:31Z
87147,168250,3.5,1676710539,2023-02-18T08:55:39Z
87147,275245,4.0,1678083695,2023-03-06T06:21:35Z
87147,273891,4.0,1678083696,2023-03-06T06:21:36Z
87147,163134,3.5,1681360949,2023-04-13T04:42:29Z
87147,231413,5.0,1681361109,2023-04-13T04:45:09Z
87150,169400,4.0,1522623343,2018-04-01T22:55:43Z
87150,194797,3.0,1547351830,2019-01-13T03:57:10Z
87150,198119,1.5,1551761822,2019-03-05T04:57:02Z
87150,170961,4.0,1555896637,2019-04-22T01:30:37Z
87150,168250,4.0,1566940253,2019-08-27T21:10:53Z
87150,210577,3.5,1607220720,2020-12-06T02:12:00Z
87150,200838,4.0,1616926037,2021-03-28T10:07:17Z
87150,200820,3.5,1618880097,2021-04-20T00:54:57Z
87150,257701,2.5,1652561395,2022-05-14T20:49:55Z
87150,184641,3.0,1661192430,2022-08-22T18:20:30Z
87150,279278,3.5,1664235186,2022-09-26T23:33:06Z
87159,143367,5.0,1562106401,2019-07-02T22:26:41Z
87159,177939,2.0,1562106494,2019-07-02T22:28:14Z
87159,188773,3.5,1562111943,2019-07-02T23:59:03Z
87159,141432,4.0,1562221328,2019-07-04T06:22:08Z
87159,163134,4.5,1562253641,2019-07-04T15:20:41Z
87159,178907,3.5,1562254802,2019-07-04T15:40:02Z
87159,168250,4.0,1562267216,2019-07-04T19:06:56Z
87222,168250,4.0,1488844387,2017-03-06T23:53:07Z
87222,163134,4.0,1494131429,2017-05-07T04:30:29Z
87222,182479,3.5,1533667808,2018-08-07T18:50:08Z
87222,210577,3.0,1585536663,2020-03-30T02:51:03Z
87222,174549,4.0,1593720914,2020-07-02T20:15:14Z
87222,206393,3.5,1610679753,2021-01-15T03:02:33Z
87222,186985,2.5,1619306421,2021-04-24T23:20:21Z
87222,231413,3.0,1627478166,2021-07-28T13:16:06Z
87222,192649,3.5,1629773424,2021-08-24T02:50:24Z
87222,213353,4.0,1634005441,2021-10-12T02:24:01Z
87222,277110,3.5,1659313364,2022-08-01T00:22:44Z
87222,275245,3.5,1663043163,2022-09-13T04:26:03Z
87222,273891,3.0,1664761047,2022-10-03T01:37:27Z
87222,272079,3.5,1678803565,2023-03-14T14:19:25Z
87324,168250,3.5,1512978478,2017-12-11T07:47:58Z
87324,231413,2.5,1672171641,2022-12-27T20:07:21Z
87324,275245,3.0,1672171641,2022-12-27T20:07:21Z
87324,273891,3.0,1672171646,2022-12-27T20:07:26Z
87324,263555,2.5,1672171647,2022-12-27T20:07:27Z
87324,242062,3.0,1672171648,2022-12-27T20:07:28Z
87324,257037,2.5,1672171648,2022-12-27T20:07:28Z
87324,258001,3.5,1672171648,2022-12-27T20:07:28Z
87324,274993,3.5,1672171657,2022-12-27T20:07:37Z
87324,160848,4.0,1672171660,2022-12-27T20:07:40Z
87324,210577,2.5,1672171660,2022-12-27T20:07:40Z
87324,146309,3.0,1672171663,2022-12-27T20:07:43Z
87324,165105,3.5,1672171663,2022-12-27T20:07:43Z
87324,143367,3.0,1672171665,2022-12-27T20:07:45Z
87324,171013,4.0,1672171665,2022-12-27T20:07:45Z
87324,163134,3.5,1672171667,2022-12-27T20:07:47Z
87324,164204,2.5,1672171667,2022-12-27T20:07:47Z
87324,166291,3.0,1672171667,2022-12-27T20:07:47Z
87324,200838,3.5,1672171668,2022-12-27T20:07:48Z
87324,187145,4.0,1672171672,2022-12-27T20:07:52Z
87324,188623,3.5,1672171672,2022-12-27T20:07:52Z
87324,198611,2.0,1672171672,2022-12-27T20:07:52Z
87324,188773,3.5,1672171674,2022-12-27T20:07:54Z
87324,196937,2.0,1672171674,2022-12-27T20:07:54Z
87324,204158,2.5,1672171678,2022-12-27T20:07:58Z
87324,260825,3.5,1672171680,2022-12-27T20:08:00Z
87324,272079,3.5,1675110511,2023-01-30T20:28:31Z
87329,168250,4.0,1495336003,2017-05-21T03:06:43Z
87329,163134,4.0,1499304063,2017-07-06T01:21:03Z
87329,160848,2.5,1503201576,2017-08-20T03:59:36Z
87329,200838,3.5,1558398906,2019-05-21T00:35:06Z
87329,238036,1.0,1612586054,2021-02-06T04:34:14Z
87329,204158,4.0,1613192547,2021-02-13T05:02:27Z
87329,273891,3.5,1662296270,2022-09-04T12:57:50Z
87329,281018,3.5,1679796766,2023-03-26T02:12:46Z
87329,246604,2.5,1683494303,2023-05-07T21:18:23Z
87329,275245,2.0,1687572913,2023-06-24T02:15:13Z
87391,168250,4.0,1637790521,2021-11-24T21:48:41Z
87391,163134,4.0,1638029361,2021-11-27T16:09:21Z
87391,166291,4.0,1638029390,2021-11-27T16:09:50Z
87391,160848,2.5,1641147698,2022-01-02T18:21:38Z
87391,146309,3.5,1641150698,2022-01-02T19:11:38Z
87391,182479,3.0,1641150892,2022-01-02T19:14:52Z
87505,164395,1.0,1592253674,2020-06-15T20:41:14Z
87505,171071,0.5,1592253674,2020-06-15T20:41:14Z
87505,200820,1.0,1592253674,2020-06-15T20:41:14Z
87505,210577,1.5,1592253674,2020-06-15T20:41:14Z
87505,146309,1.5,1592253675,2020-06-15T20:41:15Z
87505,186139,1.0,1592253675,2020-06-15T20:41:15Z
87505,210641,0.5,1592253675,2020-06-15T20:41:15Z
87505,168250,1.5,1592253676,2020-06-15T20:41:16Z
87505,174549,1.5,1592253676,2020-06-15T20:41:16Z
87505,163134,1.0,1592253677,2020-06-15T20:41:17Z
87505,182479,1.5,1592253678,2020-06-15T20:41:18Z
87505,200838,1.0,1592253678,2020-06-15T20:41:18Z
87505,193916,2.0,1592253679,2020-06-15T20:41:19Z
87505,192209,0.5,1592253680,2020-06-15T20:41:20Z
87505,201706,1.5,1592253681,2020-06-15T20:41:21Z
87505,207828,0.5,1592253681,2020-06-15T20:41:21Z
87606,168250,4.0,1490661037,2017-03-28T00:30:37Z
87606,143367,4.0,1491024978,2017-04-01T05:36:18Z
87606,163134,4.0,1493393428,2017-04-28T15:30:28Z
87606,188773,4.0,1546717955,2019-01-05T19:52:35Z
87606,193916,4.0,1550640850,2019-02-20T05:34:10Z
87606,257037,4.5,1644993613,2022-02-16T06:40:13Z
87606,275245,4.0,1681616595,2023-04-16T03:43:15Z
87686,166291,4.5,1600632854,2020-09-20T20:14:14Z
87686,210227,3.5,1600642148,2020-09-20T22:49:08Z
87686,200820,3.0,1600744747,2020-09-22T03:19:07Z
87686,200838,3.0,1686767714,2023-06-14T18:35:14Z
87686,196937,3.5,1686767872,2023-06-14T18:37:52Z
87686,273891,3.0,1686768460,2023-06-14T18:47:40Z
87686,163134,3.5,1686770265,2023-06-14T19:17:45Z
87686,231413,3.5,1686882462,2023-06-16T02:27:42Z
87686,247464,4.0,1686882588,2023-06-16T02:29:48Z
87686,212383,4.0,1686882603,2023-06-16T02:30:03Z
87686,212385,4.0,1686882613,2023-06-16T02:30:13Z
87686,272079,4.0,1686882984,2023-06-16T02:36:24Z
87686,168250,4.0,1686883168,2023-06-16T02:39:28Z
87787,231413,4.0,1667150404,2022-10-30T17:20:04Z
87787,273891,4.5,1667150406,2022-10-30T17:20:06Z
87787,272079,3.5,1667150407,2022-10-30T17:20:07Z
87787,163134,4.5,1667150414,2022-10-30T17:20:14Z
87787,166291,4.0,1667150414,2022-10-30T17:20:14Z
87787,168250,3.5,1667150414,2022-10-30T17:20:14Z
87787,200838,4.0,1667150414,2022-10-30T17:20:14Z
87857,213431,3.0,1650671774,2022-04-22T23:56:14Z
87857,212383,3.5,1653850793,2022-05-29T18:59:53Z
87857,163134,4.5,1653850794,2022-05-29T18:59:54Z
87857,186985,2.5,1653850794,2022-05-29T18:59:54Z
87857,200838,2.5,1653850794,2022-05-29T18:59:54Z
87857,265114,4.0,1668606461,2022-11-16T13:47:41Z
87956,169400,2.5,1489299731,2017-03-12T06:22:11Z
87956,163134,4.5,1496981977,2017-06-09T04:19:37Z
87956,168250,3.5,1497930883,2017-06-20T03:54:43Z
87956,173007,3.0,1540165128,2018-10-21T23:38:48Z
87956,192649,2.0,1555206736,2019-04-14T01:52:16Z
87956,161594,0.5,1617859787,2021-04-08T05:29:47Z
87956,273891,4.0,1670220298,2022-12-05T06:04:58Z
87997,200820,3.5,1569766392,2019-09-29T14:13:12Z
87997,193041,3.0,1574623442,2019-11-24T19:24:02Z
87997,168250,3.0,1611310603,2021-01-22T10:16:43Z
87997,188623,3.5,1618060007,2021-04-10T13:06:47Z
87997,188773,3.5,1620647934,2021-05-10T11:58:54Z
87997,143367,4.0,1632230111,2021-09-21T13:15:11Z
87997,253332,2.5,1632441342,2021-09-23T23:55:42Z
87997,273891,3.0,1664575860,2022-09-30T22:11:00Z
87997,275245,3.5,1666561915,2022-10-23T21:51:55Z
87997,177939,4.0,1695073150,2023-09-18T21:39:10Z
88033,168250,4.0,1516630758,2018-01-22T14:19:18Z
88033,257037,3.0,1650452675,2022-04-20T11:04:35Z
88033,239256,1.5,1650452766,2022-04-20T11:06:06Z
88033,223310,3.0,1650453127,2022-04-20T11:12:07Z
88033,253332,2.0,1650453447,2022-04-20T11:17:27Z
88213,168250,4.5,1623152674,2021-06-08T11:44:34Z
88213,210577,3.5,1624388193,2021-06-22T18:56:33Z
88213,166291,4.5,1624388417,2021-06-22T19:00:17Z
88213,275245,3.0,1661368278,2022-08-24T19:11:18Z
88213,273891,3.5,1661368299,2022-08-24T19:11:39Z
88290,173007,4.5,1510452291,2017-11-12T02:04:51Z
88290,163134,4.5,1514132699,2017-12-24T16:24:59Z
88290,182479,3.0,1525197021,2018-05-01T17:50:21Z
88290,160848,4.0,1542507446,2018-11-18T02:17:26Z
88290,178111,2.5,1591493644,2020-06-07T01:34:04Z
88290,211137,3.0,1591573127,2020-06-07T23:38:47Z
88290,218657,2.5,1595041857,2020-07-18T03:10:57Z
88290,221250,3.5,1610670931,2021-01-15T00:35:31Z
88290,168250,4.0,1676297373,2023-02-13T14:09:33Z
88325,160848,4.0,1552804079,2019-03-17T06:27:59Z
88325,143367,4.0,1552804084,2019-03-17T06:28:04Z
88325,163134,4.0,1552804085,2019-03-17T06:28:05Z
88325,166291,4.0,1552804085,2019-03-17T06:28:05Z
88325,168250,4.5,1552804085,2019-03-17T06:28:05Z
88325,177939,3.5,1552804086,2019-03-17T06:28:06Z
88325,184835,3.5,1552804086,2019-03-17T06:28:06Z
88325,188773,4.5,1552804404,2019-03-17T06:33:24Z
88400,164282,3.5,1545169523,2018-12-18T21:45:23Z
88400,163134,3.0,1545169524,2018-12-18T21:45:24Z
88400,179225,3.5,1545169524,2018-12-18T21:45:24Z
88400,188773,3.5,1545169525,2018-12-18T21:45:25Z
88400,168250,3.5,1551021266,2019-02-24T15:14:26Z
88400,188623,3.5,1570139090,2019-10-03T21:44:50Z
88456,273891,2.0,1669704067,2022-11-29T06:41:07Z
88456,163134,4.0,1669708959,2022-11-29T08:02:39Z
88456,275245,4.0,1669879743,2022-12-01T07:29:03Z
88456,278428,2.5,1670073935,2022-12-03T13:25:35Z
88456,204158,3.5,1670513760,2022-12-08T15:36:00Z
88456,265114,3.5,1670513892,2022-12-08T15:38:12Z
88456,140106,4.0,1670514205,2022-12-08T15:43:25Z
88456,267640,4.0,1670597048,2022-12-09T14:44:08Z
88574,214216,3.5,1665910630,2022-10-16T08:57:10Z
88574,221256,3.0,1665910631,2022-10-16T08:57:11Z
88574,238036,2.5,1665910634,2022-10-16T08:57:14Z
88574,253826,3.0,1665910634,2022-10-16T08:57:14Z
88574,273891,3.5,1665910634,2022-10-16T08:57:14Z
88574,252932,3.5,1665910635,2022-10-16T08:57:15Z
88574,275651,3.0,1665910635,2022-10-16T08:57:15Z
88574,140106,4.0,1665910643,2022-10-16T08:57:23Z
88574,160848,4.0,1665910643,2022-10-16T08:57:23Z
88574,210577,2.5,1665910643,2022-10-16T08:57:23Z
88574,219121,3.5,1665910644,2022-10-16T08:57:24Z
88574,146309,4.0,1665910645,2022-10-16T08:57:25Z
88574,166295,3.5,1665910645,2022-10-16T08:57:25Z
88574,143367,3.0,1665910646,2022-10-16T08:57:26Z
88574,163134,4.0,1665910647,2022-10-16T08:57:27Z
88574,166291,4.0,1665910647,2022-10-16T08:57:27Z
88574,187653,2.0,1665910647,2022-10-16T08:57:27Z
88574,197077,2.5,1665910647,2022-10-16T08:57:27Z
88574,169400,3.0,1665910648,2022-10-16T08:57:28Z
88574,175299,3.5,1665910648,2022-10-16T08:57:28Z
88574,177285,4.0,1665910648,2022-10-16T08:57:28Z
88574,183661,3.0,1665910648,2022-10-16T08:57:28Z
88574,200838,3.5,1665910648,2022-10-16T08:57:28Z
88574,173007,3.5,1665910649,2022-10-16T08:57:29Z
88574,182479,3.5,1665910649,2022-10-16T08:57:29Z
88574,186985,3.0,1665910650,2022-10-16T08:57:30Z
88574,193916,3.5,1665910650,2022-10-16T08:57:30Z
88574,192209,3.0,1665910651,2022-10-16T08:57:31Z
88574,200052,3.0,1665910651,2022-10-16T08:57:31Z
88574,203974,4.0,1665910651,2022-10-16T08:57:31Z
88574,255621,3.0,1665910651,2022-10-16T08:57:31Z
88574,204158,4.0,1665910653,2022-10-16T08:57:33Z
88670,163134,5.0,1629600547,2021-08-22T02:49:07Z
88670,200838,2.5,1660088879,2022-08-09T23:47:59Z
88670,273891,2.0,1663714795,2022-09-20T22:59:55Z
88670,143367,4.0,1669325489,2022-11-24T21:31:29Z
88670,142566,4.0,1674153896,2023-01-19T18:44:56Z
88812,257037,4.5,1650134733,2022-04-16T18:45:33Z
88812,188623,5.0,1650134824,2022-04-16T18:47:04Z
88812,188773,5.0,1650135203,2022-04-16T18:53:23Z
88812,223310,4.0,1650137248,2022-04-16T19:27:28Z
88812,275245,3.0,1658503715,2022-07-22T15:28:35Z
88812,185905,4.5,1673070482,2023-01-07T05:48:02Z
88812,168250,3.5,1675289495,2023-02-01T22:11:35Z
88812,281188,3.5,1681600334,2023-04-15T23:12:14Z
88812,288807,4.5,1694537499,2023-09-12T16:51:39Z
88935,280460,3.5,1683846069,2023-05-11T23:01:09Z
88935,242404,3.5,1683846132,2023-05-11T23:02:12Z
88935,206393,4.0,1683846326,2023-05-11T23:05:26Z
88935,221072,3.0,1683846391,2023-05-11T23:06:31Z
88935,169022,4.0,1683846408,2023-05-11T23:06:48Z
89080,182863,4.5,1514125406,2017-12-24T14:23:26Z
89080,168250,4.0,1535587504,2018-08-30T00:05:04Z
89080,200838,3.0,1578588051,2020-01-09T16:40:51Z
89080,257037,3.0,1670257734,2022-12-05T16:28:54Z
89080,275245,3.5,1688388520,2023-07-03T12:48:40Z
89193,163134,3.0,1501092915,2017-07-26T18:15:15Z
89193,168250,4.5,1517144096,2018-01-28T12:54:56Z
89193,182479,3.5,1530709628,2018-07-04T13:07:08Z
89193,141432,2.5,1603121776,2020-10-19T15:36:16Z
89193,197625,2.5,1633808369,2021-10-09T19:39:29Z
89193,242062,4.0,1636916614,2021-11-14T19:03:34Z
89193,257037,3.0,1657140533,2022-07-06T20:48:53Z
89193,273891,3.5,1666556579,2022-10-23T20:22:59Z
89198,163056,2.5,1498846454,2017-06-30T18:14:14Z
89198,143367,3.5,1513534893,2017-12-17T18:21:33Z
89198,168250,3.5,1515527278,2018-01-09T19:47:58Z
89198,188623,3.5,1569007720,2019-09-20T19:28:40Z
89198,188773,3.5,1578673945,2020-01-10T16:32:25Z
89263,188623,4.0,1561413692,2019-06-24T22:01:32Z
89263,166291,3.0,1565898858,2019-08-15T19:54:18Z
89263,188773,3.5,1565901565,2019-08-15T20:39:25Z
89263,150776,4.0,1565903206,2019-08-15T21:06:46Z
89263,163134,4.5,1565903466,2019-08-15T21:11:06Z
89263,168250,3.0,1571158017,2019-10-15T16:46:57Z
89307,163134,5.0,1507413313,2017-10-07T21:55:13Z
89307,168250,5.0,1507415201,2017-10-07T22:26:41Z
89307,160848,5.0,1507463645,2017-10-08T11:54:05Z
89307,143367,4.0,1507464754,2017-10-08T12:12:34Z
89307,146309,5.0,1555693702,2019-04-19T17:08:22Z
89409,218657,4.0,1613366087,2021-02-15T05:14:47Z
89409,140805,0.5,1613366090,2021-02-15T05:14:50Z
89409,161594,4.0,1613366093,2021-02-15T05:14:53Z
89409,163134,5.0,1613366093,2021-02-15T05:14:53Z
89409,168250,5.0,1613366093,2021-02-15T05:14:53Z
89409,200838,4.0,1613366093,2021-02-15T05:14:53Z
89409,188773,2.5,1613366094,2021-02-15T05:14:54Z
89435,182479,3.5,1593666400,2020-07-02T05:06:40Z
89435,162990,3.0,1593667005,2020-07-02T05:16:45Z
89435,170125,3.0,1593667010,2020-07-02T05:16:50Z
89435,168250,4.0,1593670086,2020-07-02T06:08:06Z
89435,169400,3.5,1594427817,2020-07-11T00:36:57Z
89435,187145,4.0,1594956997,2020-07-17T03:36:37Z
89435,231413,3.5,1625794858,2021-07-09T01:40:58Z
89462,188623,2.5,1602256390,2020-10-09T15:13:10Z
89462,168250,4.5,1604275172,2020-11-01T23:59:32Z
89462,210577,2.5,1604448302,2020-11-04T00:05:02Z
89462,200820,3.0,1604449313,2020-11-04T00:21:53Z
89462,204158,3.0,1605527369,2020-11-16T11:49:29Z
89519,146309,3.0,1478198092,2016-11-03T18:34:52Z
89519,169400,3.5,1488458982,2017-03-02T12:49:42Z
89519,161594,3.0,1493045215,2017-04-24T14:46:55Z
89519,168250,4.0,1575866014,2019-12-09T04:33:34Z
89519,163134,4.5,1586792584,2020-04-13T15:43:04Z
89519,143367,4.0,1586792698,2020-04-13T15:44:58Z
89519,201488,3.0,1611451142,2021-01-24T01:19:02Z
89519,273891,3.0,1677467844,2023-02-27T03:17:24Z
89519,275245,3.5,1677467873,2023-02-27T03:17:53Z
89530,273891,5.0,1661048862,2022-08-21T02:27:42Z
89530,168250,4.5,1661049745,2022-08-21T02:42:25Z
89530,200838,3.5,1661050651,2022-08-21T02:57:31Z
89530,276231,3.0,1661094093,2022-08-21T15:01:33Z
89530,275245,3.0,1688865834,2023-07-09T01:23:54Z
89543,168250,3.0,1645232764,2022-02-19T01:06:04Z
89543,231413,5.0,1658446000,2022-07-21T23:26:40Z
89543,246604,5.0,1658446075,2022-07-21T23:27:55Z
89543,273891,4.5,1677211733,2023-02-24T04:08:53Z
89543,252308,4.5,1686457533,2023-06-11T04:25:33Z
89685,200820,3.5,1574156680,2019-11-19T09:44:40Z
89685,194797,2.5,1574156913,2019-11-19T09:48:33Z
89685,191235,2.5,1574156915,2019-11-19T09:48:35Z
89685,183661,2.5,1574156916,2019-11-19T09:48:36Z
89685,178907,3.5,1574158112,2019-11-19T10:08:32Z
89940,163134,5.0,1657858462,2022-07-15T04:14:22Z
89940,254464,3.0,1657859213,2022-07-15T04:26:53Z
89940,166291,4.0,1667726702,2022-11-06T09:25:02Z
89940,204158,2.0,1667726734,2022-11-06T09:25:34Z
89940,279088,2.5,1693986987,2023-09-06T07:56:27Z
89940,281188,2.5,1694163024,2023-09-08T08:50:24Z
89940,178111,2.0,1694326818,2023-09-10T06:20:18Z
89944,168250,3.5,1691057547,2023-08-03T10:12:27Z
89944,163134,4.0,1691058289,2023-08-03T10:24:49Z
89944,273891,4.0,1691059241,2023-08-03T10:40:41Z
89944,193916,3.5,1691148874,2023-08-04T11:34:34Z
89944,281188,4.0,1692864980,2023-08-24T08:16:20Z
89954,141432,3.0,1442753783,2015-09-20T12:56:23Z
89954,142566,4.0,1448056433,2015-11-20T21:53:53Z
89954,164204,3.0,1477249785,2016-10-23T19:09:45Z
89954,166974,2.5,1487524390,2017-02-19T17:13:10Z
89954,143367,3.0,1488117769,2017-02-26T14:02:49Z
89954,163134,3.0,1494072452,2017-05-06T12:07:32Z
89954,171013,3.5,1505479912,2017-09-15T12:51:52Z
89954,166126,3.5,1505589562,2017-09-16T19:19:22Z
89954,160848,3.0,1506169531,2017-09-23T12:25:31Z
89954,179113,3.0,1508009105,2017-10-14T19:25:05Z
89954,179225,3.5,1508009204,2017-10-14T19:26:44Z
89954,146309,3.0,1515442470,2018-01-08T20:14:30Z
89954,140106,3.0,1520158187,2018-03-04T10:09:47Z
89954,142550,3.0,1520159518,2018-03-04T10:31:58Z
89954,184641,1.5,1520889886,2018-03-12T21:24:46Z
89954,177939,3.0,1534576910,2018-08-18T07:21:50Z
89954,192217,3.0,1538239768,2018-09-29T16:49:28Z
89954,185539,3.5,1538239904,2018-09-29T16:51:44Z
89954,186985,3.0,1541886874,2018-11-10T21:54:34Z
90013,252888,1.5,1663204618,2022-09-15T01:16:58Z
90013,262113,1.5,1663204621,2022-09-15T01:17:01Z
90013,200820,1.5,1663204624,2022-09-15T01:17:04Z
90013,210577,3.0,1663204624,2022-09-15T01:17:04Z
90013,161592,2.5,1663204625,2022-09-15T01:17:05Z
90013,193533,3.0,1663204625,2022-09-15T01:17:05Z
90026,200820,4.5,1614628980,2021-03-01T20:03:00Z
90026,143367,5.0,1614629701,2021-03-01T20:15:01Z
90026,168250,4.5,1614630187,2021-03-01T20:23:07Z
90026,253332,4.0,1657151898,2022-07-06T23:58:18Z
90026,275245,5.0,1680987140,2023-04-08T20:52:20Z
90347,168250,4.0,1532969878,2018-07-30T16:57:58Z
90347,177119,3.0,1560377644,2019-06-12T22:14:04Z
90347,210577,3.5,1628023710,2021-08-03T20:48:30Z
90347,269766,3.5,1643755183,2022-02-01T22:39:43Z
90347,273891,4.0,1662265457,2022-09-04T04:24:17Z
90347,184641,2.0,1664080122,2022-09-25T04:28:42Z
90347,275245,4.0,1666489923,2022-10-23T01:52:03Z
90716,188773,4.5,1552507779,2019-03-13T20:09:39Z
90716,168250,2.0,1554139665,2019-04-01T17:27:45Z
90716,143367,3.5,1579502747,2020-01-20T06:45:47Z
90716,238036,2.5,1629942316,2021-08-26T01:45:16Z
90716,257037,3.0,1648423239,2022-03-27T23:20:39Z
90928,168250,4.5,1541370070,2018-11-04T22:21:10Z
90928,188773,4.5,1591077185,2020-06-02T05:53:05Z
90928,188623,5.0,1591077284,2020-06-02T05:54:44Z
90928,273891,4.0,1666094112,2022-10-18T11:55:12Z
90928,275245,3.5,1667052095,2022-10-29T14:01:35Z
90934,168250,4.5,1508196067,2017-10-16T23:21:07Z
90934,200820,3.5,1566843730,2019-08-26T18:22:10Z
90934,239256,3.0,1631704635,2021-09-15T11:17:15Z
90934,273891,3.0,1664227061,2022-09-26T21:17:41Z
90934,275245,3.5,1675374006,2023-02-02T21:40:06Z
90943,165105,0.5,1590962629,2020-05-31T22:03:49Z
90943,168250,0.5,1590964714,2020-05-31T22:38:34Z
90943,164395,0.5,1590964781,2020-05-31T22:39:41Z
90943,193041,0.5,1590964828,2020-05-31T22:40:28Z
90943,173935,0.5,1590964871,2020-05-31T22:41:11Z
90943,200838,1.5,1590965085,2020-05-31T22:44:45Z
91097,168250,4.5,1506900317,2017-10-01T23:25:17Z
91097,193041,2.0,1574555410,2019-11-24T00:30:10Z
91097,198119,2.5,1610511092,2021-01-13T04:11:32Z
91097,275245,4.0,1667864475,2022-11-07T23:41:15Z
91097,273891,2.0,1671099035,2022-12-15T10:10:35Z
91104,177939,5.0,1596080717,2020-07-30T03:45:17Z
91104,188623,5.0,1596080758,2020-07-30T03:45:58Z
91104,166291,3.0,1596081057,2020-07-30T03:50:57Z
91104,188773,4.5,1596170844,2020-07-31T04:47:24Z
91104,206393,2.5,1596170896,2020-07-31T04:48:16Z
91104,171013,3.5,1596170907,2020-07-31T04:48:27Z
91104,169022,4.0,1596170955,2020-07-31T04:49:15Z
91104,168218,4.5,1596170994,2020-07-31T04:49:54Z
91104,168090,4.5,1596170997,2020-07-31T04:49:57Z
91104,187145,4.0,1596171050,2020-07-31T04:50:50Z
91104,163134,3.0,1596171118,2020-07-31T04:51:58Z
91195,168250,3.5,1494688198,2017-05-13T15:09:58Z
91195,143367,2.0,1524346046,2018-04-21T21:27:26Z
91195,186985,2.5,1546503921,2019-01-03T08:25:21Z
91195,224841,3.5,1604259777,2020-11-01T19:42:57Z
91195,200838,2.0,1621542860,2021-05-20T20:34:20Z
91195,200820,3.0,1624224861,2021-06-20T21:34:21Z
91195,210577,2.0,1625433533,2021-07-04T21:18:53Z
91195,273891,3.0,1664656451,2022-10-01T20:34:11Z
91496,168250,5.0,1504552287,2017-09-04T19:11:27Z
91496,163134,5.0,1510770165,2017-11-15T18:22:45Z
91496,188773,5.0,1567070330,2019-08-29T09:18:50Z
91496,193916,5.0,1569662537,2019-09-28T09:22:17Z
91496,188623,5.0,1585050379,2020-03-24T11:46:19Z
91496,143367,5.0,1587990440,2020-04-27T12:27:20Z
91496,257037,5.0,1646927088,2022-03-10T15:44:48Z
91496,275245,5.0,1677928676,2023-03-04T11:17:56Z
91562,168250,0.5,1586973834,2020-04-15T18:03:54Z
91562,177119,0.5,1586999062,2020-04-16T01:04:22Z
91562,194797,0.5,1586999374,2020-04-16T01:09:34Z
91562,170125,0.5,1587000876,2020-04-16T01:34:36Z
91562,176515,0.5,1587000927,2020-04-16T01:35:27Z
91562,166291,0.5,1587107324,2020-04-17T07:08:44Z
91562,180069,0.5,1587107730,2020-04-17T07:15:30Z
91562,163134,0.5,1587108372,2020-04-17T07:26:12Z
91670,162968,4.5,1679395184,2023-03-21T10:39:44Z
91670,168090,4.0,1679395191,2023-03-21T10:39:51Z
91670,168218,4.0,1679395196,2023-03-21T10:39:56Z
91670,223570,3.5,1679564936,2023-03-23T09:48:56Z
91670,215653,3.0,1681138338,2023-04-10T14:52:18Z
91893,168250,5.0,1625352641,2021-07-03T22:50:41Z
91893,165105,4.0,1625353032,2021-07-03T22:57:12Z
91893,193041,3.5,1631805909,2021-09-16T15:25:09Z
91893,275245,4.5,1672851221,2023-01-04T16:53:41Z
91893,271160,3.5,1675271232,2023-02-01T17:07:12Z
92060,168250,3.5,1613512263,2021-02-16T21:51:03Z
92060,163134,4.5,1613513522,2021-02-16T22:12:02Z
92060,210577,1.0,1613554357,2021-02-17T09:32:37Z
92060,200820,2.5,1613554543,2021-02-17T09:35:43Z
92060,200838,3.5,1613565325,2021-02-17T12:35:25Z
92060,169400,3.5,1613565693,2021-02-17T12:41:33Z
92088,275245,5.0,1691681978,2023-08-10T15:39:38Z
92088,168250,4.5,1691682410,2023-08-10T15:46:50Z
92088,273891,4.0,1691692310,2023-08-10T18:31:50Z
92088,166291,2.5,1692466510,2023-08-19T17:35:10Z
92088,165105,2.5,1693577218,2023-09-01T14:06:58Z
92088,142566,4.0,1694188344,2023-09-08T15:52:24Z
92088,177939,4.5,1696354277,2023-10-03T17:31:17Z
92616,137863,3.0,1448310768,2015-11-23T20:32:48Z
92616,143367,3.5,1483312118,2017-01-01T23:08:38Z
92616,168250,3.5,1510946852,2017-11-17T19:27:32Z
92616,196937,3.5,1548285088,2019-01-23T23:11:28Z
92616,200838,4.5,1557605208,2019-05-11T20:06:48Z
92616,210577,3.5,1581717745,2020-02-14T22:02:25Z
92616,211137,3.0,1583351380,2020-03-04T19:49:40Z
92616,166291,3.5,1606155174,2020-11-23T18:12:54Z
92616,231413,4.0,1622235856,2021-05-28T21:04:16Z
92616,273891,3.5,1659813326,2022-08-06T19:15:26Z
92616,275245,3.0,1660408610,2022-08-13T16:36:50Z
92616,276231,3.5,1660849159,2022-08-18T18:59:19Z
92616,284377,3.5,1695332408,2023-09-21T21:40:08Z
92616,288209,3.0,1696086321,2023-09-30T15:05:21Z
92639,168250,4.0,1506243726,2017-09-24T09:02:06Z
92639,166291,3.0,1509031427,2017-10-26T15:23:47Z
92639,174515,3.0,1509031860,2017-10-26T15:31:00Z
92639,149658,3.0,1509895692,2017-11-05T15:28:12Z
92639,143367,3.5,1517898130,2018-02-06T06:22:10Z
92639,188623,4.5,1542532451,2018-11-18T09:14:11Z
92639,188773,4.0,1568176343,2019-09-11T04:32:23Z
92639,141432,4.5,1572129290,2019-10-26T22:34:50Z
92639,210577,3.5,1621821288,2021-05-24T01:54:48Z
92653,168250,4.0,1524878142,2018-04-28T01:15:42Z
92653,143367,3.5,1524881408,2018-04-28T02:10:08Z
92653,166291,3.5,1524881438,2018-04-28T02:10:38Z
92653,163134,3.5,1576697799,2019-12-18T19:36:39Z
92653,223938,3.0,1602093310,2020-10-07T17:55:10Z
92653,177939,3.0,1607552961,2020-12-09T22:29:21Z
92653,204610,3.5,1638550221,2021-12-03T16:50:21Z
92653,264748,3.5,1655936340,2022-06-22T22:19:00Z
92653,276259,3.5,1656368674,2022-06-27T22:24:34Z
92653,218657,3.0,1670010750,2022-12-02T19:52:30Z
92653,246604,2.0,1670712182,2022-12-10T22:43:02Z
92653,216525,3.0,1670949573,2022-12-13T16:39:33Z
92679,184641,3.0,1521942770,2018-03-25T01:52:50Z
92679,168250,4.5,1577909303,2020-01-01T20:08:23Z
92679,255639,3.5,1630120148,2021-08-28T03:09:08Z
92679,273891,3.5,1670210565,2022-12-05T03:22:45Z
92679,200820,2.5,1684362737,2023-05-17T22:32:17Z
92963,168250,3.5,1529535796,2018-06-20T23:03:16Z
92963,163134,4.5,1530034256,2018-06-26T17:30:56Z
92963,143367,5.0,1540116745,2018-10-21T10:12:25Z
92963,179411,2.5,1541969638,2018-11-11T20:53:58Z
92963,188773,3.5,1572480752,2019-10-31T00:12:32Z
92963,193041,4.5,1573827574,2019-11-15T14:19:34Z
92963,188623,4.5,1588407076,2020-05-02T08:11:16Z
92963,257037,2.5,1667246116,2022-10-31T19:55:16Z
92963,273891,5.0,1690023023,2023-07-22T10:50:23Z
92986,137863,3.0,1490529712,2017-03-26T12:01:52Z
92986,168250,3.5,1500713159,2017-07-22T08:45:59Z
92986,163134,4.5,1554652694,2019-04-07T15:58:14Z
92986,200838,3.5,1564095530,2019-07-25T22:58:50Z
92986,210577,3.0,1586007195,2020-04-04T13:33:15Z
92986,200820,2.5,1611606205,2021-01-25T20:23:25Z
92986,204158,4.0,1623855196,2021-06-16T14:53:16Z
92986,273891,3.5,1666992078,2022-10-28T21:21:18Z
93131,218657,4.0,1674252830,2023-01-20T22:13:50Z
93131,163134,5.0,1674252941,2023-01-20T22:15:41Z
93131,166291,4.5,1674252980,2023-01-20T22:16:20Z
93131,204610,4.0,1674253003,2023-01-20T22:16:43Z
93131,204158,4.5,1674253045,2023-01-20T22:17:25Z
93131,272555,3.5,1674253533,2023-01-20T22:25:33Z
93131,178111,3.5,1674253547,2023-01-20T22:25:47Z
93131,192209,3.5,1674253583,2023-01-20T22:26:23Z
93131,242404,3.5,1674253641,2023-01-20T22:27:21Z
93131,272079,3.5,1674254349,2023-01-20T22:39:09Z
93211,168250,3.5,1493865088,2017-05-04T02:31:28Z
93211,163134,2.5,1494728587,2017-05-14T02:23:07Z
93211,188773,4.0,1550634112,2019-02-20T03:41:52Z
93211,188623,3.5,1550816426,2019-02-22T06:20:26Z
93211,210577,3.0,1586665991,2020-04-12T04:33:11Z
93211,200820,1.5,1618700078,2021-04-17T22:54:38Z
93211,253332,2.0,1630362170,2021-08-30T22:22:50Z
93211,257037,3.5,1647381571,2022-03-15T21:59:31Z
93211,275245,3.0,1659057412,2022-07-29T01:16:52Z
93211,273891,4.0,1665519168,2022-10-11T20:12:48Z
93211,242062,2.5,1686971866,2023-06-17T03:17:46Z
93228,137863,4.0,1498951021,2017-07-01T23:17:01Z
93228,168250,4.0,1517423984,2018-01-31T18:39:44Z
93228,200820,4.0,1567502714,2019-09-03T09:25:14Z
93228,200838,5.0,1572817159,2019-11-03T21:39:19Z
93228,210577,5.0,1588193207,2020-04-29T20:46:47Z
93228,140805,2.5,1598378118,2020-08-25T17:55:18Z
93265,137863,2.0,1489768984,2017-03-17T16:43:04Z
93265,167850,3.5,1551803510,2019-03-05T16:31:50Z
93265,149658,4.0,1551803576,2019-03-05T16:32:56Z
93265,196937,2.5,1551803625,2019-03-05T16:33:45Z
93265,162968,3.5,1556980524,2019-05-04T14:35:24Z
93265,168218,3.5,1556980759,2019-05-04T14:39:19Z
93265,168090,3.5,1556980809,2019-05-04T14:40:09Z
93265,200838,2.0,1563732053,2019-07-21T18:00:53Z
93265,210227,3.0,1593897208,2020-07-04T21:13:28Z
93265,163134,3.5,1593980681,2020-07-05T20:24:41Z
93265,166291,3.5,1593980835,2020-07-05T20:27:15Z
93265,206321,3.0,1593980912,2020-07-05T20:28:32Z
93265,192649,3.5,1593981026,2020-07-05T20:30:26Z
93265,214260,2.0,1593981187,2020-07-05T20:33:07Z
93265,216273,3.0,1593983125,2020-07-05T21:05:25Z
93265,210577,3.0,1596287171,2020-08-01T13:06:11Z
93265,279692,3.0,1694537811,2023-09-12T16:56:51Z
93265,222234,2.0,1696426639,2023-10-04T13:37:19Z
93277,165105,3.0,1525298685,2018-05-02T22:04:45Z
93277,185877,4.0,1531526614,2018-07-14T00:03:34Z
93277,168250,4.0,1548696623,2019-01-28T17:30:23Z
93277,200820,3.0,1571263571,2019-10-16T22:06:11Z
93277,163056,3.0,1597607257,2020-08-16T19:47:37Z
93277,273891,3.5,1665959523,2022-10-16T22:32:03Z
93277,275245,3.0,1689685496,2023-07-18T13:04:56Z
93506,154971,4.0,1465586013,2016-06-10T19:13:33Z
93506,168250,4.0,1497991969,2017-06-20T20:52:49Z
93506,160848,5.0,1521071478,2018-03-14T23:51:18Z
93506,163134,4.5,1521071479,2018-03-14T23:51:19Z
93506,149146,3.5,1529776369,2018-06-23T17:52:49Z
93506,173935,3.0,1529776370,2018-06-23T17:52:50Z
93506,177229,4.5,1529776370,2018-06-23T17:52:50Z
93506,166291,5.0,1560643459,2019-06-16T00:04:19Z
93506,200820,4.0,1560643459,2019-06-16T00:04:19Z
93506,200838,3.5,1560643460,2019-06-16T00:04:20Z
93588,163134,4.5,1510006871,2017-11-06T22:21:11Z
93588,160848,3.5,1510779520,2017-11-15T20:58:40Z
93588,162990,4.0,1516384784,2018-01-19T17:59:44Z
93588,188773,4.0,1543447766,2018-11-28T23:29:26Z
93588,200838,3.5,1559598947,2019-06-03T21:55:47Z
93609,163134,5.0,1495230709,2017-05-19T21:51:49Z
93609,168250,4.5,1534097406,2018-08-12T18:10:06Z
93609,200838,3.5,1563055662,2019-07-13T22:07:42Z
93609,204158,4.0,1591691574,2020-06-09T08:32:54Z
93609,198611,4.5,1591842435,2020-06-11T02:27:15Z
93609,166291,2.0,1591956076,2020-06-12T10:01:16Z
93609,187145,4.0,1598586733,2020-08-28T03:52:13Z
93609,200820,2.5,1612909352,2021-02-09T22:22:32Z
93609,213353,4.0,1641071352,2022-01-01T21:09:12Z
93609,192649,4.0,1641071375,2022-01-01T21:09:35Z
93609,275245,4.0,1669490922,2022-11-26T19:28:42Z
93768,168250,4.0,1621727904,2021-05-22T23:58:24Z
93768,163134,4.0,1621728410,2021-05-23T00:06:50Z
93768,200820,4.0,1621729481,2021-05-23T00:24:41Z
93768,210577,3.5,1621729859,2021-05-23T00:30:59Z
93768,163056,4.5,1621730557,2021-05-23T00:42:37Z
93768,193041,4.0,1621730761,2021-05-23T00:46:01Z
93918,163134,4.5,1546171018,2018-12-30T11:56:58Z
93918,174515,3.5,1546171130,2018-12-30T11:58:50Z
93918,192981,3.5,1546171546,2018-12-30T12:05:46Z
93918,196937,3.5,1560057169,2019-06-09T05:12:49Z
93918,204158,3.5,1567873825,2019-09-07T16:30:25Z
93918,272079,3.5,1651984563,2022-05-08T04:36:03Z
93918,276231,3.5,1661074129,2022-08-21T09:28:49Z
93918,279692,3.0,1667684488,2022-11-05T21:41:28Z
93918,281188,4.0,1682471444,2023-04-26T01:10:44Z
93918,162990,3.5,1693136913,2023-08-27T11:48:33Z
93930,168250,3.0,1542931866,2018-11-23T00:11:06Z
93930,160848,2.5,1542933798,2018-11-23T00:43:18Z
93930,163134,4.0,1543186981,2018-11-25T23:03:01Z
93930,143367,2.5,1587502534,2020-04-21T20:55:34Z
93930,200838,3.0,1587502924,2020-04-21T21:02:04Z
93930,182479,3.5,1682283537,2023-04-23T20:58:57Z
93946,163134,4.5,1643128070,2022-01-25T16:27:50Z
93946,160848,4.5,1643906095,2022-02-03T16:34:55Z
93946,168250,4.0,1643906893,2022-02-03T16:48:13Z
93946,200820,2.0,1643992746,2022-02-04T16:39:06Z
93946,210577,3.0,1643992758,2022-02-04T16:39:18Z
93946,143367,4.0,1644140247,2022-02-06T09:37:27Z
93946,200838,2.5,1644506254,2022-02-10T15:17:34Z
94272,207297,3.5,1632601338,2021-09-25T20:22:18Z
94272,221256,5.0,1632601340,2021-09-25T20:22:20Z
94272,218657,2.5,1632601352,2021-09-25T20:22:32Z
94272,238036,2.5,1632601356,2021-09-25T20:22:36Z
94272,140805,3.5,1632601373,2021-09-25T20:22:53Z
94272,200386,5.0,1632601393,2021-09-25T20:23:13Z
94272,200820,4.0,1632601393,2021-09-25T20:23:13Z
94272,137863,5.0,1632601394,2021-09-25T20:23:14Z
94272,150395,3.0,1632601394,2021-09-25T20:23:14Z
94272,164395,3.5,1632601394,2021-09-25T20:23:14Z
94272,210577,4.0,1632601394,2021-09-25T20:23:14Z
94272,163056,4.0,1632601399,2021-09-25T20:23:19Z
94272,174515,3.5,1632601399,2021-09-25T20:23:19Z
94272,204810,3.0,1632601399,2021-09-25T20:23:19Z
94272,150776,3.0,1632601400,2021-09-25T20:23:20Z
94272,141972,3.0,1632601401,2021-09-25T20:23:21Z
94272,143367,0.5,1632601405,2021-09-25T20:23:25Z
94272,163134,3.5,1632601406,2021-09-25T20:23:26Z
94272,167850,3.5,1632601406,2021-09-25T20:23:26Z
94272,168250,0.5,1632601406,2021-09-25T20:23:26Z
94272,200384,5.0,1632601406,2021-09-25T20:23:26Z
94272,161594,3.0,1632601407,2021-09-25T20:23:27Z
94272,166291,3.5,1632601407,2021-09-25T20:23:27Z
94272,177285,3.0,1632601407,2021-09-25T20:23:27Z
94272,184641,3.5,1632601407,2021-09-25T20:23:27Z
94272,173935,3.5,1632601408,2021-09-25T20:23:28Z
94272,193533,3.5,1632601408,2021-09-25T20:23:28Z
94272,200838,5.0,1632601408,2021-09-25T20:23:28Z
94272,173007,2.0,1632601409,2021-09-25T20:23:29Z
94272,179225,3.0,1632601409,2021-09-25T20:23:29Z
94272,180091,3.5,1632601409,2021-09-25T20:23:29Z
94272,197625,4.0,1632601409,2021-09-25T20:23:29Z
94272,198107,3.0,1632601409,2021-09-25T20:23:29Z
94272,216273,3.0,1632601409,2021-09-25T20:23:29Z
94272,239256,3.0,1632601409,2021-09-25T20:23:29Z
94272,193916,2.0,1632601410,2021-09-25T20:23:30Z
94272,188623,3.5,1632601411,2021-09-25T20:23:31Z
94272,192649,3.0,1632601413,2021-09-25T20:23:33Z
94272,193041,2.0,1632601413,2021-09-25T20:23:33Z
94272,214020,5.0,1632601413,2021-09-25T20:23:33Z
94272,188773,3.5,1632601414,2021-09-25T20:23:34Z
94272,191235,2.5,1632601414,2021-09-25T20:23:34Z
94272,196937,5.0,1632601414,2021-09-25T20:23:34Z
94272,200052,3.5,1632601414,2021-09-25T20:23:34Z
94272,192209,2.5,1632601415,2021-09-25T20:23:35Z
94272,213367,3.5,1632601419,2021-09-25T20:23:39Z
94272,208293,3.0,1632601420,2021-09-25T20:23:40Z
94272,210227,3.5,1632601422,2021-09-25T20:23:42Z
94272,227835,3.0,1632601422,2021-09-25T20:23:42Z
94272,214026,5.0,1632601423,2021-09-25T20:23:43Z
94561,168250,4.0,1621692168,2021-05-22T14:02:48Z
94561,143367,4.0,1628950173,2021-08-14T14:09:33Z
94561,275245,4.0,1675162749,2023-01-31T10:59:09Z
94561,163134,5.0,1675519880,2023-02-04T14:11:20Z
94561,281188,4.5,1685939906,2023-06-05T04:38:26Z
94561,204158,5.0,1685940125,2023-06-05T04:42:05Z
94659,186985,4.5,1527251461,2018-05-25T12:31:01Z
94659,171071,4.5,1549829916,2019-02-10T20:18:36Z
94659,200820,1.5,1615810876,2021-03-15T12:21:16Z
94659,179411,2.0,1616071314,2021-03-18T12:41:54Z
94659,183661,2.5,1655115077,2022-06-13T10:11:17Z
94762,168250,5.0,1623705717,2021-06-14T21:21:57Z
94762,188623,4.5,1624081339,2021-06-19T05:42:19Z
94762,231413,4.5,1626593256,2021-07-18T07:27:36Z
94762,163134,4.5,1645298117,2022-02-19T19:15:17Z
94762,273891,2.5,1671081678,2022-12-15T05:21:18Z
94762,275245,3.5,1671081684,2022-12-15T05:21:24Z
95057,167850,3.0,1665237000,2022-10-08T13:50:00Z
95057,210227,3.5,1665237003,2022-10-08T13:50:03Z
95057,137863,3.0,1665239950,2022-10-08T14:39:10Z
95057,279692,4.5,1665368825,2022-10-10T02:27:05Z
95057,272079,3.5,1689315932,2023-07-14T06:25:32Z
95130,200820,0.5,1618698096,2021-04-17T22:21:36Z
95130,168250,4.0,1618699003,2021-04-17T22:36:43Z
95130,218657,2.0,1618751382,2021-04-18T13:09:42Z
95130,146309,2.0,1618751503,2021-04-18T13:11:43Z
95130,177285,0.5,1618751809,2021-04-18T13:16:49Z
95130,194797,1.0,1618752042,2021-04-18T13:20:42Z
95130,163056,1.0,1618772723,2021-04-18T19:05:23Z
95130,210577,1.0,1628023977,2021-08-03T20:52:57Z
95130,200838,1.5,1628987002,2021-08-15T00:23:22Z
95130,275245,2.0,1691232888,2023-08-05T10:54:48Z
95267,162968,3.5,1637047755,2021-11-16T07:29:15Z
95267,168090,3.5,1637047769,2021-11-16T07:29:29Z
95267,168218,3.5,1637047777,2021-11-16T07:29:37Z
95267,163134,2.5,1637047893,2021-11-16T07:31:33Z
95267,253826,3.0,1637047955,2021-11-16T07:32:35Z
95267,166291,3.0,1637048114,2021-11-16T07:35:14Z
95267,198611,3.0,1637638103,2021-11-23T03:28:23Z
95267,177939,4.5,1681633554,2023-04-16T08:25:54Z
95267,281188,2.5,1684739185,2023-05-22T07:06:25Z
95267,273891,3.0,1687089476,2023-06-18T11:57:56Z
95481,143367,0.5,1499075834,2017-07-03T09:57:14Z
95481,168250,4.5,1500216048,2017-07-16T14:40:48Z
95481,163134,3.0,1508534974,2017-10-20T21:29:34Z
95481,189851,3.0,1586707141,2020-04-12T15:59:01Z
95481,207323,1.5,1586715307,2020-04-12T18:15:07Z
95481,141432,1.0,1595440561,2020-07-22T17:56:01Z
95481,164643,0.5,1595783261,2020-07-26T17:07:41Z
95481,198611,3.0,1596654665,2020-08-05T19:11:05Z
95481,182863,3.0,1596661555,2020-08-05T21:05:55Z
95481,204158,2.0,1596743991,2020-08-06T19:59:51Z
95481,213193,3.5,1600510718,2020-09-19T10:18:38Z
95481,196809,1.0,1600620131,2020-09-20T16:42:11Z
95481,197549,1.5,1600628505,2020-09-20T19:01:45Z
95481,224523,0.5,1600635930,2020-09-20T21:05:30Z
95481,187145,2.0,1601127476,2020-09-26T13:37:56Z
95481,193916,0.5,1601135159,2020-09-26T15:45:59Z
95481,204610,1.0,1601144024,2020-09-26T18:13:44Z
95481,201706,3.0,1601150121,2020-09-26T19:55:21Z
95481,222883,3.0,1601153616,2020-09-26T20:53:36Z
95481,218657,3.0,1601200320,2020-09-27T09:52:00Z
95481,192209,1.0,1601204871,2020-09-27T11:07:51Z
95481,216525,1.0,1601229776,2020-09-27T18:02:56Z
95481,199201,2.0,1601407578,2020-09-29T19:26:18Z
95481,210221,1.0,1602332190,2020-10-10T12:16:30Z
95481,202319,3.5,1604603321,2020-11-05T19:08:41Z
95481,210577,3.5,1605725443,2020-11-18T18:50:43Z
95481,200820,3.5,1606764597,2020-11-30T19:29:57Z
95481,188773,1.0,1611687400,2021-01-26T18:56:40Z
95481,273891,3.5,1683480740,2023-05-07T17:32:20Z
95484,273891,2.5,1663779899,2022-09-21T17:04:59Z
95484,257037,4.0,1663849794,2022-09-22T12:29:54Z
95484,168250,4.0,1663850007,2022-09-22T12:33:27Z
95484,188773,4.0,1664872372,2022-10-04T08:32:52Z
95484,275245,3.0,1666198378,2022-10-19T16:52:58Z
95558,257037,3.0,1676923606,2023-02-20T20:06:46Z
95558,258001,4.0,1676923606,2023-02-20T20:06:46Z
95558,273891,3.0,1676923606,2023-02-20T20:06:46Z
95558,275245,3.5,1676923606,2023-02-20T20:06:46Z
95558,168250,4.0,1676923610,2023-02-20T20:06:50Z
95567,137863,3.5,1568520418,2019-09-15T04:06:58Z
95567,200820,3.5,1568520418,2019-09-15T04:06:58Z
95567,168250,3.5,1568520423,2019-09-15T04:07:03Z
95567,186985,4.0,1568520424,2019-09-15T04:07:04Z
95567,192649,3.0,1568520424,2019-09-15T04:07:04Z
95567,196937,3.5,1568520425,2019-09-15T04:07:05Z
95567,210577,3.0,1599157561,2020-09-03T18:26:01Z
95567,213367,2.5,1606233217,2020-11-24T15:53:37Z
95567,213353,3.0,1610571192,2021-01-13T20:53:12Z
95567,208293,3.5,1619126291,2021-04-22T21:18:11Z
95567,231413,3.0,1632357180,2021-09-23T00:33:00Z
95567,183661,3.5,1633990956,2021-10-11T22:22:36Z
95567,191235,3.0,1634002982,2021-10-12T01:43:02Z
95567,194797,3.0,1634688890,2021-10-20T00:14:50Z
95567,262863,3.5,1640053921,2021-12-21T02:32:01Z
95567,263555,3.5,1664571164,2022-09-30T20:52:44Z
95567,276231,3.0,1682622653,2023-04-27T19:10:53Z
95567,163056,3.0,1686880938,2023-06-16T02:02:18Z
95847,163134,5.0,1536426151,2018-09-08T17:02:31Z
95847,188623,4.5,1578161713,2020-01-04T18:15:13Z
95847,188773,5.0,1582394859,2020-02-22T18:07:39Z
95847,168250,3.0,1585422749,2020-03-28T19:12:29Z
95847,166291,4.5,1591469319,2020-06-06T18:48:39Z
95987,143531,4.5,1475724649,2016-10-06T03:30:49Z
95987,142566,4.0,1494055034,2017-05-06T07:17:14Z
95987,168250,5.0,1496088652,2017-05-29T20:10:52Z
95987,165105,4.0,1496282856,2017-06-01T02:07:36Z
95987,143367,4.0,1507268208,2017-10-06T05:36:48Z
95987,182479,4.0,1532729101,2018-07-27T22:05:01Z
95987,171013,4.0,1532811082,2018-07-28T20:51:22Z
95987,185539,4.0,1534819259,2018-08-21T02:40:59Z
95987,188623,4.0,1549949948,2019-02-12T05:39:08Z
95987,188773,5.0,1552878552,2019-03-18T03:09:12Z
95987,204610,3.0,1608148648,2020-12-16T19:57:28Z
95987,200820,3.0,1608148716,2020-12-16T19:58:36Z
95987,200838,3.0,1608148860,2020-12-16T20:01:00Z
95987,203974,4.0,1608521986,2020-12-21T03:39:46Z
95987,218657,4.0,1609115184,2020-12-28T00:26:24Z
95987,193916,4.0,1609115399,2020-12-28T00:29:59Z
95987,174549,2.5,1609115423,2020-12-28T00:30:23Z
95987,210577,2.0,1613927177,2021-02-21T17:06:17Z
95987,253332,4.0,1640575907,2021-12-27T03:31:47Z
95987,257037,5.0,1645926973,2022-02-27T01:56:13Z
95987,242062,4.0,1645926982,2022-02-27T01:56:22Z
95987,270762,2.5,1653869336,2022-05-30T00:08:56Z
95987,275245,4.5,1661478632,2022-08-26T01:50:32Z
95987,273891,2.5,1666223994,2022-10-19T23:59:54Z
95987,259737,4.0,1680477754,2023-04-02T23:22:34Z
96171,200838,3.0,1564584324,2019-07-31T14:45:24Z
96171,168250,4.0,1564585219,2019-07-31T15:00:19Z
96171,200820,2.0,1564687930,2019-08-01T19:32:10Z
96171,210577,3.0,1582655863,2020-02-25T18:37:43Z
96171,273891,3.0,1673186387,2023-01-08T13:59:47Z
96387,163134,4.5,1586539424,2020-04-10T17:23:44Z
96387,210577,3.0,1591495335,2020-06-07T02:02:15Z
96387,168250,4.5,1601691113,2020-10-03T02:11:53Z
96387,255639,4.5,1628051267,2021-08-04T04:27:47Z
96387,252308,3.5,1637461650,2021-11-21T02:27:30Z
96387,186985,3.5,1670903777,2022-12-13T03:56:17Z
96414,200838,3.0,1571448648,2019-10-19T01:30:48Z
96414,177939,5.0,1572485610,2019-10-31T01:33:30Z
96414,184835,4.0,1572485676,2019-10-31T01:34:36Z
96414,193583,4.0,1572486039,2019-10-31T01:40:39Z
96414,167850,3.0,1572486079,2019-10-31T01:41:19Z
96414,193801,4.0,1572486950,2019-10-31T01:55:50Z
96414,168250,4.5,1574869982,2019-11-27T15:53:02Z
96457,143367,5.0,1485609562,2017-01-28T13:19:22Z
96457,168250,5.0,1494190722,2017-05-07T20:58:42Z
96457,164204,4.0,1513981056,2017-12-22T22:17:36Z
96457,188773,2.0,1602774016,2020-10-15T15:00:16Z
96457,188623,3.0,1602774021,2020-10-15T15:00:21Z
96457,257037,4.0,1668929874,2022-11-20T07:37:54Z
96457,253332,2.0,1668930496,2022-11-20T07:48:16Z
96472,163134,5.0,1601128960,2020-09-26T14:02:40Z
96472,204158,5.0,1601129095,2020-09-26T14:04:55Z
96472,160848,5.0,1601129139,2020-09-26T14:05:39Z
96472,193916,5.0,1601129272,2020-09-26T14:07:52Z
96472,182479,5.0,1601129329,2020-09-26T14:08:49Z
96472,166291,5.0,1601129448,2020-09-26T14:10:48Z
96513,204158,3.5,1636678785,2021-11-12T00:59:45Z
96513,162968,4.5,1636678890,2021-11-12T01:01:30Z
96513,168090,4.5,1636678918,2021-11-12T01:01:58Z
96513,168218,4.5,1636678924,2021-11-12T01:02:04Z
96513,166291,4.0,1636678957,2021-11-12T01:02:37Z
96513,177939,4.5,1643717723,2022-02-01T12:15:23Z
96513,249180,3.5,1666465643,2022-10-22T19:07:23Z
96513,163134,4.0,1675895693,2023-02-08T22:34:53Z
96513,283791,4.5,1680786598,2023-04-06T13:09:58Z
96513,177285,3.0,1690583347,2023-07-28T22:29:07Z
96646,168250,3.5,1603122058,2020-10-19T15:40:58Z
96646,200838,4.0,1603737374,2020-10-26T18:36:14Z
96646,200820,4.0,1607202758,2020-12-05T21:12:38Z
96646,273891,4.0,1671644076,2022-12-21T17:34:36Z
96646,272079,4.5,1671644476,2022-12-21T17:41:16Z
96646,231413,5.0,1671644687,2022-12-21T17:44:47Z
96646,288209,4.0,1689510675,2023-07-16T12:31:15Z
96774,160848,4.5,1609600686,2021-01-02T15:18:06Z
96774,163134,4.5,1609600692,2021-01-02T15:18:12Z
96774,168250,3.5,1609600692,2021-01-02T15:18:12Z
96774,166291,3.5,1609600694,2021-01-02T15:18:14Z
96774,188773,5.0,1609600695,2021-01-02T15:18:15Z
96789,163134,5.0,1570056305,2019-10-02T22:45:05Z
96789,168250,5.0,1570496178,2019-10-08T00:56:18Z
96789,200838,2.5,1571322345,2019-10-17T14:25:45Z
96789,210577,1.5,1586212065,2020-04-06T22:27:45Z
96789,253332,4.0,1641585223,2022-01-07T19:53:43Z
96789,257037,2.0,1652292631,2022-05-11T18:10:31Z
96881,200820,4.5,1569728539,2019-09-29T03:42:19Z
96881,206093,3.0,1569741432,2019-09-29T07:17:12Z
96881,200838,5.0,1569822173,2019-09-30T05:42:53Z
96881,210577,5.0,1632005680,2021-09-18T22:54:40Z
96881,273891,5.0,1665107931,2022-10-07T01:58:51Z
97100,168250,4.0,1693688158,2023-09-02T20:55:58Z
97100,163134,5.0,1693762602,2023-09-03T17:36:42Z
97100,166291,3.5,1693763186,2023-09-03T17:46:26Z
97100,204158,3.5,1693764054,2023-09-03T18:00:54Z
97100,281188,3.5,1693765403,2023-09-03T18:23:23Z
97100,201704,5.0,1694218979,2023-09-09T00:22:59Z
97100,212383,5.0,1694221587,2023-09-09T01:06:27Z
97100,212385,5.0,1694221599,2023-09-09T01:06:39Z
97100,247464,5.0,1694221620,2023-09-09T01:07:00Z
97100,198611,4.0,1694223154,2023-09-09T01:32:34Z
97100,193583,4.5,1694224288,2023-09-09T01:51:28Z
97100,177285,4.0,1694224665,2023-09-09T01:57:45Z
97100,223570,3.5,1694662203,2023-09-14T03:30:03Z
97140,200820,2.0,1599427948,2020-09-06T21:32:28Z
97140,168250,3.5,1604617257,2020-11-05T23:00:57Z
97140,163134,3.0,1604617330,2020-11-05T23:02:10Z
97140,166291,5.0,1617042615,2021-03-29T18:30:15Z
97140,188773,3.5,1617042685,2021-03-29T18:31:25Z
97140,198611,3.5,1619458702,2021-04-26T17:38:22Z
97140,146309,3.5,1619459267,2021-04-26T17:47:47Z
97225,210577,2.0,1646200015,2022-03-02T05:46:55Z
97225,188623,4.5,1647580154,2022-03-18T05:09:14Z
97225,143367,3.5,1655956772,2022-06-23T03:59:32Z
97225,273891,3.0,1659942154,2022-08-08T07:02:34Z
97225,166291,5.0,1663149355,2022-09-14T09:55:55Z
97225,163134,4.5,1663149666,2022-09-14T10:01:06Z
97245,168250,3.5,1495306868,2017-05-20T19:01:08Z
97245,163134,4.5,1498529091,2017-06-27T02:04:51Z
97245,166291,4.0,1504403567,2017-09-03T01:52:47Z
97245,197549,5.0,1593651407,2020-07-02T00:56:47Z
97245,199269,4.0,1595121561,2020-07-19T01:19:21Z
97245,189851,3.5,1601861311,2020-10-05T01:28:31Z
97245,228245,4.0,1606111434,2020-11-23T06:03:54Z
97245,197747,3.5,1608950705,2020-12-26T02:45:05Z
97245,207323,3.5,1608950805,2020-12-26T02:46:45Z
97245,185489,3.5,1609558276,2021-01-02T03:31:16Z
97245,169974,3.5,1609651861,2021-01-03T05:31:01Z
97245,273891,3.5,1676415375,2023-02-14T22:56:15Z
97419,168250,4.0,1623603763,2021-06-13T17:02:43Z
97419,188773,3.0,1623607127,2021-06-13T17:58:47Z
97419,163134,3.0,1623714423,2021-06-14T23:47:03Z
97419,201488,2.0,1635704055,2021-10-31T18:14:15Z
97419,204158,3.5,1635704055,2021-10-31T18:14:15Z
97879,257037,3.5,1668548188,2022-11-15T21:36:28Z
97879,168250,2.5,1668548514,2022-11-15T21:41:54Z
97879,163134,1.0,1668549979,2022-11-15T22:06:19Z
97879,188623,4.0,1668550001,2022-11-15T22:06:41Z
97879,143367,3.0,1668551555,2022-11-15T22:32:35Z
98015,188623,4.0,1610223740,2021-01-09T20:22:20Z
98015,188773,5.0,1642773906,2022-01-21T14:05:06Z
98015,257037,5.0,1659706030,2022-08-05T13:27:10Z
98015,275245,5.0,1663233436,2022-09-15T09:17:16Z
98015,168250,5.0,1665914406,2022-10-16T10:00:06Z
98015,253332,5.0,1665915457,2022-10-16T10:17:37Z
98015,193041,5.0,1676114951,2023-02-11T11:29:11Z
98184,165105,3.0,1588568317,2020-05-04T04:58:37Z
98184,168250,3.5,1588568405,2020-05-04T05:00:05Z
98184,140805,4.5,1588568488,2020-05-04T05:01:28Z
98184,163134,4.0,1588569607,2020-05-04T05:20:07Z
98184,166291,4.5,1588569640,2020-05-04T05:20:40Z
98184,146309,4.0,1588570042,2020-05-04T05:27:22Z
98190,163134,3.0,1520953343,2018-03-13T15:02:23Z
98190,186985,1.0,1541414376,2018-11-05T10:39:36Z
98190,200838,2.0,1585095693,2020-03-25T00:21:33Z
98190,177939,4.0,1598357966,2020-08-25T12:19:26Z
98190,193041,4.0,1603663355,2020-10-25T22:02:35Z
98190,163056,3.0,1628109199,2021-08-04T20:33:19Z
98190,160848,2.5,1639430716,2021-12-13T21:25:16Z
98190,184835,3.0,1658424704,2022-07-21T17:31:44Z
98190,260185,4.5,1660938187,2022-08-19T19:43:07Z
98190,275245,4.0,1671903917,2022-12-24T17:45:17Z
98190,168250,3.0,1671903945,2022-12-24T17:45:45Z
98190,273891,3.0,1672777886,2023-01-03T20:31:26Z
98273,163134,4.5,1491162734,2017-04-02T19:52:14Z
98273,192649,4.5,1546122260,2018-12-29T22:24:20Z
98273,167850,4.0,1546128732,2018-12-30T00:12:12Z
98273,174515,3.5,1546128738,2018-12-30T00:12:18Z
98273,196937,5.0,1548967686,2019-01-31T20:48:06Z
98273,168250,3.5,1552355924,2019-03-12T01:58:44Z
98273,200052,3.5,1578354369,2020-01-06T23:46:09Z
98273,210227,4.5,1581099383,2020-02-07T18:16:23Z
98273,210577,3.0,1585006616,2020-03-23T23:36:56Z
98273,213353,4.0,1594938307,2020-07-16T22:25:07Z
98335,140106,3.5,1456781353,2016-02-29T21:29:13Z
98335,141432,3.5,1460408061,2016-04-11T20:54:21Z
98335,146309,3.5,1475521136,2016-10-03T18:58:56Z
98335,165105,3.0,1477338049,2016-10-24T19:40:49Z
98335,163134,4.0,1493056479,2017-04-24T17:54:39Z
98335,189743,3.0,1528922448,2018-06-13T20:40:48Z
98335,168250,3.5,1534464376,2018-08-17T00:06:16Z
98335,188773,3.5,1547500503,2019-01-14T21:15:03Z
98335,188623,4.5,1551128307,2019-02-25T20:58:27Z
98335,200838,3.0,1559326059,2019-05-31T18:07:39Z
98335,210577,3.0,1583172729,2020-03-02T18:12:09Z
98335,204158,3.5,1584408428,2020-03-17T01:27:08Z
98335,204610,3.0,1601919831,2020-10-05T17:43:51Z
98335,143367,3.5,1614216450,2021-02-25T01:27:30Z
98335,260185,3.0,1634689642,2021-10-20T00:27:22Z
98335,252932,3.5,1645649204,2022-02-23T20:46:44Z
98335,257037,4.0,1648161560,2022-03-24T22:39:20Z
98335,236121,3.5,1649980635,2022-04-14T23:57:15Z
98335,273891,3.5,1659981523,2022-08-08T17:58:43Z
98335,275245,3.5,1661553174,2022-08-26T22:32:54Z
98335,281188,3.5,1682375033,2023-04-24T22:23:53Z
98335,283149,3.5,1691700142,2023-08-10T20:42:22Z
98335,289097,3.0,1693348670,2023-08-29T22:37:50Z
98335,268322,3.5,1694455721,2023-09-11T18:08:41Z
98430,188623,4.5,1583282509,2020-03-04T00:41:49Z
98430,168250,4.0,1583292034,2020-03-04T03:20:34Z
98430,188773,4.5,1584491846,2020-03-18T00:37:26Z
98430,146309,5.0,1598917824,2020-08-31T23:50:24Z
98430,193041,2.0,1598917880,2020-08-31T23:51:20Z
98546,168250,2.0,1539467396,2018-10-13T21:49:56Z
98546,188773,2.5,1552590553,2019-03-14T19:09:13Z
98546,188623,1.0,1552590702,2019-03-14T19:11:42Z
98546,143367,1.0,1563761132,2019-07-22T02:05:32Z
98546,209949,2.0,1588477152,2020-05-03T03:39:12Z
98546,253332,0.5,1639392554,2021-12-13T10:49:14Z
98546,150776,2.5,1639392980,2021-12-13T10:56:20Z
98546,140106,1.5,1651384724,2022-05-01T05:58:44Z
98546,275245,1.0,1669220664,2022-11-23T16:24:24Z
98743,168250,4.5,1605156830,2020-11-12T04:53:50Z
98743,196937,4.5,1605224500,2020-11-12T23:41:40Z
98743,166291,5.0,1605232063,2020-11-13T01:47:43Z
98743,163134,5.0,1611007472,2021-01-18T22:04:32Z
98743,204158,4.5,1619312653,2021-04-25T01:04:13Z
98743,146309,4.5,1625636360,2021-07-07T05:39:20Z
98743,273891,4.0,1681661910,2023-04-16T16:18:30Z
98865,140106,4.0,1475016090,2016-09-27T22:41:30Z
98865,141432,3.5,1480951225,2016-12-05T15:20:25Z
98865,164204,3.0,1498571351,2017-06-27T13:49:11Z
98865,168250,4.0,1501686824,2017-08-02T15:13:44Z
98865,188773,3.5,1548774843,2019-01-29T15:14:03Z
98865,185905,3.5,1551364700,2019-02-28T14:38:20Z
98865,209949,2.5,1620140889,2021-05-04T15:08:09Z
98875,252308,2.0,1689340447,2023-07-14T13:14:07Z
98875,255639,2.5,1689340448,2023-07-14T13:14:08Z
98875,273891,2.5,1689340450,2023-07-14T13:14:10Z
98875,163134,4.0,1689340474,2023-07-14T13:14:34Z
98875,168250,3.5,1689340474,2023-07-14T13:14:34Z
98875,200838,1.5,1689340475,2023-07-14T13:14:35Z
98875,178907,3.0,1689340477,2023-07-14T13:14:37Z
98875,202389,3.5,1689340481,2023-07-14T13:14:41Z
98900,168250,5.0,1598790343,2020-08-30T12:25:43Z
98900,188773,4.0,1598790427,2020-08-30T12:27:07Z
98900,188623,4.0,1598790429,2020-08-30T12:27:09Z
98900,193041,3.5,1598790446,2020-08-30T12:27:26Z
98900,216199,5.0,1598791238,2020-08-30T12:40:38Z
98900,207297,3.0,1598794625,2020-08-30T13:37:05Z
98900,140108,3.5,1598811477,2020-08-30T18:17:57Z
98900,228225,4.0,1632426693,2021-09-23T19:51:33Z
98900,163056,2.5,1634067673,2021-10-12T19:41:13Z
98900,239256,3.0,1650141299,2022-04-16T20:34:59Z
98900,275245,4.0,1661115935,2022-08-21T21:05:35Z
98900,260185,4.0,1671996132,2022-12-25T19:22:12Z
98900,179411,2.5,1691615480,2023-08-09T21:11:20Z
99011,168250,2.0,1572481803,2019-10-31T00:30:03Z
99011,188623,2.5,1572910876,2019-11-04T23:41:16Z
99011,143367,3.5,1576828749,2019-12-20T07:59:09Z
99011,163134,2.0,1576828749,2019-12-20T07:59:09Z
99011,200838,1.5,1576828749,2019-12-20T07:59:09Z
99011,204158,2.0,1576828752,2019-12-20T07:59:12Z
99011,210577,2.0,1577407329,2019-12-27T00:42:09Z
99011,209949,2.5,1578465441,2020-01-08T06:37:21Z
99011,174549,2.0,1579041987,2020-01-14T22:46:27Z
99011,188773,2.5,1579041989,2020-01-14T22:46:29Z
99058,166291,4.5,1567136919,2019-08-30T03:48:39Z
99058,168218,3.5,1567136953,2019-08-30T03:49:13Z
99058,162968,4.0,1567137007,2019-08-30T03:50:07Z
99058,149658,3.0,1567137023,2019-08-30T03:50:23Z
99058,146309,3.0,1567137025,2019-08-30T03:50:25Z
99058,163134,3.5,1567331113,2019-09-01T09:45:13Z
99084,143531,3.0,1683547085,2023-05-08T11:58:05Z
99084,160848,4.0,1683547085,2023-05-08T11:58:05Z
99084,140106,4.0,1683547086,2023-05-08T11:58:06Z
99084,146309,3.5,1683547087,2023-05-08T11:58:07Z
99084,150776,2.5,1683547088,2023-05-08T11:58:08Z
99084,171013,3.5,1683547089,2023-05-08T11:58:09Z
99084,143367,4.0,1683547090,2023-05-08T11:58:10Z
99084,163134,3.0,1683547090,2023-05-08T11:58:10Z
99084,166291,3.0,1683547090,2023-05-08T11:58:10Z
99084,182467,3.5,1683547092,2023-05-08T11:58:12Z
99084,177939,3.5,1683547093,2023-05-08T11:58:13Z
99084,182479,3.0,1683547093,2023-05-08T11:58:13Z
99084,184835,2.5,1683547094,2023-05-08T11:58:14Z
99084,193916,3.5,1683547094,2023-05-08T11:58:14Z
99084,188773,4.5,1683547097,2023-05-08T11:58:17Z
99084,193041,3.5,1683547097,2023-05-08T11:58:17Z
99084,204158,3.5,1683547102,2023-05-08T11:58:22Z
99084,204610,2.5,1683547103,2023-05-08T11:58:23Z
99084,211137,3.0,1683547103,2023-05-08T11:58:23Z
99562,285607,4.0,1679522849,2023-03-22T22:07:29Z
99562,272555,4.0,1679522993,2023-03-22T22:09:53Z
99562,276231,4.0,1679523008,2023-03-22T22:10:08Z
99562,275245,4.0,1679523767,2023-03-22T22:22:47Z
99562,281342,4.0,1679523802,2023-03-22T22:23:22Z
99562,273891,4.5,1679524188,2023-03-22T22:29:48Z
99571,168250,5.0,1495434304,2017-05-22T06:25:04Z
99571,197625,4.0,1547421557,2019-01-13T23:19:17Z
99571,150395,4.0,1550683103,2019-02-20T17:18:23Z
99571,193763,4.0,1551313126,2019-02-28T00:18:46Z
99571,199201,3.5,1554917048,2019-04-10T17:24:08Z
99571,186875,4.0,1556932271,2019-05-04T01:11:11Z
99571,190985,3.5,1557080076,2019-05-05T18:14:36Z
99571,202249,4.0,1558289893,2019-05-19T18:18:13Z
99571,190431,3.5,1570933683,2019-10-13T02:28:03Z
99571,192205,4.5,1576205907,2019-12-13T02:58:27Z
99571,213193,3.5,1583106578,2020-03-01T23:49:38Z
99571,214280,2.5,1584819627,2020-03-21T19:40:27Z
99571,207353,4.0,1586312274,2020-04-08T02:17:54Z
99571,166291,3.5,1586661139,2020-04-12T03:12:19Z
99571,198611,4.0,1587955802,2020-04-27T02:50:02Z
99571,188623,3.5,1589166666,2020-05-11T03:11:06Z
99571,219466,4.0,1593821835,2020-07-04T00:17:15Z
99571,220534,3.0,1595090881,2020-07-18T16:48:01Z
99571,239260,2.5,1613089178,2021-02-12T00:19:38Z
99571,273891,3.5,1663476679,2022-09-18T04:51:19Z
99571,258001,4.5,1674446850,2023-01-23T04:07:30Z
99571,193041,4.0,1693709591,2023-09-03T02:53:11Z
99774,140805,3.0,1487989144,2017-02-25T02:19:04Z
99774,142374,2.0,1487989144,2017-02-25T02:19:04Z
99774,150395,3.0,1487989144,2017-02-25T02:19:04Z
99774,161594,3.0,1487989145,2017-02-25T02:19:05Z
99774,163134,4.5,1487989147,2017-02-25T02:19:07Z
99868,197261,3.5,1616335476,2021-03-21T14:04:36Z
99868,160848,3.0,1616540301,2021-03-23T22:58:21Z
99868,146309,4.0,1662216574,2022-09-03T14:49:34Z
99868,179493,4.0,1662217643,2022-09-03T15:07:23Z
99868,166291,4.5,1662218709,2022-09-03T15:25:09Z
99868,193916,4.0,1662219637,2022-09-03T15:40:37Z
99868,252932,3.5,1662220025,2022-09-03T15:47:05Z
99868,162718,3.5,1662220213,2022-09-03T15:50:13Z
99868,277954,1.5,1676819017,2023-02-19T15:03:37Z
99868,281188,4.0,1682869504,2023-04-30T15:45:04Z
99920,204158,5.0,1646796005,2022-03-09T03:20:05Z
99920,166291,5.0,1646854396,2022-03-09T19:33:16Z
99920,203974,4.0,1646938578,2022-03-10T18:56:18Z
99920,218657,4.5,1647027040,2022-03-11T19:30:40Z
99920,163134,5.0,1648473170,2022-03-28T13:12:50Z
99920,210577,3.5,1648806784,2022-04-01T09:53:04Z
99920,198611,5.0,1649179428,2022-04-05T17:23:48Z
99920,272555,4.0,1652240511,2022-05-11T03:41:51Z
99920,281188,4.0,1688533857,2023-07-05T05:10:57Z
99965,169400,4.0,1501362617,2017-07-29T21:10:17Z
99965,163134,4.5,1554034943,2019-03-31T12:22:23Z
99965,210577,3.5,1586026575,2020-04-04T18:56:15Z
99965,200838,2.0,1586729318,2020-04-12T22:08:38Z
99965,141432,3.5,1590954655,2020-05-31T19:50:55Z
99965,168250,4.5,1636995105,2021-11-15T16:51:45Z
99965,275245,5.0,1665384369,2022-10-10T06:46:09Z
99965,273891,4.0,1665438645,2022-10-10T21:50:45Z
99965,275651,4.5,1672526211,2022-12-31T22:36:51Z
100073,168250,4.5,1589631921,2020-05-16T12:25:21Z
100073,207297,4.0,1589648945,2020-05-16T17:09:05Z
100073,179225,3.5,1589648946,2020-05-16T17:09:06Z
100073,200838,3.5,1589648946,2020-05-16T17:09:06Z
100073,163134,3.5,1589902339,2020-05-19T15:32:19Z
100073,188773,4.5,1590382202,2020-05-25T04:50:02Z
100073,275245,4.0,1661007037,2022-08-20T14:50:37Z
100226,169400,3.0,1488756665,2017-03-05T23:31:05Z
100226,162990,4.0,1488846668,2017-03-07T00:31:08Z
100226,146309,4.0,1498876953,2017-07-01T02:42:33Z
100226,163134,4.0,1498957599,2017-07-02T01:06:39Z
100226,166291,4.5,1508725359,2017-10-23T02:22:39Z
100226,178907,4.0,1514860768,2018-01-02T02:39:28Z
100226,184641,0.5,1520043026,2018-03-03T02:10:26Z
100226,168250,4.5,1520043482,2018-03-03T02:18:02Z
100299,168250,4.5,1514743382,2017-12-31T18:03:02Z
100299,188773,4.0,1557348985,2019-05-08T20:56:25Z
100299,188623,1.5,1573920760,2019-11-16T16:12:40Z
100299,160848,5.0,1580576894,2020-02-01T17:08:14Z
100299,193041,5.0,1604786868,2020-11-07T22:07:48Z
100299,275245,3.5,1672778620,2023-01-03T20:43:40Z
100529,275245,4.5,1685264375,2023-05-28T08:59:35Z
100529,273891,5.0,1685264414,2023-05-28T09:00:14Z
100529,168250,4.5,1685264433,2023-05-28T09:00:33Z
100529,200820,4.0,1685265333,2023-05-28T09:15:33Z
100529,200838,4.0,1685265333,2023-05-28T09:15:33Z
100529,206393,4.0,1685265333,2023-05-28T09:15:33Z
100529,163134,4.0,1685359333,2023-05-29T11:22:13Z
100592,163134,5.0,1491383497,2017-04-05T09:11:37Z
100592,168250,3.5,1530591275,2018-07-03T04:14:35Z
100592,196937,3.5,1549812521,2019-02-10T15:28:41Z
100592,188623,3.0,1556617141,2019-04-30T09:39:01Z
100592,188773,4.5,1557489855,2019-05-10T12:04:15Z
100657,168250,4.0,1560989155,2019-06-20T00:05:55Z
100657,163134,3.0,1625251508,2021-07-02T18:45:08Z
100657,231413,4.0,1626770489,2021-07-20T08:41:29Z
100657,275245,4.5,1661589659,2022-08-27T08:40:59Z
100657,223570,3.0,1683061102,2023-05-02T20:58:22Z
100666,168250,4.0,1507821991,2017-10-12T15:26:31Z
100666,163134,4.5,1507963232,2017-10-14T06:40:32Z
100666,200838,3.5,1564225476,2019-07-27T11:04:36Z
100666,200820,3.0,1568444613,2019-09-14T07:03:33Z
100666,210577,3.0,1590774319,2020-05-29T17:45:19Z
100666,273891,3.0,1665724098,2022-10-14T05:08:18Z
100743,163134,5.0,1629326230,2021-08-18T22:37:10Z
100743,184641,3.5,1629326425,2021-08-18T22:40:25Z
100743,200838,5.0,1629326926,2021-08-18T22:48:46Z
100743,213367,4.0,1629326935,2021-08-18T22:48:55Z
100743,141972,4.0,1629326947,2021-08-18T22:49:07Z
100743,206393,5.0,1629327188,2021-08-18T22:53:08Z
100743,182479,4.0,1629327299,2021-08-18T22:54:59Z
100743,193581,5.0,1629328576,2021-08-18T23:16:16Z
100743,160848,2.0,1629349570,2021-08-19T05:06:10Z
100743,184835,4.0,1629350082,2021-08-19T05:14:42Z
100743,170961,4.5,1640572029,2021-12-27T02:27:09Z
100743,168250,4.5,1678480228,2023-03-10T20:30:28Z
100743,275245,4.5,1678480233,2023-03-10T20:30:33Z
100769,168250,3.0,1585250696,2020-03-26T19:24:56Z
100769,200820,3.0,1615753039,2021-03-14T20:17:19Z
100769,275245,3.5,1667173520,2022-10-30T23:45:20Z
100769,273891,3.0,1670122844,2022-12-04T03:00:44Z
100769,200838,3.0,1684634478,2023-05-21T02:01:18Z
100887,273891,4.0,1683412774,2023-05-06T22:39:34Z
100887,257037,3.0,1683412775,2023-05-06T22:39:35Z
100887,143367,3.5,1683412787,2023-05-06T22:39:47Z
100887,168250,4.0,1683412787,2023-05-06T22:39:47Z
100887,163134,4.0,1683412788,2023-05-06T22:39:48Z
101235,168250,5.0,1684457108,2023-05-19T00:45:08Z
101235,163134,3.0,1684467560,2023-05-19T03:39:20Z
101235,143367,4.0,1684467779,2023-05-19T03:42:59Z
101235,193041,4.5,1684468239,2023-05-19T03:50:39Z
101235,200838,3.5,1684469196,2023-05-19T04:06:36Z
101235,273891,3.5,1684471166,2023-05-19T04:39:26Z
101235,275245,5.0,1684471185,2023-05-19T04:39:45Z
101310,137863,5.0,1535471129,2018-08-28T15:45:29Z
101310,168250,4.0,1535471130,2018-08-28T15:45:30Z
101310,196937,5.0,1549665167,2019-02-08T22:32:47Z
101310,188623,4.5,1550870109,2019-02-22T21:15:09Z
101310,186985,2.0,1575421951,2019-12-04T01:12:31Z
101310,188773,4.5,1577821535,2019-12-31T19:45:35Z
101310,200838,3.0,1583644634,2020-03-08T05:17:14Z
101310,213367,4.5,1585006661,2020-03-23T23:37:41Z
101310,200052,3.5,1585637692,2020-03-31T06:54:52Z
101310,231413,4.5,1659459347,2022-08-02T16:55:47Z
101310,273891,2.0,1665431576,2022-10-10T19:52:56Z
101386,168250,4.5,1588279956,2020-04-30T20:52:36Z
101386,166291,4.0,1588289308,2020-04-30T23:28:28Z
101386,187467,5.0,1608271575,2020-12-18T06:06:15Z
101386,257037,4.5,1652724796,2022-05-16T18:13:16Z
101386,252932,4.0,1652724976,2022-05-16T18:16:16Z
101386,173007,3.0,1684468087,2023-05-19T03:48:07Z
101466,168250,3.0,1517024346,2018-01-27T03:39:06Z
101466,160848,2.5,1529780980,2018-06-23T19:09:40Z
101466,163134,2.5,1567445294,2019-09-02T17:28:14Z
101466,185877,2.5,1593834758,2020-07-04T03:52:38Z
101466,275245,2.0,1661830325,2022-08-30T03:32:05Z
101466,273891,2.5,1682307770,2023-04-24T03:42:50Z
101639,186985,4.0,1525524493,2018-05-05T12:48:13Z
101639,171071,4.0,1543633891,2018-12-01T03:11:31Z
101639,177285,4.5,1543732366,2018-12-02T06:32:46Z
101639,200838,3.0,1560773684,2019-06-17T12:14:44Z
101639,210577,1.0,1586230600,2020-04-07T03:36:40Z
101639,269766,4.0,1646771305,2022-03-08T20:28:25Z
102006,164403,4.0,1530535346,2018-07-02T12:42:26Z
102006,162718,3.5,1530537464,2018-07-02T13:17:44Z
102006,182479,3.5,1530537672,2018-07-02T13:21:12Z
102006,179493,4.0,1530538016,2018-07-02T13:26:56Z
102006,191005,3.5,1539449378,2018-10-13T16:49:38Z
102006,163134,5.0,1553780234,2019-03-28T13:37:14Z
102006,200838,3.5,1558858150,2019-05-26T08:09:10Z
102006,205447,4.5,1578615431,2020-01-10T00:17:11Z
102006,193583,4.0,1584302592,2020-03-15T20:03:12Z
102006,162990,4.0,1588631266,2020-05-04T22:27:46Z
102006,224465,3.5,1604501916,2020-11-04T14:58:36Z
102006,177869,4.5,1605647146,2020-11-17T21:05:46Z
102006,208293,3.5,1605732668,2020-11-18T20:51:08Z
102006,162968,3.5,1643843796,2022-02-02T23:16:36Z
102006,273891,4.5,1665851824,2022-10-15T16:37:04Z
102006,168090,3.5,1668977517,2022-11-20T20:51:57Z
102006,224845,4.0,1677970156,2023-03-04T22:49:16Z
102025,168250,4.0,1504901095,2017-09-08T20:04:55Z
102025,200820,2.5,1559529295,2019-06-03T02:34:55Z
102025,200838,3.5,1578108603,2020-01-04T03:30:03Z
102025,210577,2.5,1583955832,2020-03-11T19:43:52Z
102025,275245,3.5,1663513412,2022-09-18T15:03:32Z
102025,273891,4.0,1663554248,2022-09-19T02:24:08Z
102114,188623,5.0,1589322286,2020-05-12T22:24:46Z
102114,164395,4.5,1589322301,2020-05-12T22:25:01Z
102114,188773,5.0,1589323148,2020-05-12T22:39:08Z
102114,168250,4.5,1607162455,2020-12-05T10:00:55Z
102114,193041,4.5,1610766338,2021-01-16T03:05:38Z
102232,198119,2.5,1602806626,2020-10-16T00:03:46Z
102232,200820,3.0,1602806632,2020-10-16T00:03:52Z
102232,165105,3.5,1602806634,2020-10-16T00:03:54Z
102232,168250,4.0,1602806636,2020-10-16T00:03:56Z
102232,161594,4.5,1602806637,2020-10-16T00:03:57Z
102232,170961,3.0,1602806637,2020-10-16T00:03:57Z
102276,163134,5.0,1672162927,2022-12-27T17:42:07Z
102276,277954,4.0,1672162931,2022-12-27T17:42:11Z
102276,279278,4.0,1672162931,2022-12-27T17:42:11Z
102276,200838,4.5,1672162933,2022-12-27T17:42:13Z
102276,204158,4.0,1672167321,2022-12-27T18:55:21Z
102277,141432,3.0,1463424493,2016-05-16T18:48:13Z
102277,164204,3.5,1496926802,2017-06-08T13:00:02Z
102277,168250,4.0,1497647182,2017-06-16T21:06:22Z
102277,178907,2.5,1511457094,2017-11-23T17:11:34Z
102277,185905,2.5,1538907691,2018-10-07T10:21:31Z
102393,258001,4.5,1676829233,2023-02-19T17:53:53Z
102393,273891,3.5,1676829865,2023-02-19T18:04:25Z
102393,181517,4.0,1676974069,2023-02-21T10:07:49Z
102393,193533,3.0,1676976312,2023-02-21T10:45:12Z
102393,164395,4.0,1677181244,2023-02-23T19:40:44Z
102393,184275,3.0,1677181245,2023-02-23T19:40:45Z
102393,185905,4.0,1677181245,2023-02-23T19:40:45Z
102585,188773,4.5,1619434701,2021-04-26T10:58:21Z
102585,168250,2.5,1619437486,2021-04-26T11:44:46Z
102585,140106,3.0,1619437777,2021-04-26T11:49:37Z
102585,188623,4.0,1619437894,2021-04-26T11:51:34Z
102585,163134,3.5,1619460608,2021-04-26T18:10:08Z
102585,166291,3.5,1620243228,2021-05-05T19:33:48Z
102585,162990,2.5,1622154191,2021-05-27T22:23:11Z
102585,141432,4.0,1631911795,2021-09-17T20:49:55Z
102585,246604,3.0,1652202852,2022-05-10T17:14:12Z
102585,146309,3.0,1656161645,2022-06-25T12:54:05Z
102585,175299,2.5,1659288347,2022-07-31T17:25:47Z
102585,222627,3.0,1668249568,2022-11-12T10:39:28Z
102585,223572,2.5,1668249570,2022-11-12T10:39:30Z
102585,223570,2.5,1668249571,2022-11-12T10:39:31Z
102585,272079,2.0,1682610081,2023-04-27T15:41:21Z
102585,273891,2.5,1682610690,2023-04-27T15:51:30Z
102585,288807,3.5,1696315941,2023-10-03T06:52:21Z
102599,163134,3.0,1615908022,2021-03-16T15:20:22Z
102599,231413,3.0,1624463998,2021-06-23T15:59:58Z
102599,168250,3.0,1625606866,2021-07-06T21:27:46Z
102599,162968,1.5,1625607393,2021-07-06T21:36:33Z
102599,244120,3.0,1626600579,2021-07-18T09:29:39Z
102599,204610,2.0,1660922258,2022-08-19T15:17:38Z
102772,171013,5.0,1690974507,2023-08-02T11:08:27Z
102772,163134,4.0,1691075037,2023-08-03T15:03:57Z
102772,177869,3.5,1691075268,2023-08-03T15:07:48Z
102772,283791,4.5,1691075332,2023-08-03T15:08:52Z
102772,166291,4.0,1691075375,2023-08-03T15:09:35Z
102772,223570,4.5,1691075521,2023-08-03T15:12:01Z
103322,168250,2.0,1552777027,2019-03-16T22:57:07Z
103322,206299,2.5,1568468515,2019-09-14T13:41:55Z
103322,163134,3.0,1647742416,2022-03-20T02:13:36Z
103322,166291,4.0,1647742522,2022-03-20T02:15:22Z
103322,273891,2.5,1669323280,2022-11-24T20:54:40Z
103322,188773,2.5,1687405026,2023-06-22T03:37:06Z
103546,168250,4.5,1677201456,2023-02-24T01:17:36Z
103546,257037,4.0,1677201602,2023-02-24T01:20:02Z
103546,213367,3.0,1677202920,2023-02-24T01:42:00Z
103546,163134,4.0,1677203751,2023-02-24T01:55:51Z
103546,272079,3.0,1677203801,2023-02-24T01:56:41Z
103546,275245,3.5,1677203806,2023-02-24T01:56:46Z
103839,163134,5.0,1599663505,2020-09-09T14:58:25Z
103839,146309,5.0,1599684959,2020-09-09T20:55:59Z
103839,193916,5.0,1599685151,2020-09-09T20:59:11Z
103839,204158,4.0,1599685320,2020-09-09T21:02:00Z
103839,160848,4.0,1599685372,2020-09-09T21:02:52Z
103839,168250,5.0,1599685760,2020-09-09T21:09:20Z
103839,188623,5.0,1599685989,2020-09-09T21:13:09Z
103839,206393,5.0,1599686807,2020-09-09T21:26:47Z
103925,163056,0.5,1504662000,2017-09-06T01:40:00Z
103925,166974,0.5,1507939575,2017-10-14T00:06:15Z
103925,143367,0.5,1534705761,2018-08-19T19:09:21Z
103925,171013,0.5,1536544669,2018-09-10T01:57:49Z
103925,160848,0.5,1547326440,2019-01-12T20:54:00Z
103925,163134,0.5,1557960840,2019-05-15T22:54:00Z
103925,168250,5.0,1560907307,2019-06-19T01:21:47Z
103925,164204,0.5,1567049940,2019-08-29T03:39:00Z
103925,188623,0.5,1568951466,2019-09-20T03:51:06Z
103925,188773,0.5,1582863444,2020-02-28T04:17:24Z
103925,200820,0.5,1596530585,2020-08-04T08:43:05Z
103925,206093,0.5,1617137244,2021-03-30T20:47:24Z
103925,207297,0.5,1623808273,2021-06-16T01:51:13Z
103925,253332,0.5,1630302770,2021-08-30T05:52:50Z
103925,204158,0.5,1641788002,2022-01-10T04:13:22Z
103925,239256,0.5,1644386136,2022-02-09T05:55:36Z
103925,258001,5.0,1668060433,2022-11-10T06:07:13Z
103925,273891,5.0,1678701362,2023-03-13T09:56:02Z
103925,289097,5.0,1691633806,2023-08-10T02:16:46Z
104107,140108,2.5,1462233442,2016-05-02T23:57:22Z
104107,146309,4.0,1473250631,2016-09-07T12:17:11Z
104107,142566,3.0,1521661503,2018-03-21T19:45:03Z
104107,195673,3.0,1542519816,2018-11-18T05:43:36Z
104107,205140,3.5,1566088573,2019-08-18T00:36:13Z
104107,215397,3.0,1586910101,2020-04-15T00:21:41Z
104107,201244,3.0,1592885404,2020-06-23T04:10:04Z
104107,200838,2.5,1609475020,2021-01-01T04:23:40Z
104107,221256,1.5,1610763134,2021-01-16T02:12:14Z
104107,272613,3.5,1648908914,2022-04-02T14:15:14Z
104107,203735,4.0,1649945630,2022-04-14T14:13:50Z
104107,273891,3.5,1670300987,2022-12-06T04:29:47Z
104107,188773,4.0,1675480304,2023-02-04T03:11:44Z
104107,265202,4.0,1688228261,2023-07-01T16:17:41Z
104108,188773,4.0,1630928601,2021-09-06T11:43:21Z
104108,163134,3.5,1630929042,2021-09-06T11:50:42Z
104108,179113,3.5,1630929214,2021-09-06T11:53:34Z
104108,142618,3.5,1630929219,2021-09-06T11:53:39Z
104108,258157,0.5,1630929363,2021-09-06T11:56:03Z
104108,204158,1.5,1630929531,2021-09-06T11:58:51Z
104108,178111,1.5,1630929605,2021-09-06T12:00:05Z
104108,182467,2.0,1630929742,2021-09-06T12:02:22Z
104108,193916,2.0,1630929804,2021-09-06T12:03:24Z
104108,141432,2.0,1630929849,2021-09-06T12:04:09Z
104108,251392,3.0,1630930473,2021-09-06T12:14:33Z
104108,166291,3.0,1630930571,2021-09-06T12:16:11Z
104122,200052,0.5,1585345750,2020-03-27T21:49:10Z
104122,178907,0.5,1585346001,2020-03-27T21:53:21Z
104122,137863,0.5,1585346059,2020-03-27T21:54:19Z
104122,205539,0.5,1585346217,2020-03-27T21:56:57Z
104122,169400,0.5,1585346242,2020-03-27T21:57:22Z
104122,168250,3.5,1586449289,2020-04-09T16:21:29Z
104130,160848,2.5,1541083735,2018-11-01T14:48:55Z
104130,137863,2.5,1541083736,2018-11-01T14:48:56Z
104130,169974,2.5,1541083737,2018-11-01T14:48:57Z
104130,141432,2.5,1541083738,2018-11-01T14:48:58Z
104130,146309,3.0,1541083738,2018-11-01T14:48:58Z
104130,150776,0.5,1541083738,2018-11-01T14:48:58Z
104130,168250,4.5,1541083740,2018-11-01T14:49:00Z
104130,163134,3.0,1541083741,2018-11-01T14:49:01Z
104296,168250,4.0,1610139380,2021-01-08T20:56:20Z
104296,210577,3.0,1610140908,2021-01-08T21:21:48Z
104296,200838,3.5,1610150658,2021-01-09T00:04:18Z
104296,200820,3.0,1610150779,2021-01-09T00:06:19Z
104296,163056,3.0,1610153252,2021-01-09T00:47:32Z
104296,166291,5.0,1610550242,2021-01-13T15:04:02Z
104296,163134,4.5,1612610595,2021-02-06T11:23:15Z
104296,204158,3.0,1635581739,2021-10-30T08:15:39Z
104296,273891,5.0,1659737583,2022-08-05T22:13:03Z
104296,275245,3.5,1661638555,2022-08-27T22:15:55Z
104296,281188,4.0,1689461360,2023-07-15T22:49:20Z
104388,188623,4.5,1603430415,2020-10-23T05:20:15Z
104388,168250,5.0,1603430806,2020-10-23T05:26:46Z
104388,188773,5.0,1607407272,2020-12-08T06:01:12Z
104388,275245,3.0,1668398459,2022-11-14T04:00:59Z
104388,257037,4.0,1681014524,2023-04-09T04:28:44Z
104632,168250,3.0,1508172298,2017-10-16T16:44:58Z
104632,143367,3.0,1508385455,2017-10-19T03:57:35Z
104632,163056,4.5,1508385513,2017-10-19T03:58:33Z
104632,182479,4.0,1516422376,2018-01-20T04:26:16Z
104632,163134,4.0,1516422542,2018-01-20T04:29:02Z
104647,140106,2.5,1472312969,2016-08-27T15:49:29Z
104647,161594,3.0,1481324060,2016-12-09T22:54:20Z
104647,165105,2.0,1491731102,2017-04-09T09:45:02Z
104647,161592,1.5,1497713396,2017-06-17T15:29:56Z
104647,168250,3.0,1519467425,2018-02-24T10:17:05Z
104647,160848,2.0,1529592411,2018-06-21T14:46:51Z
104647,190035,2.0,1529684174,2018-06-22T16:16:14Z
104647,173935,2.0,1541186587,2018-11-02T19:23:07Z
104647,198119,1.5,1572021323,2019-10-25T16:35:23Z
104647,200838,3.0,1577121307,2019-12-23T17:15:07Z
104647,196233,3.0,1578303308,2020-01-06T09:35:08Z
104647,200820,3.0,1579336230,2020-01-18T08:30:30Z
104826,143367,5.0,1486417684,2017-02-06T21:48:04Z
104826,168250,5.0,1494881353,2017-05-15T20:49:13Z
104826,188623,5.0,1554298797,2019-04-03T13:39:57Z
104826,188773,5.0,1554298805,2019-04-03T13:40:05Z
104826,200838,1.5,1665420329,2022-10-10T16:45:29Z
104826,275245,4.0,1672679603,2023-01-02T17:13:23Z
104826,273891,3.5,1674071953,2023-01-18T19:59:13Z
104907,163134,5.0,1588907244,2020-05-08T03:07:24Z
104907,200820,2.0,1588908202,2020-05-08T03:23:22Z
104907,188623,5.0,1588908373,2020-05-08T03:26:13Z
104907,166291,4.5,1588908519,2020-05-08T03:28:39Z
104907,210577,3.0,1588909137,2020-05-08T03:38:57Z
104931,137863,2.0,1557117519,2019-05-06T04:38:39Z
104931,168250,3.5,1557119468,2019-05-06T05:11:08Z
104931,163134,4.5,1557120381,2019-05-06T05:26:21Z
104931,196937,2.0,1557122048,2019-05-06T05:54:08Z
104931,200838,3.5,1561474432,2019-06-25T14:53:52Z
104959,207297,3.0,1681323804,2023-04-12T18:23:24Z
104959,224845,3.0,1681323805,2023-04-12T18:23:25Z
104959,275245,2.0,1681323805,2023-04-12T18:23:25Z
104959,255639,3.0,1681323806,2023-04-12T18:23:26Z
104959,273891,3.5,1681323807,2023-04-12T18:23:27Z
104959,141432,3.5,1681323819,2023-04-12T18:23:39Z
104959,162990,3.0,1681323819,2023-04-12T18:23:39Z
104959,150776,1.5,1681323820,2023-04-12T18:23:40Z
104959,164204,3.5,1681323821,2023-04-12T18:23:41Z
104959,168250,3.0,1681323821,2023-04-12T18:23:41Z
104959,200838,1.5,1681323822,2023-04-12T18:23:42Z
104959,207323,2.5,1681323822,2023-04-12T18:23:42Z
104959,239256,2.0,1681323822,2023-04-12T18:23:42Z
104959,188623,3.5,1681323823,2023-04-12T18:23:43Z
104959,193041,2.5,1681323823,2023-04-12T18:23:43Z
104959,188773,3.5,1681323824,2023-04-12T18:23:44Z
105009,140805,2.0,1489349674,2017-03-12T20:14:34Z
105009,142374,2.0,1489349678,2017-03-12T20:14:38Z
105009,163134,4.0,1491323174,2017-04-04T16:26:14Z
105009,189565,4.0,1528511945,2018-06-09T02:39:05Z
105009,171013,3.0,1548239727,2019-01-23T10:35:27Z
105009,182479,4.0,1554235440,2019-04-02T20:04:00Z
105053,160848,2.5,1496599880,2017-06-04T18:11:20Z
105053,163134,4.0,1501342352,2017-07-29T15:32:32Z
105053,166291,0.5,1517590400,2018-02-02T16:53:20Z
105053,193916,0.5,1552736678,2019-03-16T11:44:38Z
105053,192981,1.5,1609261126,2020-12-29T16:58:46Z
105053,253826,3.0,1688292889,2023-07-02T10:14:49Z
105088,200820,5.0,1559936531,2019-06-07T19:42:11Z
105088,200838,4.5,1564174374,2019-07-26T20:52:54Z
105088,168250,4.0,1575669443,2019-12-06T21:57:23Z
105088,275245,3.5,1680524206,2023-04-03T12:16:46Z
105088,273891,4.0,1680524208,2023-04-03T12:16:48Z
105088,140805,3.5,1680524212,2023-04-03T12:16:52Z
105088,164395,3.5,1680524215,2023-04-03T12:16:55Z
105088,210577,3.5,1680524215,2023-04-03T12:16:55Z
105088,175299,3.0,1680524219,2023-04-03T12:16:59Z
105101,168250,5.0,1675780737,2023-02-07T14:38:57Z
105101,257037,3.0,1675781335,2023-02-07T14:48:55Z
105101,146309,4.0,1675781342,2023-02-07T14:49:02Z
105101,163134,5.0,1675781344,2023-02-07T14:49:04Z
105101,166291,4.5,1675781345,2023-02-07T14:49:05Z
105101,188623,3.5,1675781346,2023-02-07T14:49:06Z
105101,193916,3.5,1675781346,2023-02-07T14:49:06Z
105101,198611,4.0,1675781346,2023-02-07T14:49:06Z
105101,204158,3.5,1675781349,2023-02-07T14:49:09Z
105133,168250,3.5,1525186384,2018-05-01T14:53:04Z
105133,182479,3.0,1531604265,2018-07-14T21:37:45Z
105133,190035,3.0,1549622927,2019-02-08T10:48:47Z
105133,160848,2.5,1555677028,2019-04-19T12:30:28Z
105133,188623,3.5,1609334141,2020-12-30T13:15:41Z
105133,188773,4.0,1614853313,2021-03-04T10:21:53Z
105133,182467,4.0,1617881348,2021-04-08T11:29:08Z
105133,181225,3.5,1618298916,2021-04-13T07:28:36Z
105291,160848,5.0,1508588845,2017-10-21T12:27:25Z
105291,168250,3.5,1565899077,2019-08-15T19:57:57Z
105291,188773,3.0,1669211854,2022-11-23T13:57:34Z
105291,143367,3.0,1669212674,2022-11-23T14:11:14Z
105291,257037,2.5,1670392550,2022-12-07T05:55:50Z
105291,275245,2.5,1671431572,2022-12-19T06:32:52Z
105382,168250,4.5,1593041394,2020-06-24T23:29:54Z
105382,200838,3.5,1598392496,2020-08-25T21:54:56Z
105382,210577,3.0,1599831123,2020-09-11T13:32:03Z
105382,178907,4.0,1620337499,2021-05-06T21:44:59Z
105382,239256,2.0,1632777319,2021-09-27T21:15:19Z
105382,275245,3.5,1663040384,2022-09-13T03:39:44Z
105382,273891,3.5,1668648278,2022-11-17T01:24:38Z
105398,206321,4.0,1579716709,2020-01-22T18:11:49Z
105398,162990,3.5,1613935291,2021-02-21T19:21:31Z
105398,224465,3.5,1613995922,2021-02-22T12:12:02Z
105398,224845,3.5,1614615607,2021-03-01T16:20:07Z
105398,200820,3.0,1620501520,2021-05-08T19:18:40Z
105398,231413,4.0,1635713079,2021-10-31T20:44:39Z
105398,249180,4.5,1636829988,2021-11-13T18:59:48Z
105398,210577,3.5,1655450520,2022-06-17T07:22:00Z
105398,273891,3.5,1666444032,2022-10-22T13:07:12Z
105482,160848,2.0,1494520409,2017-05-11T16:33:29Z
105482,163134,2.5,1504375073,2017-09-02T17:57:53Z
105482,165105,3.5,1509617122,2017-11-02T10:05:22Z
105482,142550,3.0,1513542061,2017-12-17T20:21:01Z
105482,167168,2.0,1536945425,2018-09-14T17:17:05Z
105482,188623,3.0,1537731932,2018-09-23T19:45:32Z
105482,168250,4.0,1582348657,2020-02-22T05:17:37Z
105482,164395,3.5,1582349101,2020-02-22T05:25:01Z
105482,254708,3.5,1679186975,2023-03-19T00:49:35Z
105648,168250,3.5,1621688198,2021-05-22T12:56:38Z
105648,204158,3.5,1622085799,2021-05-27T03:23:19Z
105648,171013,4.0,1622913621,2021-06-05T17:20:21Z
105648,140106,3.5,1623730305,2021-06-15T04:11:45Z
105648,200838,2.5,1624259735,2021-06-21T07:15:35Z
105648,200820,1.5,1624260039,2021-06-21T07:20:39Z
105648,204610,3.0,1625197505,2021-07-02T03:45:05Z
105648,163056,3.0,1625408638,2021-07-04T14:23:58Z
105648,143367,4.0,1625624100,2021-07-07T02:15:00Z
105648,214764,2.5,1626151393,2021-07-13T04:43:13Z
105648,165129,3.0,1634268978,2021-10-15T03:36:18Z
105648,200794,4.5,1636832393,2021-11-13T19:39:53Z
105648,223310,3.5,1638385712,2021-12-01T19:08:32Z
105648,187467,3.5,1643812849,2022-02-02T14:40:49Z
105648,257037,4.5,1645500469,2022-02-22T03:27:49Z
105648,260645,2.5,1649098004,2022-04-04T18:46:44Z
105648,188623,4.5,1656793124,2022-07-02T20:18:44Z
105648,197079,3.5,1656864810,2022-07-03T16:13:30Z
105648,258001,3.5,1658377933,2022-07-21T04:32:13Z
105648,275245,4.0,1661570768,2022-08-27T03:26:08Z
105648,273891,2.5,1664735347,2022-10-02T18:29:07Z
105648,279452,3.0,1670177987,2022-12-04T18:19:47Z
105648,282941,3.0,1674420124,2023-01-22T20:42:04Z
105648,281188,3.5,1682147405,2023-04-22T07:10:05Z
105648,163134,4.5,1682405096,2023-04-25T06:44:56Z
105648,231413,3.5,1694921158,2023-09-17T03:25:58Z
105648,278428,3.0,1696179644,2023-10-01T17:00:44Z
105648,255639,2.5,1696471830,2023-10-05T02:10:30Z
105648,252308,3.0,1696471832,2023-10-05T02:10:32Z
105746,168250,5.0,1509947238,2017-11-06T05:47:18Z
105746,193041,4.5,1630730276,2021-09-04T04:37:56Z
105746,273891,5.0,1694990598,2023-09-17T22:43:18Z
105746,275245,4.5,1695001853,2023-09-18T01:50:53Z
105746,200838,4.5,1696442675,2023-10-04T18:04:35Z
105850,168250,4.5,1620068880,2021-05-03T19:08:00Z
105850,188623,4.0,1654908729,2022-06-11T00:52:09Z
105850,163134,4.5,1659198187,2022-07-30T16:23:07Z
105850,275245,4.0,1665883444,2022-10-16T01:24:04Z
105850,179411,3.0,1674524240,2023-01-24T01:37:20Z
105850,200820,2.5,1674526731,2023-01-24T02:18:51Z
105850,273891,3.5,1674612223,2023-01-25T02:03:43Z
105850,210577,3.0,1674615376,2023-01-25T02:56:16Z
105880,165105,2.5,1533481757,2018-08-05T15:09:17Z
105880,168250,3.5,1533481757,2018-08-05T15:09:17Z
105880,200820,3.0,1578758905,2020-01-11T16:08:25Z
105880,200838,3.5,1578758905,2020-01-11T16:08:25Z
105880,210577,3.0,1623926674,2021-06-17T10:44:34Z
105979,143367,4.5,1485198530,2017-01-23T19:08:50Z
105979,168250,4.5,1488821617,2017-03-06T17:33:37Z
105979,188773,4.0,1539228574,2018-10-11T03:29:34Z
105979,193916,3.5,1539229263,2018-10-11T03:41:03Z
105979,188623,4.0,1539229380,2018-10-11T03:43:00Z
105979,275245,4.0,1662609957,2022-09-08T04:05:57Z
105979,273891,3.5,1672569756,2023-01-01T10:42:36Z
106068,190171,5.0,1529941848,2018-06-25T15:50:48Z
106068,177939,4.0,1529942746,2018-06-25T16:05:46Z
106068,143531,1.5,1548883751,2019-01-30T21:29:11Z
106068,164204,4.0,1548884018,2019-01-30T21:33:38Z
106068,192981,3.0,1548884987,2019-01-30T21:49:47Z
106068,188773,4.5,1548885356,2019-01-30T21:55:56Z
106077,160848,4.0,1509899382,2017-11-05T16:29:42Z
106077,143367,4.0,1509900353,2017-11-05T16:45:53Z
106077,163134,4.0,1509901855,2017-11-05T17:10:55Z
106077,168250,4.0,1577104484,2019-12-23T12:34:44Z
106077,188623,3.5,1577104914,2019-12-23T12:41:54Z
106146,168250,4.0,1528054584,2018-06-03T19:36:24Z
106146,163134,3.5,1528054766,2018-06-03T19:39:26Z
106146,143367,3.5,1529890041,2018-06-25T01:27:21Z
106146,160848,3.5,1539573193,2018-10-15T03:13:13Z
106146,188773,3.5,1547597907,2019-01-16T00:18:27Z
106146,184275,3.0,1548456773,2019-01-25T22:52:53Z
106146,188623,4.0,1549153848,2019-02-03T00:30:48Z
106146,185877,3.5,1558215671,2019-05-18T21:41:11Z
106146,166291,3.0,1582510367,2020-02-24T02:12:47Z
106146,231413,3.5,1624843277,2021-06-28T01:21:17Z
106146,204158,2.5,1625105616,2021-07-01T02:13:36Z
106146,162968,2.5,1631065717,2021-09-08T01:48:37Z
106146,168090,3.0,1631671551,2021-09-15T02:05:51Z
106146,168218,3.0,1632691639,2021-09-26T21:27:19Z
106146,242062,3.0,1642283799,2022-01-15T21:56:39Z
106146,200794,4.0,1644886359,2022-02-15T00:52:39Z
106146,221250,3.0,1644972897,2022-02-16T00:54:57Z
106146,257037,4.5,1647818707,2022-03-20T23:25:07Z
106146,140106,4.0,1656890869,2022-07-03T23:27:49Z
106146,166295,4.5,1664116986,2022-09-25T14:43:06Z
106146,223310,3.5,1664145465,2022-09-25T22:37:45Z
106157,170961,3.0,1506279223,2017-09-24T18:53:43Z
106157,177119,3.5,1507488774,2017-10-08T18:52:54Z
106157,163134,4.5,1508614403,2017-10-21T19:33:23Z
106157,168250,4.0,1520608468,2018-03-09T15:14:28Z
106157,146309,5.0,1548589283,2019-01-27T11:41:23Z
106157,193581,4.0,1550924452,2019-02-23T12:20:52Z
106157,200838,3.5,1557611550,2019-05-11T21:52:30Z
106157,186985,1.0,1578256852,2020-01-05T20:40:52Z
106205,168250,3.0,1540258689,2018-10-23T01:38:09Z
106205,163134,4.0,1552402819,2019-03-12T15:00:19Z
106205,143367,2.5,1555715315,2019-04-19T23:08:35Z
106205,160848,3.5,1558829509,2019-05-26T00:11:49Z
106205,166291,5.0,1581746458,2020-02-15T06:00:58Z
106205,187145,3.5,1594955077,2020-07-17T03:04:37Z
106205,182479,2.0,1594955254,2020-07-17T03:07:34Z
106267,160848,3.5,1474592987,2016-09-23T01:09:47Z
106267,143367,3.0,1490823877,2017-03-29T21:44:37Z
106267,168250,3.5,1504693967,2017-09-06T10:32:47Z
106267,163134,4.0,1509306637,2017-10-29T19:50:37Z
106267,180069,3.5,1509896509,2017-11-05T15:41:49Z
106267,192209,3.0,1541290017,2018-11-04T00:06:57Z
106348,160848,4.0,1595467554,2020-07-23T01:25:54Z
106348,149658,4.5,1595467556,2020-07-23T01:25:56Z
106348,171013,4.0,1595467556,2020-07-23T01:25:56Z
106348,143367,4.0,1595467557,2020-07-23T01:25:57Z
106348,163134,4.5,1595467557,2020-07-23T01:25:57Z
106348,166291,4.0,1595467557,2020-07-23T01:25:57Z
106348,168250,4.0,1595467557,2020-07-23T01:25:57Z
106348,177285,3.5,1595467558,2020-07-23T01:25:58Z
106348,200838,2.5,1595467558,2020-07-23T01:25:58Z
106348,193916,3.5,1595467559,2020-07-23T01:25:59Z
106348,188623,4.0,1595467560,2020-07-23T01:26:00Z
106348,188773,4.0,1595467560,2020-07-23T01:26:00Z
106348,193041,4.5,1595467560,2020-07-23T01:26:00Z
106348,196937,3.5,1595467560,2020-07-23T01:26:00Z
106355,275245,4.5,1687548374,2023-06-23T19:26:14Z
106355,257037,5.0,1687567276,2023-06-24T00:41:16Z
106355,253332,3.0,1687567346,2023-06-24T00:42:26Z
106355,242062,3.5,1687567402,2023-06-24T00:43:22Z
106355,188623,5.0,1687646510,2023-06-24T22:41:50Z
106355,168250,4.5,1687653077,2023-06-25T00:31:17Z
106357,146309,4.0,1462368606,2016-05-04T13:30:06Z
106357,165105,3.0,1480247114,2016-11-27T11:45:14Z
106357,173007,3.5,1499892879,2017-07-12T20:54:39Z
106357,162968,4.0,1520369263,2018-03-06T20:47:43Z
106357,166291,4.0,1520370282,2018-03-06T21:04:42Z
106357,168090,4.0,1520371209,2018-03-06T21:20:09Z
106357,168218,3.0,1520371935,2018-03-06T21:32:15Z
106357,182479,3.0,1529264104,2018-06-17T19:35:04Z
106357,163134,4.5,1543322238,2018-11-27T12:37:18Z
106357,184641,1.0,1543322296,2018-11-27T12:38:16Z
106357,180091,2.5,1549541599,2019-02-07T12:13:19Z
106357,168250,3.0,1549845702,2019-02-11T00:41:42Z
106357,200838,2.0,1575716707,2019-12-07T11:05:07Z
106357,211137,1.5,1584966951,2020-03-23T12:35:51Z
106357,200820,1.0,1586609491,2020-04-11T12:51:31Z
106357,193916,1.0,1589114995,2020-05-10T12:49:55Z
106357,216511,2.5,1589115255,2020-05-10T12:54:15Z
106357,187145,4.0,1589115369,2020-05-10T12:56:09Z
106357,200384,3.5,1603644752,2020-10-25T16:52:32Z
106357,218657,1.0,1604232006,2020-11-01T12:00:06Z
106357,196937,4.0,1606674915,2020-11-29T18:35:15Z
106357,204158,4.0,1628857874,2021-08-13T12:31:14Z
106357,200052,3.0,1634725440,2021-10-20T10:24:00Z
106357,192209,3.0,1658860789,2022-07-26T18:39:49Z
106357,272555,1.0,1674259006,2023-01-20T23:56:46Z
106357,273891,3.5,1678579047,2023-03-11T23:57:27Z
106357,284377,4.0,1680545369,2023-04-03T18:09:29Z
106357,272079,4.0,1680545694,2023-04-03T18:14:54Z
106357,281188,4.5,1685953777,2023-06-05T08:29:37Z
106426,168250,3.5,1577100655,2019-12-23T11:30:55Z
106426,213353,5.0,1592188279,2020-06-15T02:31:19Z
106426,192649,5.0,1592188282,2020-06-15T02:31:22Z
106426,163134,5.0,1664933727,2022-10-05T01:35:27Z
106426,273891,4.5,1687065562,2023-06-18T05:19:22Z
106426,275245,4.5,1693625409,2023-09-02T03:30:09Z
106566,275245,2.0,1689100638,2023-07-11T18:37:18Z
106566,273891,2.5,1689100640,2023-07-11T18:37:20Z
106566,200820,1.0,1689100642,2023-07-11T18:37:22Z
106566,168250,4.5,1689100643,2023-07-11T18:37:23Z
106566,188623,2.5,1691951498,2023-08-13T18:31:38Z
106726,142618,3.0,1603361478,2020-10-22T10:11:18Z
106726,168250,4.0,1603361480,2020-10-22T10:11:20Z
106726,163134,3.5,1603361481,2020-10-22T10:11:21Z
106726,205759,3.5,1603361481,2020-10-22T10:11:21Z
106726,177939,4.0,1603361482,2020-10-22T10:11:22Z
106726,187145,3.0,1603361483,2020-10-22T10:11:23Z
106726,196937,2.5,1603361484,2020-10-22T10:11:24Z
106726,197657,4.0,1621178873,2021-05-16T15:27:53Z
106726,253332,1.5,1632002530,2021-09-18T22:02:10Z
106726,257037,4.5,1646769525,2022-03-08T19:58:45Z
106726,242062,4.0,1650812802,2022-04-24T15:06:42Z
106726,273891,2.0,1668622109,2022-11-16T18:08:29Z
106728,220512,3.0,1647396012,2022-03-16T02:00:12Z
106728,168250,4.5,1647565363,2022-03-18T01:02:43Z
106728,163056,5.0,1647565679,2022-03-18T01:07:59Z
106728,252308,3.5,1661072256,2022-08-21T08:57:36Z
106728,275245,4.5,1662903708,2022-09-11T13:41:48Z
106728,168652,1.5,1665131778,2022-10-07T08:36:18Z
106728,273891,4.0,1669023496,2022-11-21T09:38:16Z
106728,200820,3.0,1691344194,2023-08-06T17:49:54Z
106728,287737,4.0,1694265541,2023-09-09T13:19:01Z
106825,168250,3.0,1522190975,2018-03-27T22:49:35Z
106825,163134,2.5,1522238148,2018-03-28T11:55:48Z
106825,200838,3.0,1569782199,2019-09-29T18:36:39Z
106825,193041,4.0,1590074008,2020-05-21T15:13:28Z
106825,210577,3.5,1599421852,2020-09-06T19:50:52Z
106825,200820,1.5,1626616289,2021-07-18T13:51:29Z
106916,200838,3.0,1587379940,2020-04-20T10:52:20Z
106916,146309,4.0,1588120830,2020-04-29T00:40:30Z
106916,163134,4.5,1588148631,2020-04-29T08:23:51Z
106916,188773,4.0,1588148702,2020-04-29T08:25:02Z
106916,188623,4.0,1588148931,2020-04-29T08:28:51Z
106916,204158,3.5,1592880709,2020-06-23T02:51:49Z
106999,163134,5.0,1650677524,2022-04-23T01:32:04Z
106999,177939,4.5,1650677851,2022-04-23T01:37:31Z
106999,193916,4.5,1650678035,2022-04-23T01:40:35Z
106999,171013,5.0,1650678120,2022-04-23T01:42:00Z
106999,146309,4.0,1650678768,2022-04-23T01:52:48Z
106999,204158,3.0,1650932290,2022-04-26T00:18:10Z
107315,168250,4.5,1520218996,2018-03-05T03:03:16Z
107315,200820,4.0,1559787370,2019-06-06T02:16:10Z
107315,210577,3.5,1583126024,2020-03-02T05:13:44Z
107315,275245,3.5,1658538245,2022-07-23T01:04:05Z
107315,273891,4.0,1660183690,2022-08-11T02:08:10Z
107315,163134,4.5,1660532960,2022-08-15T03:09:20Z
107315,281188,4.5,1681868007,2023-04-19T01:33:27Z
107372,143367,3.0,1488327790,2017-03-01T00:23:10Z
107372,200820,3.0,1659129135,2022-07-29T21:12:15Z
107372,200838,2.5,1659129141,2022-07-29T21:12:21Z
107372,168250,1.0,1679238469,2023-03-19T15:07:49Z
107372,273891,3.0,1683565947,2023-05-08T17:12:27Z
107439,168250,4.0,1575738711,2019-12-07T17:11:51Z
107439,170961,3.0,1575738822,2019-12-07T17:13:42Z
107439,169400,2.5,1628001879,2021-08-03T14:44:39Z
107439,162990,3.5,1628077469,2021-08-04T11:44:29Z
107439,140805,3.0,1628287003,2021-08-06T21:56:43Z
107439,142374,3.5,1628292350,2021-08-06T23:25:50Z
107544,193801,0.5,1560699890,2019-06-16T15:44:50Z
107544,193587,0.5,1560699892,2019-06-16T15:44:52Z
107544,162990,0.5,1560699899,2019-06-16T15:44:59Z
107544,192649,0.5,1560699940,2019-06-16T15:45:40Z
107544,210577,5.0,1586199214,2020-04-06T18:53:34Z
107544,200820,1.0,1611247996,2021-01-21T16:53:16Z
107544,168250,5.0,1664751216,2022-10-02T22:53:36Z
107568,163134,5.0,1529143226,2018-06-16T10:00:26Z
107568,166291,4.0,1534008335,2018-08-11T17:25:35Z
107568,146309,4.0,1586210318,2020-04-06T21:58:38Z
107568,204158,2.0,1595215858,2020-07-20T03:30:58Z
107568,171013,4.5,1654383421,2022-06-04T22:57:01Z
107568,281188,4.0,1687983034,2023-06-28T20:10:34Z
107635,143367,4.5,1600702137,2020-09-21T15:28:57Z
107635,207297,3.5,1600702448,2020-09-21T15:34:08Z
107635,163134,4.0,1600705178,2020-09-21T16:19:38Z
107635,246604,4.0,1633581656,2021-10-07T04:40:56Z
107635,166291,4.0,1633582518,2021-10-07T04:55:18Z
107635,188773,3.5,1633582765,2021-10-07T04:59:25Z
107678,163134,4.0,1551206673,2019-02-26T18:44:33Z
107678,168250,4.5,1571055873,2019-10-14T12:24:33Z
107678,166291,4.0,1578736453,2020-01-11T09:54:13Z
107678,200820,1.5,1578736454,2020-01-11T09:54:14Z
107678,196937,3.0,1578736455,2020-01-11T09:54:15Z
107955,168250,5.0,1494205162,2017-05-08T00:59:22Z
107955,163134,3.0,1586470951,2020-04-09T22:22:31Z
107955,187145,4.0,1586722586,2020-04-12T20:16:26Z
107955,160848,3.0,1603057238,2020-10-18T21:40:38Z
107955,141432,5.0,1604969105,2020-11-10T00:45:05Z
108145,168250,3.0,1619833360,2021-05-01T01:42:40Z
108145,163134,4.0,1620116384,2021-05-04T08:19:44Z
108145,160848,3.0,1620141862,2021-05-04T15:24:22Z
108145,166291,3.0,1620193404,2021-05-05T05:43:24Z
108145,188773,3.0,1632109355,2021-09-20T03:42:35Z
108145,273891,4.0,1665913484,2022-10-16T09:44:44Z
108329,168250,4.5,1573934630,2019-11-16T20:03:50Z
108329,200838,4.0,1575641889,2019-12-06T14:18:09Z
108329,166291,4.5,1576102021,2019-12-11T22:07:01Z
108329,163134,5.0,1614473573,2021-02-28T00:52:53Z
108329,273891,4.0,1676138797,2023-02-11T18:06:37Z
108381,168250,4.0,1671914395,2022-12-24T20:39:55Z
108381,275245,4.0,1671932479,2022-12-25T01:41:19Z
108381,273891,4.0,1672078870,2022-12-26T18:21:10Z
108381,163134,1.0,1672432226,2022-12-30T20:30:26Z
108381,166291,0.5,1672432300,2022-12-30T20:31:40Z
108381,188773,0.5,1672432306,2022-12-30T20:31:46Z
108412,168250,5.0,1673569853,2023-01-13T00:30:53Z
108412,165105,5.0,1673575592,2023-01-13T02:06:32Z
108412,200820,4.5,1673725073,2023-01-14T19:37:53Z
108412,166291,0.5,1673726473,2023-01-14T20:01:13Z
108412,210577,1.0,1673726633,2023-01-14T20:03:53Z
108412,275245,5.0,1673734550,2023-01-14T22:15:50Z
108412,146309,0.5,1673751735,2023-01-15T03:02:15Z
108412,178907,0.5,1673824674,2023-01-15T23:17:54Z
108412,173007,0.5,1673829259,2023-01-16T00:34:19Z
108412,198611,0.5,1673836173,2023-01-16T02:29:33Z
108412,218657,0.5,1673836487,2023-01-16T02:34:47Z
108412,148855,0.5,1673836715,2023-01-16T02:38:35Z
108412,174549,0.5,1673838516,2023-01-16T03:08:36Z
108412,187145,0.5,1673839716,2023-01-16T03:28:36Z
108412,252932,0.5,1673839885,2023-01-16T03:31:25Z
108412,149658,0.5,1673901361,2023-01-16T20:36:01Z
108412,177119,0.5,1673903261,2023-01-16T21:07:41Z
108412,184641,0.5,1673904072,2023-01-16T21:21:12Z
108412,168218,0.5,1673904295,2023-01-16T21:24:55Z
108412,177285,0.5,1673904562,2023-01-16T21:29:22Z
108412,170125,0.5,1673905481,2023-01-16T21:44:41Z
108412,142566,0.5,1673906200,2023-01-16T21:56:40Z
108412,210939,0.5,1673911144,2023-01-16T23:19:04Z
108412,184835,0.5,1673911183,2023-01-16T23:19:43Z
108412,272079,0.5,1673911853,2023-01-16T23:30:53Z
108412,213353,0.5,1673912552,2023-01-16T23:42:32Z
108412,166295,0.5,1673912608,2023-01-16T23:43:28Z
108412,167850,0.5,1673913007,2023-01-16T23:50:07Z
108412,174515,0.5,1673913937,2023-01-17T00:05:37Z
108412,178111,0.5,1673914567,2023-01-17T00:16:07Z
108412,175283,0.5,1673914924,2023-01-17T00:22:04Z
108412,192981,0.5,1673915005,2023-01-17T00:23:25Z
108412,210227,0.5,1673925429,2023-01-17T03:17:09Z
108412,168652,4.0,1673926063,2023-01-17T03:27:43Z
108412,193583,0.5,1673926291,2023-01-17T03:31:31Z
108412,169022,0.5,1673927499,2023-01-17T03:51:39Z
108412,223570,0.5,1673927816,2023-01-17T03:56:56Z
108412,238036,0.5,1673928747,2023-01-17T04:12:27Z
108412,201704,0.5,1673929181,2023-01-17T04:19:41Z
108412,222627,0.5,1673929419,2023-01-17T04:23:39Z
108412,252308,0.5,1673929465,2023-01-17T04:24:25Z
108412,201488,0.5,1673929683,2023-01-17T04:28:03Z
108412,211137,0.5,1673929932,2023-01-17T04:32:12Z
108412,216525,0.5,1673930389,2023-01-17T04:39:49Z
108412,177939,0.5,1677620711,2023-02-28T21:45:11Z
108412,283751,4.5,1680658443,2023-04-05T01:34:03Z
108488,160848,3.5,1471018934,2016-08-12T16:22:14Z
108488,168250,3.5,1508677085,2017-10-22T12:58:05Z
108488,163134,4.0,1513631624,2017-12-18T21:13:44Z
108488,146309,4.0,1514311268,2017-12-26T18:01:08Z
108488,182479,3.5,1524851470,2018-04-27T17:51:10Z
108488,193916,3.5,1557060425,2019-05-05T12:47:05Z
108488,192981,4.0,1570211311,2019-10-04T17:48:31Z
108488,204158,4.0,1592497198,2020-06-18T16:19:58Z
108488,273891,3.5,1666462371,2022-10-22T18:12:51Z
108488,275245,3.0,1671295899,2022-12-17T16:51:39Z
108488,252932,4.0,1671295900,2022-12-17T16:51:40Z
108488,281188,4.0,1687542790,2023-06-23T17:53:10Z
108488,206393,3.0,1687542793,2023-06-23T17:53:13Z
108488,218657,3.5,1695401049,2023-09-22T16:44:09Z
108528,168250,4.0,1556317239,2019-04-26T22:20:39Z
108528,143367,2.5,1570070194,2019-10-03T02:36:34Z
108528,188623,2.0,1576714492,2019-12-19T00:14:52Z
108528,188773,4.5,1612900248,2021-02-09T19:50:48Z
108528,193041,3.0,1642530997,2022-01-18T18:36:37Z
108778,163134,3.0,1547568903,2019-01-15T16:15:03Z
108778,196937,5.0,1548623402,2019-01-27T21:10:02Z
108778,137863,5.0,1548623442,2019-01-27T21:10:42Z
108778,184641,3.0,1549626563,2019-02-08T11:49:23Z
108778,170961,4.0,1549626956,2019-02-08T11:55:56Z
108778,175479,5.0,1549666696,2019-02-08T22:58:16Z
108778,200838,4.0,1573273694,2019-11-09T04:28:14Z
109220,168250,5.0,1554171327,2019-04-02T02:15:27Z
109220,196937,5.0,1554173751,2019-04-02T02:55:51Z
109220,140805,5.0,1560039065,2019-06-09T00:11:05Z
109220,149658,5.0,1560194454,2019-06-10T19:20:54Z
109220,137863,4.5,1560194647,2019-06-10T19:24:07Z
109220,200820,4.0,1570927764,2019-10-13T00:49:24Z
109242,168250,3.5,1516298880,2018-01-18T18:08:00Z
109242,163134,3.5,1516713746,2018-01-23T13:22:26Z
109242,160848,3.5,1517349666,2018-01-30T22:01:06Z
109242,166291,4.0,1517349726,2018-01-30T22:02:06Z
109242,143367,3.5,1517350519,2018-01-30T22:15:19Z
109258,210577,2.5,1583541270,2020-03-07T00:34:30Z
109258,168250,3.0,1598906125,2020-08-31T20:35:25Z
109258,228521,2.5,1604967003,2020-11-10T00:10:03Z
109258,239256,2.0,1632179223,2021-09-20T23:07:03Z
109258,253376,3.0,1632968558,2021-09-30T02:22:38Z
109258,289069,3.5,1693183435,2023-08-28T00:43:55Z
109258,283149,3.5,1694775794,2023-09-15T11:03:14Z
109263,146309,3.5,1476703363,2016-10-17T11:22:43Z
109263,143367,2.5,1491831197,2017-04-10T13:33:17Z
109263,168250,3.0,1493758141,2017-05-02T20:49:01Z
109263,163134,3.0,1498053683,2017-06-21T14:01:23Z
109263,166291,3.5,1532699993,2018-07-27T13:59:53Z
109263,164204,4.0,1541502265,2018-11-06T11:04:25Z
109263,188623,4.5,1586380041,2020-04-08T21:07:21Z
109263,207297,1.0,1587920097,2020-04-26T16:54:57Z
109263,185905,3.5,1590722491,2020-05-29T03:21:31Z
109263,253332,3.5,1630366251,2021-08-30T23:30:51Z
109301,168250,4.0,1621651708,2021-05-22T02:48:28Z
109301,210577,4.0,1621652075,2021-05-22T02:54:35Z
109301,192981,4.5,1621652605,2021-05-22T03:03:25Z
109301,163134,5.0,1621653283,2021-05-22T03:14:43Z
109301,200820,3.5,1621655054,2021-05-22T03:44:14Z
109515,204158,4.0,1642539199,2022-01-18T20:53:19Z
109515,187145,3.5,1655306171,2022-06-15T15:16:11Z
109515,163134,4.5,1657124138,2022-07-06T16:15:38Z
109515,201704,3.5,1658342506,2022-07-20T18:41:46Z
109515,188773,4.0,1658935467,2022-07-27T15:24:27Z
109515,177229,4.0,1660227645,2022-08-11T14:20:45Z
109515,166291,3.5,1673368169,2023-01-10T16:29:29Z
109515,182479,3.0,1680899603,2023-04-07T20:33:23Z
109548,168250,4.0,1563391935,2019-07-17T19:32:15Z
109548,200838,3.5,1591437663,2020-06-06T10:01:03Z
109548,210577,4.0,1591703365,2020-06-09T11:49:25Z
109548,273891,3.5,1670171899,2022-12-04T16:38:19Z
109548,275245,3.5,1670174677,2022-12-04T17:24:37Z
109599,231413,4.5,1676954426,2023-02-21T04:40:26Z
109599,163134,4.5,1676955105,2023-02-21T04:51:45Z
109599,212383,4.0,1676955134,2023-02-21T04:52:14Z
109599,212385,4.0,1676955135,2023-02-21T04:52:15Z
109599,247464,4.0,1676955136,2023-02-21T04:52:16Z
109831,210577,3.5,1583657251,2020-03-08T08:47:31Z
109831,168250,4.5,1590273662,2020-05-23T22:41:02Z
109831,163134,4.0,1592739602,2020-06-21T11:40:02Z
109831,200794,4.0,1620584938,2021-05-09T18:28:58Z
109831,255639,3.5,1629053432,2021-08-15T18:50:32Z
109831,252308,3.5,1629053435,2021-08-15T18:50:35Z
109831,179411,2.5,1629402304,2021-08-19T19:45:04Z
109831,211137,1.0,1641237280,2022-01-03T19:14:40Z
109881,163134,3.5,1584115647,2020-03-13T16:07:27Z
109881,168250,4.0,1584115654,2020-03-13T16:07:34Z
109881,200820,1.0,1645677071,2022-02-24T04:31:11Z
109881,210577,2.5,1645677071,2022-02-24T04:31:11Z
109881,166291,4.0,1645677073,2022-02-24T04:31:13Z
109881,200838,3.5,1645677074,2022-02-24T04:31:14Z
109956,168250,4.5,1611042957,2021-01-19T07:55:57Z
109956,163134,5.0,1611043957,2021-01-19T08:12:37Z
109956,200820,3.5,1643716366,2022-02-01T11:52:46Z
109956,223570,4.5,1660063763,2022-08-09T16:49:23Z
109956,222627,4.5,1660063784,2022-08-09T16:49:44Z
109956,223572,4.0,1660063795,2022-08-09T16:49:55Z
109956,273891,4.5,1665308248,2022-10-09T09:37:28Z
109956,210577,4.0,1672075980,2022-12-26T17:33:00Z
109956,204158,4.5,1683407230,2023-05-06T21:07:10Z
109985,210939,3.5,1602135195,2020-10-08T05:33:15Z
109985,166291,5.0,1602135216,2020-10-08T05:33:36Z
109985,201704,5.0,1602135241,2020-10-08T05:34:01Z
109985,163134,4.5,1602135319,2020-10-08T05:35:19Z
109985,162968,5.0,1602135473,2020-10-08T05:37:53Z
109985,168090,5.0,1602135562,2020-10-08T05:39:22Z
109985,168218,5.0,1602135634,2020-10-08T05:40:34Z
110021,168250,5.0,1560120970,2019-06-09T22:56:10Z
110021,165105,5.0,1560343834,2019-06-12T12:50:34Z
110021,182479,5.0,1568749069,2019-09-17T19:37:49Z
110021,192981,5.0,1568910714,2019-09-19T16:31:54Z
110021,175299,5.0,1579649806,2020-01-21T23:36:46Z
110021,188623,4.0,1582660916,2020-02-25T20:01:56Z
110096,168250,0.5,1605031530,2020-11-10T18:05:30Z
110096,200838,1.5,1605031766,2020-11-10T18:09:26Z
110096,163134,4.5,1605033065,2020-11-10T18:31:05Z
110096,204158,3.5,1605033444,2020-11-10T18:37:24Z
110096,171013,3.0,1621541556,2021-05-20T20:12:36Z
110096,182479,3.0,1628021632,2021-08-03T20:13:52Z
110168,145596,3.5,1450461013,2015-12-18T17:50:13Z
110168,149146,3.0,1450845907,2015-12-23T04:45:07Z
110168,141426,3.0,1452339774,2016-01-09T11:42:54Z
110168,164643,4.0,1475458525,2016-10-03T01:35:25Z
110168,176515,5.0,1502387961,2017-08-10T17:59:21Z
110168,168250,4.0,1517460825,2018-02-01T04:53:45Z
110168,163134,4.0,1527571333,2018-05-29T05:22:13Z
110168,166291,5.0,1565757009,2019-08-14T04:30:09Z
110168,238032,4.0,1612571405,2021-02-06T00:30:05Z
110168,246522,4.5,1618534881,2021-04-16T01:01:21Z
110271,200838,3.0,1662753163,2022-09-09T19:52:43Z
110271,143367,5.0,1663993461,2022-09-24T04:24:21Z
110271,273891,2.5,1664929934,2022-10-05T00:32:14Z
110271,275245,4.0,1671209399,2022-12-16T16:49:59Z
110271,168250,2.5,1672509455,2022-12-31T17:57:35Z
110271,276231,4.5,1675441467,2023-02-03T16:24:27Z
110462,213353,4.0,1620424902,2021-05-07T22:01:42Z
110462,231413,3.0,1620424902,2021-05-07T22:01:42Z
110462,218657,3.0,1620424903,2021-05-07T22:01:43Z
110462,223310,3.5,1620424903,2021-05-07T22:01:43Z
110462,238344,4.0,1620424903,2021-05-07T22:01:43Z
110462,146309,3.5,1620424906,2021-05-07T22:01:46Z
110462,163056,4.0,1620424906,2021-05-07T22:01:46Z
110462,166295,3.5,1620424906,2021-05-07T22:01:46Z
110462,200820,3.0,1620424906,2021-05-07T22:01:46Z
110462,143367,3.0,1620424907,2021-05-07T22:01:47Z
110462,163134,4.5,1620424907,2021-05-07T22:01:47Z
110462,164204,3.5,1620424907,2021-05-07T22:01:47Z
110462,166291,4.0,1620424907,2021-05-07T22:01:47Z
110462,168250,4.0,1620424907,2021-05-07T22:01:47Z
110462,182467,3.5,1620424907,2021-05-07T22:01:47Z
110462,187467,4.0,1620424907,2021-05-07T22:01:47Z
110462,197549,3.5,1620424907,2021-05-07T22:01:47Z
110462,199201,2.0,1620424907,2021-05-07T22:01:47Z
110462,200838,3.0,1620424907,2021-05-07T22:01:47Z
110462,212359,3.5,1620424907,2021-05-07T22:01:47Z
110462,232911,2.5,1620424907,2021-05-07T22:01:47Z
110462,188623,4.0,1620424908,2021-05-07T22:01:48Z
110462,193916,3.5,1620424908,2021-05-07T22:01:48Z
110462,198611,3.5,1620424908,2021-05-07T22:01:48Z
110462,201704,3.5,1620424908,2021-05-07T22:01:48Z
110462,215653,3.0,1620424908,2021-05-07T22:01:48Z
110462,188773,5.0,1620424909,2021-05-07T22:01:49Z
110462,192209,3.0,1620424909,2021-05-07T22:01:49Z
110462,192649,4.0,1620424909,2021-05-07T22:01:49Z
110462,193041,3.5,1620424909,2021-05-07T22:01:49Z
110462,199269,3.0,1620424909,2021-05-07T22:01:49Z
110462,209949,3.0,1620424909,2021-05-07T22:01:49Z
110462,216147,3.0,1620424909,2021-05-07T22:01:49Z
110462,204158,3.5,1620424910,2021-05-07T22:01:50Z
110462,210939,3.5,1620424910,2021-05-07T22:01:50Z
110462,216525,3.5,1620424910,2021-05-07T22:01:50Z
110462,254464,3.5,1635275973,2021-10-26T19:19:33Z
110462,258157,2.5,1635275973,2021-10-26T19:19:33Z
110462,259319,3.0,1635275973,2021-10-26T19:19:33Z
110495,163134,5.0,1503408453,2017-08-22T13:27:33Z
110495,168250,4.5,1514935281,2018-01-02T23:21:21Z
110495,188623,4.0,1583091921,2020-03-01T19:45:21Z
110495,188773,3.0,1583091983,2020-03-01T19:46:23Z
110495,141432,4.0,1614765946,2021-03-03T10:05:46Z
110495,166291,3.5,1616521439,2021-03-23T17:43:59Z
110495,275245,4.0,1662921525,2022-09-11T18:38:45Z
110504,188773,4.5,1613671671,2021-02-18T18:07:51Z
110504,188623,4.5,1613671688,2021-02-18T18:08:08Z
110504,140106,4.5,1613671765,2021-02-18T18:09:25Z
110504,164204,4.0,1613671769,2021-02-18T18:09:29Z
110504,185905,4.5,1613671784,2021-02-18T18:09:44Z
110504,160848,4.0,1613672238,2021-02-18T18:17:18Z
110754,257037,0.5,1650719249,2022-04-23T13:07:29Z
110754,239256,0.5,1651617010,2022-05-03T22:30:10Z
110754,171013,0.5,1651785629,2022-05-05T21:20:29Z
110754,252308,0.5,1674234911,2023-01-20T17:15:11Z
110754,272079,0.5,1674234912,2023-01-20T17:15:12Z
110754,198611,0.5,1674234916,2023-01-20T17:15:16Z
110754,223570,0.5,1674234919,2023-01-20T17:15:19Z
110754,222627,0.5,1674234920,2023-01-20T17:15:20Z
110941,150776,3.5,1467040574,2016-06-27T15:16:14Z
110941,164282,4.0,1483045741,2016-12-29T21:09:01Z
110941,160848,3.5,1486550173,2017-02-08T10:36:13Z
110941,143367,3.0,1502210943,2017-08-08T16:49:03Z
110941,182467,3.5,1526060587,2018-05-11T17:43:07Z
110941,188773,4.0,1604266754,2020-11-01T21:39:14Z
110941,188623,3.5,1605133442,2020-11-11T22:24:02Z
110941,273891,3.5,1659802475,2022-08-06T16:14:35Z
110941,193041,4.0,1671984851,2022-12-25T16:14:11Z
110941,275245,3.5,1672588422,2023-01-01T15:53:42Z
110941,257037,4.0,1673992634,2023-01-17T21:57:14Z
110966,275245,5.0,1690252773,2023-07-25T02:39:33Z
110966,168250,4.5,1690252981,2023-07-25T02:43:01Z
110966,222627,0.5,1691622365,2023-08-09T23:06:05Z
110966,252932,0.5,1691622526,2023-08-09T23:08:46Z
110966,207826,0.5,1691629010,2023-08-10T00:56:50Z
111045,163134,4.0,1598609092,2020-08-28T10:04:52Z
111045,177939,4.5,1598609400,2020-08-28T10:10:00Z
111045,198611,4.5,1598609571,2020-08-28T10:12:51Z
111045,200838,3.0,1598611063,2020-08-28T10:37:43Z
111045,166291,4.0,1600471788,2020-09-18T23:29:48Z
111045,246604,4.5,1655558468,2022-06-18T13:21:08Z
111045,273891,3.5,1678752222,2023-03-14T00:03:42Z
111045,251392,5.0,1686069262,2023-06-06T16:34:22Z
111045,289097,3.0,1692998189,2023-08-25T21:16:29Z
111091,140106,3.0,1456435564,2016-02-25T21:26:04Z
111091,160848,3.5,1482919615,2016-12-28T10:06:55Z
111091,142566,3.0,1482961506,2016-12-28T21:45:06Z
111091,164204,3.5,1485635281,2017-01-28T20:28:01Z
111091,166974,3.5,1487974694,2017-02-24T22:18:14Z
111091,143367,3.0,1490082221,2017-03-21T07:43:41Z
111091,163134,4.0,1493721983,2017-05-02T10:46:23Z
111091,168250,3.0,1500469834,2017-07-19T13:10:34Z
111091,166291,3.5,1505035799,2017-09-10T09:29:59Z
111091,188623,4.0,1542543000,2018-11-18T12:10:00Z
111091,184275,2.0,1545479345,2018-12-22T11:49:05Z
111091,188773,4.0,1555926141,2019-04-22T09:42:21Z
111091,193916,3.5,1558454662,2019-05-21T16:04:22Z
111091,200794,3.5,1579451104,2020-01-19T16:25:04Z
111091,203974,3.5,1584403919,2020-03-17T00:11:59Z
111091,204158,4.0,1593257034,2020-06-27T11:23:54Z
111091,257037,4.0,1651500191,2022-05-02T14:03:11Z
111091,253332,3.0,1656914086,2022-07-04T05:54:46Z
111091,275245,4.0,1682445211,2023-04-25T17:53:31Z
111091,143531,3.5,1691531970,2023-08-08T21:59:30Z
111253,143367,5.0,1626995072,2021-07-22T23:04:32Z
111253,188623,4.0,1644114616,2022-02-06T02:30:16Z
111253,257037,4.0,1654733753,2022-06-09T00:15:53Z
111253,168250,3.5,1654733909,2022-06-09T00:18:29Z
111253,275245,3.0,1668808709,2022-11-18T21:58:29Z
111385,163134,5.0,1520669952,2018-03-10T08:19:12Z
111385,168250,3.0,1520718033,2018-03-10T21:40:33Z
111385,200838,4.0,1559712839,2019-06-05T05:33:59Z
111385,273891,5.0,1662534242,2022-09-07T07:04:02Z
111385,275245,4.0,1662534242,2022-09-07T07:04:02Z
111497,168250,3.0,1617948635,2021-04-09T06:10:35Z
111497,212359,3.5,1622385486,2021-05-30T14:38:06Z
111497,226524,3.5,1623070325,2021-06-07T12:52:05Z
111497,166291,4.5,1623070616,2021-06-07T12:56:56Z
111497,188773,3.5,1623083789,2021-06-07T16:36:29Z
111497,273891,3.5,1675015586,2023-01-29T18:06:26Z
111654,188623,4.0,1591692072,2020-06-09T08:41:12Z
111654,188773,4.0,1601804266,2020-10-04T09:37:46Z
111654,204158,2.5,1661741054,2022-08-29T02:44:14Z
111654,163134,3.0,1661748202,2022-08-29T04:43:22Z
111654,275245,3.5,1662804975,2022-09-10T10:16:15Z
111765,143367,3.5,1598535346,2020-08-27T13:35:46Z
111765,188623,3.5,1622582670,2021-06-01T21:24:30Z
111765,188773,4.0,1652197726,2022-05-10T15:48:46Z
111765,257037,4.0,1652649278,2022-05-15T21:14:38Z
111765,168250,4.5,1670828792,2022-12-12T07:06:32Z
111765,275245,3.5,1686086436,2023-06-06T21:20:36Z
111801,163134,5.0,1589386935,2020-05-13T16:22:15Z
111801,166291,5.0,1590251500,2020-05-23T16:31:40Z
111801,204158,5.0,1607527709,2020-12-09T15:28:29Z
111801,168250,3.5,1621261052,2021-05-17T14:17:32Z
111801,257037,4.0,1657983536,2022-07-16T14:58:56Z
111801,275245,4.5,1662486609,2022-09-06T17:50:09Z
111862,216525,5.0,1598928726,2020-09-01T02:52:06Z
111862,204158,3.5,1598929556,2020-09-01T03:05:56Z
111862,206393,2.5,1598929718,2020-09-01T03:08:38Z
111862,163134,5.0,1598929765,2020-09-01T03:09:25Z
111862,249180,4.5,1662761761,2022-09-09T22:16:01Z
111862,257037,2.0,1662762419,2022-09-09T22:26:59Z
111862,205539,4.5,1662765483,2022-09-09T23:18:03Z
111862,193801,4.5,1662765503,2022-09-09T23:18:23Z
112015,141432,3.0,1497344589,2017-06-13T09:03:09Z
112015,160848,4.5,1561115312,2019-06-21T11:08:32Z
112015,200820,2.0,1566192542,2019-08-19T05:29:02Z
112015,188773,3.5,1576233865,2019-12-13T10:44:25Z
112015,200838,2.5,1576488131,2019-12-16T09:22:11Z
112015,183661,3.0,1578691476,2020-01-10T21:24:36Z
112015,166974,3.0,1606423906,2020-11-26T20:51:46Z
112015,188623,3.5,1607374198,2020-12-07T20:49:58Z
112015,163134,3.0,1616379863,2021-03-22T02:24:23Z
112015,273891,4.5,1671205540,2022-12-16T15:45:40Z
112015,164204,3.0,1671433504,2022-12-19T07:05:04Z
112015,191235,3.5,1671584202,2022-12-21T00:56:42Z
112015,194797,3.0,1671584307,2022-12-21T00:58:27Z
112015,168250,1.5,1671606462,2022-12-21T07:07:42Z
112015,209949,1.5,1672118415,2022-12-27T05:20:15Z
112015,210577,1.5,1672202783,2022-12-28T04:46:23Z
112015,275245,2.5,1672211772,2022-12-28T07:16:12Z
112015,257037,4.5,1675408450,2023-02-03T07:14:10Z
112133,163134,5.0,1578780059,2020-01-11T22:00:59Z
112133,168250,3.0,1578785066,2020-01-11T23:24:26Z
112133,160848,3.5,1578854516,2020-01-12T18:41:56Z
112133,166291,3.5,1578857365,2020-01-12T19:29:25Z
112133,200838,4.0,1586788322,2020-04-13T14:32:02Z
112133,188773,4.0,1589720174,2020-05-17T12:56:14Z
112133,188623,3.0,1589720207,2020-05-17T12:56:47Z
112133,150776,3.5,1594227129,2020-07-08T16:52:09Z
112133,218657,2.5,1595257758,2020-07-20T15:09:18Z
112133,177939,3.5,1601895849,2020-10-05T11:04:09Z
112133,204158,4.5,1618957816,2021-04-20T22:30:16Z
112133,193041,4.5,1627301956,2021-07-26T12:19:16Z
112133,182467,4.0,1635648762,2021-10-31T02:52:42Z
112199,168250,4.0,1642543000,2022-01-18T21:56:40Z
112199,188773,4.0,1642543237,2022-01-18T22:00:37Z
112199,210577,3.0,1642556369,2022-01-19T01:39:29Z
112199,200820,2.5,1642560502,2022-01-19T02:48:22Z
112199,200838,3.0,1642560834,2022-01-19T02:53:54Z
112199,143367,4.0,1643849263,2022-02-03T00:47:43Z
112199,257037,4.0,1648246700,2022-03-25T22:18:20Z
112199,275245,4.0,1670897122,2022-12-13T02:05:22Z
112199,273891,3.0,1674288198,2023-01-21T08:03:18Z
112199,281188,4.0,1683162858,2023-05-04T01:14:18Z
112311,200820,5.0,1597457163,2020-08-15T02:06:03Z
112311,163056,5.0,1597507697,2020-08-15T16:08:17Z
112311,196937,4.0,1597507773,2020-08-15T16:09:33Z
112311,183661,2.5,1597508038,2020-08-15T16:13:58Z
112311,191235,2.5,1597508233,2020-08-15T16:17:13Z
112569,143367,4.0,1490591888,2017-03-27T05:18:08Z
112569,163134,4.0,1491173045,2017-04-02T22:44:05Z
112569,166291,4.0,1500256001,2017-07-17T01:46:41Z
112569,168250,4.0,1511681018,2017-11-26T07:23:38Z
112569,177939,4.0,1547014424,2019-01-09T06:13:44Z
112569,140106,3.5,1547014915,2019-01-09T06:21:55Z
112569,188773,4.5,1549303277,2019-02-04T18:01:17Z
112569,188623,4.5,1561063946,2019-06-20T20:52:26Z
112569,200820,2.5,1587145401,2020-04-17T17:43:21Z
112569,204158,3.0,1597549605,2020-08-16T03:46:45Z
112569,246604,3.5,1638859887,2021-12-07T06:51:27Z
112569,231413,3.5,1638860574,2021-12-07T07:02:54Z
112569,257037,4.0,1638860784,2021-12-07T07:06:24Z
112569,275245,3.5,1659836474,2022-08-07T01:41:14Z
112570,160848,4.5,1638050775,2021-11-27T22:06:15Z
112570,188773,4.5,1638058803,2021-11-28T00:20:03Z
112570,203735,3.5,1638101023,2021-11-28T12:03:43Z
112570,266902,2.0,1640094370,2021-12-21T13:46:10Z
112570,275423,2.5,1653831015,2022-05-29T13:30:15Z
112570,175299,4.0,1653912202,2022-05-30T12:03:22Z
112570,267500,1.0,1660554854,2022-08-15T09:14:14Z
112570,142618,4.5,1685798780,2023-06-03T13:26:20Z
112602,163134,4.5,1491445656,2017-04-06T02:27:36Z
112602,163056,4.0,1493411330,2017-04-28T20:28:50Z
112602,168250,5.0,1522024925,2018-03-26T00:42:05Z
112602,174549,4.0,1555270709,2019-04-14T19:38:29Z
112602,178907,4.0,1587105363,2020-04-17T06:36:03Z
112602,200820,2.5,1614020414,2021-02-22T19:00:14Z
112602,193801,4.0,1633470366,2021-10-05T21:46:06Z
112602,205539,4.0,1633470367,2021-10-05T21:46:07Z
112602,273891,4.0,1668023252,2022-11-09T19:47:32Z
112602,221256,4.0,1668120827,2022-11-10T22:53:47Z
112765,142566,3.0,1443883387,2015-10-03T14:43:07Z
112765,146309,3.5,1486815963,2017-02-11T12:26:03Z
112765,161594,3.0,1486816493,2017-02-11T12:34:53Z
112765,163056,3.0,1491414739,2017-04-05T17:52:19Z
112765,173007,3.0,1499377846,2017-07-06T21:50:46Z
112765,160848,3.5,1505827257,2017-09-19T13:20:57Z
112765,183661,3.0,1531260366,2018-07-10T22:06:06Z
112765,191235,3.0,1532268114,2018-07-22T14:01:54Z
112765,193533,2.5,1537036102,2018-09-15T18:28:22Z
112765,163134,4.0,1541209389,2018-11-03T01:43:09Z
112765,201244,4.0,1555776954,2019-04-20T16:15:54Z
112765,171013,4.0,1562536411,2019-07-07T21:53:31Z
112765,174549,3.0,1562711954,2019-07-09T22:39:14Z
112765,200838,3.0,1563659587,2019-07-20T21:53:07Z
112765,200820,2.5,1566850424,2019-08-26T20:13:44Z
112765,201488,3.5,1569147636,2019-09-22T10:20:36Z
112765,211137,2.0,1579362595,2020-01-18T15:49:55Z
112765,213367,1.5,1583682312,2020-03-08T15:45:12Z
112765,213111,3.0,1583707678,2020-03-08T22:47:58Z
112765,210577,1.0,1587409229,2020-04-20T19:00:29Z
112765,166291,3.0,1592174839,2020-06-14T22:47:19Z
112765,218657,3.0,1592681699,2020-06-20T19:34:59Z
112765,203974,1.5,1593036621,2020-06-24T22:10:21Z
112765,177119,2.5,1593460791,2020-06-29T19:59:51Z
112765,192981,3.0,1594155446,2020-07-07T20:57:26Z
112765,246604,3.5,1629158059,2021-08-16T23:54:19Z
112826,140106,2.0,1494031344,2017-05-06T00:42:24Z
112826,168250,1.5,1516064290,2018-01-16T00:58:10Z
112826,166974,2.0,1523148429,2018-04-08T00:47:09Z
112826,185905,2.5,1555808626,2019-04-21T01:03:46Z
112826,188623,1.5,1587261816,2020-04-19T02:03:36Z
112826,273891,2.5,1667603704,2022-11-04T23:15:04Z
112964,168250,3.5,1500846619,2017-07-23T21:50:19Z
112964,166291,2.0,1506701234,2017-09-29T16:07:14Z
112964,166295,2.0,1509295699,2017-10-29T16:48:19Z
112964,186875,3.5,1523572480,2018-04-12T22:34:40Z
112964,163134,2.5,1524604179,2018-04-24T21:09:39Z
112964,188623,1.0,1537462840,2018-09-20T17:00:40Z
112964,200820,3.0,1559673300,2019-06-04T18:35:00Z
112964,200838,3.5,1572026960,2019-10-25T18:09:20Z
112964,210577,3.5,1585757226,2020-04-01T16:07:06Z
112964,255639,2.5,1629934345,2021-08-25T23:32:25Z
112964,271160,2.5,1645827868,2022-02-25T22:24:28Z
112964,273891,4.0,1664323043,2022-09-27T23:57:23Z
113060,200838,3.5,1595113075,2020-07-18T22:57:55Z
113060,210577,3.5,1595113210,2020-07-18T23:00:10Z
113060,146309,5.0,1595113275,2020-07-18T23:01:15Z
113060,182479,4.0,1595113335,2020-07-18T23:02:15Z
113060,160848,5.0,1595113397,2020-07-18T23:03:17Z
113060,193916,5.0,1595113410,2020-07-18T23:03:30Z
113060,168250,4.5,1595113552,2020-07-18T23:05:52Z
113334,188773,4.5,1569035836,2019-09-21T03:17:16Z
113334,140106,4.0,1569035972,2019-09-21T03:19:32Z
113334,188623,4.5,1569036099,2019-09-21T03:21:39Z
113334,163134,5.0,1569036318,2019-09-21T03:25:18Z
113334,192649,2.5,1569037263,2019-09-21T03:41:03Z
113334,160848,4.0,1569681518,2019-09-28T14:38:38Z
113477,146309,4.0,1607821991,2020-12-13T01:13:11Z
113477,137863,0.5,1607840691,2020-12-13T06:24:51Z
113477,178907,0.5,1607840700,2020-12-13T06:25:00Z
113477,161594,0.5,1607840702,2020-12-13T06:25:02Z
113477,140805,5.0,1607840710,2020-12-13T06:25:10Z
113477,149658,0.5,1607840857,2020-12-13T06:27:37Z
113477,193533,0.5,1607840909,2020-12-13T06:28:29Z
113477,174515,0.5,1607840951,2020-12-13T06:29:11Z
113477,210227,0.5,1607841006,2020-12-13T06:30:06Z
113477,223570,5.0,1607841072,2020-12-13T06:31:12Z
113477,168250,5.0,1607841522,2020-12-13T06:38:42Z
113477,163134,5.0,1607841557,2020-12-13T06:39:17Z
113477,200052,0.5,1607843106,2020-12-13T07:05:06Z
113477,210577,0.5,1607845678,2020-12-13T07:47:58Z
113480,200838,3.5,1603776448,2020-10-27T05:27:28Z
113480,188773,4.5,1615820628,2021-03-15T15:03:48Z
113480,188623,4.0,1616596511,2021-03-24T14:35:11Z
113480,163134,3.5,1629727785,2021-08-23T14:09:45Z
113480,273891,4.0,1686408381,2023-06-10T14:46:21Z
113495,168250,3.0,1585219866,2020-03-26T10:51:06Z
113495,200838,3.5,1588271129,2020-04-30T18:25:29Z
113495,163134,3.5,1638929416,2021-12-08T02:10:16Z
113495,193041,3.5,1649630648,2022-04-10T22:44:08Z
113495,273891,3.5,1665968525,2022-10-17T01:02:05Z
113495,188623,3.0,1668289450,2022-11-12T21:44:10Z
113506,166291,5.0,1692331188,2023-08-18T03:59:48Z
113506,246604,5.0,1692331338,2023-08-18T04:02:18Z
113506,162968,5.0,1692331672,2023-08-18T04:07:52Z
113506,168090,4.0,1692331682,2023-08-18T04:08:02Z
113506,168218,5.0,1692331694,2023-08-18T04:08:14Z
113506,275245,3.0,1692333445,2023-08-18T04:37:25Z
113654,137863,3.0,1612992779,2021-02-10T21:32:59Z
113654,168250,3.5,1612992781,2021-02-10T21:33:01Z
113654,200838,3.0,1612992782,2021-02-10T21:33:02Z
113654,183661,2.5,1616693880,2021-03-25T17:38:00Z
113654,191235,2.5,1617029918,2021-03-29T14:58:38Z
113654,194797,2.5,1617029926,2021-03-29T14:58:46Z
113654,163056,2.5,1617029943,2021-03-29T14:59:03Z
113654,200820,3.0,1617117441,2021-03-30T15:17:21Z
113654,262529,2.5,1636992581,2021-11-15T16:09:41Z
113654,166291,3.0,1644596612,2022-02-11T16:23:32Z
113654,210577,3.0,1644961306,2022-02-15T21:41:46Z
113654,257037,3.0,1646670024,2022-03-07T16:20:24Z
113654,275245,2.5,1669052858,2022-11-21T17:47:38Z
113654,273891,3.5,1670257037,2022-12-05T16:17:17Z
113689,140108,4.0,1505229614,2017-09-12T15:20:14Z
113689,142374,3.5,1508681631,2017-10-22T14:13:51Z
113689,160848,4.0,1513513615,2017-12-17T12:26:55Z
113689,168250,2.0,1519638699,2018-02-26T09:51:39Z
113689,163134,4.0,1519822302,2018-02-28T12:51:42Z
113689,166291,4.5,1526642986,2018-05-18T11:29:46Z
113689,143367,4.0,1539074062,2018-10-09T08:34:22Z
113689,188623,3.5,1556696785,2019-05-01T07:46:25Z
113689,193041,4.5,1573574604,2019-11-12T16:03:24Z
113739,168250,5.0,1611002479,2021-01-18T20:41:19Z
113739,210577,5.0,1611002853,2021-01-18T20:47:33Z
113739,200838,4.5,1611004560,2021-01-18T21:16:00Z
113739,200820,3.5,1611004565,2021-01-18T21:16:05Z
113739,273891,2.5,1666374916,2022-10-21T17:55:16Z
113739,275245,4.0,1666374934,2022-10-21T17:55:34Z
113763,160848,4.0,1474228587,2016-09-18T19:56:27Z
113763,168250,3.5,1601726745,2020-10-03T12:05:45Z
113763,227961,0.5,1641824680,2022-01-10T14:24:40Z
113763,257037,4.0,1650716682,2022-04-23T12:24:42Z
113763,275245,3.5,1664284358,2022-09-27T13:12:38Z
113814,168250,5.0,1563302443,2019-07-16T18:40:43Z
113814,193041,5.0,1566363939,2019-08-21T05:05:39Z
113814,188773,3.5,1591503078,2020-06-07T04:11:18Z
113814,252932,3.5,1653329774,2022-05-23T18:16:14Z
113814,275245,4.0,1661490536,2022-08-26T05:08:56Z
113814,273891,3.5,1664549692,2022-09-30T14:54:52Z
113814,140805,2.5,1673358668,2023-01-10T13:51:08Z
113821,163134,3.5,1579607157,2020-01-21T11:45:57Z
113821,168250,3.5,1579607157,2020-01-21T11:45:57Z
113821,188773,4.0,1580812847,2020-02-04T10:40:47Z
113821,188623,4.0,1585559009,2020-03-30T09:03:29Z
113821,279692,3.0,1668013676,2022-11-09T17:07:56Z
113821,257037,3.5,1676977958,2023-02-21T11:12:38Z
113821,149658,3.5,1676978098,2023-02-21T11:14:58Z
113994,140805,1.5,1547076257,2019-01-09T23:24:17Z
113994,146309,3.5,1547076263,2019-01-09T23:24:23Z
113994,182479,1.5,1547076266,2019-01-09T23:24:26Z
113994,163134,3.5,1547231589,2019-01-11T18:33:09Z
113994,188773,3.5,1561158245,2019-06-21T23:04:05Z
113994,200838,2.5,1564433413,2019-07-29T20:50:13Z
113994,142566,3.5,1577934335,2020-01-02T03:05:35Z
113994,177939,4.5,1592264723,2020-06-15T23:45:23Z
113994,204158,3.0,1595372963,2020-07-21T23:09:23Z
113994,231413,3.0,1631834267,2021-09-16T23:17:47Z
113994,273891,4.0,1666996957,2022-10-28T22:42:37Z
114188,200838,3.5,1595101620,2020-07-18T19:47:00Z
114188,193041,4.5,1595502114,2020-07-23T11:01:54Z
114188,168250,5.0,1617967806,2021-04-09T11:30:06Z
114188,275245,3.5,1658702606,2022-07-24T22:43:26Z
114188,279452,4.0,1673582201,2023-01-13T03:56:41Z
114258,145034,2.5,1449047132,2015-12-02T09:05:32Z
114258,160848,4.0,1487276482,2017-02-16T20:21:22Z
114258,168250,3.5,1490494602,2017-03-26T02:16:42Z
114258,186985,3.0,1530776963,2018-07-05T07:49:23Z
114258,187509,2.0,1530776992,2018-07-05T07:49:52Z
114258,188773,3.5,1558503181,2019-05-22T05:33:01Z
114258,200820,2.5,1563263717,2019-07-16T07:55:17Z
114258,275245,3.5,1668760617,2022-11-18T08:36:57Z
114258,273891,2.5,1668761716,2022-11-18T08:55:16Z
114258,289097,4.0,1694023937,2023-09-06T18:12:17Z
114536,162968,3.5,1517305325,2018-01-30T09:42:05Z
114536,168090,3.0,1525021528,2018-04-29T17:05:28Z
114536,163134,3.5,1527277310,2018-05-25T19:41:50Z
114536,178907,3.5,1530754786,2018-07-05T01:39:46Z
114536,179493,5.0,1572658423,2019-11-02T01:33:43Z
114536,173007,3.5,1660674209,2022-08-16T18:23:29Z
114536,206321,4.0,1660682502,2022-08-16T20:41:42Z
114578,168250,4.0,1667107022,2022-10-30T05:17:02Z
114578,246604,5.0,1667113398,2022-10-30T07:03:18Z
114578,188773,5.0,1667176843,2022-10-31T00:40:43Z
114578,257037,5.0,1667176858,2022-10-31T00:40:58Z
114578,141432,4.5,1667178446,2022-10-31T01:07:26Z
114578,212969,5.0,1667178508,2022-10-31T01:08:28Z
114578,140106,4.5,1667311059,2022-11-01T13:57:39Z
114647,143367,4.5,1607173271,2020-12-05T13:01:11Z
114647,188773,3.5,1613403889,2021-02-15T15:44:49Z
114647,163134,4.5,1637488420,2021-11-21T09:53:40Z
114647,177939,3.5,1639683438,2021-12-16T19:37:18Z
114647,168250,4.0,1688481411,2023-07-04T14:36:51Z
114647,275245,3.0,1688481479,2023-07-04T14:37:59Z
114787,163134,4.5,1617835120,2021-04-07T22:38:40Z
114787,168250,4.0,1617836796,2021-04-07T23:06:36Z
114787,188773,3.5,1656816322,2022-07-03T02:45:22Z
114787,166291,4.0,1656816403,2022-07-03T02:46:43Z
114787,257037,4.0,1662336742,2022-09-05T00:12:22Z
114790,168250,4.0,1563317763,2019-07-16T22:56:03Z
114790,143367,3.5,1563318892,2019-07-16T23:14:52Z
114790,163134,3.0,1563321937,2019-07-17T00:05:37Z
114790,171013,4.0,1563323094,2019-07-17T00:24:54Z
114790,188623,4.0,1563339699,2019-07-17T05:01:39Z
114790,140106,4.0,1563339758,2019-07-17T05:02:38Z
114790,177939,4.0,1563339991,2019-07-17T05:06:31Z
114790,182479,3.5,1563418084,2019-07-18T02:48:04Z
114790,166295,3.0,1563418370,2019-07-18T02:52:50Z
114853,168250,4.5,1642283891,2022-01-15T21:58:11Z
114853,143367,5.0,1642284154,2022-01-15T22:02:34Z
114853,188773,5.0,1642285249,2022-01-15T22:20:49Z
114853,177939,4.5,1642286540,2022-01-15T22:42:20Z
114853,163134,5.0,1642287345,2022-01-15T22:55:45Z
114853,204158,4.5,1642287769,2022-01-15T23:02:49Z
114853,188623,3.5,1642390970,2022-01-17T03:42:50Z
115247,168250,4.5,1615864011,2021-03-16T03:06:51Z
115247,188773,4.0,1615864891,2021-03-16T03:21:31Z
115247,171013,3.5,1615923369,2021-03-16T19:36:09Z
115247,164204,3.0,1617251175,2021-04-01T04:26:15Z
115247,204158,3.5,1617251442,2021-04-01T04:30:42Z
115251,140805,2.5,1586390131,2020-04-08T23:55:31Z
115251,160848,4.5,1586390135,2020-04-08T23:55:35Z
115251,142374,2.5,1586390138,2020-04-08T23:55:38Z
115251,163134,4.5,1586390140,2020-04-08T23:55:40Z
115251,168250,4.0,1586390140,2020-04-08T23:55:40Z
115251,184641,3.0,1586390140,2020-04-08T23:55:40Z
115251,177939,5.0,1586390141,2020-04-08T23:55:41Z
115251,178907,4.5,1586390142,2020-04-08T23:55:42Z
115312,168250,3.0,1561849825,2019-06-29T23:10:25Z
115312,160848,5.0,1561849980,2019-06-29T23:13:00Z
115312,188623,5.0,1561850117,2019-06-29T23:15:17Z
115312,142566,5.0,1561850587,2019-06-29T23:23:07Z
115312,163134,4.5,1561864090,2019-06-30T03:08:10Z
115312,188773,5.0,1562557882,2019-07-08T03:51:22Z
115454,163134,5.0,1579900906,2020-01-24T21:21:46Z
115454,166291,3.5,1579900906,2020-01-24T21:21:46Z
115454,168250,3.5,1579900906,2020-01-24T21:21:46Z
115454,192209,3.0,1579900907,2020-01-24T21:21:47Z
115454,196937,3.5,1579900907,2020-01-24T21:21:47Z
115454,200838,2.5,1579900907,2020-01-24T21:21:47Z
115748,143367,3.0,1491113262,2017-04-02T06:07:42Z
115748,168250,4.0,1496372367,2017-06-02T02:59:27Z
115748,164395,4.0,1528605503,2018-06-10T04:38:23Z
115748,140805,3.5,1541811215,2018-11-10T00:53:35Z
115748,163134,4.0,1553488343,2019-03-25T04:32:23Z
115748,188623,3.5,1590432804,2020-05-25T18:53:24Z
115748,226082,2.5,1648269317,2022-03-26T04:35:17Z
115748,257037,3.0,1651410749,2022-05-01T13:12:29Z
115748,275245,3.5,1661738974,2022-08-29T02:09:34Z
115748,258579,3.5,1667793248,2022-11-07T03:54:08Z
115748,273891,3.5,1672027906,2022-12-26T04:11:46Z
115748,289563,3.5,1691341926,2023-08-06T17:12:06Z
115748,169400,3.5,1692604932,2023-08-21T08:02:12Z
115755,143367,5.0,1490449422,2017-03-25T13:43:42Z
115755,163134,4.0,1517191059,2018-01-29T01:57:39Z
115755,168250,5.0,1554529506,2019-04-06T05:45:06Z
115755,196937,3.0,1567563369,2019-09-04T02:16:09Z
115755,273891,3.0,1670197233,2022-12-04T23:40:33Z
115861,179411,3.5,1533847515,2018-08-09T20:45:15Z
115861,163056,4.0,1534032440,2018-08-12T00:07:20Z
115861,168250,4.0,1539981492,2018-10-19T20:38:12Z
115861,183661,2.0,1551301218,2019-02-27T21:00:18Z
115861,200820,2.5,1580508817,2020-01-31T22:13:37Z
115861,193041,4.0,1584052093,2020-03-12T22:28:13Z
115861,192649,2.5,1594152238,2020-07-07T20:03:58Z
115861,163134,3.0,1599165170,2020-09-03T20:32:50Z
115861,171013,3.0,1610141793,2021-01-08T21:36:33Z
115861,207297,3.5,1628976116,2021-08-14T21:21:56Z
115861,246604,3.5,1632256618,2021-09-21T20:36:58Z
115861,269796,3.0,1643818271,2022-02-02T16:11:11Z
115861,188773,4.0,1645307337,2022-02-19T21:48:57Z
115861,258001,4.0,1647377157,2022-03-15T20:45:57Z
115861,275245,4.5,1672868265,2023-01-04T21:37:45Z
115861,200838,1.5,1675887296,2023-02-08T20:14:56Z
115861,274993,3.5,1693949647,2023-09-05T21:34:07Z
116172,188773,4.5,1549560684,2019-02-07T17:31:24Z
116172,164204,4.0,1549563008,2019-02-07T18:10:08Z
116172,163134,3.5,1549564954,2019-02-07T18:42:34Z
116172,179411,2.5,1549565036,2019-02-07T18:43:56Z
116172,180091,1.5,1549565274,2019-02-07T18:47:54Z
116172,168250,4.0,1549565570,2019-02-07T18:52:50Z
116172,160848,3.0,1549591505,2019-02-08T02:05:05Z
116198,160848,5.0,1652618006,2022-05-15T12:33:26Z
116198,276231,4.0,1690373032,2023-07-26T12:03:52Z
116198,210577,4.0,1690373139,2023-07-26T12:05:39Z
116198,196937,4.0,1690373199,2023-07-26T12:06:39Z
116198,273033,4.0,1690454400,2023-07-27T10:40:00Z
116198,200838,4.0,1690454515,2023-07-27T10:41:55Z
116198,213367,4.0,1690454546,2023-07-27T10:42:26Z
116198,166291,4.0,1690454628,2023-07-27T10:43:48Z
116198,269766,3.5,1690596595,2023-07-29T02:09:55Z
116198,238036,3.5,1690596633,2023-07-29T02:10:33Z
116198,213111,3.5,1690596733,2023-07-29T02:12:13Z
116198,204158,3.5,1690596763,2023-07-29T02:12:43Z
116198,186985,3.5,1690596803,2023-07-29T02:13:23Z
116198,180091,3.5,1690596926,2023-07-29T02:15:26Z
116198,163134,3.5,1690597020,2023-07-29T02:17:00Z
116198,137863,3.5,1690597055,2023-07-29T02:17:35Z
116198,141972,3.5,1690613562,2023-07-29T06:52:42Z
116198,219862,3.5,1690613650,2023-07-29T06:54:10Z
116253,163134,4.5,1536783911,2018-09-12T20:25:11Z
116253,146309,4.5,1549670021,2019-02-08T23:53:41Z
116253,193916,4.0,1549813161,2019-02-10T15:39:21Z
116253,166291,4.5,1550343139,2019-02-16T18:52:19Z
116253,188773,4.0,1557294363,2019-05-08T05:46:03Z
116253,200838,3.0,1559201028,2019-05-30T07:23:48Z
116253,182479,4.0,1562091767,2019-07-02T18:22:47Z
116253,201488,4.0,1562091784,2019-07-02T18:23:04Z
116253,273891,4.5,1667036284,2022-10-29T09:38:04Z
116253,267500,4.0,1692465280,2023-08-19T17:14:40Z
116334,200838,3.0,1637037843,2021-11-16T04:44:03Z
116334,186985,4.0,1637040294,2021-11-16T05:24:54Z
116334,210577,1.5,1637040887,2021-11-16T05:34:47Z
116334,178907,4.0,1637041656,2021-11-16T05:47:36Z
116334,168250,4.5,1637043550,2021-11-16T06:19:10Z
116422,168250,3.0,1505011983,2017-09-10T02:53:03Z
116422,143367,2.0,1505928430,2017-09-20T17:27:10Z
116422,160848,3.0,1506212313,2017-09-24T00:18:33Z
116422,188623,1.5,1539957590,2018-10-19T13:59:50Z
116422,182479,3.0,1539957746,2018-10-19T14:02:26Z
116422,187145,1.0,1546707237,2019-01-05T16:53:57Z
116422,207297,2.5,1648884039,2022-04-02T07:20:39Z
116422,275245,1.5,1672413838,2022-12-30T15:23:58Z
116449,170125,4.0,1583687010,2020-03-08T17:03:30Z
116449,177285,4.0,1583687520,2020-03-08T17:12:00Z
116449,200838,4.5,1583728597,2020-03-09T04:36:37Z
116449,210577,4.0,1585778681,2020-04-01T22:04:41Z
116449,174549,3.5,1588741119,2020-05-06T04:58:39Z
116449,222234,4.5,1597602678,2020-08-16T18:31:18Z
116449,269766,2.5,1650247474,2022-04-18T02:04:34Z
116449,169400,5.0,1657511988,2022-07-11T03:59:48Z
116449,279094,3.5,1676174819,2023-02-12T04:06:59Z
116449,254464,4.0,1676185637,2023-02-12T07:07:17Z
116630,238036,2.5,1658862699,2022-07-26T19:11:39Z
116630,252932,4.0,1658862700,2022-07-26T19:11:40Z
116630,140106,3.5,1658862704,2022-07-26T19:11:44Z
116630,142566,3.0,1658862704,2022-07-26T19:11:44Z
116630,160848,3.0,1658862704,2022-07-26T19:11:44Z
116630,146309,3.5,1658862705,2022-07-26T19:11:45Z
116630,163056,3.5,1658862705,2022-07-26T19:11:45Z
116630,171013,3.5,1658862705,2022-07-26T19:11:45Z
116630,163134,4.0,1658862706,2022-07-26T19:11:46Z
116630,166291,4.0,1658862706,2022-07-26T19:11:46Z
116630,182479,3.0,1658862706,2022-07-26T19:11:46Z
116630,178907,3.0,1658862707,2022-07-26T19:11:47Z
116630,186985,3.0,1658862707,2022-07-26T19:11:47Z
116630,193916,3.5,1658862707,2022-07-26T19:11:47Z
116630,206393,3.0,1658862708,2022-07-26T19:11:48Z
116630,204158,4.0,1658862709,2022-07-26T19:11:49Z
116828,177285,5.0,1538771982,2018-10-05T20:39:42Z
116828,161594,4.5,1538772268,2018-10-05T20:44:28Z
116828,169400,4.5,1539530272,2018-10-14T15:17:52Z
116828,194797,1.0,1549754489,2019-02-09T23:21:29Z
116828,191235,1.0,1549754499,2019-02-09T23:21:39Z
116828,183661,2.0,1549754515,2019-02-09T23:21:55Z
116828,200838,3.0,1559946420,2019-06-07T22:27:00Z
116828,200820,4.5,1586820205,2020-04-13T23:23:25Z
116900,168250,4.5,1656505800,2022-06-29T12:30:00Z
116900,188773,3.5,1656505962,2022-06-29T12:32:42Z
116900,257037,3.0,1656507116,2022-06-29T12:51:56Z
116900,253332,3.5,1656507157,2022-06-29T12:52:37Z
116900,193041,4.5,1656507685,2022-06-29T13:01:25Z
116900,182467,3.0,1656508007,2022-06-29T13:06:47Z
116900,143367,4.0,1656512108,2022-06-29T14:15:08Z
116900,177939,2.5,1656546889,2022-06-29T23:54:49Z
116900,163134,4.0,1677709455,2023-03-01T22:24:15Z
116900,273891,3.5,1677709513,2023-03-01T22:25:13Z
116900,275245,4.0,1677709522,2023-03-01T22:25:22Z
116900,171013,3.0,1677709702,2023-03-01T22:28:22Z
116907,168250,4.0,1499140210,2017-07-04T03:50:10Z
116907,200838,2.5,1568295705,2019-09-12T13:41:45Z
116907,210577,3.0,1588219790,2020-04-30T04:09:50Z
116907,200820,3.0,1588258595,2020-04-30T14:56:35Z
116907,273891,3.0,1664716498,2022-10-02T13:14:58Z
116907,275245,3.0,1674090679,2023-01-19T01:11:19Z
116930,163134,5.0,1610513468,2021-01-13T04:51:08Z
116930,204158,4.5,1610588402,2021-01-14T01:40:02Z
116930,238342,4.0,1613446209,2021-02-16T03:30:09Z
116930,186915,3.5,1613626276,2021-02-18T05:31:16Z
116930,240454,4.0,1613958159,2021-02-22T01:42:39Z
116930,238344,5.0,1614057469,2021-02-23T05:17:49Z
116930,145034,4.0,1614229421,2021-02-25T05:03:41Z
116930,242404,2.5,1618534590,2021-04-16T00:56:30Z
116930,150776,2.5,1618878407,2021-04-20T00:26:47Z
116930,169022,3.0,1620784024,2021-05-12T01:47:04Z
116930,200838,3.0,1622406712,2021-05-30T20:31:52Z
116930,249134,3.0,1622411445,2021-05-30T21:50:45Z
116930,210577,3.0,1623121721,2021-06-08T03:08:41Z
116930,253262,4.5,1625459968,2021-07-05T04:39:28Z
116930,253266,3.5,1625624559,2021-07-07T02:22:39Z
116930,253268,5.0,1625976464,2021-07-11T04:07:44Z
116930,232365,3.0,1628789475,2021-08-12T17:31:15Z
116930,218263,4.0,1639980513,2021-12-20T06:08:33Z
116930,265826,2.0,1640027068,2021-12-20T19:04:28Z
116930,265820,4.5,1640551033,2021-12-26T20:37:13Z
116930,265824,3.5,1640551057,2021-12-26T20:37:37Z
116930,265822,4.0,1640551070,2021-12-26T20:37:50Z
116930,252334,4.0,1640551126,2021-12-26T20:38:46Z
116948,166974,3.0,1602657473,2020-10-14T06:37:53Z
116948,163056,5.0,1602710249,2020-10-14T21:17:29Z
116948,200838,2.0,1615065873,2021-03-06T21:24:33Z
116948,168250,3.0,1615069819,2021-03-06T22:30:19Z
116948,163134,4.0,1615069869,2021-03-06T22:31:09Z
116948,145034,4.0,1625274817,2021-07-03T01:13:37Z
116948,216199,5.0,1628358639,2021-08-07T17:50:39Z
116948,246604,4.0,1629190570,2021-08-17T08:56:10Z
116948,193041,3.0,1629776746,2021-08-24T03:45:46Z
116948,223310,3.0,1633408276,2021-10-05T04:31:16Z
117151,163134,4.0,1490303485,2017-03-23T21:11:25Z
117151,173007,4.5,1528568172,2018-06-09T18:16:12Z
117151,200838,3.5,1562440718,2019-07-06T19:18:38Z
117151,210577,3.0,1592762078,2020-06-21T17:54:38Z
117151,218657,2.5,1605989254,2020-11-21T20:07:34Z
117151,198611,2.5,1634498464,2021-10-17T19:21:04Z
117151,273891,3.5,1669052808,2022-11-21T17:46:48Z
117151,272555,3.5,1678904902,2023-03-15T18:28:22Z
117151,204158,4.0,1693744212,2023-09-03T12:30:12Z
117151,177285,3.5,1695240835,2023-09-20T20:13:55Z
117151,266320,4.0,1696367738,2023-10-03T21:15:38Z
117151,182479,2.0,1696860950,2023-10-09T14:15:50Z
117166,168250,4.5,1598349040,2020-08-25T09:50:40Z
117166,188773,4.0,1598349093,2020-08-25T09:51:33Z
117166,188623,4.0,1598350722,2020-08-25T10:18:42Z
117166,163134,3.5,1598351856,2020-08-25T10:37:36Z
117166,193041,4.0,1598479641,2020-08-26T22:07:21Z
117347,204810,3.0,1594161453,2020-07-07T22:37:33Z
117347,204816,3.0,1594161456,2020-07-07T22:37:36Z
117347,182479,4.5,1594163605,2020-07-07T23:13:25Z
117347,201488,4.5,1594163605,2020-07-07T23:13:25Z
117347,200838,4.0,1594165082,2020-07-07T23:38:02Z
117347,210577,4.0,1594232844,2020-07-08T18:27:24Z
117463,143367,3.5,1486518183,2017-02-08T01:43:03Z
117463,168250,4.5,1494990587,2017-05-17T03:09:47Z
117463,161592,2.0,1506719984,2017-09-29T21:19:44Z
117463,178907,3.0,1507445803,2017-10-08T06:56:43Z
117463,188623,3.5,1566518910,2019-08-23T00:08:30Z
117463,200820,3.0,1569300273,2019-09-24T04:44:33Z
117463,193041,3.0,1578535415,2020-01-09T02:03:35Z
117463,223310,3.5,1651284624,2022-04-30T02:10:24Z
117463,197657,3.5,1651284739,2022-04-30T02:12:19Z
117463,275245,3.5,1662686101,2022-09-09T01:15:01Z
117463,273891,2.0,1666734075,2022-10-25T21:41:15Z
117463,200838,3.0,1685160491,2023-05-27T04:08:11Z
117463,258001,4.0,1685167936,2023-05-27T06:12:16Z
117579,150776,3.5,1573617577,2019-11-13T03:59:37Z
117579,163134,4.0,1573618276,2019-11-13T04:11:16Z
117579,146309,3.5,1573618793,2019-11-13T04:19:53Z
117579,137863,3.0,1573619707,2019-11-13T04:35:07Z
117579,162990,3.5,1573622124,2019-11-13T05:15:24Z
117579,187545,4.0,1573622124,2019-11-13T05:15:24Z
117579,168250,4.0,1573622127,2019-11-13T05:15:27Z
117579,177939,3.5,1573622127,2019-11-13T05:15:27Z
117579,178111,3.0,1573622127,2019-11-13T05:15:27Z
117579,180091,2.5,1573622127,2019-11-13T05:15:27Z
117579,193916,3.5,1573622128,2019-11-13T05:15:28Z
117579,196937,4.0,1573622128,2019-11-13T05:15:28Z
117579,210221,3.0,1576110769,2019-12-12T00:32:49Z
117579,188623,3.5,1577677806,2019-12-30T03:50:06Z
117579,148855,3.5,1577910664,2020-01-01T20:31:04Z
117579,166291,3.0,1578862607,2020-01-12T20:56:47Z
117579,215289,3.0,1586737015,2020-04-13T00:16:55Z
117579,193041,4.0,1588710858,2020-05-05T20:34:18Z
117579,224841,4.0,1600970994,2020-09-24T18:09:54Z
117579,246604,4.0,1628995729,2021-08-15T02:48:49Z
117579,239256,2.5,1632623463,2021-09-26T02:31:03Z
117579,178907,3.5,1638060784,2021-11-28T00:53:04Z
117579,251520,3.0,1640052213,2021-12-21T02:03:33Z
117579,252932,3.5,1642295311,2022-01-16T01:08:31Z
117579,257037,3.5,1645665792,2022-02-24T01:23:12Z
117579,210577,3.0,1649632439,2022-04-10T23:13:59Z
117579,275245,3.5,1660703977,2022-08-17T02:39:37Z
117579,282447,3.5,1672941837,2023-01-05T18:03:57Z
117579,282449,3.5,1672941843,2023-01-05T18:04:03Z
117579,281188,3.5,1681958088,2023-04-20T02:34:48Z
117613,146309,3.5,1451666597,2016-01-01T16:43:17Z
117613,163134,3.5,1492226117,2017-04-15T03:15:17Z
117613,168250,4.0,1493741010,2017-05-02T16:03:30Z
117613,171013,4.0,1499610072,2017-07-09T14:21:12Z
117613,193041,5.0,1538313415,2018-09-30T13:16:55Z
117613,190705,2.0,1612166126,2021-02-01T07:55:26Z
117613,200820,3.0,1616382568,2021-03-22T03:09:28Z
117613,236121,1.0,1616384418,2021-03-22T03:40:18Z
117613,253332,2.0,1639273561,2021-12-12T01:46:01Z
117613,257037,3.5,1646620332,2022-03-07T02:32:12Z
117613,275245,3.0,1661304801,2022-08-24T01:33:21Z
117613,287743,3.0,1697012996,2023-10-11T08:29:56Z
117624,163134,4.5,1661663971,2022-08-28T05:19:31Z
117624,204158,4.0,1661664205,2022-08-28T05:23:25Z
117624,210939,4.5,1661664254,2022-08-28T05:24:14Z
117624,191005,4.5,1661664458,2022-08-28T05:27:38Z
117624,166291,5.0,1661665593,2022-08-28T05:46:33Z
117695,201704,4.5,1685945796,2023-06-05T06:16:36Z
117695,198611,2.0,1685945924,2023-06-05T06:18:44Z
117695,182467,4.0,1685945956,2023-06-05T06:19:16Z
117695,204158,3.0,1685946074,2023-06-05T06:21:14Z
117695,193041,4.0,1685946083,2023-06-05T06:21:23Z
117695,252932,2.5,1685946205,2023-06-05T06:23:25Z
117695,177939,4.5,1685946262,2023-06-05T06:24:22Z
117695,281188,4.0,1685946323,2023-06-05T06:25:23Z
117695,188623,5.0,1685946636,2023-06-05T06:30:36Z
117695,163134,3.5,1685946712,2023-06-05T06:31:52Z
117695,275245,3.5,1685946976,2023-06-05T06:36:16Z
117695,168250,4.5,1685949229,2023-06-05T07:13:49Z
117695,166974,3.5,1688501217,2023-07-04T20:06:57Z
117892,168250,4.0,1513736863,2017-12-20T02:27:43Z
117892,165105,4.5,1520452281,2018-03-07T19:51:21Z
117892,162990,4.5,1629052600,2021-08-15T18:36:40Z
117892,163134,4.5,1629533511,2021-08-21T08:11:51Z
117892,148855,5.0,1665797362,2022-10-15T01:29:22Z
117892,259871,5.0,1665797604,2022-10-15T01:33:24Z
117892,210939,5.0,1665797617,2022-10-15T01:33:37Z
117892,205447,5.0,1665797629,2022-10-15T01:33:49Z
117892,224845,4.0,1665797698,2022-10-15T01:34:58Z
117892,224465,4.0,1665797704,2022-10-15T01:35:04Z
117892,200838,2.0,1665798146,2022-10-15T01:42:26Z
117951,193916,4.0,1603087097,2020-10-19T05:58:17Z
117951,184835,3.0,1603087161,2020-10-19T05:59:21Z
117951,160848,4.5,1603088032,2020-10-19T06:13:52Z
117951,146309,3.5,1603088141,2020-10-19T06:15:41Z
117951,188773,4.0,1603088542,2020-10-19T06:22:22Z
117951,204610,2.5,1603088622,2020-10-19T06:23:42Z
117951,171013,3.0,1603088673,2020-10-19T06:24:33Z
117951,166291,3.0,1603090980,2020-10-19T07:03:00Z
117951,177939,3.5,1603091097,2020-10-19T07:04:57Z
117951,163134,3.0,1603091353,2020-10-19T07:09:13Z
117951,182479,2.0,1603096540,2020-10-19T08:35:40Z
117951,182467,3.0,1603096663,2020-10-19T08:37:43Z
117951,193041,4.5,1605477933,2020-11-15T22:05:33Z
117951,140106,4.5,1621195046,2021-05-16T19:57:26Z
117951,204158,2.5,1622016256,2021-05-26T08:04:16Z
117951,143367,4.0,1622928245,2021-06-05T21:24:05Z
118020,273891,1.5,1664948589,2022-10-05T05:43:09Z
118020,188623,2.0,1665021273,2022-10-06T01:54:33Z
118020,200820,0.5,1665113166,2022-10-07T03:26:06Z
118020,168250,1.0,1665121044,2022-10-07T05:37:24Z
118020,163134,1.0,1665132995,2022-10-07T08:56:35Z
118020,143367,2.0,1665167796,2022-10-07T18:36:36Z
118020,253332,2.5,1665258189,2022-10-08T19:43:09Z
118142,188773,4.0,1595361237,2020-07-21T19:53:57Z
118142,163134,0.5,1595444664,2020-07-22T19:04:24Z
118142,143367,2.0,1622569939,2021-06-01T17:52:19Z
118142,168250,2.5,1652649280,2022-05-15T21:14:40Z
118142,257037,2.0,1658706136,2022-07-24T23:42:16Z
118142,188623,4.0,1692346992,2023-08-18T08:23:12Z
118375,143367,3.5,1487432988,2017-02-18T15:49:48Z
118375,168250,3.0,1519746891,2018-02-27T15:54:51Z
118375,200838,3.0,1564402256,2019-07-29T12:10:56Z
118375,200820,2.5,1567843238,2019-09-07T08:00:38Z
118375,210577,3.0,1590774460,2020-05-29T17:47:40Z
118375,161594,3.0,1626101925,2021-07-12T14:58:45Z
118375,170961,3.0,1680422876,2023-04-02T08:07:56Z
118419,200820,3.0,1607173992,2020-12-05T13:13:12Z
118419,165105,3.5,1607173993,2020-12-05T13:13:13Z
118419,166974,2.5,1607173995,2020-12-05T13:13:15Z
118419,168250,4.0,1607173995,2020-12-05T13:13:15Z
118419,170961,3.5,1607173996,2020-12-05T13:13:16Z
118419,193041,4.0,1607173997,2020-12-05T13:13:17Z
118419,231163,1.5,1607174184,2020-12-05T13:16:24Z
118419,173935,3.0,1658144324,2022-07-18T11:38:44Z
118419,177119,0.5,1658144325,2022-07-18T11:38:45Z
118419,163056,4.0,1659191631,2022-07-30T14:33:51Z
118419,200838,3.5,1659191721,2022-07-30T14:35:21Z
118419,275245,4.0,1663674285,2022-09-20T11:44:45Z
118471,163056,3.5,1575265091,2019-12-02T05:38:11Z
118471,163134,4.5,1575265092,2019-12-02T05:38:12Z
118471,168250,0.5,1575265092,2019-12-02T05:38:12Z
118471,200820,4.0,1584737832,2020-03-20T20:57:12Z
118471,200838,4.0,1584737832,2020-03-20T20:57:12Z
118475,143531,4.5,1637934973,2021-11-26T13:56:13Z
118475,166291,3.5,1637935229,2021-11-26T14:00:29Z
118475,163134,4.0,1637935395,2021-11-26T14:03:15Z
118475,146309,4.0,1637935755,2021-11-26T14:09:15Z
118475,187545,2.0,1637935880,2021-11-26T14:11:20Z
118475,179493,1.5,1637935892,2021-11-26T14:11:32Z
118475,204158,3.5,1637935952,2021-11-26T14:12:32Z
118475,204610,3.5,1637936083,2021-11-26T14:14:43Z
118475,192981,3.5,1637936476,2021-11-26T14:21:16Z
118475,162718,1.5,1637936508,2021-11-26T14:21:48Z
118475,253376,4.0,1637936572,2021-11-26T14:22:52Z
119227,200838,2.5,1565642201,2019-08-12T20:36:41Z
119227,210577,3.0,1598714778,2020-08-29T15:26:18Z
119227,275245,4.0,1662352246,2022-09-05T04:30:46Z
119227,273891,4.5,1680154647,2023-03-30T05:37:27Z
119227,200820,3.5,1687399578,2023-06-22T02:06:18Z
119247,161594,3.5,1526471452,2018-05-16T11:50:52Z
119247,168250,2.5,1526471452,2018-05-16T11:50:52Z
119247,169400,3.5,1526471452,2018-05-16T11:50:52Z
119247,170961,2.5,1526471452,2018-05-16T11:50:52Z
119247,173007,4.0,1526471453,2018-05-16T11:50:53Z
119247,163134,3.5,1556723475,2019-05-01T15:11:15Z
119247,137863,1.5,1557916456,2019-05-15T10:34:16Z
119247,196937,1.5,1564076574,2019-07-25T17:42:54Z
119247,200838,2.0,1565199533,2019-08-07T17:38:53Z
119247,200820,2.0,1565729575,2019-08-13T20:52:55Z
119247,188773,0.5,1570644854,2019-10-09T18:14:14Z
119247,202389,0.5,1575617369,2019-12-06T07:29:29Z
119247,167850,1.5,1578292044,2020-01-06T06:27:24Z
119247,175479,1.5,1578292063,2020-01-06T06:27:43Z
119247,210227,1.5,1578292186,2020-01-06T06:29:46Z
119247,200386,1.5,1578292335,2020-01-06T06:32:15Z
119247,200384,1.5,1578292352,2020-01-06T06:32:32Z
119247,204816,1.0,1578312939,2020-01-06T12:15:39Z
119247,204820,1.0,1578312974,2020-01-06T12:16:14Z
119247,204818,1.0,1578313030,2020-01-06T12:17:10Z
119247,204810,1.0,1578313046,2020-01-06T12:17:26Z
119247,204812,1.0,1578313064,2020-01-06T12:17:44Z
119247,204814,1.0,1578313077,2020-01-06T12:17:57Z
119247,165105,1.0,1579666765,2020-01-22T04:19:25Z
119247,205447,3.0,1583592642,2020-03-07T14:50:42Z
119247,183661,1.0,1583668633,2020-03-08T11:57:13Z
119247,194797,1.0,1583668702,2020-03-08T11:58:22Z
119247,191235,1.0,1583668727,2020-03-08T11:58:47Z
119247,206321,3.5,1584092103,2020-03-13T09:35:03Z
119247,210577,2.0,1584191398,2020-03-14T13:09:58Z
119247,214260,2.0,1584783838,2020-03-21T09:43:58Z
119247,180091,2.0,1594368636,2020-07-10T08:10:36Z
119247,164395,2.5,1594478676,2020-07-11T14:44:36Z
119247,175283,1.0,1594789839,2020-07-15T05:10:39Z
119247,178907,4.0,1595181023,2020-07-19T17:50:23Z
119247,210939,5.0,1595263011,2020-07-20T16:36:51Z
119247,186985,1.5,1603038473,2020-10-18T16:27:53Z
119247,219328,1.0,1621612329,2021-05-21T15:52:09Z
119247,253332,1.0,1632049622,2021-09-19T11:07:02Z
119247,231413,5.0,1635758554,2021-11-01T09:22:34Z
119247,205759,1.0,1635928085,2021-11-03T08:28:05Z
119247,198107,1.0,1636114059,2021-11-05T12:07:39Z
119247,197625,0.5,1638023554,2021-11-27T14:32:34Z
119247,275245,1.0,1663687505,2022-09-20T15:25:05Z
119247,273891,5.0,1666471521,2022-10-22T20:45:21Z
119247,150776,1.5,1669129816,2022-11-22T15:10:16Z
119247,258001,2.0,1674958996,2023-01-29T02:23:16Z
119429,163134,4.0,1481993849,2016-12-17T16:57:29Z
119429,168250,3.5,1506204846,2017-09-23T22:14:06Z
119429,200838,4.0,1560372541,2019-06-12T20:49:01Z
119429,210577,3.5,1587830871,2020-04-25T16:07:51Z
119429,166291,3.0,1589042596,2020-05-09T16:43:16Z
119724,169400,3.0,1519016988,2018-02-19T05:09:48Z
119724,177119,2.0,1519018260,2018-02-19T05:31:00Z
119724,210577,3.5,1602309684,2020-10-10T06:01:24Z
119724,223570,4.0,1602309704,2020-10-10T06:01:44Z
119724,200838,4.0,1602310861,2020-10-10T06:21:01Z
119764,168250,4.0,1518310045,2018-02-11T00:47:25Z
119764,163134,4.0,1523856675,2018-04-16T05:31:15Z
119764,182479,3.5,1532447194,2018-07-24T15:46:34Z
119764,204158,4.0,1614494239,2021-02-28T06:37:19Z
119764,275245,4.0,1669009780,2022-11-21T05:49:40Z
119764,273891,3.5,1671690778,2022-12-22T06:32:58Z
119937,210577,3.0,1607151710,2020-12-05T07:01:50Z
119937,163134,5.0,1607273165,2020-12-06T16:46:05Z
119937,168250,5.0,1609847620,2021-01-05T11:53:40Z
119937,166291,5.0,1615994583,2021-03-17T15:23:03Z
119937,198611,5.0,1635144642,2021-10-25T06:50:42Z
120035,186985,2.5,1541803882,2018-11-09T22:51:22Z
120035,168250,4.0,1552803025,2019-03-17T06:10:25Z
120035,173007,3.0,1561384858,2019-06-24T14:00:58Z
120035,183661,3.0,1562191762,2019-07-03T22:09:22Z
120035,193041,4.5,1623580831,2021-06-13T10:40:31Z
120035,273891,3.5,1666760823,2022-10-26T05:07:03Z
120035,239256,3.5,1667253518,2022-10-31T21:58:38Z
120035,200838,3.5,1691580482,2023-08-09T11:28:02Z
120080,168250,3.5,1505839070,2017-09-19T16:37:50Z
120080,213111,2.5,1652827297,2022-05-17T22:41:37Z
120080,262529,2.5,1652827302,2022-05-17T22:41:42Z
120080,262113,2.0,1652827307,2022-05-17T22:41:47Z
120080,246604,3.0,1652827316,2022-05-17T22:41:56Z
120080,200820,3.5,1652827324,2022-05-17T22:42:04Z
120080,210577,3.0,1652827324,2022-05-17T22:42:04Z
120080,141972,2.0,1652827328,2022-05-17T22:42:08Z
120080,161594,3.0,1652827331,2022-05-17T22:42:11Z
120080,163134,3.5,1652827331,2022-05-17T22:42:11Z
120080,166291,3.5,1652827331,2022-05-17T22:42:11Z
120080,200838,3.0,1652827332,2022-05-17T22:42:12Z
120080,219862,3.0,1652827332,2022-05-17T22:42:12Z
120080,253332,3.0,1652827332,2022-05-17T22:42:12Z
120080,180091,3.0,1652827333,2022-05-17T22:42:13Z
120080,239256,1.5,1652827333,2022-05-17T22:42:13Z
120080,200052,2.5,1652827335,2022-05-17T22:42:15Z
120080,213367,2.5,1652827337,2022-05-17T22:42:17Z
120080,204158,3.0,1652827338,2022-05-17T22:42:18Z
120498,246604,4.0,1655109313,2022-06-13T08:35:13Z
120498,163134,4.0,1655109316,2022-06-13T08:35:16Z
120498,192649,3.5,1655109317,2022-06-13T08:35:17Z
120498,273891,3.5,1664606093,2022-10-01T06:34:53Z
120498,166291,4.5,1680359735,2023-04-01T14:35:35Z
120498,168250,4.0,1695278181,2023-09-21T06:36:21Z
120498,289097,4.0,1695966824,2023-09-29T05:53:44Z
120892,174515,0.5,1597306695,2020-08-13T08:18:15Z
120892,210577,1.0,1601772216,2020-10-04T00:43:36Z
120892,200838,1.5,1602131801,2020-10-08T04:36:41Z
120892,200820,1.0,1602996696,2020-10-18T04:51:36Z
120892,183661,1.0,1603866121,2020-10-28T06:22:01Z
120892,286915,1.0,1688090575,2023-06-30T02:02:55Z
120892,275245,1.5,1688942720,2023-07-09T22:45:20Z
120976,168250,4.5,1545415817,2018-12-21T18:10:17Z
120976,275245,3.0,1671636636,2022-12-21T15:30:36Z
120976,259737,1.5,1671708940,2022-12-22T11:35:40Z
120976,187467,2.5,1671709601,2022-12-22T11:46:41Z
120976,257037,3.0,1671710322,2022-12-22T11:58:42Z
121064,166291,3.5,1563200548,2019-07-15T14:22:28Z
121064,168250,3.5,1563201008,2019-07-15T14:30:08Z
121064,177939,3.5,1563201838,2019-07-15T14:43:58Z
121064,163134,3.5,1563203107,2019-07-15T15:05:07Z
121064,169400,3.0,1563203460,2019-07-15T15:11:00Z
121258,168250,5.0,1665535887,2022-10-12T00:51:27Z
121258,200838,3.0,1665548857,2022-10-12T04:27:37Z
121258,210577,2.0,1665549183,2022-10-12T04:33:03Z
121258,200820,3.0,1667228436,2022-10-31T15:00:36Z
121258,143367,2.0,1678343442,2023-03-09T06:30:42Z
121258,257037,3.0,1694658644,2023-09-14T02:30:44Z
121258,193041,4.0,1696612542,2023-10-06T17:15:42Z
121261,163056,4.0,1520384879,2018-03-07T01:07:59Z
121261,178907,3.0,1520384895,2018-03-07T01:08:15Z
121261,161594,2.0,1520384956,2018-03-07T01:09:16Z
121261,169400,4.5,1520384961,2018-03-07T01:09:21Z
121261,148855,3.0,1520384976,2018-03-07T01:09:36Z
121261,140805,1.0,1520385006,2018-03-07T01:10:06Z
121261,183661,2.5,1520385153,2018-03-07T01:12:33Z
121261,142374,3.0,1520385157,2018-03-07T01:12:37Z
121261,164395,2.0,1520385174,2018-03-07T01:12:54Z
121294,163134,1.5,1482874971,2016-12-27T21:42:51Z
121294,168250,3.0,1496446376,2017-06-02T23:32:56Z
121294,200838,2.0,1558196884,2019-05-18T16:28:04Z
121294,200820,0.5,1559497541,2019-06-02T17:45:41Z
121294,188623,4.0,1566073819,2019-08-17T20:30:19Z
121730,163134,3.0,1501840462,2017-08-04T09:54:22Z
121730,168250,3.0,1501840489,2017-08-04T09:54:49Z
121730,143367,3.0,1502544606,2017-08-12T13:30:06Z
121730,200820,3.0,1561937262,2019-06-30T23:27:42Z
121730,200838,2.0,1566749657,2019-08-25T16:14:17Z
121730,210577,1.0,1584745217,2020-03-20T23:00:17Z
121730,273891,3.0,1678305750,2023-03-08T20:02:30Z
121730,275245,4.0,1678305758,2023-03-08T20:02:38Z
121783,168250,4.0,1604976933,2020-11-10T02:55:33Z
121783,163134,4.0,1605549113,2020-11-16T17:51:53Z
121783,166291,3.5,1627244401,2021-07-25T20:20:01Z
121783,223310,3.5,1635999311,2021-11-04T04:15:11Z
121783,198611,4.5,1663520715,2022-09-18T17:05:15Z
121783,281188,3.5,1681847013,2023-04-18T19:43:33Z
121969,163134,2.5,1566679337,2019-08-24T20:42:17Z
121969,168250,2.5,1566681832,2019-08-24T21:23:52Z
121969,193041,3.0,1569039016,2019-09-21T04:10:16Z
121969,193916,4.0,1569050509,2019-09-21T07:21:49Z
121969,259737,1.5,1631989607,2021-09-18T18:26:47Z
121969,204158,2.5,1639520006,2021-12-14T22:13:26Z
122366,180091,4.0,1620223749,2021-05-05T14:09:09Z
122366,213367,3.5,1620223780,2021-05-05T14:09:40Z
122366,143367,3.0,1643704025,2022-02-01T08:27:05Z
122366,210577,4.5,1651269193,2022-04-29T21:53:13Z
122366,200820,1.5,1682306910,2023-04-24T03:28:30Z
122411,143367,3.0,1585594534,2020-03-30T18:55:34Z
122411,143531,4.0,1585653843,2020-03-31T11:24:03Z
122411,207297,3.5,1585654158,2020-03-31T11:29:18Z
122411,209949,3.0,1585721553,2020-04-01T06:12:33Z
122411,164204,3.5,1585721580,2020-04-01T06:13:00Z
122411,185905,3.5,1585721582,2020-04-01T06:13:02Z
122411,188773,4.0,1585721617,2020-04-01T06:13:37Z
122411,200820,3.0,1585741388,2020-04-01T11:43:08Z
122411,221282,3.5,1597607316,2020-08-16T19:48:36Z
122411,253332,3.5,1627329666,2021-07-26T20:01:06Z
122411,223310,3.5,1639337011,2021-12-12T19:23:31Z
122411,238346,2.5,1647288907,2022-03-14T20:15:07Z
122411,232365,3.5,1652546880,2022-05-14T16:48:00Z
122411,165105,4.0,1660070658,2022-08-09T18:44:18Z
122411,231163,3.5,1660639886,2022-08-16T08:51:26Z
122411,275245,4.0,1663744205,2022-09-21T07:10:05Z
122544,168250,3.5,1494142184,2017-05-07T07:29:44Z
122544,173007,2.0,1500899307,2017-07-24T12:28:27Z
122544,167198,3.0,1511082578,2017-11-19T09:09:38Z
122544,160848,2.5,1519822748,2018-02-28T12:59:08Z
122544,182479,2.5,1526734652,2018-05-19T12:57:32Z
122544,171071,2.5,1531835113,2018-07-17T13:45:13Z
122544,146309,3.0,1535373331,2018-08-27T12:35:31Z
122544,188773,2.0,1576506006,2019-12-16T14:20:06Z
122544,204610,2.5,1579512114,2020-01-20T09:21:54Z
122544,193916,3.5,1587205276,2020-04-18T10:21:16Z
122544,187145,2.5,1587977496,2020-04-27T08:51:36Z
122544,209949,3.0,1606032595,2020-11-22T08:09:55Z
122544,166291,1.5,1609137531,2020-12-28T06:38:51Z
122544,204158,3.5,1612163234,2021-02-01T07:07:14Z
122544,188623,3.5,1620272522,2021-05-06T03:42:02Z
122544,198611,2.5,1625648078,2021-07-07T08:54:38Z
122544,254708,2.0,1627366145,2021-07-27T06:09:05Z
122544,279436,1.5,1666173524,2022-10-19T09:58:44Z
122544,193041,2.0,1683268528,2023-05-05T06:35:28Z
122661,163134,4.0,1500029542,2017-07-14T10:52:22Z
122661,168250,4.0,1534254155,2018-08-14T13:42:35Z
122661,146309,4.5,1664382055,2022-09-28T16:20:55Z
122661,257037,3.5,1672329704,2022-12-29T16:01:44Z
122661,231413,4.0,1672330124,2022-12-29T16:08:44Z
122881,163056,2.5,1500157309,2017-07-15T22:21:49Z
122881,143367,3.0,1503768429,2017-08-26T17:27:09Z
122881,178907,3.0,1519042282,2018-02-19T12:11:22Z
122881,197079,3.0,1548878114,2019-01-30T19:55:14Z
122881,168250,4.0,1580772580,2020-02-03T23:29:40Z
122881,221282,3.0,1599035441,2020-09-02T08:30:41Z
122881,260185,4.0,1653224075,2022-05-22T12:54:35Z
122881,275245,3.0,1675327106,2023-02-02T08:38:26Z
122915,273891,3.0,1689199860,2023-07-12T22:11:00Z
122915,143367,3.5,1689205416,2023-07-12T23:43:36Z
122915,275245,3.0,1689246967,2023-07-13T11:16:07Z
122915,166291,2.0,1689256298,2023-07-13T13:51:38Z
122915,163134,2.0,1689256301,2023-07-13T13:51:41Z
122915,168250,4.5,1689257941,2023-07-13T14:19:01Z
123049,163134,2.5,1551804716,2019-03-05T16:51:56Z
123049,168250,3.0,1551813508,2019-03-05T19:18:28Z
123049,163056,2.5,1551814347,2019-03-05T19:32:27Z
123049,168652,1.0,1551817495,2019-03-05T20:24:55Z
123049,177939,3.5,1552832109,2019-03-17T14:15:09Z
123049,200838,1.5,1558883426,2019-05-26T15:10:26Z
123049,188623,0.5,1560378762,2019-06-12T22:32:42Z
123049,193916,2.0,1569813883,2019-09-30T03:24:43Z
123049,171013,3.0,1575848777,2019-12-08T23:46:17Z
123049,185905,1.0,1582045997,2020-02-18T17:13:17Z
123049,200820,1.0,1600707209,2020-09-21T16:53:29Z
123049,193041,3.5,1612211429,2021-02-01T20:30:29Z
123049,184835,3.5,1612898311,2021-02-09T19:18:31Z
123049,204158,2.0,1614441266,2021-02-27T15:54:26Z
123049,165105,0.5,1615831406,2021-03-15T18:03:26Z
123239,163134,4.5,1586764468,2020-04-13T07:54:28Z
123239,198611,4.5,1586765834,2020-04-13T08:17:14Z
123239,166291,4.5,1586766704,2020-04-13T08:31:44Z
123239,193583,3.5,1586766928,2020-04-13T08:35:28Z
123239,174549,2.0,1586767258,2020-04-13T08:40:58Z
123239,163056,4.0,1586999758,2020-04-16T01:15:58Z
123239,183661,3.0,1586999819,2020-04-16T01:16:59Z
123239,194797,3.0,1586999820,2020-04-16T01:17:00Z
123239,191235,3.0,1586999832,2020-04-16T01:17:12Z
123239,177285,3.5,1587543526,2020-04-22T08:18:46Z
123239,210577,3.0,1591680377,2020-06-09T05:26:17Z
123239,200838,2.0,1591680415,2020-06-09T05:26:55Z
123239,168250,4.5,1604178520,2020-10-31T21:08:40Z
123263,283751,3.5,1686528214,2023-06-12T00:03:34Z
123263,285607,5.0,1686528279,2023-06-12T00:04:39Z
123263,273891,4.0,1686528498,2023-06-12T00:08:18Z
123263,177869,4.0,1686528539,2023-06-12T00:08:59Z
123263,256535,3.5,1686528555,2023-06-12T00:09:15Z
123263,223570,4.0,1686528580,2023-06-12T00:09:40Z
123263,249182,3.5,1686528830,2023-06-12T00:13:50Z
123263,239256,3.5,1686528850,2023-06-12T00:14:10Z
123263,192981,4.0,1686529679,2023-06-12T00:27:59Z
123332,168250,5.0,1546168014,2018-12-30T11:06:54Z
123332,163134,4.5,1618661342,2021-04-17T12:09:02Z
123332,166291,5.0,1618661470,2021-04-17T12:11:10Z
123332,182479,3.5,1618661554,2021-04-17T12:12:34Z
123332,193916,4.0,1618661582,2021-04-17T12:13:02Z
123332,192209,2.5,1618661703,2021-04-17T12:15:03Z
123332,204158,4.0,1618661969,2021-04-17T12:19:29Z
123465,168250,3.5,1495253415,2017-05-20T04:10:15Z
123465,143367,2.0,1583343284,2020-03-04T17:34:44Z
123465,163134,3.0,1583776796,2020-03-09T17:59:56Z
123465,188623,4.0,1583856478,2020-03-10T16:07:58Z
123465,188773,4.0,1584028400,2020-03-12T15:53:20Z
123465,163056,3.5,1584056153,2020-03-12T23:35:53Z
123465,193041,4.5,1587421337,2020-04-20T22:22:17Z
123465,210577,0.5,1587827806,2020-04-25T15:16:46Z
123465,246604,4.0,1655848177,2022-06-21T21:49:37Z
123465,257037,3.5,1659914806,2022-08-07T23:26:46Z
123465,275245,3.0,1662080473,2022-09-02T01:01:13Z
123465,200838,1.5,1673974097,2023-01-17T16:48:17Z
123683,170961,3.5,1501075742,2017-07-26T13:29:02Z
123683,164395,4.0,1501075743,2017-07-26T13:29:03Z
123683,168250,4.0,1501075743,2017-07-26T13:29:03Z
123683,168652,2.5,1501075743,2017-07-26T13:29:03Z
123683,165105,3.5,1501075745,2017-07-26T13:29:05Z
123683,166974,3.5,1501075745,2017-07-26T13:29:05Z
123807,168250,4.5,1630971394,2021-09-06T23:36:34Z
123807,200838,3.0,1630971864,2021-09-06T23:44:24Z
123807,196937,5.0,1630987847,2021-09-07T04:10:47Z
123807,137863,3.0,1630987996,2021-09-07T04:13:16Z
123807,210227,4.0,1630988199,2021-09-07T04:16:39Z
123807,167850,4.0,1630988202,2021-09-07T04:16:42Z
123807,163134,4.0,1630988226,2021-09-07T04:17:06Z
123807,182479,4.0,1630988256,2021-09-07T04:17:36Z
123807,204158,5.0,1630988271,2021-09-07T04:17:51Z
123807,166291,4.0,1630988284,2021-09-07T04:18:04Z
123807,169400,3.0,1630988305,2021-09-07T04:18:25Z
123807,231413,5.0,1630988317,2021-09-07T04:18:37Z
123807,206393,5.0,1630988319,2021-09-07T04:18:39Z
123807,146309,5.0,1630988331,2021-09-07T04:18:51Z
123807,192649,5.0,1630988341,2021-09-07T04:19:01Z
123807,173007,4.0,1630988351,2021-09-07T04:19:11Z
123807,171013,3.5,1630988353,2021-09-07T04:19:13Z
123807,183661,3.0,1630988369,2021-09-07T04:19:29Z
123807,210939,5.0,1630988405,2021-09-07T04:20:05Z
123807,213353,5.0,1630988408,2021-09-07T04:20:08Z
123807,223570,4.0,1630988414,2021-09-07T04:20:14Z
123807,161594,5.0,1630988418,2021-09-07T04:20:18Z
123807,218657,3.0,1630988535,2021-09-07T04:22:15Z
123807,192209,3.0,1630988551,2021-09-07T04:22:31Z
123807,193533,2.5,1630988569,2021-09-07T04:22:49Z
123807,238036,3.0,1630988572,2021-09-07T04:22:52Z
123807,174515,5.0,1630990259,2021-09-07T04:50:59Z
123807,177229,3.0,1630990374,2021-09-07T04:52:54Z
123807,162718,3.0,1630990411,2021-09-07T04:53:31Z
123807,193583,3.5,1675484480,2023-02-04T04:21:20Z
123807,279692,5.0,1675484484,2023-02-04T04:21:24Z
123807,211137,3.5,1675484920,2023-02-04T04:28:40Z
123807,272079,4.0,1675485294,2023-02-04T04:34:54Z
123807,252932,4.5,1675485421,2023-02-04T04:37:01Z
123959,143367,4.0,1548911894,2019-01-31T05:18:14Z
123959,163134,5.0,1625600724,2021-07-06T19:45:24Z
123959,168250,4.5,1625623586,2021-07-07T02:06:26Z
123959,188773,5.0,1625623836,2021-07-07T02:10:36Z
123959,166291,4.0,1625624100,2021-07-07T02:15:00Z
123959,188623,4.5,1625624920,2021-07-07T02:28:40Z
123959,257037,3.5,1655607402,2022-06-19T02:56:42Z
123959,273891,3.5,1673856908,2023-01-16T08:15:08Z
123959,275245,3.5,1673856954,2023-01-16T08:15:54Z
124002,201704,3.5,1687130754,2023-06-18T23:25:54Z
124002,206393,4.0,1687130835,2023-06-18T23:27:15Z
124002,188623,2.5,1687130997,2023-06-18T23:29:57Z
124002,253332,2.5,1687133496,2023-06-19T00:11:36Z
124002,168250,5.0,1687133667,2023-06-19T00:14:27Z
124002,182467,1.5,1687133899,2023-06-19T00:18:19Z
124002,275245,4.5,1687722435,2023-06-25T19:47:15Z
124002,221250,4.0,1688859881,2023-07-08T23:44:41Z
124002,197657,4.5,1688864795,2023-07-09T01:06:35Z
124002,257037,4.5,1690611339,2023-07-29T06:15:39Z
124002,291817,4.0,1696720299,2023-10-07T23:11:39Z
124242,137863,3.0,1507629749,2017-10-10T10:02:29Z
124242,178907,3.5,1507719924,2017-10-11T11:05:24Z
124242,143367,3.5,1510001754,2017-11-06T20:55:54Z
124242,163134,5.0,1510502793,2017-11-12T16:06:33Z
124242,168250,3.5,1513071918,2017-12-12T09:45:18Z
124242,163056,3.5,1517347109,2018-01-30T21:18:29Z
124242,173007,3.0,1532721181,2018-07-27T19:53:01Z
124242,183661,3.5,1538171639,2018-09-28T21:53:59Z
124242,191235,2.0,1538340336,2018-09-30T20:45:36Z
124242,148855,3.5,1538423434,2018-10-01T19:50:34Z
124242,193533,2.5,1540238920,2018-10-22T20:08:40Z
124242,194797,2.5,1547152597,2019-01-10T20:36:37Z
124349,273891,4.5,1681763097,2023-04-17T20:24:57Z
124349,275245,4.0,1681763492,2023-04-17T20:31:32Z
124349,163134,3.5,1681763495,2023-04-17T20:31:35Z
124349,168250,4.0,1681763495,2023-04-17T20:31:35Z
124349,166291,3.0,1681763496,2023-04-17T20:31:36Z
124349,188623,3.0,1681763496,2023-04-17T20:31:36Z
124363,143531,3.5,1493906715,2017-05-04T14:05:15Z
124363,168250,4.0,1537884970,2018-09-25T14:16:10Z
124363,163134,4.5,1540642686,2018-10-27T12:18:06Z
124363,166291,4.0,1583422956,2020-03-05T15:42:36Z
124363,160848,4.0,1613655261,2021-02-18T13:34:21Z
124401,143367,4.0,1496300364,2017-06-01T06:59:24Z
124401,168250,4.0,1497985198,2017-06-20T18:59:58Z
124401,163134,4.0,1499726573,2017-07-10T22:42:53Z
124401,175299,3.0,1499726757,2017-07-10T22:45:57Z
124401,140805,2.0,1499991544,2017-07-14T00:19:04Z
124401,142374,2.0,1499991545,2017-07-14T00:19:05Z
124401,181517,3.5,1512155852,2017-12-01T19:17:32Z
124401,192209,2.5,1537148298,2018-09-17T01:38:18Z
124401,195673,3.0,1543118186,2018-11-25T03:56:26Z
124401,200838,3.0,1557904836,2019-05-15T07:20:36Z
124401,249162,3.0,1620957307,2021-05-14T01:55:07Z
124401,249426,3.0,1621219558,2021-05-17T02:45:58Z
124401,231413,4.0,1621916631,2021-05-25T04:23:51Z
124401,246604,2.5,1629950215,2021-08-26T03:56:55Z
124401,192981,3.5,1631411793,2021-09-12T01:56:33Z
124401,181225,3.0,1632450259,2021-09-24T02:24:19Z
124401,164282,3.0,1634183923,2021-10-14T03:58:43Z
124401,257037,4.5,1650257134,2022-04-18T04:45:34Z
124401,164204,4.0,1653964517,2022-05-31T02:35:17Z
124401,197657,4.5,1655785647,2022-06-21T04:27:27Z
124401,140106,4.5,1655956976,2022-06-23T04:02:56Z
124401,188773,4.5,1656190188,2022-06-25T20:49:48Z
124401,185905,3.5,1656215944,2022-06-26T03:59:04Z
124401,207297,3.0,1656815210,2022-07-03T02:26:50Z
124401,200794,3.5,1657164576,2022-07-07T03:29:36Z
124401,223310,3.0,1657593992,2022-07-12T02:46:32Z
124401,271653,3.5,1658201230,2022-07-19T03:27:10Z
124401,242062,4.0,1658629351,2022-07-24T02:22:31Z
124401,182467,3.0,1661913608,2022-08-31T02:40:08Z
124401,275245,4.0,1662347026,2022-09-05T03:03:46Z
124401,209949,4.0,1662432377,2022-09-06T02:46:17Z
124401,188623,4.0,1668400513,2022-11-14T04:35:13Z
124401,273891,4.0,1669955578,2022-12-02T04:32:58Z
124401,258001,4.5,1672895915,2023-01-05T05:18:35Z
124401,279088,2.0,1685584997,2023-06-01T02:03:17Z
124401,162990,2.5,1694655764,2023-09-14T01:42:44Z
124401,224465,2.5,1694657633,2023-09-14T02:13:53Z
124401,224845,3.5,1696123745,2023-10-01T01:29:05Z
124620,168250,0.5,1592798409,2020-06-22T04:00:09Z
124620,218657,0.5,1592905362,2020-06-23T09:42:42Z
124620,218795,0.5,1592905421,2020-06-23T09:43:41Z
124620,218797,0.5,1592905422,2020-06-23T09:43:42Z
124620,218799,0.5,1592905425,2020-06-23T09:43:45Z
124806,177119,3.0,1506620264,2017-09-28T17:37:44Z
124806,200820,0.5,1566142882,2019-08-18T15:41:22Z
124806,210577,2.0,1590424501,2020-05-25T16:35:01Z
124806,273891,2.5,1665346006,2022-10-09T20:06:46Z
124806,289097,3.0,1695836497,2023-09-27T17:41:37Z
124858,141432,3.5,1461328385,2016-04-22T12:33:05Z
124858,146309,3.0,1481823155,2016-12-15T17:32:35Z
124858,160848,3.5,1495913115,2017-05-27T19:25:15Z
124858,168250,4.0,1503784775,2017-08-26T21:59:35Z
124858,210577,1.5,1584201384,2020-03-14T15:56:24Z
124897,163134,5.0,1506115918,2017-09-22T21:31:58Z
124897,166291,4.5,1590894026,2020-05-31T03:00:26Z
124897,177939,5.0,1590894042,2020-05-31T03:00:42Z
124897,218657,4.5,1635209165,2021-10-26T00:46:05Z
124897,204158,4.0,1635209307,2021-10-26T00:48:27Z
124897,193916,4.5,1635209434,2021-10-26T00:50:34Z
125054,168250,4.0,1494796629,2017-05-14T21:17:09Z
125054,143367,3.0,1514787835,2018-01-01T06:23:55Z
125054,193916,2.0,1552174432,2019-03-09T23:33:52Z
125054,188773,4.0,1552174538,2019-03-09T23:35:38Z
125054,188623,5.0,1586635785,2020-04-11T20:09:45Z
125054,163134,3.0,1616959763,2021-03-28T19:29:23Z
125054,204158,4.0,1630816271,2021-09-05T04:31:11Z
125054,257037,4.0,1646462272,2022-03-05T06:37:52Z
125054,275245,3.0,1672016009,2022-12-26T00:53:29Z
125054,273891,3.0,1677350043,2023-02-25T18:34:03Z
125138,173007,3.5,1496827761,2017-06-07T09:29:21Z
125138,198119,2.5,1564640784,2019-08-01T06:26:24Z
125138,206889,3.0,1589112667,2020-05-10T12:11:07Z
125138,188623,4.0,1590602258,2020-05-27T17:57:38Z
125138,168250,4.0,1612218239,2021-02-01T22:23:59Z
125138,251646,2.5,1635288703,2021-10-26T22:51:43Z
125138,212359,4.5,1637243695,2021-11-18T13:54:55Z
125138,264073,2.0,1638024195,2021-11-27T14:43:15Z
125138,272555,3.5,1658937972,2022-07-27T16:06:12Z
125138,230703,2.5,1659903919,2022-08-07T20:25:19Z
125138,267548,2.5,1691786099,2023-08-11T20:34:59Z
125304,163134,5.0,1616713971,2021-03-25T23:12:51Z
125304,204158,4.5,1616714020,2021-03-25T23:13:40Z
125304,166291,4.5,1616714422,2021-03-25T23:20:22Z
125304,198611,5.0,1616714481,2021-03-25T23:21:21Z
125304,168250,4.5,1616716639,2021-03-25T23:57:19Z
125305,163134,4.0,1551839237,2019-03-06T02:27:17Z
125305,193533,3.5,1553561262,2019-03-26T00:47:42Z
125305,168218,4.5,1553561770,2019-03-26T00:56:10Z
125305,162968,5.0,1553561874,2019-03-26T00:57:54Z
125305,168090,4.5,1553561879,2019-03-26T00:57:59Z
125305,184835,4.0,1553561884,2019-03-26T00:58:04Z
125531,168250,4.0,1589767848,2020-05-18T02:10:48Z
125531,210577,4.0,1610349271,2021-01-11T07:14:31Z
125531,165105,3.5,1651035272,2022-04-27T04:54:32Z
125531,271160,2.5,1658538228,2022-07-23T01:03:48Z
125531,275245,4.5,1662186301,2022-09-03T06:25:01Z
125531,273891,3.5,1664322789,2022-09-27T23:53:09Z
125615,163134,3.5,1569682849,2019-09-28T15:00:49Z
125615,146309,3.5,1569682999,2019-09-28T15:03:19Z
125615,198611,5.0,1596374641,2020-08-02T13:24:01Z
125615,166291,5.0,1596374673,2020-08-02T13:24:33Z
125615,187145,4.0,1596374840,2020-08-02T13:27:20Z
125615,204158,3.0,1596374953,2020-08-02T13:29:13Z
125615,192981,1.5,1600004642,2020-09-13T13:44:02Z
125635,146309,3.5,1544923947,2018-12-16T01:32:27Z
125635,163134,4.5,1544923947,2018-12-16T01:32:27Z
125635,166291,4.5,1544923947,2018-12-16T01:32:27Z
125635,166295,3.5,1544923947,2018-12-16T01:32:27Z
125635,168250,4.5,1544923947,2018-12-16T01:32:27Z
125635,275245,3.5,1662246876,2022-09-03T23:14:36Z
125635,257037,3.5,1662246877,2022-09-03T23:14:37Z
125635,143367,3.5,1662246879,2022-09-03T23:14:39Z
125635,200838,3.5,1662246879,2022-09-03T23:14:39Z
125635,188623,4.0,1662246880,2022-09-03T23:14:40Z
125635,188773,4.0,1662246880,2022-09-03T23:14:40Z
125801,163134,3.5,1645408548,2022-02-21T01:55:48Z
125801,166291,2.5,1645408548,2022-02-21T01:55:48Z
125801,168250,3.5,1645408548,2022-02-21T01:55:48Z
125801,188773,4.0,1645408550,2022-02-21T01:55:50Z
125801,204158,3.0,1645408552,2022-02-21T01:55:52Z
125889,238036,2.5,1653515850,2022-05-25T21:57:30Z
125889,160848,4.0,1653515853,2022-05-25T21:57:33Z
125889,163056,3.0,1653515853,2022-05-25T21:57:33Z
125889,200820,3.5,1653515853,2022-05-25T21:57:33Z
125889,163134,4.0,1653515854,2022-05-25T21:57:34Z
125889,168250,4.5,1653515854,2022-05-25T21:57:34Z
125889,185905,3.5,1653515854,2022-05-25T21:57:34Z
125889,188623,4.5,1653515854,2022-05-25T21:57:34Z
126019,168250,4.0,1493561447,2017-04-30T14:10:47Z
126019,143367,4.5,1498978090,2017-07-02T06:48:10Z
126019,166291,3.0,1503777839,2017-08-26T20:03:59Z
126019,163134,5.0,1545656777,2018-12-24T13:06:17Z
126019,161594,3.0,1546226705,2018-12-31T03:25:05Z
126019,193041,3.5,1588838196,2020-05-07T07:56:36Z
126318,188623,2.0,1683926940,2023-05-12T21:29:00Z
126318,257037,4.0,1683927004,2023-05-12T21:30:04Z
126318,242062,3.0,1683927044,2023-05-12T21:30:44Z
126318,273891,2.0,1683927819,2023-05-12T21:43:39Z
126318,168250,3.5,1683928168,2023-05-12T21:49:28Z
126318,200794,1.5,1683928419,2023-05-12T21:53:39Z
126678,137863,1.0,1449628931,2015-12-09T02:42:11Z
126678,168250,4.0,1511731659,2017-11-26T21:27:39Z
126678,179411,4.5,1511734707,2017-11-26T22:18:27Z
126678,173235,3.0,1511734941,2017-11-26T22:22:21Z
126678,188773,4.0,1587181923,2020-04-18T03:52:03Z
126678,189121,3.5,1621016261,2021-05-14T18:17:41Z
126678,174549,3.0,1634802137,2021-10-21T07:42:17Z
126678,258001,4.0,1662941194,2022-09-12T00:06:34Z
126678,273891,2.5,1670468641,2022-12-08T03:04:01Z
126678,275245,3.0,1695800667,2023-09-27T07:44:27Z
127125,168250,4.5,1494675983,2017-05-13T11:46:23Z
127125,200838,3.0,1559414257,2019-06-01T18:37:37Z
127125,163134,4.5,1592755766,2020-06-21T16:09:26Z
127125,204158,4.5,1592758331,2020-06-21T16:52:11Z
127125,210577,3.0,1607195096,2020-12-05T19:04:56Z
127125,220512,2.0,1618764778,2021-04-18T16:52:58Z
127125,273891,4.0,1667317220,2022-11-01T15:40:20Z
127125,275245,2.0,1668350171,2022-11-13T14:36:11Z
127138,168250,4.0,1514307628,2017-12-26T17:00:28Z
127138,188773,3.5,1589727340,2020-05-17T14:55:40Z
127138,257037,4.0,1655626015,2022-06-19T08:06:55Z
127138,275245,3.5,1673668619,2023-01-14T03:56:59Z
127138,273891,3.5,1673668646,2023-01-14T03:57:26Z
127257,168250,5.0,1537658548,2018-09-22T23:22:28Z
127257,163134,4.0,1537714745,2018-09-23T14:59:05Z
127257,165105,4.0,1537716191,2018-09-23T15:23:11Z
127257,193916,4.0,1551566541,2019-03-02T22:42:21Z
127257,192981,4.0,1555160233,2019-04-13T12:57:13Z
127257,200838,3.5,1557921359,2019-05-15T11:55:59Z
127257,166291,3.0,1564319647,2019-07-28T13:14:07Z
127335,140106,3.5,1454146889,2016-01-30T09:41:29Z
127335,143531,4.0,1454146891,2016-01-30T09:41:31Z
127335,142550,3.0,1454146892,2016-01-30T09:41:32Z
127335,143525,3.0,1454146894,2016-01-30T09:41:34Z
127335,141432,4.5,1454146898,2016-01-30T09:41:38Z
127335,145596,3.5,1454146906,2016-01-30T09:41:46Z
127335,160848,3.5,1564229811,2019-07-27T12:16:51Z
127335,163056,3.0,1564229814,2019-07-27T12:16:54Z
127335,143367,2.5,1564229816,2019-07-27T12:16:56Z
127335,164643,4.0,1564229816,2019-07-27T12:16:56Z
127335,166974,3.5,1564229816,2019-07-27T12:16:56Z
127335,168250,4.0,1564229817,2019-07-27T12:16:57Z
127335,163134,3.0,1564229818,2019-07-27T12:16:58Z
127335,164204,3.0,1564229818,2019-07-27T12:16:58Z
127335,188623,4.0,1564229824,2019-07-27T12:17:04Z
127335,188773,3.0,1564229825,2019-07-27T12:17:05Z
127335,193041,3.0,1564229825,2019-07-27T12:17:05Z
127417,188623,4.0,1556962566,2019-05-04T09:36:06Z
127417,163134,4.5,1556964381,2019-05-04T10:06:21Z
127417,140106,4.5,1556964450,2019-05-04T10:07:30Z
127417,160848,4.5,1556970072,2019-05-04T11:41:12Z
127417,185905,3.5,1556970414,2019-05-04T11:46:54Z
127417,168250,4.0,1556970488,2019-05-04T11:48:08Z
127417,188773,5.0,1556970956,2019-05-04T11:55:56Z
127521,168250,4.0,1561186155,2019-06-22T06:49:15Z
127521,200052,2.0,1581646841,2020-02-14T02:20:41Z
127521,174549,3.5,1583553145,2020-03-07T03:52:25Z
127521,180091,2.0,1590335612,2020-05-24T15:53:32Z
127521,160848,5.0,1610897474,2021-01-17T15:31:14Z
127521,186595,2.5,1612668828,2021-02-07T03:33:48Z
127521,213111,2.5,1695087779,2023-09-19T01:42:59Z
127521,218657,3.5,1695087788,2023-09-19T01:43:08Z
127521,256535,3.5,1695087790,2023-09-19T01:43:10Z
127521,273891,4.0,1695087790,2023-09-19T01:43:10Z
127521,279094,3.0,1695087794,2023-09-19T01:43:14Z
127521,283751,2.0,1695087800,2023-09-19T01:43:20Z
127521,200820,3.0,1695087813,2023-09-19T01:43:33Z
127521,289097,2.0,1695087818,2023-09-19T01:43:38Z
127521,166291,3.5,1695087823,2023-09-19T01:43:43Z
127521,161594,3.0,1695087824,2023-09-19T01:43:44Z
127521,169400,3.5,1695087825,2023-09-19T01:43:45Z
127521,212359,3.5,1695087826,2023-09-19T01:43:46Z
127521,182479,3.0,1695087827,2023-09-19T01:43:47Z
127521,184835,2.5,1695087827,2023-09-19T01:43:47Z
127521,173007,2.0,1695087828,2023-09-19T01:43:48Z
127521,193916,3.0,1695087829,2023-09-19T01:43:49Z
127521,277110,1.5,1695087829,2023-09-19T01:43:49Z
127521,200794,2.5,1695087830,2023-09-19T01:43:50Z
127521,186985,4.0,1695087832,2023-09-19T01:43:52Z
127521,193041,4.0,1695087834,2023-09-19T01:43:54Z
127521,201488,4.0,1695087836,2023-09-19T01:43:56Z
127521,203974,4.5,1695087837,2023-09-19T01:43:57Z
127521,249180,1.5,1695087840,2023-09-19T01:44:00Z
127521,213367,2.5,1695087841,2023-09-19T01:44:01Z
127521,211137,2.0,1695087846,2023-09-19T01:44:06Z
127535,183661,4.0,1580085821,2020-01-27T00:43:41Z
127535,200820,3.5,1613962689,2021-02-22T02:58:09Z
127535,191235,3.0,1628361999,2021-08-07T18:46:39Z
127535,194797,3.5,1628362031,2021-08-07T18:47:11Z
127535,173935,1.0,1628362132,2021-08-07T18:48:52Z
127535,142374,3.0,1640905595,2021-12-30T23:06:35Z
127535,140805,2.5,1640905609,2021-12-30T23:06:49Z
127535,175283,3.0,1651514682,2022-05-02T18:04:42Z
127535,267548,4.0,1651515396,2022-05-02T18:16:36Z
127622,143367,4.0,1528534303,2018-06-09T08:51:43Z
127622,163134,4.5,1531883467,2018-07-18T03:11:07Z
127622,188623,5.0,1542174235,2018-11-14T05:43:55Z
127622,177939,3.0,1542963923,2018-11-23T09:05:23Z
127622,188773,4.5,1544253051,2018-12-08T07:10:51Z
127622,168250,4.0,1554026835,2019-03-31T10:07:15Z
127622,200838,3.5,1557523968,2019-05-10T21:32:48Z
127622,200820,2.5,1559527063,2019-06-03T01:57:43Z
127622,257037,4.0,1644118953,2022-02-06T03:42:33Z
127622,275245,4.5,1658443000,2022-07-21T22:36:40Z
127622,273891,3.5,1660358686,2022-08-13T02:44:46Z
127637,163134,2.5,1668207478,2022-11-11T22:57:58Z
127637,257037,4.5,1668295953,2022-11-12T23:32:33Z
127637,253332,5.0,1668298268,2022-11-13T00:11:08Z
127637,275245,3.5,1668299076,2022-11-13T00:24:36Z
127637,188623,4.5,1668302311,2022-11-13T01:18:31Z
127637,168250,3.5,1668303065,2022-11-13T01:31:05Z
127637,143367,4.0,1668363689,2022-11-13T18:21:29Z
127637,150776,1.5,1668395194,2022-11-14T03:06:34Z
127637,188773,4.0,1668655588,2022-11-17T03:26:28Z
127637,193041,2.5,1668655611,2022-11-17T03:26:51Z
127637,140106,3.5,1668742897,2022-11-18T03:41:37Z
127637,273891,2.0,1669403221,2022-11-25T19:07:01Z
127637,242062,4.0,1675027108,2023-01-29T21:18:28Z
127637,166974,2.5,1694377750,2023-09-10T20:29:10Z
128072,200820,1.5,1578475907,2020-01-08T09:31:47Z
128072,163134,3.5,1579151348,2020-01-16T05:09:08Z
128072,196937,2.5,1629612787,2021-08-22T06:13:07Z
128072,137863,2.0,1641180865,2022-01-03T03:34:25Z
128072,140805,2.5,1641181387,2022-01-03T03:43:07Z
128072,168250,3.5,1641182208,2022-01-03T03:56:48Z
128072,210577,2.0,1641182638,2022-01-03T04:03:58Z
128072,200838,2.0,1641183171,2022-01-03T04:12:51Z
128072,273891,2.5,1673661535,2023-01-14T01:58:55Z
128072,289097,4.0,1693944069,2023-09-05T20:01:09Z
128072,275245,3.0,1696481468,2023-10-05T04:51:08Z
128214,168250,4.5,1622297526,2021-05-29T14:12:06Z
128214,188773,4.0,1622307825,2021-05-29T17:03:45Z
128214,193041,4.0,1622308093,2021-05-29T17:08:13Z
128214,163134,3.0,1622449861,2021-05-31T08:31:01Z
128214,146309,3.5,1622449863,2021-05-31T08:31:03Z
128214,166291,3.5,1622450106,2021-05-31T08:35:06Z
128214,275245,4.5,1683475972,2023-05-07T16:12:52Z
128416,140106,4.0,1673747163,2023-01-15T01:46:03Z
128416,164204,4.0,1673747171,2023-01-15T01:46:11Z
128416,188773,4.0,1673747177,2023-01-15T01:46:17Z
128416,163134,4.5,1673749326,2023-01-15T02:22:06Z
128416,204158,3.5,1673749342,2023-01-15T02:22:22Z
128416,193916,3.5,1673749365,2023-01-15T02:22:45Z
128416,252932,4.0,1673749523,2023-01-15T02:25:23Z
128416,254500,4.0,1673749664,2023-01-15T02:27:44Z
128416,274487,4.0,1673749800,2023-01-15T02:30:00Z
128596,193587,5.0,1617124879,2021-03-30T17:21:19Z
128596,200838,4.0,1617124951,2021-03-30T17:22:31Z
128596,200820,4.0,1617125789,2021-03-30T17:36:29Z
128596,210227,3.0,1617141568,2021-03-30T21:59:28Z
128596,275245,4.5,1673995270,2023-01-17T22:41:10Z
128712,143367,4.0,1494595215,2017-05-12T13:20:15Z
128712,168250,3.5,1573888885,2019-11-16T07:21:25Z
128712,200820,3.0,1578384708,2020-01-07T08:11:48Z
128712,200838,3.5,1583168915,2020-03-02T17:08:35Z
128712,184641,2.0,1624535801,2021-06-24T11:56:41Z
128712,210577,3.5,1632742654,2021-09-27T11:37:34Z
128712,275245,3.5,1662033508,2022-09-01T11:58:28Z
128712,273891,4.0,1665219464,2022-10-08T08:57:44Z
128712,289097,3.5,1696149168,2023-10-01T08:32:48Z
128751,163134,4.5,1493211118,2017-04-26T12:51:58Z
128751,193916,2.5,1576658446,2019-12-18T08:40:46Z
128751,188773,4.0,1576658484,2019-12-18T08:41:24Z
128751,193041,4.5,1576658943,2019-12-18T08:49:03Z
128751,188623,4.0,1603729457,2020-10-26T16:24:17Z
128751,177939,4.0,1627974321,2021-08-03T07:05:21Z
128751,204158,3.0,1654280492,2022-06-03T18:21:32Z
128942,143367,5.0,1593152980,2020-06-26T06:29:40Z
128942,168250,5.0,1593152993,2020-06-26T06:29:53Z
128942,163134,5.0,1606682203,2020-11-29T20:36:43Z
128942,188773,4.0,1617136896,2021-03-30T20:41:36Z
128942,257037,3.5,1645274695,2022-02-19T12:44:55Z
128942,166291,2.5,1647190770,2022-03-13T16:59:30Z
128942,275245,4.5,1682704322,2023-04-28T17:52:02Z
128942,278698,3.0,1685038082,2023-05-25T18:08:02Z
129109,223570,3.5,1656508035,2022-06-29T13:07:15Z
129109,231413,4.0,1656508036,2022-06-29T13:07:16Z
129109,253826,4.5,1656508036,2022-06-29T13:07:16Z
129109,259871,3.5,1656508036,2022-06-29T13:07:16Z
129109,146309,4.5,1656508038,2022-06-29T13:07:18Z
129109,163134,4.5,1656508038,2022-06-29T13:07:18Z
129109,164395,4.0,1656508038,2022-06-29T13:07:18Z
129109,166291,5.0,1656508038,2022-06-29T13:07:18Z
129109,169400,3.5,1656508038,2022-06-29T13:07:18Z
129109,173007,3.0,1656508038,2022-06-29T13:07:18Z
129109,198611,3.5,1656508038,2022-06-29T13:07:18Z
129109,204158,4.0,1656508038,2022-06-29T13:07:18Z
129109,210939,3.5,1656508038,2022-06-29T13:07:18Z
129262,157369,3.5,1468707045,2016-07-16T22:10:45Z
129262,163134,4.0,1486639498,2017-02-09T11:24:58Z
129262,143367,2.5,1486639536,2017-02-09T11:25:36Z
129262,161578,4.0,1497541386,2017-06-15T15:43:06Z
129262,168250,3.5,1503432798,2017-08-22T20:13:18Z
129338,160848,3.0,1516228580,2018-01-17T22:36:20Z
129338,163134,2.5,1516317639,2018-01-18T23:20:39Z
129338,275245,3.0,1661737242,2022-08-29T01:40:42Z
129338,246604,3.5,1672268847,2022-12-28T23:07:27Z
129338,194452,2.0,1682560861,2023-04-27T02:01:01Z
129436,168250,4.0,1562818969,2019-07-11T04:22:49Z
129436,163134,4.5,1562821638,2019-07-11T05:07:18Z
129436,165105,4.0,1562823526,2019-07-11T05:38:46Z
129436,200838,4.0,1562966540,2019-07-12T21:22:20Z
129436,183661,3.0,1562978576,2019-07-13T00:42:56Z
129436,173007,2.5,1562978680,2019-07-13T00:44:40Z
129705,160848,4.0,1505633348,2017-09-17T07:29:08Z
129705,163134,4.5,1521552271,2018-03-20T13:24:31Z
129705,168250,4.5,1527959484,2018-06-02T17:11:24Z
129705,178907,3.5,1542797671,2018-11-21T10:54:31Z
129705,188623,3.5,1563098199,2019-07-14T09:56:39Z
129705,188773,4.5,1563098200,2019-07-14T09:56:40Z
129705,200838,3.0,1572355961,2019-10-29T13:32:41Z
129705,169022,4.5,1574080718,2019-11-18T12:38:38Z
129705,166291,4.5,1608555494,2020-12-21T12:58:14Z
129705,204158,3.5,1620755768,2021-05-11T17:56:08Z
129705,253332,2.0,1647958574,2022-03-22T14:16:14Z
129705,258001,3.5,1669730702,2022-11-29T14:05:02Z
129705,257037,4.0,1669730703,2022-11-29T14:05:03Z
129705,273891,3.5,1673611968,2023-01-13T12:12:48Z
129705,252932,2.0,1677436730,2023-02-26T18:38:50Z
129705,242404,1.5,1681797115,2023-04-18T05:51:55Z
129705,275245,5.0,1681797115,2023-04-18T05:51:55Z
129834,200820,3.5,1585616644,2020-03-31T01:04:04Z
129834,170961,4.0,1585618957,2020-03-31T01:42:37Z
129834,168250,3.5,1593089338,2020-06-25T12:48:58Z
129834,231413,3.5,1635641567,2021-10-31T00:52:47Z
129834,273891,4.5,1676590070,2023-02-16T23:27:50Z
129858,166291,4.5,1588415042,2020-05-02T10:24:02Z
129858,218657,3.0,1610119131,2021-01-08T15:18:51Z
129858,210577,2.0,1637566127,2021-11-22T07:28:47Z
129858,200838,2.5,1648478403,2022-03-28T14:40:03Z
129858,200820,2.5,1648478475,2022-03-28T14:41:15Z
129858,163134,5.0,1669278713,2022-11-24T08:31:53Z
129858,204158,4.5,1669278724,2022-11-24T08:32:04Z
129858,275245,2.5,1685109198,2023-05-26T13:53:18Z
129858,290787,3.5,1695024530,2023-09-18T08:08:50Z
129909,163134,4.0,1509041395,2017-10-26T18:09:55Z
129909,179411,4.5,1515962646,2018-01-14T20:44:06Z
129909,182479,3.5,1569870823,2019-09-30T19:13:43Z
129909,200838,2.0,1583603890,2020-03-07T17:58:10Z
129909,242404,3.0,1615221839,2021-03-08T16:43:59Z
129909,246604,2.0,1629463629,2021-08-20T12:47:09Z
129909,238036,1.5,1630849990,2021-09-05T13:53:10Z
129909,258001,3.0,1667749485,2022-11-06T15:44:45Z
129909,273891,2.0,1668834034,2022-11-19T05:00:34Z
129909,168250,4.0,1676100513,2023-02-11T07:28:33Z
129909,275245,5.0,1685868476,2023-06-04T08:47:56Z
129909,281188,4.0,1688586420,2023-07-05T19:47:00Z
130078,168250,1.5,1560316411,2019-06-12T05:13:31Z
130078,200820,2.0,1596493103,2020-08-03T22:18:23Z
130078,210577,3.5,1596493447,2020-08-03T22:24:07Z
130078,166291,4.5,1596494391,2020-08-03T22:39:51Z
130078,163134,4.5,1673032887,2023-01-06T19:21:27Z
130078,273891,4.0,1680230234,2023-03-31T02:37:14Z
130136,168250,4.5,1673032305,2023-01-06T19:11:45Z
130136,275245,4.0,1673032940,2023-01-06T19:22:20Z
130136,273891,4.0,1673033126,2023-01-06T19:25:26Z
130136,163134,4.5,1673033919,2023-01-06T19:38:39Z
130136,188773,4.0,1675599707,2023-02-05T12:21:47Z
130136,200820,3.5,1691491234,2023-08-08T10:40:34Z
130496,168250,4.0,1682923996,2023-05-01T06:53:16Z
130496,273891,3.0,1682924082,2023-05-01T06:54:42Z
130496,275245,3.5,1682991478,2023-05-02T01:37:58Z
130496,163134,3.0,1682992411,2023-05-02T01:53:31Z
130496,257037,3.0,1683051467,2023-05-02T18:17:47Z
130496,200838,3.5,1683088808,2023-05-03T04:40:08Z
130496,188773,3.5,1683493840,2023-05-07T21:10:40Z
130496,166291,3.5,1683493947,2023-05-07T21:12:27Z
130496,204158,3.5,1683494575,2023-05-07T21:22:55Z
130496,231413,4.5,1683608484,2023-05-09T05:01:24Z
130496,200820,4.0,1683608530,2023-05-09T05:02:10Z
130496,210577,3.0,1683608570,2023-05-09T05:02:50Z
130496,272079,4.0,1683608688,2023-05-09T05:04:48Z
130496,246604,3.0,1683608854,2023-05-09T05:07:34Z
130496,196937,2.5,1683609451,2023-05-09T05:17:31Z
130642,191235,1.5,1578325344,2020-01-06T15:42:24Z
130642,194797,2.0,1578325365,2020-01-06T15:42:45Z
130642,200820,3.5,1578329833,2020-01-06T16:57:13Z
130642,163056,4.0,1578329861,2020-01-06T16:57:41Z
130642,173007,3.0,1578433508,2020-01-07T21:45:08Z
130642,174549,3.5,1593467962,2020-06-29T21:59:22Z
130642,196937,3.5,1596991767,2020-08-09T16:49:27Z
130642,193041,3.5,1632085769,2021-09-19T21:09:29Z
130642,168250,3.0,1652485104,2022-05-13T23:38:24Z
130842,188773,4.5,1589936330,2020-05-20T00:58:50Z
130842,140106,4.0,1589936335,2020-05-20T00:58:55Z
130842,164204,3.5,1589936341,2020-05-20T00:59:01Z
130842,188623,4.0,1591225953,2020-06-03T23:12:33Z
130842,163134,5.0,1599939543,2020-09-12T19:39:03Z
130843,143367,3.5,1629706029,2021-08-23T08:07:09Z
130843,163134,3.5,1629706029,2021-08-23T08:07:09Z
130843,164204,3.5,1629706029,2021-08-23T08:07:09Z
130843,166974,3.5,1629706029,2021-08-23T08:07:09Z
130843,171013,3.5,1629706029,2021-08-23T08:07:09Z
130932,168250,4.5,1546809685,2019-01-06T21:21:25Z
130932,171013,4.0,1551912426,2019-03-06T22:47:06Z
130932,163134,4.0,1563476722,2019-07-18T19:05:22Z
130932,200838,2.5,1563476786,2019-07-18T19:06:26Z
130932,166291,4.0,1563476904,2019-07-18T19:08:24Z
131116,146309,4.0,1473641896,2016-09-12T00:58:16Z
131116,140805,2.5,1479987389,2016-11-24T11:36:29Z
131116,186999,0.5,1552862415,2019-03-17T22:40:15Z
131116,201488,2.5,1556417344,2019-04-28T02:09:04Z
131116,200838,2.5,1565096179,2019-08-06T12:56:19Z
131116,174549,2.5,1569875576,2019-09-30T20:32:56Z
131116,193916,2.5,1571270506,2019-10-17T00:01:46Z
131116,163134,3.5,1590672725,2020-05-28T13:32:05Z
131116,204610,3.0,1590672831,2020-05-28T13:33:51Z
131116,218657,2.0,1609428150,2020-12-31T15:22:30Z
131143,149658,4.0,1503154915,2017-08-19T15:01:55Z
131143,163134,4.5,1510151375,2017-11-08T14:29:35Z
131143,168250,3.5,1510475739,2017-11-12T08:35:39Z
131143,166291,4.5,1528915502,2018-06-13T18:45:02Z
131143,146309,4.5,1539719963,2018-10-16T19:59:23Z
131473,168250,3.0,1665393299,2022-10-10T09:14:59Z
131473,200820,3.5,1665397963,2022-10-10T10:32:43Z
131473,163056,3.5,1665398001,2022-10-10T10:33:21Z
131473,188623,3.5,1665417195,2022-10-10T15:53:15Z
131473,273891,3.0,1665769949,2022-10-14T17:52:29Z
131473,275245,3.5,1667051240,2022-10-29T13:47:20Z
131523,168250,4.0,1609542505,2021-01-01T23:08:25Z
131523,163134,3.5,1609608282,2021-01-02T17:24:42Z
131523,188773,2.5,1609609192,2021-01-02T17:39:52Z
131523,143367,2.5,1609751346,2021-01-04T09:09:06Z
131523,188623,3.0,1609753018,2021-01-04T09:36:58Z
131523,200838,3.5,1609821654,2021-01-05T04:40:54Z
131523,200820,3.0,1609841666,2021-01-05T10:14:26Z
131523,166291,3.0,1609926517,2021-01-06T09:48:37Z
131523,210577,3.5,1610352686,2021-01-11T08:11:26Z
131523,193916,3.0,1614115510,2021-02-23T21:25:10Z
131523,257037,2.0,1647886889,2022-03-21T18:21:29Z
131523,204158,3.0,1651694387,2022-05-04T19:59:47Z
131523,273891,3.5,1664414153,2022-09-29T01:15:53Z
131523,252932,3.0,1680192544,2023-03-30T16:09:04Z
131523,275245,4.0,1681023172,2023-04-09T06:52:52Z
131523,185539,2.5,1694104363,2023-09-07T16:32:43Z
131628,163134,5.0,1600112889,2020-09-14T19:48:09Z
131628,164204,4.5,1600112889,2020-09-14T19:48:09Z
131628,168250,4.0,1600112889,2020-09-14T19:48:09Z
131628,169400,4.5,1600112889,2020-09-14T19:48:09Z
131628,200838,3.5,1600112889,2020-09-14T19:48:09Z
131628,196937,3.5,1600112890,2020-09-14T19:48:10Z
131675,200820,3.0,1582072221,2020-02-19T00:30:21Z
131675,160848,5.0,1592884092,2020-06-23T03:48:12Z
131675,165105,1.0,1592888535,2020-06-23T05:02:15Z
131675,168250,1.0,1592888536,2020-06-23T05:02:16Z
131675,188623,1.0,1592888586,2020-06-23T05:03:06Z
131675,143367,5.0,1621381301,2021-05-18T23:41:41Z
131703,164282,4.0,1578008864,2020-01-02T23:47:44Z
131703,174549,2.0,1578008864,2020-01-02T23:47:44Z
131703,163134,3.5,1578008865,2020-01-02T23:47:45Z
131703,180091,2.5,1578008865,2020-01-02T23:47:45Z
131703,185905,3.5,1578008865,2020-01-02T23:47:45Z
131703,193041,4.0,1578008865,2020-01-02T23:47:45Z
131703,193916,3.5,1578008865,2020-01-02T23:47:45Z
131703,196937,3.5,1578008865,2020-01-02T23:47:45Z
131703,199279,3.5,1578008865,2020-01-02T23:47:45Z
132046,160848,3.5,1650288367,2022-04-18T13:26:07Z
132046,168250,4.0,1650369679,2022-04-19T12:01:19Z
132046,143367,3.5,1651410835,2022-05-01T13:13:55Z
132046,273891,4.0,1668657205,2022-11-17T03:53:25Z
132046,275245,3.5,1673288493,2023-01-09T18:21:33Z
132046,210577,2.5,1673924272,2023-01-17T02:57:52Z
132046,289097,3.0,1691429968,2023-08-07T17:39:28Z
132180,200820,1.0,1573483263,2019-11-11T14:41:03Z
132180,200838,2.0,1573483360,2019-11-11T14:42:40Z
132180,163134,5.0,1573483479,2019-11-11T14:44:39Z
132180,169022,2.0,1577912338,2020-01-01T20:58:58Z
132180,188773,2.5,1613995820,2021-02-22T12:10:20Z
132180,168250,2.0,1624877522,2021-06-28T10:52:02Z
132180,273891,3.5,1675533053,2023-02-04T17:50:53Z
132183,160848,4.0,1524862934,2018-04-27T21:02:14Z
132183,165105,3.0,1524862937,2018-04-27T21:02:17Z
132183,143367,4.0,1524862939,2018-04-27T21:02:19Z
132183,168250,3.5,1524862939,2018-04-27T21:02:19Z
132183,163134,3.5,1524862940,2018-04-27T21:02:20Z
132183,188623,4.5,1548500741,2019-01-26T11:05:41Z
132183,188773,4.0,1551250269,2019-02-27T06:51:09Z
132183,182467,2.5,1556313915,2019-04-26T21:25:15Z
132183,193041,3.5,1561628952,2019-06-27T09:49:12Z
132183,257037,4.5,1646304347,2022-03-03T10:45:47Z
132226,163056,5.0,1578959689,2020-01-13T23:54:49Z
132226,200820,0.5,1578959815,2020-01-13T23:56:55Z
132226,186999,5.0,1578967964,2020-01-14T02:12:44Z
132226,174515,5.0,1578968102,2020-01-14T02:15:02Z
132226,204820,0.5,1578968122,2020-01-14T02:15:22Z
132226,204810,0.5,1578968123,2020-01-14T02:15:23Z
132226,204816,0.5,1578968124,2020-01-14T02:15:24Z
132226,204812,0.5,1578968126,2020-01-14T02:15:26Z
132226,204814,0.5,1578968127,2020-01-14T02:15:27Z
132226,204818,0.5,1578968128,2020-01-14T02:15:28Z
132226,174549,0.5,1578969176,2020-01-14T02:32:56Z
132226,200838,0.5,1578970142,2020-01-14T02:49:02Z
132226,175299,4.5,1578989217,2020-01-14T08:06:57Z
132226,150776,1.0,1578989793,2020-01-14T08:16:33Z
132226,140106,3.0,1578990532,2020-01-14T08:28:52Z
132226,137863,1.0,1579025939,2020-01-14T18:18:59Z
132226,182479,3.5,1579306761,2020-01-18T00:19:21Z
132226,193041,5.0,1604380482,2020-11-03T05:14:42Z
132226,163134,5.0,1620626413,2021-05-10T06:00:13Z
132239,275245,3.5,1691034165,2023-08-03T03:42:45Z
132239,193916,3.5,1691034642,2023-08-03T03:50:42Z
132239,182479,3.5,1691034651,2023-08-03T03:50:51Z
132239,146309,3.5,1691034671,2023-08-03T03:51:11Z
132239,177939,3.5,1691035415,2023-08-03T04:03:35Z
132239,253332,3.0,1691035518,2023-08-03T04:05:18Z
132239,160848,4.0,1691035940,2023-08-03T04:12:20Z
132239,206393,2.0,1691047394,2023-08-03T07:23:14Z
132245,163134,5.0,1499715752,2017-07-10T19:42:32Z
132245,193041,2.0,1560761937,2019-06-17T08:58:57Z
132245,192209,2.0,1560761940,2019-06-17T08:59:00Z
132245,193916,3.0,1560761943,2019-06-17T08:59:03Z
132245,184641,1.5,1560762070,2019-06-17T09:01:10Z
132245,182479,4.0,1560762088,2019-06-17T09:01:28Z
132245,193801,4.0,1561635744,2019-06-27T11:42:24Z
132245,206321,4.5,1586613007,2020-04-11T13:50:07Z
132245,166291,4.0,1587644019,2020-04-23T12:13:39Z
132245,201488,3.0,1596273459,2020-08-01T09:17:39Z
132245,218657,4.5,1618146259,2021-04-11T13:04:19Z
132245,206393,4.5,1618681739,2021-04-17T17:48:59Z
132245,221256,4.5,1634319708,2021-10-15T17:41:48Z
132245,203974,4.5,1659616730,2022-08-04T12:38:50Z
132245,273891,4.5,1671895664,2022-12-24T15:27:44Z
132395,163134,5.0,1528651406,2018-06-10T17:23:26Z
132395,164403,3.5,1528651406,2018-06-10T17:23:26Z
132395,168250,4.5,1528651406,2018-06-10T17:23:26Z
132395,179411,3.0,1528651406,2018-06-10T17:23:26Z
132395,175299,3.5,1528651407,2018-06-10T17:23:27Z
132395,177939,3.5,1528651407,2018-06-10T17:23:27Z
132395,182479,3.0,1528651407,2018-06-10T17:23:27Z
132395,182863,4.0,1528651407,2018-06-10T17:23:27Z
132395,185905,4.5,1528651407,2018-06-10T17:23:27Z
132423,143367,5.0,1586063361,2020-04-05T05:09:21Z
132423,188773,5.0,1586121248,2020-04-05T21:14:08Z
132423,164204,4.5,1587713664,2020-04-24T07:34:24Z
132423,200794,4.5,1588528266,2020-05-03T17:51:06Z
132423,188623,4.5,1588996624,2020-05-09T03:57:04Z
132423,143531,4.5,1589259615,2020-05-12T05:00:15Z
132423,145034,5.0,1589899989,2020-05-19T14:53:09Z
132423,182467,5.0,1592597119,2020-06-19T20:05:19Z
132423,150776,3.5,1592597387,2020-06-19T20:09:47Z
132525,146309,4.0,1464534779,2016-05-29T15:12:59Z
132525,141432,4.0,1466268673,2016-06-18T16:51:13Z
132525,161594,4.0,1474147729,2016-09-17T21:28:49Z
132525,143367,3.5,1485300542,2017-01-24T23:29:02Z
132525,163134,5.0,1486332630,2017-02-05T22:10:30Z
132525,168250,4.0,1504297699,2017-09-01T20:28:19Z
132558,178907,4.0,1509653959,2017-11-02T20:19:19Z
132558,168250,5.0,1557351523,2019-05-08T21:38:43Z
132558,210577,4.0,1608579643,2020-12-21T19:40:43Z
132558,275245,4.5,1667247493,2022-10-31T20:18:13Z
132558,273891,4.0,1667686608,2022-11-05T22:16:48Z
132575,188773,4.0,1647726623,2022-03-19T21:50:23Z
132575,168250,3.5,1647726831,2022-03-19T21:53:51Z
132575,163134,3.0,1647727682,2022-03-19T22:08:02Z
132575,163056,3.0,1647728232,2022-03-19T22:17:12Z
132575,188623,2.0,1647729515,2022-03-19T22:38:35Z
132575,257037,2.5,1647729953,2022-03-19T22:45:53Z
132579,168250,4.5,1497036972,2017-06-09T19:36:12Z
132579,165105,3.0,1500847406,2017-07-23T22:03:26Z
132579,166974,4.0,1518037272,2018-02-07T21:01:12Z
132579,163134,4.0,1518339280,2018-02-11T08:54:40Z
132579,166291,4.0,1519587321,2018-02-25T19:35:21Z
132579,185877,4.0,1521974762,2018-03-25T10:46:02Z
132579,177939,4.0,1525860677,2018-05-09T10:11:17Z
132579,171013,4.0,1526908990,2018-05-21T13:23:10Z
132579,182479,3.5,1531079418,2018-07-08T19:50:18Z
132579,142566,4.5,1544258856,2018-12-08T08:47:36Z
132579,177229,3.5,1546942525,2019-01-08T10:15:25Z
132579,188773,4.0,1552414426,2019-03-12T18:13:46Z
132579,160848,3.5,1554234968,2019-04-02T19:56:08Z
132579,185905,3.5,1559591376,2019-06-03T19:49:36Z
132664,141432,4.0,1617528594,2021-04-04T09:29:54Z
132664,143367,3.5,1617528594,2021-04-04T09:29:54Z
132664,146309,3.0,1617528594,2021-04-04T09:29:54Z
132664,163134,4.0,1617528594,2021-04-04T09:29:54Z
132664,166291,2.0,1617528594,2021-04-04T09:29:54Z
132664,168250,3.0,1617528594,2021-04-04T09:29:54Z
132664,182479,2.5,1617528594,2021-04-04T09:29:54Z
132664,193916,3.0,1617528594,2021-04-04T09:29:54Z
132664,204158,4.5,1617528595,2021-04-04T09:29:55Z
132721,143367,4.0,1501468037,2017-07-31T02:27:17Z
132721,163056,3.5,1501468037,2017-07-31T02:27:17Z
132721,164643,4.0,1501468037,2017-07-31T02:27:17Z
132721,168250,3.5,1501468037,2017-07-31T02:27:17Z
132721,150776,3.0,1501468040,2017-07-31T02:27:20Z
132721,140108,3.0,1501468042,2017-07-31T02:27:22Z
132839,200838,3.0,1570911515,2019-10-12T20:18:35Z
132839,168250,4.5,1570911899,2019-10-12T20:24:59Z
132839,163134,3.5,1570911967,2019-10-12T20:26:07Z
132839,200820,3.0,1570912777,2019-10-12T20:39:37Z
132839,143367,1.0,1570913869,2019-10-12T20:57:49Z
132839,188773,2.5,1570948303,2019-10-13T06:31:43Z
132839,188623,2.5,1570983428,2019-10-13T16:17:08Z
132839,193041,1.5,1576318243,2019-12-14T10:10:43Z
132839,196937,0.5,1577792517,2019-12-31T11:41:57Z
132839,210577,1.5,1586721722,2020-04-12T20:02:02Z
132839,204158,2.5,1594880646,2020-07-16T06:24:06Z
132839,166291,4.0,1595740954,2020-07-26T05:22:34Z
132839,231413,0.5,1637481046,2021-11-21T07:50:46Z
132839,257037,3.0,1650014537,2022-04-15T09:22:17Z
132839,273891,4.0,1690187094,2023-07-24T08:24:54Z
132839,281188,2.0,1690187299,2023-07-24T08:28:19Z
132839,165105,2.0,1690187317,2023-07-24T08:28:37Z
133113,140108,1.0,1604353472,2020-11-02T21:44:32Z
133113,171071,3.5,1604353472,2020-11-02T21:44:32Z
133113,179493,4.0,1604353472,2020-11-02T21:44:32Z
133113,200820,2.5,1604353473,2020-11-02T21:44:33Z
133113,146309,2.5,1604353474,2020-11-02T21:44:34Z
133113,143367,3.5,1604353476,2020-11-02T21:44:36Z
133113,163134,3.5,1604353476,2020-11-02T21:44:36Z
133113,170961,3.0,1604353477,2020-11-02T21:44:37Z
133113,173935,2.5,1604353477,2020-11-02T21:44:37Z
133113,186595,2.0,1604353477,2020-11-02T21:44:37Z
133145,161594,3.0,1501526519,2017-07-31T18:41:59Z
133145,168250,3.5,1652036942,2022-05-08T19:09:02Z
133145,255639,3.5,1661282256,2022-08-23T19:17:36Z
133145,252308,3.5,1661282257,2022-08-23T19:17:37Z
133145,231413,4.5,1668631094,2022-11-16T20:38:14Z
133247,168250,4.5,1519878178,2018-03-01T04:22:58Z
133247,186985,2.0,1526852987,2018-05-20T21:49:47Z
133247,188773,4.5,1580333283,2020-01-29T21:28:03Z
133247,165105,3.0,1580333596,2020-01-29T21:33:16Z
133247,192209,3.0,1580333597,2020-01-29T21:33:17Z
133247,200838,2.5,1580333597,2020-01-29T21:33:17Z
133247,210577,2.5,1622323110,2021-05-29T21:18:30Z
133247,246604,3.5,1629228106,2021-08-17T19:21:46Z
133247,163134,4.0,1688778654,2023-07-08T01:10:54Z
133247,281188,4.0,1689492811,2023-07-16T07:33:31Z
133425,137863,3.5,1560038373,2019-06-08T23:59:33Z
133425,168250,3.5,1560038373,2019-06-08T23:59:33Z
133425,196937,4.0,1560038373,2019-06-08T23:59:33Z
133425,165105,3.5,1577758460,2019-12-31T02:14:20Z
133425,188623,0.5,1609722290,2021-01-04T01:04:50Z
133425,185877,3.0,1613837479,2021-02-20T16:11:19Z
133425,273891,2.5,1664752771,2022-10-02T23:19:31Z
133425,275245,3.0,1674432522,2023-01-23T00:08:42Z
133425,289097,3.0,1696030536,2023-09-29T23:35:36Z
133464,168250,4.0,1511308164,2017-11-21T23:49:24Z
133464,163134,3.0,1574526121,2019-11-23T16:22:01Z
133464,193041,3.0,1609219200,2020-12-29T05:20:00Z
133464,253332,1.0,1630026033,2021-08-27T01:00:33Z
133464,188773,4.5,1635542638,2021-10-29T21:23:58Z
133464,188623,3.5,1641695423,2022-01-09T02:30:23Z
133464,257037,3.5,1654991174,2022-06-11T23:46:14Z
133464,275245,4.0,1669175140,2022-11-23T03:45:40Z
133495,210577,3.5,1692246634,2023-08-17T04:30:34Z
133495,200838,3.5,1692246637,2023-08-17T04:30:37Z
133495,252932,4.5,1692248375,2023-08-17T04:59:35Z
133495,204158,5.0,1692248673,2023-08-17T05:04:33Z
133495,273891,4.5,1692249162,2023-08-17T05:12:42Z
133495,163134,5.0,1692250163,2023-08-17T05:29:23Z
133495,193583,4.0,1692250380,2023-08-17T05:33:00Z
133495,166291,5.0,1692326705,2023-08-18T02:45:05Z
133495,182479,4.0,1692329904,2023-08-18T03:38:24Z
133495,178907,4.0,1692330834,2023-08-18T03:53:54Z
133495,169400,3.0,1692331625,2023-08-18T04:07:05Z
133495,218657,5.0,1692332396,2023-08-18T04:19:56Z
133495,222627,4.0,1692333239,2023-08-18T04:33:59Z
133495,178111,4.0,1692333248,2023-08-18T04:34:08Z
133610,168250,4.5,1585335589,2020-03-27T18:59:49Z
133610,200820,3.5,1587872942,2020-04-26T03:49:02Z
133610,210577,3.5,1587872978,2020-04-26T03:49:38Z
133610,170961,4.0,1612652819,2021-02-06T23:06:59Z
133610,163134,3.0,1613233822,2021-02-13T16:30:22Z
133610,273891,4.0,1674424198,2023-01-22T21:49:58Z
133610,281188,3.5,1690556665,2023-07-28T15:04:25Z
133610,289069,3.5,1694470852,2023-09-11T22:20:52Z
133756,137863,1.5,1534689232,2018-08-19T14:33:52Z
133756,143367,4.0,1534689237,2018-08-19T14:33:57Z
133756,168250,4.0,1534689237,2018-08-19T14:33:57Z
133756,163134,4.0,1534689238,2018-08-19T14:33:58Z
133756,178907,3.5,1534689241,2018-08-19T14:34:01Z
133941,179411,2.5,1540138583,2018-10-21T16:16:23Z
133941,183661,3.5,1540138583,2018-10-21T16:16:23Z
133941,160848,3.5,1627301478,2021-07-26T12:11:18Z
133941,210577,3.0,1627301478,2021-07-26T12:11:18Z
133941,163134,3.5,1627301479,2021-07-26T12:11:19Z
133941,200838,2.5,1627301479,2021-07-26T12:11:19Z
133975,168250,4.0,1691608676,2023-08-09T19:17:56Z
133975,200820,1.5,1691610604,2023-08-09T19:50:04Z
133975,209949,3.0,1691611915,2023-08-09T20:11:55Z
133975,204158,2.0,1691613396,2023-08-09T20:36:36Z
133975,257037,4.5,1691614669,2023-08-09T20:57:49Z
133982,170961,3.5,1504489160,2017-09-04T01:39:20Z
133982,177119,3.0,1532099575,2018-07-20T15:12:55Z
133982,179411,3.0,1536242100,2018-09-06T13:55:00Z
133982,200838,3.5,1565285232,2019-08-08T17:27:12Z
133982,200820,3.0,1574065628,2019-11-18T08:27:08Z
133982,273891,3.5,1664379598,2022-09-28T15:39:58Z
134253,188773,4.5,1614556381,2021-02-28T23:53:01Z
134253,168250,4.5,1614560336,2021-03-01T00:58:56Z
134253,253332,5.0,1644920002,2022-02-15T10:13:22Z
134253,257037,4.5,1647900910,2022-03-21T22:15:10Z
134253,188623,4.0,1676486531,2023-02-15T18:42:11Z
134253,143367,4.0,1680844083,2023-04-07T05:08:03Z
134253,275245,4.5,1685810453,2023-06-03T16:40:53Z
134356,168250,4.0,1556004616,2019-04-23T07:30:16Z
134356,163134,4.0,1559499486,2019-06-02T18:18:06Z
134356,193916,3.0,1559499591,2019-06-02T18:19:51Z
134356,146309,4.0,1561537333,2019-06-26T08:22:13Z
134356,204158,4.0,1611334802,2021-01-22T17:00:02Z
134356,193041,1.0,1624772709,2021-06-27T05:45:09Z
134356,198611,3.5,1633100247,2021-10-01T14:57:27Z
134356,275245,2.5,1677522554,2023-02-27T18:29:14Z
134394,168250,2.0,1574128475,2019-11-19T01:54:35Z
134394,200820,1.5,1585965571,2020-04-04T01:59:31Z
134394,210577,2.0,1614487038,2021-02-28T04:37:18Z
134394,275245,4.0,1669093275,2022-11-22T05:01:15Z
134394,200838,3.0,1690679109,2023-07-30T01:05:09Z
134435,168250,5.0,1539022568,2018-10-08T18:16:08Z
134435,163134,4.5,1539622847,2018-10-15T17:00:47Z
134435,188773,4.0,1574768518,2019-11-26T11:41:58Z
134435,188623,4.0,1639153371,2021-12-10T16:22:51Z
134435,257037,4.0,1643824367,2022-02-02T17:52:47Z
134435,273891,4.5,1664276197,2022-09-27T10:56:37Z
134435,289097,4.5,1697132076,2023-10-12T17:34:36Z
134520,168250,3.0,1692714524,2023-08-22T14:28:44Z
134520,210577,3.0,1692715946,2023-08-22T14:52:26Z
134520,273891,4.0,1692716580,2023-08-22T15:03:00Z
134520,200838,3.0,1692717319,2023-08-22T15:15:19Z
134520,163134,3.0,1692725593,2023-08-22T17:33:13Z
134520,200820,3.0,1692728575,2023-08-22T18:22:55Z
134905,188773,4.5,1554260119,2019-04-03T02:55:19Z
134905,188623,5.0,1554260455,2019-04-03T03:00:55Z
134905,194452,1.0,1554261514,2019-04-03T03:18:34Z
134905,193916,2.5,1554262685,2019-04-03T03:38:05Z
134905,166291,3.0,1554265368,2019-04-03T04:22:48Z
134905,163134,4.5,1554265379,2019-04-03T04:22:59Z
134969,168250,3.5,1521328873,2018-03-17T23:21:13Z
134969,165105,3.5,1521332284,2018-03-18T00:18:04Z
134969,170961,3.5,1521336471,2018-03-18T01:27:51Z
134969,166291,4.5,1546377410,2019-01-01T21:16:50Z
134969,169400,3.5,1546377422,2019-01-01T21:17:02Z
134969,200838,4.0,1577996528,2020-01-02T20:22:08Z
135076,168250,2.5,1674312308,2023-01-21T14:45:08Z
135076,163134,4.5,1674349908,2023-01-22T01:11:48Z
135076,204158,4.5,1674349910,2023-01-22T01:11:50Z
135076,166291,4.5,1683130888,2023-05-03T16:21:28Z
135076,198611,5.0,1683131253,2023-05-03T16:27:33Z
135312,278070,4.0,1675751330,2023-02-07T06:28:50Z
135312,168250,4.0,1675752320,2023-02-07T06:45:20Z
135312,163134,5.0,1675752732,2023-02-07T06:52:12Z
135312,210577,5.0,1675753734,2023-02-07T07:08:54Z
135312,165105,4.0,1675754201,2023-02-07T07:16:41Z
135340,189237,3.0,1587429989,2020-04-21T00:46:29Z
135340,169022,4.0,1587429996,2020-04-21T00:46:36Z
135340,163134,5.0,1587430002,2020-04-21T00:46:42Z
135340,166291,4.0,1587430008,2020-04-21T00:46:48Z
135340,177285,2.5,1587430043,2020-04-21T00:47:23Z
135340,193583,3.0,1587430066,2020-04-21T00:47:46Z
135340,215653,3.0,1587430153,2020-04-21T00:49:13Z
135340,192209,3.5,1587430189,2020-04-21T00:49:49Z
135340,198611,3.0,1587430205,2020-04-21T00:50:05Z
135340,210577,3.0,1589753779,2020-05-17T22:16:19Z
135365,200820,2.0,1596928225,2020-08-08T23:10:25Z
135365,168250,4.0,1596928226,2020-08-08T23:10:26Z
135365,178907,3.0,1596928228,2020-08-08T23:10:28Z
135365,188623,4.5,1596928228,2020-08-08T23:10:28Z
135365,188773,4.0,1596928228,2020-08-08T23:10:28Z
135448,224845,5.0,1661330457,2022-08-24T08:40:57Z
135448,162990,5.0,1661330458,2022-08-24T08:40:58Z
135448,224465,5.0,1661330460,2022-08-24T08:41:00Z
135448,231413,5.0,1661330512,2022-08-24T08:41:52Z
135448,200838,3.0,1661338092,2022-08-24T10:48:12Z
135448,146309,3.5,1665383502,2022-10-10T06:31:42Z
135448,140805,5.0,1682485710,2023-04-26T05:08:30Z
135470,200386,1.0,1585872147,2020-04-03T00:02:27Z
135470,166974,1.0,1585872746,2020-04-03T00:12:26Z
135470,174549,1.0,1585873285,2020-04-03T00:21:25Z
135470,162968,1.0,1585873483,2020-04-03T00:24:43Z
135470,166291,1.0,1585874586,2020-04-03T00:43:06Z
135553,168250,3.5,1512685343,2017-12-07T22:22:23Z
135553,181225,3.5,1512685403,2017-12-07T22:23:23Z
135553,179225,4.0,1512694957,2017-12-08T01:02:37Z
135553,175299,1.0,1512695157,2017-12-08T01:05:57Z
135553,177939,2.0,1537202081,2018-09-17T16:34:41Z
135553,180069,3.5,1562936913,2019-07-12T13:08:33Z
135553,206809,2.0,1569626295,2019-09-27T23:18:15Z
135553,141432,3.5,1569757570,2019-09-29T11:46:10Z
135553,203926,3.5,1572793926,2019-11-03T15:12:06Z
135553,190525,4.0,1581312549,2020-02-10T05:29:09Z
135553,143531,2.5,1600554942,2020-09-19T22:35:42Z
135553,182467,4.0,1626802766,2021-07-20T17:39:26Z
135553,228225,3.0,1626813603,2021-07-20T20:40:03Z
135553,253332,2.0,1640427767,2021-12-25T10:22:47Z
135553,257037,3.5,1643073585,2022-01-25T01:19:45Z
135553,223310,2.5,1647823411,2022-03-21T00:43:31Z
135553,188773,4.0,1652475419,2022-05-13T20:56:59Z
135553,200794,3.5,1654642264,2022-06-07T22:51:04Z
135553,242062,3.5,1659200601,2022-07-30T17:03:21Z
135553,273891,2.5,1660609329,2022-08-16T00:22:09Z
135553,281188,3.5,1677271023,2023-02-24T20:37:03Z
135553,258001,3.0,1693976602,2023-09-06T05:03:22Z
135555,165105,3.0,1480308081,2016-11-28T04:41:21Z
135555,168250,5.0,1490736497,2017-03-28T21:28:17Z
135555,143367,3.5,1490736790,2017-03-28T21:33:10Z
135555,163056,3.5,1490736962,2017-03-28T21:36:02Z
135555,200838,3.0,1566759401,2019-08-25T18:56:41Z
135555,200820,2.5,1566759544,2019-08-25T18:59:04Z
135592,168250,3.5,1505154243,2017-09-11T18:24:03Z
135592,200820,3.0,1569959883,2019-10-01T19:58:03Z
135592,257037,3.0,1648131862,2022-03-24T14:24:22Z
135592,273891,3.0,1675193665,2023-01-31T19:34:25Z
135592,275245,3.0,1675193766,2023-01-31T19:36:06Z
135819,275245,4.5,1670334903,2022-12-06T13:55:03Z
135819,168250,4.0,1670334973,2022-12-06T13:56:13Z
135819,188623,4.5,1670363363,2022-12-06T21:49:23Z
135819,188773,4.0,1670363376,2022-12-06T21:49:36Z
135819,163134,4.0,1670368334,2022-12-06T23:12:14Z
135882,168250,3.0,1524333705,2018-04-21T18:01:45Z
135882,146309,3.5,1530313290,2018-06-29T23:01:30Z
135882,143367,3.0,1598524061,2020-08-27T10:27:41Z
135882,163134,3.5,1605975655,2020-11-21T16:20:55Z
135882,275245,3.5,1665346971,2022-10-09T20:22:51Z
136070,173007,3.5,1495385437,2017-05-21T16:50:37Z
136070,168250,3.5,1495984096,2017-05-28T15:08:16Z
136070,163134,4.0,1505688417,2017-09-17T22:46:57Z
136070,178907,3.5,1507513130,2017-10-09T01:38:50Z
136070,186985,3.0,1525305774,2018-05-03T00:02:54Z
136070,169400,3.0,1529711433,2018-06-22T23:50:33Z
136070,183661,3.0,1531522479,2018-07-13T22:54:39Z
136070,193533,3.0,1537139652,2018-09-16T23:14:12Z
136070,194797,2.5,1551619070,2019-03-03T13:17:50Z
136070,191235,3.0,1551619086,2019-03-03T13:18:06Z
136070,200838,3.0,1588258276,2020-04-30T14:51:16Z
136070,163056,4.0,1592779272,2020-06-21T22:41:12Z
136146,168250,4.5,1546438415,2019-01-02T14:13:35Z
136146,137863,4.5,1556201915,2019-04-25T14:18:35Z
136146,196937,4.0,1581351734,2020-02-10T16:22:14Z
136146,192981,2.0,1647129373,2022-03-12T23:56:13Z
136146,279806,4.5,1665744171,2022-10-14T10:42:51Z
136275,168250,4.5,1598765935,2020-08-30T05:38:55Z
136275,200838,3.5,1602466818,2020-10-12T01:40:18Z
136275,200820,2.0,1602466828,2020-10-12T01:40:28Z
136275,273891,4.5,1667171215,2022-10-30T23:06:55Z
136275,275245,3.5,1668303578,2022-11-13T01:39:38Z
136349,168250,3.5,1597018425,2020-08-10T00:13:45Z
136349,200820,2.0,1597020579,2020-08-10T00:49:39Z
136349,163134,4.5,1597023249,2020-08-10T01:34:09Z
136349,186985,4.5,1597024059,2020-08-10T01:47:39Z
136349,275245,3.5,1663714998,2022-09-20T23:03:18Z
136349,273891,3.5,1680195776,2023-03-30T17:02:56Z
136428,163056,3.5,1606904513,2020-12-02T10:21:53Z
136428,168250,4.5,1606905493,2020-12-02T10:38:13Z
136428,173235,4.0,1606905703,2020-12-02T10:41:43Z
136428,210577,3.5,1608162695,2020-12-16T23:51:35Z
136428,163134,5.0,1611612731,2021-01-25T22:12:11Z
136428,182467,5.0,1612927252,2021-02-10T03:20:52Z
136428,193041,4.0,1613955364,2021-02-22T00:56:04Z
136428,252932,4.0,1641146734,2022-01-02T18:05:34Z
136428,255457,3.5,1641146761,2022-01-02T18:06:01Z
136791,163134,3.5,1574038100,2019-11-18T00:48:20Z
136791,200838,3.0,1574038350,2019-11-18T00:52:30Z
136791,200820,2.0,1574038394,2019-11-18T00:53:14Z
136791,210577,3.5,1592596999,2020-06-19T20:03:19Z
136791,196937,3.5,1607231037,2020-12-06T05:03:57Z
136791,186985,2.0,1645810695,2022-02-25T17:38:15Z
136791,193041,3.5,1648156954,2022-03-24T21:22:34Z
136791,257037,4.0,1648428031,2022-03-28T00:40:31Z
136791,273891,3.5,1664742974,2022-10-02T20:36:14Z
136791,168250,4.0,1664743375,2022-10-02T20:42:55Z
136791,275245,3.5,1669759739,2022-11-29T22:08:59Z
136791,289097,4.0,1696629154,2023-10-06T21:52:34Z
136842,165105,3.5,1558566729,2019-05-22T23:12:09Z
136842,163134,1.0,1558826071,2019-05-25T23:14:31Z
136842,146309,0.5,1562793013,2019-07-10T21:10:13Z
136842,168250,2.5,1570292837,2019-10-05T16:27:17Z
136842,200838,1.0,1626408360,2021-07-16T04:06:00Z
136842,210577,1.0,1626409679,2021-07-16T04:27:59Z
136914,166291,4.0,1609472793,2021-01-01T03:46:33Z
136914,204158,4.0,1609472899,2021-01-01T03:48:19Z
136914,201704,4.5,1609489796,2021-01-01T08:29:56Z
136914,171013,4.0,1609489887,2021-01-01T08:31:27Z
136914,146309,3.5,1609490665,2021-01-01T08:44:25Z
136914,163134,5.0,1609714852,2021-01-03T23:00:52Z
137064,141432,4.5,1577699798,2019-12-30T09:56:38Z
137064,160848,3.5,1577699802,2019-12-30T09:56:42Z
137064,163134,4.0,1577699802,2019-12-30T09:56:42Z
137064,182479,3.5,1577699802,2019-12-30T09:56:42Z
137064,193916,3.5,1577699802,2019-12-30T09:56:42Z
137064,200838,3.0,1577739835,2019-12-30T21:03:55Z
137323,168250,4.5,1649422069,2022-04-08T12:47:49Z
137323,193041,3.5,1655637720,2022-06-19T11:22:00Z
137323,273891,4.0,1680262686,2023-03-31T11:38:06Z
137323,258001,4.5,1680262907,2023-03-31T11:41:47Z
137323,275245,3.0,1680263043,2023-03-31T11:44:03Z
137483,163056,4.5,1628035775,2021-08-04T00:09:35Z
137483,168250,4.0,1628037173,2021-08-04T00:32:53Z
137483,200820,3.5,1674728718,2023-01-26T10:25:18Z
137483,257701,4.5,1674729186,2023-01-26T10:33:06Z
137483,246604,4.5,1679195892,2023-03-19T03:18:12Z
137495,160848,4.5,1543123268,2018-11-25T05:21:08Z
137495,168250,4.5,1543127900,2018-11-25T06:38:20Z
137495,200820,3.5,1641650896,2022-01-08T14:08:16Z
137495,279094,3.0,1680548165,2023-04-03T18:56:05Z
137495,272555,3.0,1685057115,2023-05-25T23:25:15Z
137495,289563,2.5,1691288281,2023-08-06T02:18:01Z
137659,168250,4.5,1526153229,2018-05-12T19:27:09Z
137659,163134,4.0,1541071343,2018-11-01T11:22:23Z
137659,188773,4.5,1555867419,2019-04-21T17:23:39Z
137659,200820,3.0,1559497666,2019-06-02T17:47:46Z
137659,200838,3.0,1586710602,2020-04-12T16:56:42Z
137659,169400,3.5,1593366753,2020-06-28T17:52:33Z
137659,275245,4.5,1668193783,2022-11-11T19:09:43Z
137740,163134,4.5,1610658967,2021-01-14T21:16:07Z
137740,188623,4.5,1610659009,2021-01-14T21:16:49Z
137740,168250,4.0,1610659280,2021-01-14T21:21:20Z
137740,182467,4.0,1610684394,2021-01-15T04:19:54Z
137740,150776,4.5,1610684504,2021-01-15T04:21:44Z
137870,163134,4.5,1496778898,2017-06-06T19:54:58Z
137870,146309,3.5,1497903667,2017-06-19T20:21:07Z
137870,168250,2.5,1498509904,2017-06-26T20:45:04Z
137870,166291,3.5,1504820846,2017-09-07T21:47:26Z
137870,177939,5.0,1575409459,2019-12-03T21:44:19Z
137870,184835,2.5,1575409476,2019-12-03T21:44:36Z
137909,143367,3.5,1636840249,2021-11-13T21:50:49Z
137909,163134,5.0,1636840522,2021-11-13T21:55:22Z
137909,166291,5.0,1636840878,2021-11-13T22:01:18Z
137909,187145,3.5,1636843512,2021-11-13T22:45:12Z
137909,204158,3.0,1636843813,2021-11-13T22:50:13Z
137909,216525,2.5,1636844266,2021-11-13T22:57:46Z
137909,171013,4.5,1636844931,2021-11-13T23:08:51Z
137909,188623,3.5,1636845671,2021-11-13T23:21:11Z
137909,192209,2.0,1636938566,2021-11-15T01:09:26Z
137909,182467,4.5,1643673939,2022-02-01T00:05:39Z
137909,168250,4.5,1661129076,2022-08-22T00:44:36Z
137909,142618,3.5,1667937176,2022-11-08T19:52:56Z
137909,275245,3.0,1674948011,2023-01-28T23:20:11Z
137909,273891,5.0,1689381106,2023-07-15T00:31:46Z
137988,163134,4.5,1585848386,2020-04-02T17:26:26Z
137988,168250,4.5,1585849861,2020-04-02T17:51:01Z
137988,143367,4.5,1586374995,2020-04-08T19:43:15Z
137988,173007,4.0,1592280007,2020-06-16T04:00:07Z
137988,188773,4.0,1592280130,2020-06-16T04:02:10Z
138059,168250,4.0,1611993629,2021-01-30T08:00:29Z
138059,200052,1.0,1611997138,2021-01-30T08:58:58Z
138059,213367,1.0,1611997141,2021-01-30T08:59:01Z
138059,180091,1.0,1611997143,2021-01-30T08:59:03Z
138059,141972,1.0,1611997146,2021-01-30T08:59:06Z
138059,219862,1.0,1611997154,2021-01-30T08:59:14Z
138059,149658,1.0,1612049514,2021-01-30T23:31:54Z
138059,148855,1.0,1612209349,2021-02-01T19:55:49Z
138109,163134,5.0,1557057309,2019-05-05T11:55:09Z
138109,160848,5.0,1557058755,2019-05-05T12:19:15Z
138109,166291,5.0,1557186574,2019-05-06T23:49:34Z
138109,187145,5.0,1557186774,2019-05-06T23:52:54Z
138109,166295,4.5,1557496956,2019-05-10T14:02:36Z
138109,169022,5.0,1557575907,2019-05-11T11:58:27Z
138109,198611,4.5,1558708876,2019-05-24T14:41:16Z
138109,171013,4.5,1565814576,2019-08-14T20:29:36Z
138109,192209,4.0,1588118631,2020-04-29T00:03:51Z
138191,188623,3.5,1643926629,2022-02-03T22:17:09Z
138191,253332,3.5,1643937995,2022-02-04T01:26:35Z
138191,200820,1.0,1645230359,2022-02-19T00:25:59Z
138191,163134,1.5,1651468988,2022-05-02T05:23:08Z
138191,143367,3.0,1658196181,2022-07-19T02:03:01Z
138191,168250,2.0,1658742530,2022-07-25T09:48:50Z
138191,273891,2.0,1659942001,2022-08-08T07:00:01Z
138225,170961,2.5,1499942439,2017-07-13T10:40:39Z
138225,200820,0.5,1573389187,2019-11-10T12:33:07Z
138225,210577,4.0,1583856288,2020-03-10T16:04:48Z
138225,265114,3.0,1655909991,2022-06-22T14:59:51Z
138225,213431,3.0,1656173161,2022-06-25T16:06:01Z
138225,179411,4.0,1656408417,2022-06-28T09:26:57Z
138225,273891,4.5,1664724116,2022-10-02T15:21:56Z
138378,257037,3.0,1655633828,2022-06-19T10:17:08Z
138378,246604,4.0,1655670461,2022-06-19T20:27:41Z
138378,166291,4.5,1655679955,2022-06-19T23:05:55Z
138378,163134,3.0,1655680004,2022-06-19T23:06:44Z
138378,253826,4.0,1655680097,2022-06-19T23:08:17Z
138397,166291,5.0,1585172489,2020-03-25T21:41:29Z
138397,193583,4.5,1585172739,2020-03-25T21:45:39Z
138397,177285,4.0,1585172964,2020-03-25T21:49:24Z
138397,163134,3.0,1585173335,2020-03-25T21:55:35Z
138397,198611,3.5,1585192408,2020-03-26T03:13:28Z
138683,163134,4.5,1516718704,2018-01-23T14:45:04Z
138683,168250,4.0,1555317251,2019-04-15T08:34:11Z
138683,143367,4.5,1567285072,2019-08-31T20:57:52Z
138683,188773,4.5,1611584805,2021-01-25T14:26:45Z
138683,257037,3.0,1655485269,2022-06-17T17:01:09Z
138789,148855,4.0,1524357754,2018-04-22T00:42:34Z
138789,182479,4.0,1525587409,2018-05-06T06:16:49Z
138789,177229,4.5,1549957699,2019-02-12T07:48:19Z
138789,166291,4.5,1555543653,2019-04-17T23:27:33Z
138789,193916,5.0,1556055661,2019-04-23T21:41:01Z
138789,163134,5.0,1558992185,2019-05-27T21:23:05Z
138789,162990,5.0,1561263531,2019-06-23T04:18:51Z
138789,196937,4.5,1578126952,2020-01-04T08:35:52Z
138789,204158,5.0,1594607454,2020-07-13T02:30:54Z
138789,206393,4.0,1594607468,2020-07-13T02:31:08Z
138789,210227,4.0,1594607525,2020-07-13T02:32:05Z
138789,146309,4.5,1608164042,2020-12-17T00:14:02Z
138789,177285,5.0,1666558847,2022-10-23T21:00:47Z
138789,279094,4.5,1666574265,2022-10-24T01:17:45Z
138789,252932,4.5,1666574321,2022-10-24T01:18:41Z
138789,246604,5.0,1666574414,2022-10-24T01:20:14Z
138789,251520,4.5,1666574440,2022-10-24T01:20:40Z
138789,266320,4.5,1669422397,2022-11-26T00:26:37Z
138789,281188,5.0,1696955128,2023-10-10T16:25:28Z
138789,278742,4.5,1696955382,2023-10-10T16:29:42Z
138940,168250,4.0,1556570578,2019-04-29T20:42:58Z
138940,200838,3.0,1558029487,2019-05-16T17:58:07Z
138940,163134,5.0,1561047719,2019-06-20T16:21:59Z
138940,193916,4.5,1567707913,2019-09-05T18:25:13Z
138940,204158,3.5,1579834527,2020-01-24T02:55:27Z
139018,238036,2.0,1640820408,2021-12-29T23:26:48Z
139018,265114,2.0,1640820409,2021-12-29T23:26:49Z
139018,198119,3.0,1640820420,2021-12-29T23:27:00Z
139018,200820,2.0,1640820434,2021-12-29T23:27:14Z
139018,210577,2.0,1640820435,2021-12-29T23:27:15Z
139018,223938,2.0,1640820442,2021-12-29T23:27:22Z
139018,168250,1.5,1640820446,2021-12-29T23:27:26Z
139018,179411,2.5,1640820446,2021-12-29T23:27:26Z
139018,224841,3.5,1640820447,2021-12-29T23:27:27Z
139018,193533,2.5,1640820450,2021-12-29T23:27:30Z
139018,200838,2.0,1640820450,2021-12-29T23:27:30Z
139018,253332,2.0,1640820451,2021-12-29T23:27:31Z
139018,173007,2.5,1640820452,2021-12-29T23:27:32Z
139018,185905,2.0,1640820452,2021-12-29T23:27:32Z
139018,189565,2.0,1640820452,2021-12-29T23:27:32Z
139018,239256,2.5,1640820452,2021-12-29T23:27:32Z
139018,178907,2.0,1640820457,2021-12-29T23:27:37Z
139018,218799,2.0,1640820457,2021-12-29T23:27:37Z
139018,188773,2.5,1640820460,2021-12-29T23:27:40Z
139018,209949,2.0,1640820462,2021-12-29T23:27:42Z
139018,213431,2.0,1640820464,2021-12-29T23:27:44Z
139055,168250,4.0,1548172350,2019-01-22T15:52:30Z
139055,188623,3.5,1588954459,2020-05-08T16:14:19Z
139055,275245,4.0,1667237472,2022-10-31T17:31:12Z
139055,277778,3.0,1674571615,2023-01-24T14:46:55Z
139055,281188,4.0,1681913703,2023-04-19T14:15:03Z
139055,286955,3.5,1683044281,2023-05-02T16:18:01Z
139055,287737,4.5,1695137798,2023-09-19T15:36:38Z
139084,163134,4.0,1615755880,2021-03-14T21:04:40Z
139084,188773,4.0,1616853620,2021-03-27T14:00:20Z
139084,188623,3.5,1616854595,2021-03-27T14:16:35Z
139084,146309,3.0,1616855741,2021-03-27T14:35:41Z
139084,166291,2.5,1616856008,2021-03-27T14:40:08Z
139084,148855,2.0,1616856448,2021-03-27T14:47:28Z
139084,246604,3.5,1641385748,2022-01-05T12:29:08Z
139084,175299,3.5,1644612976,2022-02-11T20:56:16Z
139166,165105,4.0,1508374967,2017-10-19T01:02:47Z
139166,210221,1.0,1610756911,2021-01-16T00:28:31Z
139166,210577,3.5,1610841649,2021-01-17T00:00:49Z
139166,170961,3.0,1626997912,2021-07-22T23:51:52Z
139166,140805,3.5,1631471848,2021-09-12T18:37:28Z
139166,198119,3.0,1643157997,2022-01-26T00:46:37Z
139166,273891,4.0,1662904962,2022-09-11T14:02:42Z
139212,168250,4.0,1499229862,2017-07-05T04:44:22Z
139212,165105,3.5,1546936429,2019-01-08T08:33:49Z
139212,200820,2.5,1578419115,2020-01-07T17:45:15Z
139212,200838,3.0,1578419132,2020-01-07T17:45:32Z
139212,275245,2.5,1659672333,2022-08-05T04:05:33Z
139212,273891,5.0,1662684656,2022-09-09T00:50:56Z
139296,200820,3.0,1617654869,2021-04-05T20:34:29Z
139296,168652,2.0,1628098228,2021-08-04T17:30:28Z
139296,168250,4.5,1628720889,2021-08-11T22:28:09Z
139296,193041,3.0,1629906674,2021-08-25T15:51:14Z
139296,273891,3.5,1672599198,2023-01-01T18:53:18Z
139296,275245,3.5,1672599332,2023-01-01T18:55:32Z
139296,188773,4.0,1696386238,2023-10-04T02:23:58Z
139369,218657,1.5,1618868474,2021-04-19T21:41:14Z
139369,192209,3.5,1619900421,2021-05-01T20:20:21Z
139369,200838,4.5,1620242994,2021-05-05T19:29:54Z
139369,193533,4.0,1621886465,2021-05-24T20:01:05Z
139369,163134,4.0,1625524781,2021-07-05T22:39:41Z
139369,146309,2.5,1625524849,2021-07-05T22:40:49Z
139369,254464,4.0,1637362630,2021-11-19T22:57:10Z
139369,240868,4.5,1656571809,2022-06-30T06:50:09Z
139369,276581,3.0,1657638559,2022-07-12T15:09:19Z
139369,270762,3.5,1658866551,2022-07-26T20:15:51Z
139369,161594,4.0,1659553132,2022-08-03T18:58:52Z
139369,272555,3.0,1659966986,2022-08-08T13:56:26Z
139369,273891,4.0,1668350634,2022-11-13T14:43:54Z
139369,281066,2.5,1687141919,2023-06-19T02:31:59Z
139369,200820,3.5,1687558138,2023-06-23T22:08:58Z
139369,290787,3.5,1694964556,2023-09-17T15:29:16Z
139459,168250,3.5,1496821881,2017-06-07T07:51:21Z
139459,143367,2.5,1608576866,2020-12-21T18:54:26Z
139459,260825,3.0,1646258826,2022-03-02T22:07:06Z
139459,273891,3.0,1670786524,2022-12-11T19:22:04Z
139459,279436,3.0,1674679753,2023-01-25T20:49:13Z
139459,275245,3.0,1676755998,2023-02-18T21:33:18Z
139878,200838,3.5,1663618471,2022-09-19T20:14:31Z
139878,168250,3.5,1663690586,2022-09-20T16:16:26Z
139878,200820,4.5,1663691507,2022-09-20T16:31:47Z
139878,273891,4.0,1663783682,2022-09-21T18:08:02Z
139878,210577,4.0,1663784343,2022-09-21T18:19:03Z
139949,163134,4.0,1481583025,2016-12-12T22:50:25Z
139949,168250,4.5,1494299647,2017-05-09T03:14:07Z
139949,200838,3.5,1557866122,2019-05-14T20:35:22Z
139949,188623,4.5,1623758181,2021-06-15T11:56:21Z
139949,257037,4.5,1660542588,2022-08-15T05:49:48Z
139949,275245,3.5,1660736871,2022-08-17T11:47:51Z
139949,281188,3.5,1686039633,2023-06-06T08:20:33Z
139952,163134,5.0,1491617519,2017-04-08T02:11:59Z
139952,168250,2.5,1503900601,2017-08-28T06:10:01Z
139952,200838,2.5,1565064787,2019-08-06T04:13:07Z
139952,210577,4.5,1582699370,2020-02-26T06:42:50Z
139952,223570,5.0,1599351201,2020-09-06T00:13:21Z
139952,223572,5.0,1599351308,2020-09-06T00:15:08Z
139952,222627,5.0,1599351418,2020-09-06T00:16:58Z
139952,275245,3.0,1670448680,2022-12-07T21:31:20Z
139952,177939,4.0,1670485765,2022-12-08T07:49:25Z
140147,200838,3.5,1581391638,2020-02-11T03:27:18Z
140147,188773,4.5,1581392190,2020-02-11T03:36:30Z
140147,188623,5.0,1598405842,2020-08-26T01:37:22Z
140147,187545,3.5,1598499887,2020-08-27T03:44:47Z
140147,177465,3.5,1601566969,2020-10-01T15:42:49Z
140147,168250,4.0,1607983409,2020-12-14T22:03:29Z
140147,143367,5.0,1608603646,2020-12-22T02:20:46Z
140147,160848,5.0,1608603751,2020-12-22T02:22:31Z
140377,168250,4.0,1497864944,2017-06-19T09:35:44Z
140377,165105,3.0,1521291203,2018-03-17T12:53:23Z
140377,143367,3.0,1523061319,2018-04-07T00:35:19Z
140377,200838,3.5,1596867488,2020-08-08T06:18:08Z
140377,200820,3.5,1598233044,2020-08-24T01:37:24Z
140377,210577,4.0,1622434688,2021-05-31T04:18:08Z
140377,275245,3.5,1661667422,2022-08-28T06:17:02Z
140400,168250,3.5,1528739673,2018-06-11T17:54:33Z
140400,143367,3.5,1528755404,2018-06-11T22:16:44Z
140400,160848,4.0,1539880723,2018-10-18T16:38:43Z
140400,163134,4.0,1583168791,2020-03-02T17:06:31Z
140400,188623,3.5,1583168884,2020-03-02T17:08:04Z
140400,257037,4.0,1642297901,2022-01-16T01:51:41Z
140400,273891,3.5,1670992700,2022-12-14T04:38:20Z
140400,275245,4.0,1672184465,2022-12-27T23:41:05Z
140400,281188,4.0,1695334364,2023-09-21T22:12:44Z
140400,163056,3.5,1696722433,2023-10-07T23:47:13Z
140675,140106,4.0,1506705321,2017-09-29T17:15:21Z
140675,163134,3.0,1506705322,2017-09-29T17:15:22Z
140675,164643,4.0,1506705322,2017-09-29T17:15:22Z
140675,164204,4.0,1506705323,2017-09-29T17:15:23Z
140675,168250,3.0,1506705323,2017-09-29T17:15:23Z
140752,275245,3.0,1672847349,2023-01-04T15:49:09Z
140752,274487,4.0,1672847350,2023-01-04T15:49:10Z
140752,238344,4.0,1672847353,2023-01-04T15:49:13Z
140752,254500,3.5,1672847354,2023-01-04T15:49:14Z
140752,257037,4.5,1672847354,2023-01-04T15:49:14Z
140752,258969,3.5,1672847354,2023-01-04T15:49:14Z
140752,261253,4.0,1672847355,2023-01-04T15:49:15Z
140752,200820,2.0,1672847364,2023-01-04T15:49:24Z
140752,143367,4.0,1672847367,2023-01-04T15:49:27Z
140752,168250,4.0,1672847368,2023-01-04T15:49:28Z
140752,179411,3.5,1672847368,2023-01-04T15:49:28Z
140752,188623,4.0,1672847372,2023-01-04T15:49:32Z
140752,238342,3.5,1672847372,2023-01-04T15:49:32Z
140832,183661,2.0,1568838530,2019-09-18T20:28:50Z
140832,191235,1.5,1568838532,2019-09-18T20:28:52Z
140832,194797,1.0,1568838534,2019-09-18T20:28:54Z
140832,200820,5.0,1568838537,2019-09-18T20:28:57Z
140832,178907,4.0,1568838695,2019-09-18T20:31:35Z
140832,182479,4.0,1568838695,2019-09-18T20:31:35Z
140832,163056,4.5,1568839278,2019-09-18T20:41:18Z
140832,163134,5.0,1568839299,2019-09-18T20:41:39Z
141098,168250,4.0,1687892909,2023-06-27T19:08:29Z
141098,200838,3.5,1687893146,2023-06-27T19:12:26Z
141098,275245,2.0,1687893850,2023-06-27T19:24:10Z
141098,210577,3.0,1687896054,2023-06-27T20:00:54Z
141098,198119,1.0,1687899617,2023-06-27T21:00:17Z
141098,200820,4.0,1687899620,2023-06-27T21:00:20Z
141098,161592,1.0,1687899621,2023-06-27T21:00:21Z
141098,161594,3.0,1687899622,2023-06-27T21:00:22Z
141098,169400,3.5,1687899622,2023-06-27T21:00:22Z
141098,193533,2.0,1687899622,2023-06-27T21:00:22Z
141098,239256,1.0,1687899622,2023-06-27T21:00:22Z
141098,173007,2.5,1687899623,2023-06-27T21:00:23Z
141136,186985,1.5,1578133947,2020-01-04T10:32:27Z
141136,200820,2.5,1578133963,2020-01-04T10:32:43Z
141136,193041,4.0,1578134038,2020-01-04T10:33:58Z
141136,163134,5.0,1578135601,2020-01-04T11:00:01Z
141136,204158,3.5,1579531927,2020-01-20T14:52:07Z
141136,140805,2.5,1581326571,2020-02-10T09:22:51Z
141136,162990,3.5,1581326571,2020-02-10T09:22:51Z
141136,249182,2.5,1668580886,2022-11-16T06:41:26Z
141136,252932,3.0,1668580886,2022-11-16T06:41:26Z
141242,174549,2.0,1603311187,2020-10-21T20:13:07Z
141242,221256,3.5,1603328658,2020-10-22T01:04:18Z
141242,163134,4.5,1677444890,2023-02-26T20:54:50Z
141242,204158,2.5,1677445669,2023-02-26T21:07:49Z
141242,168250,1.5,1677446012,2023-02-26T21:13:32Z
141242,166291,1.5,1677446045,2023-02-26T21:14:05Z
141242,206393,1.5,1677446051,2023-02-26T21:14:11Z
141242,200820,2.5,1677446350,2023-02-26T21:19:10Z
141242,200838,3.0,1677446403,2023-02-26T21:20:03Z
141242,210577,1.0,1677446634,2023-02-26T21:23:54Z
141283,143367,3.5,1493596910,2017-05-01T00:01:50Z
141283,168250,3.0,1507577321,2017-10-09T19:28:41Z
141283,163134,3.0,1526844696,2018-05-20T19:31:36Z
141283,160848,3.0,1563293139,2019-07-16T16:05:39Z
141283,209949,4.0,1647813483,2022-03-20T21:58:03Z
141289,168250,3.5,1520080049,2018-03-03T12:27:29Z
141289,160848,3.5,1531519231,2018-07-13T22:00:31Z
141289,200838,3.5,1558795548,2019-05-25T14:45:48Z
141289,200820,2.5,1568051942,2019-09-09T17:59:02Z
141289,210577,3.0,1589724878,2020-05-17T14:14:38Z
141289,162718,3.0,1625689020,2021-07-07T20:17:00Z
141289,255639,3.0,1635636764,2021-10-30T23:32:44Z
141289,273891,3.0,1662232105,2022-09-03T19:08:25Z
141289,173007,3.0,1689431584,2023-07-15T14:33:04Z
141385,168250,4.5,1663291491,2022-09-16T01:24:51Z
141385,200820,2.5,1663396788,2022-09-17T06:39:48Z
141385,257037,4.0,1663473103,2022-09-18T03:51:43Z
141385,143367,4.5,1664513565,2022-09-30T04:52:45Z
141385,273891,3.0,1667111271,2022-10-30T06:27:51Z
141401,193041,5.0,1666121476,2022-10-18T19:31:16Z
141401,273891,4.0,1666121817,2022-10-18T19:36:57Z
141401,163056,5.0,1666122526,2022-10-18T19:48:46Z
141401,275245,4.0,1666122595,2022-10-18T19:49:55Z
141401,143367,5.0,1675617373,2023-02-05T17:16:13Z
141526,168250,4.0,1498950935,2017-07-01T23:15:35Z
141526,163134,4.5,1506887090,2017-10-01T19:44:50Z
141526,146309,4.0,1507853673,2017-10-13T00:14:33Z
141526,173007,3.5,1516647729,2018-01-22T19:02:09Z
141526,204158,3.5,1578779870,2020-01-11T21:57:50Z
141526,200838,3.0,1587584398,2020-04-22T19:39:58Z
141526,166291,4.5,1588537306,2020-05-03T20:21:46Z
141526,223570,4.5,1601163728,2020-09-26T23:42:08Z
141526,222627,4.0,1607290413,2020-12-06T21:33:33Z
141526,218657,3.5,1609618075,2021-01-02T20:07:55Z
141526,166295,2.5,1609796595,2021-01-04T21:43:15Z
141526,281188,3.0,1694372277,2023-09-10T18:57:57Z
141526,289563,3.0,1695594933,2023-09-24T22:35:33Z
141557,166291,5.0,1540754549,2018-10-28T19:22:29Z
141557,166295,5.0,1540754631,2018-10-28T19:23:51Z
141557,163134,4.0,1540755822,2018-10-28T19:43:42Z
141557,168250,4.5,1541179687,2018-11-02T17:28:07Z
141557,177939,5.0,1549038242,2019-02-01T16:24:02Z
141557,275245,3.0,1693293828,2023-08-29T07:23:48Z
141557,239256,2.0,1694512377,2023-09-12T09:52:57Z
141567,246604,3.5,1696811868,2023-10-09T00:37:48Z
141567,187545,3.0,1696811880,2023-10-09T00:38:00Z
141567,165105,4.0,1696811881,2023-10-09T00:38:01Z
141567,168250,4.5,1696811885,2023-10-09T00:38:05Z
141567,179411,3.5,1696811885,2023-10-09T00:38:05Z
141567,169400,3.0,1696811886,2023-10-09T00:38:06Z
141567,188623,4.5,1696811888,2023-10-09T00:38:08Z
141567,193041,4.5,1696811889,2023-10-09T00:38:09Z
141567,218771,3.5,1696811889,2023-10-09T00:38:09Z
141590,168250,4.5,1506140667,2017-09-23T04:24:27Z
141590,182467,5.0,1513618544,2017-12-18T17:35:44Z
141590,177939,4.5,1517153140,2018-01-28T15:25:40Z
141590,160848,3.5,1527435393,2018-05-27T15:36:33Z
141590,200838,3.0,1557467260,2019-05-10T05:47:40Z
141590,163134,4.5,1619727116,2021-04-29T20:11:56Z
141590,253332,4.5,1636827010,2021-11-13T18:10:10Z
141590,275245,3.5,1666199269,2022-10-19T17:07:49Z
141590,281188,2.0,1683482902,2023-05-07T18:08:22Z
141605,273891,3.5,1668612860,2022-11-16T15:34:20Z
141605,200820,2.0,1668614920,2022-11-16T16:08:40Z
141605,200838,2.0,1668615310,2022-11-16T16:15:10Z
141605,168250,2.5,1668622163,2022-11-16T18:09:23Z
141605,210577,1.5,1668693415,2022-11-17T13:56:55Z
141605,196937,3.0,1668695865,2022-11-17T14:37:45Z
141605,137863,3.0,1668695920,2022-11-17T14:38:40Z
141676,163134,4.5,1592848153,2020-06-22T17:49:13Z
141676,200820,2.5,1592849558,2020-06-22T18:12:38Z
141676,146309,5.0,1592852698,2020-06-22T19:04:58Z
141676,166291,4.0,1592856037,2020-06-22T20:00:37Z
141676,218657,2.5,1592867259,2020-06-22T23:07:39Z
141676,192209,3.0,1593037009,2020-06-24T22:16:49Z
141676,193916,3.5,1593037621,2020-06-24T22:27:01Z
141676,183661,3.0,1593038233,2020-06-24T22:37:13Z
141676,194797,3.0,1593039106,2020-06-24T22:51:46Z
141676,162990,4.0,1593454012,2020-06-29T18:06:52Z
141676,204158,3.0,1600447267,2020-09-18T16:41:07Z
142004,168250,4.0,1563724937,2019-07-21T16:02:17Z
142004,188623,4.5,1563737227,2019-07-21T19:27:07Z
142004,187145,4.5,1568538004,2019-09-15T09:00:04Z
142004,146309,4.0,1592766242,2020-06-21T19:04:02Z
142004,163134,4.5,1592766338,2020-06-21T19:05:38Z
142078,166291,4.5,1589659209,2020-05-16T20:00:09Z
142078,163134,4.5,1589659239,2020-05-16T20:00:39Z
142078,196937,3.5,1589659338,2020-05-16T20:02:18Z
142078,168250,3.5,1589659758,2020-05-16T20:09:18Z
142078,231413,4.5,1642627391,2022-01-19T21:23:11Z
142078,137863,4.0,1642627420,2022-01-19T21:23:40Z
142189,169400,3.0,1494669878,2017-05-13T10:04:38Z
142189,173007,5.0,1506874490,2017-10-01T16:14:50Z
142189,163056,4.0,1512601188,2017-12-06T22:59:48Z
142189,179411,5.0,1520283894,2018-03-05T21:04:54Z
142189,186985,3.0,1543773913,2018-12-02T18:05:13Z
142189,168250,5.0,1563919765,2019-07-23T22:09:25Z
142189,166291,2.0,1575238508,2019-12-01T22:15:08Z
142189,196937,3.0,1585669252,2020-03-31T15:40:52Z
142189,188773,5.0,1593529352,2020-06-30T15:02:32Z
142189,163134,3.0,1609927809,2021-01-06T10:10:09Z
142189,226330,3.0,1614359001,2021-02-26T17:03:21Z
142189,193916,4.0,1626810717,2021-07-20T19:51:57Z
142189,146309,4.0,1628541591,2021-08-09T20:39:51Z
142189,246604,5.0,1628932656,2021-08-14T09:17:36Z
142189,206393,3.0,1629622740,2021-08-22T08:59:00Z
142189,207297,4.0,1644429765,2022-02-09T18:02:45Z
142189,273891,4.0,1677796826,2023-03-02T22:40:26Z
142189,257701,4.0,1684350044,2023-05-17T19:00:44Z
142278,163134,4.0,1536698313,2018-09-11T20:38:33Z
142278,168250,4.0,1536699050,2018-09-11T20:50:50Z
142278,164204,4.0,1536731400,2018-09-12T05:50:00Z
142278,143367,4.0,1541453443,2018-11-05T21:30:43Z
142278,188623,4.0,1542291124,2018-11-15T14:12:04Z
142278,188773,4.0,1551104322,2019-02-25T14:18:42Z
142299,200838,3.0,1641342174,2022-01-05T00:22:54Z
142299,166291,4.0,1641345130,2022-01-05T01:12:10Z
142299,210577,3.5,1641469495,2022-01-06T11:44:55Z
142299,192649,1.0,1641470620,2022-01-06T12:03:40Z
142299,163134,3.5,1641471537,2022-01-06T12:18:57Z
142299,187145,3.5,1641471671,2022-01-06T12:21:11Z
142299,224841,1.5,1641472281,2022-01-06T12:31:21Z
142656,168250,3.0,1602256889,2020-10-09T15:21:29Z
142656,178907,3.5,1602257127,2020-10-09T15:25:27Z
142656,160848,3.5,1602635481,2020-10-14T00:31:21Z
142656,273891,4.0,1664660200,2022-10-01T21:36:40Z
142656,182467,2.0,1665830895,2022-10-15T10:48:15Z
142656,188623,3.5,1674508349,2023-01-23T21:12:29Z
142656,258001,3.5,1694897498,2023-09-16T20:51:38Z
142656,177939,3.5,1696185950,2023-10-01T18:45:50Z
142656,193041,2.0,1697105040,2023-10-12T10:04:00Z
142848,168250,4.0,1489239650,2017-03-11T13:40:50Z
142848,163056,3.5,1502007467,2017-08-06T08:17:47Z
142848,188623,5.0,1577113080,2019-12-23T14:58:00Z
142848,257037,5.0,1642942092,2022-01-23T12:48:12Z
142848,177939,5.0,1650796178,2022-04-24T10:29:38Z
142848,188773,4.5,1653843612,2022-05-29T17:00:12Z
142999,168250,3.5,1566075399,2019-08-17T20:56:39Z
142999,166291,4.5,1589206911,2020-05-11T14:21:51Z
142999,163134,4.5,1589206923,2020-05-11T14:22:03Z
142999,178111,3.5,1589250741,2020-05-12T02:32:21Z
142999,198611,4.5,1589297718,2020-05-12T15:35:18Z
142999,204158,4.0,1597611367,2020-08-16T20:56:07Z
143019,146309,3.0,1513004649,2017-12-11T15:04:09Z
143019,210577,3.0,1634512011,2021-10-17T23:06:51Z
143019,161594,2.5,1649249499,2022-04-06T12:51:39Z
143019,200838,3.0,1652061169,2022-05-09T01:52:49Z
143019,273891,3.5,1687484076,2023-06-23T01:34:36Z
143060,200838,2.5,1634948960,2021-10-23T00:29:20Z
143060,200820,3.5,1634949051,2021-10-23T00:30:51Z
143060,170961,3.0,1634949191,2021-10-23T00:33:11Z
143060,177285,4.5,1634950532,2021-10-23T00:55:32Z
143060,163134,4.0,1634954609,2021-10-23T02:03:29Z
143105,163134,4.5,1502070344,2017-08-07T01:45:44Z
143105,149658,4.0,1502578623,2017-08-12T22:57:03Z
143105,168250,4.0,1516911275,2018-01-25T20:14:35Z
143105,166291,4.0,1528059286,2018-06-03T20:54:46Z
143105,188623,4.5,1550379450,2019-02-17T04:57:30Z
143105,188773,4.5,1550543600,2019-02-19T02:33:20Z
143105,257037,4.5,1653711886,2022-05-28T04:24:46Z
143109,200820,2.5,1587891022,2020-04-26T08:50:22Z
143109,200838,3.0,1589225758,2020-05-11T19:35:58Z
143109,204158,4.0,1591457592,2020-06-06T15:33:12Z
143109,168250,3.5,1591617203,2020-06-08T11:53:23Z
143109,163134,5.0,1591617448,2020-06-08T11:57:28Z
143109,210577,3.0,1594197232,2020-07-08T08:33:52Z
143109,216525,3.0,1595359373,2020-07-21T19:22:53Z
143109,231413,3.5,1624473290,2021-06-23T18:34:50Z
143109,253332,4.5,1631298028,2021-09-10T18:20:28Z
143109,257037,4.0,1658677417,2022-07-24T15:43:37Z
143109,275245,2.0,1662815825,2022-09-10T13:17:05Z
143109,289097,3.5,1696351208,2023-10-03T16:40:08Z
143196,163134,5.0,1645041268,2022-02-16T19:54:28Z
143196,166291,4.0,1645041292,2022-02-16T19:54:52Z
143196,146309,5.0,1645042095,2022-02-16T20:08:15Z
143196,204158,5.0,1645042099,2022-02-16T20:08:19Z
143196,182479,5.0,1645042584,2022-02-16T20:16:24Z
143196,192209,5.0,1645042669,2022-02-16T20:17:49Z
143337,140106,4.0,1572952321,2019-11-05T11:12:01Z
143337,164395,4.0,1572952322,2019-11-05T11:12:02Z
143337,143367,3.5,1572952327,2019-11-05T11:12:07Z
143337,163134,4.0,1572952328,2019-11-05T11:12:08Z
143337,168250,3.0,1572952328,2019-11-05T11:12:08Z
143337,179411,3.5,1572952328,2019-11-05T11:12:08Z
143337,170961,3.5,1572952329,2019-11-05T11:12:09Z
143337,173935,2.5,1572952329,2019-11-05T11:12:09Z
143337,182467,2.5,1572952330,2019-11-05T11:12:10Z
143337,200838,2.5,1572952330,2019-11-05T11:12:10Z
143361,179411,3.0,1654564273,2022-06-07T01:11:13Z
143361,168652,4.5,1654564880,2022-06-07T01:21:20Z
143361,168250,4.0,1654565079,2022-06-07T01:24:39Z
143361,168090,2.5,1655073583,2022-06-12T22:39:43Z
143361,163056,3.0,1656712185,2022-07-01T21:49:45Z
143468,163134,4.0,1495932961,2017-05-28T00:56:01Z
143468,168250,3.0,1495932967,2017-05-28T00:56:07Z
143468,186985,2.5,1524989950,2018-04-29T08:19:10Z
143468,200838,3.0,1565076434,2019-08-06T07:27:14Z
143468,193041,4.0,1571133714,2019-10-15T10:01:54Z
143468,166291,2.5,1575020994,2019-11-29T09:49:54Z
143468,200820,1.5,1580367625,2020-01-30T07:00:25Z
143468,275245,4.0,1676639250,2023-02-17T13:07:30Z
143501,168250,4.5,1510171743,2017-11-08T20:09:03Z
143501,188773,4.5,1567212871,2019-08-31T00:54:31Z
143501,188623,3.5,1583099047,2020-03-01T21:44:07Z
143501,200820,3.0,1615417547,2021-03-10T23:05:47Z
143501,257037,4.5,1646527112,2022-03-06T00:38:32Z
143501,275245,4.0,1659479025,2022-08-02T22:23:45Z
143551,168250,4.5,1683508483,2023-05-08T01:14:43Z
143551,188773,4.0,1683589429,2023-05-08T23:43:49Z
143551,257037,4.0,1683589781,2023-05-08T23:49:41Z
143551,188623,4.0,1683589820,2023-05-08T23:50:20Z
143551,163134,4.5,1686449920,2023-06-11T02:18:40Z
143551,140106,4.5,1689555348,2023-07-17T00:55:48Z
143779,149658,3.5,1570925732,2019-10-13T00:15:32Z
143779,163134,4.0,1570925732,2019-10-13T00:15:32Z
143779,166291,4.0,1570925732,2019-10-13T00:15:32Z
143779,168250,4.5,1570925732,2019-10-13T00:15:32Z
143779,188623,3.5,1570925733,2019-10-13T00:15:33Z
143886,168250,4.5,1548593839,2019-01-27T12:57:19Z
143886,140805,2.5,1619803035,2021-04-30T17:17:15Z
143886,210577,3.5,1619803038,2021-04-30T17:17:18Z
143886,165105,3.0,1619803039,2021-04-30T17:17:19Z
143886,143367,3.5,1619803041,2021-04-30T17:17:21Z
143886,200838,3.0,1619803041,2021-04-30T17:17:21Z
143886,188623,3.0,1619803042,2021-04-30T17:17:22Z
143888,170961,0.5,1661221664,2022-08-23T02:27:44Z
143888,196937,1.0,1661221829,2022-08-23T02:30:29Z
143888,146309,1.0,1661221869,2022-08-23T02:31:09Z
143888,231413,1.0,1661221909,2022-08-23T02:31:49Z
143888,137863,1.0,1661221934,2022-08-23T02:32:14Z
143932,140805,4.0,1473502182,2016-09-10T10:09:42Z
143932,142374,3.0,1473502183,2016-09-10T10:09:43Z
143932,173007,3.5,1512227463,2017-12-02T15:11:03Z
143932,178111,3.0,1524257406,2018-04-20T20:50:06Z
143932,163134,4.5,1524434729,2018-04-22T22:05:29Z
143932,184835,4.0,1527798954,2018-05-31T20:35:54Z
143932,192209,3.5,1533724155,2018-08-08T10:29:15Z
143932,180091,2.5,1546951653,2019-01-08T12:47:33Z
143932,184641,1.0,1550445683,2019-02-17T23:21:23Z
143932,218657,4.0,1608996594,2020-12-26T15:29:54Z
143932,200838,3.0,1618692498,2021-04-17T20:48:18Z
143932,251520,3.5,1623105303,2021-06-07T22:35:03Z
143932,254464,3.5,1627593786,2021-07-29T21:23:06Z
143932,273891,3.5,1659732266,2022-08-05T20:44:26Z
143932,216525,3.5,1663763769,2022-09-21T12:36:09Z
144023,168250,3.5,1567311999,2019-09-01T04:26:39Z
144023,200838,3.5,1574994351,2019-11-29T02:25:51Z
144023,275245,0.5,1673143248,2023-01-08T02:00:48Z
144023,273891,2.5,1673143253,2023-01-08T02:00:53Z
144023,272079,0.5,1681611211,2023-04-16T02:13:31Z
144023,198611,0.5,1681611213,2023-04-16T02:13:33Z
144221,163134,5.0,1629651450,2021-08-22T16:57:30Z
144221,160848,4.0,1631278685,2021-09-10T12:58:05Z
144221,204158,2.0,1634237189,2021-10-14T18:46:29Z
144221,146309,4.0,1642447151,2022-01-17T19:19:11Z
144221,188773,3.0,1671986072,2022-12-25T16:34:32Z
144253,200838,4.0,1557859974,2019-05-14T18:52:54Z
144253,210577,0.5,1638233613,2021-11-30T00:53:33Z
144253,166291,3.5,1643837644,2022-02-02T21:34:04Z
144253,163134,3.5,1643846385,2022-02-02T23:59:45Z
144253,184641,3.5,1644615192,2022-02-11T21:33:12Z
144253,163056,3.5,1686051129,2023-06-06T11:32:09Z
144258,168250,3.0,1596626134,2020-08-05T11:15:34Z
144258,163134,3.5,1596627618,2020-08-05T11:40:18Z
144258,166295,3.5,1598136611,2020-08-22T22:50:11Z
144258,166291,2.5,1598738878,2020-08-29T22:07:58Z
144258,281188,4.5,1686476461,2023-06-11T09:41:01Z
144355,143367,2.0,1630510746,2021-09-01T15:39:06Z
144355,168250,5.0,1630510970,2021-09-01T15:42:50Z
144355,184275,3.0,1630516158,2021-09-01T17:09:18Z
144355,200838,5.0,1630678294,2021-09-03T14:11:34Z
144355,188623,5.0,1630678719,2021-09-03T14:18:39Z
144355,193041,5.0,1630679302,2021-09-03T14:28:22Z
144355,200820,3.0,1630679590,2021-09-03T14:33:10Z
144408,207297,3.5,1589147819,2020-05-10T21:56:59Z
144408,200820,1.5,1589147826,2020-05-10T21:57:06Z
144408,150776,4.0,1589147827,2020-05-10T21:57:07Z
144408,163134,5.0,1589147828,2020-05-10T21:57:08Z
144408,168250,3.5,1589147828,2020-05-10T21:57:08Z
144408,178111,1.5,1589147829,2020-05-10T21:57:09Z
144408,201704,5.0,1589147829,2020-05-10T21:57:09Z
144408,178907,4.0,1589147830,2020-05-10T21:57:10Z
144408,204158,4.5,1589147831,2020-05-10T21:57:11Z
144409,168250,4.5,1607252755,2020-12-06T11:05:55Z
144409,200838,3.5,1607256175,2020-12-06T12:02:55Z
144409,210577,3.5,1607256975,2020-12-06T12:16:15Z
144409,186985,2.0,1607339661,2020-12-07T11:14:21Z
144409,163134,3.5,1607348825,2020-12-07T13:47:05Z
144409,221256,2.5,1607945856,2020-12-14T11:37:36Z
144409,200820,2.5,1628058541,2021-08-04T06:29:01Z
144466,200838,4.0,1593541032,2020-06-30T18:17:12Z
144466,210577,2.5,1593541461,2020-06-30T18:24:21Z
144466,163134,4.5,1593669938,2020-07-02T06:05:38Z
144466,168250,3.0,1594722664,2020-07-14T10:31:04Z
144466,200820,2.5,1599589849,2020-09-08T18:30:49Z
144466,275245,3.0,1666503332,2022-10-23T05:35:32Z
144466,273891,4.0,1675054342,2023-01-30T04:52:22Z
144480,191235,4.5,1542065368,2018-11-12T23:29:28Z
144480,165105,5.0,1594460146,2020-07-11T09:35:46Z
144480,166291,5.0,1594714470,2020-07-14T08:14:30Z
144480,196937,5.0,1594714890,2020-07-14T08:21:30Z
144480,200820,5.0,1597819429,2020-08-19T06:43:49Z
144480,210577,3.0,1598060188,2020-08-22T01:36:28Z
144480,180091,4.5,1598060946,2020-08-22T01:49:06Z
144480,183661,5.0,1598206049,2020-08-23T18:07:29Z
144480,163056,4.5,1612345581,2021-02-03T09:46:21Z
144480,163134,5.0,1665972517,2022-10-17T02:08:37Z
144480,200838,3.5,1665973765,2022-10-17T02:29:25Z
144480,275245,4.0,1666256780,2022-10-20T09:06:20Z
144480,204158,4.0,1666256874,2022-10-20T09:07:54Z
144480,168250,4.0,1666419968,2022-10-22T06:26:08Z
144480,272079,4.0,1666559837,2022-10-23T21:17:17Z
144480,192649,4.0,1667101253,2022-10-30T03:40:53Z
144480,213353,5.0,1667101276,2022-10-30T03:41:16Z
144480,263555,5.0,1667101312,2022-10-30T03:41:52Z
144480,273891,3.0,1668139344,2022-11-11T04:02:24Z
144480,276231,2.5,1668717477,2022-11-17T20:37:57Z
144482,163056,4.5,1554780272,2019-04-09T03:24:32Z
144482,200838,4.0,1558059400,2019-05-17T02:16:40Z
144482,200820,4.0,1559366826,2019-06-01T05:27:06Z
144482,275245,4.0,1677658126,2023-03-01T08:08:46Z
144482,143367,4.5,1680916596,2023-04-08T01:16:36Z
144491,177939,5.0,1548046492,2019-01-21T04:54:52Z
144491,184835,4.5,1548046574,2019-01-21T04:56:14Z
144491,146309,4.5,1548046847,2019-01-21T05:00:47Z
144491,163134,3.5,1548047171,2019-01-21T05:06:11Z
144491,171013,4.5,1563434658,2019-07-18T07:24:18Z
144491,166291,4.0,1563459664,2019-07-18T14:21:04Z
144582,163134,4.0,1555652457,2019-04-19T05:40:57Z
144582,166291,4.0,1572665701,2019-11-02T03:35:01Z
144582,193041,4.0,1578596987,2020-01-09T19:09:47Z
144582,168250,4.0,1659987055,2022-08-08T19:30:55Z
144582,275245,3.0,1693976083,2023-09-06T04:54:43Z
144639,177465,4.0,1506812335,2017-09-30T22:58:55Z
144639,140106,4.5,1506840894,2017-10-01T06:54:54Z
144639,142550,3.5,1532696903,2018-07-27T13:08:23Z
144639,188181,3.0,1532696903,2018-07-27T13:08:23Z
144639,188995,3.5,1532696903,2018-07-27T13:08:23Z
144639,189225,3.5,1532696903,2018-07-27T13:08:23Z
144639,179113,3.5,1532696904,2018-07-27T13:08:24Z
144639,179411,3.5,1532696904,2018-07-27T13:08:24Z
144639,182467,3.5,1532696905,2018-07-27T13:08:25Z
144639,145596,4.0,1532696906,2018-07-27T13:08:26Z
144639,190991,3.0,1532696906,2018-07-27T13:08:26Z
144639,142618,3.5,1532696907,2018-07-27T13:08:27Z
144639,163056,3.5,1532696907,2018-07-27T13:08:27Z
144639,163134,4.0,1532696907,2018-07-27T13:08:27Z
144639,164282,3.5,1532696907,2018-07-27T13:08:27Z
144639,166291,4.0,1532696907,2018-07-27T13:08:27Z
144639,176515,3.5,1532696908,2018-07-27T13:08:28Z
144639,184509,3.5,1532696908,2018-07-27T13:08:28Z
144639,168250,4.0,1532696909,2018-07-27T13:08:29Z
144639,146309,3.5,1532696910,2018-07-27T13:08:30Z
144639,160848,4.0,1532696910,2018-07-27T13:08:30Z
144639,164204,4.0,1532696910,2018-07-27T13:08:30Z
144639,164643,4.0,1532696910,2018-07-27T13:08:30Z
144639,166974,3.5,1532696910,2018-07-27T13:08:30Z
144639,169974,3.5,1532696910,2018-07-27T13:08:30Z
144639,141432,4.0,1532696911,2018-07-27T13:08:31Z
144639,150776,2.5,1532696911,2018-07-27T13:08:31Z
144639,164395,4.0,1532696911,2018-07-27T13:08:31Z
144639,191749,4.0,1532697650,2018-07-27T13:20:50Z
144639,191753,3.5,1532697650,2018-07-27T13:20:50Z
144639,191755,3.5,1532697650,2018-07-27T13:20:50Z
144639,191763,3.5,1532697650,2018-07-27T13:20:50Z
144639,191765,4.0,1532697650,2018-07-27T13:20:50Z
144664,164395,3.5,1609629090,2021-01-02T23:11:30Z
144664,169974,2.5,1609629091,2021-01-02T23:11:31Z
144664,146309,3.0,1609629092,2021-01-02T23:11:32Z
144664,168250,4.0,1609629095,2021-01-02T23:11:35Z
144664,179411,2.5,1609629095,2021-01-02T23:11:35Z
144664,164204,4.0,1609629096,2021-01-02T23:11:36Z
144664,186875,3.0,1609629096,2021-01-02T23:11:36Z
144664,179225,3.5,1609629097,2021-01-02T23:11:37Z
144664,215221,3.0,1609629098,2021-01-02T23:11:38Z
144664,188773,4.0,1609629100,2021-01-02T23:11:40Z
144665,275245,3.0,1671990579,2022-12-25T17:49:39Z
144665,255639,4.0,1671990582,2022-12-25T17:49:42Z
144665,257037,2.5,1671990584,2022-12-25T17:49:44Z
144665,140805,1.5,1671990587,2022-12-25T17:49:47Z
144665,200820,3.5,1671990591,2022-12-25T17:49:51Z
144665,142374,1.5,1671990593,2022-12-25T17:49:53Z
144665,163134,3.0,1671990594,2022-12-25T17:49:54Z
144665,168250,4.0,1671990594,2022-12-25T17:49:54Z
144665,175283,1.5,1671990594,2022-12-25T17:49:54Z
144665,179411,2.5,1671990594,2022-12-25T17:49:54Z
144665,173935,3.0,1671990595,2022-12-25T17:49:55Z
144665,200838,2.5,1671990595,2022-12-25T17:49:55Z
144665,255867,2.5,1671990596,2022-12-25T17:49:56Z
144665,202389,1.5,1671990598,2022-12-25T17:49:58Z
144895,163134,5.0,1567788732,2019-09-06T16:52:12Z
144895,204158,4.5,1567788834,2019-09-06T16:53:54Z
144895,200838,4.0,1567788924,2019-09-06T16:55:24Z
144895,180091,4.5,1567788956,2019-09-06T16:55:56Z
144895,200052,4.5,1567788961,2019-09-06T16:56:01Z
144895,214216,4.0,1584636352,2020-03-19T16:45:52Z
144923,210577,2.0,1612216934,2021-02-01T22:02:14Z
144923,168250,2.0,1612216936,2021-02-01T22:02:16Z
144923,200838,1.5,1612216937,2021-02-01T22:02:17Z
144923,188773,2.0,1612216938,2021-02-01T22:02:18Z
144923,204158,3.5,1612216939,2021-02-01T22:02:19Z
144977,170961,3.5,1512995734,2017-12-11T12:35:34Z
144977,163056,4.5,1514811552,2018-01-01T12:59:12Z
144977,183661,3.5,1518019196,2018-02-07T15:59:56Z
144977,165105,3.0,1526991961,2018-05-22T12:26:01Z
144977,200820,4.0,1560234627,2019-06-11T06:30:27Z
144977,191235,4.0,1560517674,2019-06-14T13:07:54Z
144977,194797,3.5,1560517676,2019-06-14T13:07:56Z
145266,163056,4.0,1501787178,2017-08-03T19:06:18Z
145266,137863,4.0,1536875272,2018-09-13T21:47:52Z
145266,200838,4.0,1569969455,2019-10-01T22:37:35Z
145266,186985,3.0,1593195391,2020-06-26T18:16:31Z
145266,210577,4.0,1593447380,2020-06-29T16:16:20Z
145266,163134,5.0,1593986501,2020-07-05T22:01:41Z
145266,273891,5.0,1673206976,2023-01-08T19:42:56Z
145266,168250,4.0,1677266662,2023-02-24T19:24:22Z
145391,210577,2.0,1640019211,2021-12-20T16:53:31Z
145391,200820,3.5,1640019558,2021-12-20T16:59:18Z
145391,163056,4.0,1640019691,2021-12-20T17:01:31Z
145391,163134,4.5,1640019980,2021-12-20T17:06:20Z
145391,231413,4.0,1640020947,2021-12-20T17:22:27Z
145435,143367,4.0,1593895042,2020-07-04T20:37:22Z
145435,193041,5.0,1594412808,2020-07-10T20:26:48Z
145435,168250,3.5,1595098535,2020-07-18T18:55:35Z
145435,257037,3.5,1639609102,2021-12-15T22:58:22Z
145435,188623,4.0,1642443314,2022-01-17T18:15:14Z
145435,163056,0.5,1672268830,2022-12-28T23:07:10Z
145705,200838,2.0,1579224067,2020-01-17T01:21:07Z
145705,182467,4.0,1610892265,2021-01-17T14:04:25Z
145705,181225,4.0,1611364648,2021-01-23T01:17:28Z
145705,150776,4.0,1614017701,2021-02-22T18:15:01Z
145705,257037,5.0,1644408392,2022-02-09T12:06:32Z
145705,143367,4.5,1652069878,2022-05-09T04:17:58Z
145705,242062,4.5,1656422237,2022-06-28T13:17:17Z
145705,197079,3.5,1659383910,2022-08-01T19:58:30Z
145705,168250,4.0,1659595744,2022-08-04T06:49:04Z
145705,200794,4.0,1660302755,2022-08-12T11:12:35Z
145705,275245,4.5,1661616582,2022-08-27T16:09:42Z
145705,239256,1.5,1683564153,2023-05-08T16:42:33Z
145705,278746,3.5,1687944579,2023-06-28T09:29:39Z
145829,163134,4.0,1604954700,2020-11-09T20:45:00Z
145829,188623,4.0,1605025026,2020-11-10T16:17:06Z
145829,146309,4.0,1605035438,2020-11-10T19:10:38Z
145829,166291,4.0,1605036772,2020-11-10T19:32:52Z
145829,169400,3.0,1605036855,2020-11-10T19:34:15Z
145829,188773,4.0,1605037271,2020-11-10T19:41:11Z
145829,180091,3.5,1613312767,2021-02-14T14:26:07Z
145829,168250,4.5,1615959220,2021-03-17T05:33:40Z
145829,193916,3.0,1616814691,2021-03-27T03:11:31Z
145829,231413,3.5,1619622868,2021-04-28T15:14:28Z
145829,174549,3.0,1625548703,2021-07-06T05:18:23Z
145829,143367,4.5,1637975805,2021-11-27T01:16:45Z
145829,165105,2.5,1650546220,2022-04-21T13:03:40Z
145829,275245,3.0,1658711957,2022-07-25T01:19:17Z
145829,273891,3.5,1677784211,2023-03-02T19:10:11Z
146268,168250,3.0,1573030319,2019-11-06T08:51:59Z
146268,200820,1.0,1585880163,2020-04-03T02:16:03Z
146268,210577,0.5,1587770600,2020-04-24T23:23:20Z
146268,170961,3.0,1588376767,2020-05-01T23:46:07Z
146268,275245,2.5,1675880352,2023-02-08T18:19:12Z
146268,186985,1.5,1676734225,2023-02-18T15:30:25Z
146382,168250,3.5,1586149154,2020-04-06T04:59:14Z
146382,168652,3.5,1599115109,2020-09-03T06:38:29Z
146382,200838,3.5,1605128189,2020-11-11T20:56:29Z
146382,200820,3.0,1605128203,2020-11-11T20:56:43Z
146382,161594,3.5,1605428371,2020-11-15T08:19:31Z
146622,168250,4.5,1648205611,2022-03-25T10:53:31Z
146622,200838,3.0,1648214636,2022-03-25T13:23:56Z
146622,196937,3.0,1648237601,2022-03-25T19:46:41Z
146622,137863,3.0,1648237690,2022-03-25T19:48:10Z
146622,186985,3.0,1648237712,2022-03-25T19:48:32Z
146655,143367,3.5,1537097936,2018-09-16T11:38:56Z
146655,166291,4.5,1542464992,2018-11-17T14:29:52Z
146655,182479,4.0,1543746978,2018-12-02T10:36:18Z
146655,193916,4.0,1582969274,2020-02-29T09:41:14Z
146655,163134,4.0,1587292032,2020-04-19T10:27:12Z
146655,168250,4.0,1591311093,2020-06-04T22:51:33Z
146655,146309,3.5,1604361058,2020-11-02T23:50:58Z
146655,204158,4.0,1622374554,2021-05-30T11:35:54Z
146655,171013,4.0,1623494020,2021-06-12T10:33:40Z
146655,188623,4.0,1630234632,2021-08-29T10:57:12Z
146655,257037,4.5,1661073183,2022-08-21T09:13:03Z
146655,275245,3.5,1674990770,2023-01-29T11:12:50Z
146668,221256,1.5,1603373093,2020-10-22T13:24:53Z
146668,168250,4.0,1603373119,2020-10-22T13:25:19Z
146668,163134,2.0,1603373120,2020-10-22T13:25:20Z
146668,166291,0.5,1603373120,2020-10-22T13:25:20Z
146668,204158,1.5,1603373130,2020-10-22T13:25:30Z
146668,137863,0.5,1608580613,2020-12-21T19:56:53Z
146668,160848,1.0,1608580613,2020-12-21T19:56:53Z
146668,142618,1.5,1608580614,2020-12-21T19:56:54Z
146668,217129,0.5,1608580615,2020-12-21T19:56:55Z
146668,169400,1.5,1608580616,2020-12-21T19:56:56Z
146668,185539,1.0,1608580616,2020-12-21T19:56:56Z
146668,200838,1.0,1608580616,2020-12-21T19:56:56Z
146668,193916,1.0,1608580617,2020-12-21T19:56:57Z
146668,228221,1.0,1608580617,2020-12-21T19:56:57Z
146668,177463,3.0,1608931255,2020-12-25T21:20:55Z
146744,146309,4.0,1465509425,2016-06-09T21:57:05Z
146744,140106,4.5,1473647633,2016-09-12T02:33:53Z
146744,163056,3.0,1476586636,2016-10-16T02:57:16Z
146744,168250,4.0,1488073806,2017-02-26T01:50:06Z
146744,164204,4.0,1492980738,2017-04-23T20:52:18Z
146744,163134,3.0,1511750555,2017-11-27T02:42:35Z
146744,193916,3.5,1543683381,2018-12-01T16:56:21Z
146744,188773,4.0,1550455727,2019-02-18T02:08:47Z
146744,185905,3.5,1550455739,2019-02-18T02:08:59Z
146744,199279,3.0,1558491918,2019-05-22T02:25:18Z
146909,176515,5.0,1541861790,2018-11-10T14:56:30Z
146909,163134,4.0,1541862539,2018-11-10T15:08:59Z
146909,170887,4.0,1542311888,2018-11-15T19:58:08Z
146909,193679,3.5,1542311996,2018-11-15T19:59:56Z
146909,166291,4.0,1542312059,2018-11-15T20:00:59Z
146909,184699,3.5,1542312096,2018-11-15T20:01:36Z
146909,195601,3.5,1542312120,2018-11-15T20:02:00Z
146909,179411,3.0,1542312239,2018-11-15T20:03:59Z
146909,195605,2.5,1542312429,2018-11-15T20:07:09Z
146909,177465,2.0,1542312509,2018-11-15T20:08:29Z
146909,168652,2.0,1542312515,2018-11-15T20:08:35Z
146926,210577,3.0,1616850645,2021-03-27T13:10:45Z
146926,163134,4.5,1616850647,2021-03-27T13:10:47Z
146926,168250,4.0,1616850647,2021-03-27T13:10:47Z
146926,200838,3.0,1616850647,2021-03-27T13:10:47Z
146926,192649,4.0,1616850648,2021-03-27T13:10:48Z
147259,168250,2.5,1496578146,2017-06-04T12:09:06Z
147259,173007,4.0,1496584856,2017-06-04T14:00:56Z
147259,170961,2.5,1499357330,2017-07-06T16:08:50Z
147259,161594,3.5,1507901421,2017-10-13T13:30:21Z
147259,169400,3.5,1521908286,2018-03-24T16:18:06Z
147560,143367,3.5,1484178747,2017-01-11T23:52:27Z
147560,160848,2.0,1484779155,2017-01-18T22:39:15Z
147560,163134,3.5,1515781580,2018-01-12T18:26:20Z
147560,197607,3.0,1547410679,2019-01-13T20:17:59Z
147560,140805,2.5,1577322952,2019-12-26T01:15:52Z
147603,168250,3.5,1510152838,2017-11-08T14:53:58Z
147603,200820,2.0,1582303674,2020-02-21T16:47:54Z
147603,143367,3.5,1583778505,2020-03-09T18:28:25Z
147603,188623,3.5,1650295826,2022-04-18T15:30:26Z
147603,275245,3.0,1682785863,2023-04-29T16:31:03Z
147603,273891,3.0,1684940111,2023-05-24T14:55:11Z
147713,168250,4.0,1588580342,2020-05-04T08:19:02Z
147713,163134,4.5,1600272997,2020-09-16T16:16:37Z
147713,275245,4.5,1666339860,2022-10-21T08:11:00Z
147713,196937,2.5,1666341265,2022-10-21T08:34:25Z
147713,200820,2.0,1666341629,2022-10-21T08:40:29Z
147804,168250,3.5,1598550543,2020-08-27T17:49:03Z
147804,166291,4.5,1598565297,2020-08-27T21:54:57Z
147804,163134,3.0,1598565500,2020-08-27T21:58:20Z
147804,182467,4.0,1643936488,2022-02-04T01:01:28Z
147804,193041,4.0,1644315091,2022-02-08T10:11:31Z
147948,168250,4.0,1531817486,2018-07-17T08:51:26Z
147948,210577,4.0,1594158871,2020-07-07T21:54:31Z
147948,163134,4.0,1638816516,2021-12-06T18:48:36Z
147948,200838,4.0,1647885198,2022-03-21T17:53:18Z
147948,273891,4.0,1673495654,2023-01-12T03:54:14Z
148020,275245,4.0,1676489843,2023-02-15T19:37:23Z
148020,168250,4.5,1676758674,2023-02-18T22:17:54Z
148020,257037,4.0,1676758726,2023-02-18T22:18:46Z
148020,188773,4.5,1676759123,2023-02-18T22:25:23Z
148020,273891,2.0,1676761615,2023-02-18T23:06:55Z
148020,163134,4.5,1676762786,2023-02-18T23:26:26Z
148073,146309,4.0,1576877802,2019-12-20T21:36:42Z
148073,202389,4.0,1589578024,2020-05-15T21:27:04Z
148073,161594,3.5,1590862824,2020-05-30T18:20:24Z
148073,239256,4.0,1657742413,2022-07-13T20:00:13Z
148073,168250,4.0,1665160354,2022-10-07T16:32:34Z
148073,200838,3.0,1665692516,2022-10-13T20:21:56Z
148073,143367,4.0,1676341820,2023-02-14T02:30:20Z
148073,273891,4.0,1678915981,2023-03-15T21:33:01Z
148454,275245,5.0,1667850554,2022-11-07T19:49:14Z
148454,173007,5.0,1667850752,2022-11-07T19:52:32Z
148454,249180,5.0,1667851143,2022-11-07T19:59:03Z
148454,163134,5.0,1667851149,2022-11-07T19:59:09Z
148454,166291,5.0,1667851162,2022-11-07T19:59:22Z
148686,143367,3.5,1483289293,2017-01-01T16:48:13Z
148686,168250,3.5,1490036594,2017-03-20T19:03:14Z
148686,163056,3.5,1502404223,2017-08-10T22:30:23Z
148686,163134,3.5,1503609469,2017-08-24T21:17:49Z
148686,209949,3.0,1597005039,2020-08-09T20:30:39Z
148686,193041,3.5,1609444686,2020-12-31T19:58:06Z
148686,179411,3.5,1638999893,2021-12-08T21:44:53Z
148686,182479,3.0,1638999893,2021-12-08T21:44:53Z
148686,188773,3.5,1638999893,2021-12-08T21:44:53Z
148686,253332,3.5,1638999893,2021-12-08T21:44:53Z
148686,218657,2.5,1640819178,2021-12-29T23:06:18Z
148686,275245,3.5,1690401935,2023-07-26T20:05:35Z
148734,168250,3.5,1505418061,2017-09-14T19:41:01Z
148734,143367,3.5,1507976222,2017-10-14T10:17:02Z
148734,188623,4.0,1543184197,2018-11-25T22:16:37Z
148734,185905,3.0,1557086763,2019-05-05T20:06:03Z
148734,200820,0.5,1566668260,2019-08-24T17:37:40Z
148734,253332,2.0,1644943354,2022-02-15T16:42:34Z
148734,275245,3.5,1664059180,2022-09-24T22:39:40Z
148749,211137,4.0,1586629726,2020-04-11T18:28:46Z
148749,182479,4.0,1586632561,2020-04-11T19:16:01Z
148749,200838,3.5,1587480068,2020-04-21T14:41:08Z
148749,213367,2.5,1587480097,2020-04-21T14:41:37Z
148749,180091,3.0,1587480104,2020-04-21T14:41:44Z
148749,140805,3.5,1587495019,2020-04-21T18:50:19Z
148749,213111,2.5,1599367432,2020-09-06T04:43:52Z
148749,161594,1.5,1620588177,2021-05-09T19:22:57Z
148749,210577,0.5,1651365703,2022-05-01T00:41:43Z
148749,273891,4.0,1673583372,2023-01-13T04:16:12Z
148749,168250,0.5,1691367105,2023-08-07T00:11:45Z
148749,275245,0.5,1691367514,2023-08-07T00:18:34Z
148898,166291,5.0,1624462441,2021-06-23T15:34:01Z
148898,163134,5.0,1624624832,2021-06-25T12:40:32Z
148898,204158,5.0,1624625111,2021-06-25T12:45:11Z
148898,187145,5.0,1624625165,2021-06-25T12:46:05Z
148898,198611,5.0,1624625274,2021-06-25T12:47:54Z
148898,218657,5.0,1624625458,2021-06-25T12:50:58Z
148898,192209,4.5,1624625858,2021-06-25T12:57:38Z
148968,143367,3.0,1502352475,2017-08-10T08:07:55Z
148968,163134,3.0,1502352567,2017-08-10T08:09:27Z
148968,165105,2.5,1503845231,2017-08-27T14:47:11Z
148968,168250,3.5,1507789004,2017-10-12T06:16:44Z
148968,188773,3.5,1602600310,2020-10-13T14:45:10Z
148968,188623,4.5,1602600770,2020-10-13T14:52:50Z
148968,260185,2.0,1695827367,2023-09-27T15:09:27Z
148968,257037,3.0,1695828796,2023-09-27T15:33:16Z
148968,204158,2.0,1695830773,2023-09-27T16:06:13Z
149053,150776,4.0,1566736773,2019-08-25T12:39:33Z
149053,168250,3.5,1566763522,2019-08-25T20:05:22Z
149053,188623,4.0,1612295686,2021-02-02T19:54:46Z
149053,188773,4.5,1614450486,2021-02-27T18:28:06Z
149053,166291,4.0,1618692287,2021-04-17T20:44:47Z
149053,177939,3.5,1640118367,2021-12-21T20:26:07Z
149053,193041,4.5,1640118410,2021-12-21T20:26:50Z
149053,179411,3.5,1640121787,2021-12-21T21:23:07Z
149200,168250,4.0,1576830984,2019-12-20T08:36:24Z
149200,188623,3.0,1576831551,2019-12-20T08:45:51Z
149200,163134,5.0,1584289663,2020-03-15T16:27:43Z
149200,166291,4.0,1584457262,2020-03-17T15:01:02Z
149200,196937,4.0,1594901684,2020-07-16T12:14:44Z
149475,143367,4.5,1586493109,2020-04-10T04:31:49Z
149475,168250,3.0,1586493672,2020-04-10T04:41:12Z
149475,163134,5.0,1595857607,2020-07-27T13:46:47Z
149475,188623,4.5,1628519121,2021-08-09T14:25:21Z
149475,188773,4.5,1630968709,2021-09-06T22:51:49Z
149475,253332,3.5,1634565843,2021-10-18T14:04:03Z
149475,166291,3.5,1636991718,2021-11-15T15:55:18Z
149475,160848,4.5,1649017834,2022-04-03T20:30:34Z
149475,275245,3.5,1670864666,2022-12-12T17:04:26Z
149475,273891,3.0,1680403557,2023-04-02T02:45:57Z
149475,204158,3.5,1681533219,2023-04-15T04:33:39Z
149475,257037,3.5,1682695943,2023-04-28T15:32:23Z
149475,242062,3.5,1682727693,2023-04-29T00:21:33Z
149475,281188,3.0,1682791868,2023-04-29T18:11:08Z
149521,213367,0.5,1590978916,2020-06-01T02:35:16Z
149521,200820,0.5,1620529157,2021-05-09T02:59:17Z
149521,193916,0.5,1628911876,2021-08-14T03:31:16Z
149521,168250,2.0,1641162554,2022-01-02T22:29:14Z
149521,210577,1.5,1649648911,2022-04-11T03:48:31Z
149521,273891,3.0,1667619311,2022-11-05T03:35:11Z
149703,168250,4.0,1631471521,2021-09-12T18:32:01Z
149703,177939,5.0,1631471767,2021-09-12T18:36:07Z
149703,204158,4.0,1631471797,2021-09-12T18:36:37Z
149703,163134,5.0,1631471814,2021-09-12T18:36:54Z
149703,166291,3.5,1631471990,2021-09-12T18:39:50Z
149703,171013,4.0,1631481151,2021-09-12T21:12:31Z
149703,193041,3.5,1631489455,2021-09-12T23:30:55Z
149703,160848,3.5,1631521800,2021-09-13T08:30:00Z
149703,182479,3.5,1631521886,2021-09-13T08:31:26Z
149703,177285,3.0,1631522506,2021-09-13T08:41:46Z
149703,269788,4.0,1643796758,2022-02-02T10:12:38Z
149703,231413,4.0,1643796910,2022-02-02T10:15:10Z
149746,275245,2.0,1680857727,2023-04-07T08:55:27Z
149746,273891,4.5,1680857728,2023-04-07T08:55:28Z
149746,200820,3.0,1680857733,2023-04-07T08:55:33Z
149746,210577,2.0,1680857733,2023-04-07T08:55:33Z
149746,168250,4.0,1680857734,2023-04-07T08:55:34Z
149788,168250,3.0,1663051723,2022-09-13T06:48:43Z
149788,275245,4.5,1663052211,2022-09-13T06:56:51Z
149788,210577,3.5,1663054503,2022-09-13T07:35:03Z
149788,200838,3.0,1681550089,2023-04-15T09:14:49Z
149788,273891,4.5,1681550330,2023-04-15T09:18:50Z
149932,169400,2.5,1493727754,2017-05-02T12:22:34Z
149932,148855,2.0,1499280510,2017-07-05T18:48:30Z
149932,178907,2.5,1507337543,2017-10-07T00:52:23Z
149932,200820,2.0,1568490506,2019-09-14T19:48:26Z
149932,200838,3.0,1569053839,2019-09-21T08:17:19Z
149949,188773,4.5,1543743677,2018-12-02T09:41:17Z
149949,168250,4.0,1556633331,2019-04-30T14:08:51Z
149949,257037,4.0,1639135764,2021-12-10T11:29:24Z
149949,275245,3.5,1661634164,2022-08-27T21:02:44Z
149949,253332,3.5,1688711887,2023-07-07T06:38:07Z
150150,163134,4.5,1544965972,2018-12-16T13:12:52Z
150150,188773,4.5,1648876773,2022-04-02T05:19:33Z
150150,188623,4.5,1648876805,2022-04-02T05:20:05Z
150150,252932,4.0,1671463914,2022-12-19T15:31:54Z
150150,257037,4.0,1672040972,2022-12-26T07:49:32Z
150442,188623,4.5,1642539248,2022-01-18T20:54:08Z
150442,163134,4.0,1642551396,2022-01-19T00:16:36Z
150442,177939,4.0,1642551782,2022-01-19T00:23:02Z
150442,166291,4.0,1642551915,2022-01-19T00:25:15Z
150442,255639,4.0,1642552938,2022-01-19T00:42:18Z
150442,252308,3.0,1642552961,2022-01-19T00:42:41Z
150442,228401,1.5,1642553080,2022-01-19T00:44:40Z
150442,215463,4.5,1642553822,2022-01-19T00:57:02Z
150442,212481,3.5,1642553825,2022-01-19T00:57:05Z
150442,168250,3.5,1642554880,2022-01-19T01:14:40Z
150442,192649,2.0,1642554993,2022-01-19T01:16:33Z
150442,173007,3.0,1642555076,2022-01-19T01:17:56Z
150442,222627,2.5,1642555489,2022-01-19T01:24:49Z
150442,223572,2.5,1642555491,2022-01-19T01:24:51Z
150442,223570,2.5,1642555496,2022-01-19T01:24:56Z
150442,206321,2.5,1642555516,2022-01-19T01:25:16Z
150442,171071,4.0,1642555622,2022-01-19T01:27:02Z
150442,162718,2.5,1642555684,2022-01-19T01:28:04Z
150442,179493,4.0,1642555694,2022-01-19T01:28:14Z
150442,198107,3.5,1667889157,2022-11-08T06:32:37Z
150442,142550,4.0,1671244842,2022-12-17T02:40:42Z
150442,163056,3.5,1674179004,2023-01-20T01:43:24Z
150442,193041,4.0,1674179108,2023-01-20T01:45:08Z
150442,164643,4.5,1691555225,2023-08-09T04:27:05Z
150442,279452,3.0,1693169843,2023-08-27T20:57:23Z
150534,218657,3.5,1636435756,2021-11-09T05:29:16Z
150534,166291,4.0,1646818623,2022-03-09T09:37:03Z
150534,200838,3.0,1646823543,2022-03-09T10:59:03Z
150534,213353,4.0,1646944888,2022-03-10T20:41:28Z
150534,254464,4.0,1650164689,2022-04-17T03:04:49Z
150534,200820,2.5,1659940033,2022-08-08T06:27:13Z
150534,198611,4.0,1661954916,2022-08-31T14:08:36Z
150534,273891,3.5,1668739524,2022-11-18T02:45:24Z
150534,231413,4.0,1669037132,2022-11-21T13:25:32Z
150534,192649,4.0,1669038293,2022-11-21T13:44:53Z
150534,204158,4.0,1686780737,2023-06-14T22:12:17Z
150534,272079,3.5,1686781780,2023-06-14T22:29:40Z
150534,168250,4.0,1686781938,2023-06-14T22:32:18Z
150534,163134,4.5,1686782634,2023-06-14T22:43:54Z
150604,163134,4.0,1605073533,2020-11-11T05:45:33Z
150604,148855,3.5,1606182655,2020-11-24T01:50:55Z
150604,178907,4.5,1606182677,2020-11-24T01:51:17Z
150604,146309,4.0,1606351394,2020-11-26T00:43:14Z
150604,231413,4.0,1607403983,2020-12-08T05:06:23Z
150604,200838,3.5,1609136473,2020-12-28T06:21:13Z
150604,137863,4.0,1615776199,2021-03-15T02:43:19Z
150604,210939,4.5,1631165840,2021-09-09T05:37:20Z
150604,162990,4.0,1649226206,2022-04-06T06:23:26Z
150604,170125,4.0,1649406218,2022-04-08T08:23:38Z
150604,200820,3.0,1660639332,2022-08-16T08:42:12Z
150991,168250,3.5,1506187854,2017-09-23T17:30:54Z
150991,163134,3.5,1564928379,2019-08-04T14:19:39Z
150991,160848,2.5,1570893413,2019-10-12T15:16:53Z
150991,200838,2.0,1634402742,2021-10-16T16:45:42Z
150991,146309,3.5,1643749079,2022-02-01T20:57:59Z
150991,188623,3.0,1678956805,2023-03-16T08:53:25Z
151320,165105,3.0,1597835745,2020-08-19T11:15:45Z
151320,168250,3.5,1601503288,2020-09-30T22:01:28Z
151320,200820,3.0,1626086486,2021-07-12T10:41:26Z
151320,273891,3.0,1666032272,2022-10-17T18:44:32Z
151320,275245,2.5,1666032779,2022-10-17T18:52:59Z
151777,168250,4.0,1548713554,2019-01-28T22:12:34Z
151777,141432,4.0,1550423507,2019-02-17T17:11:47Z
151777,185539,3.5,1550423508,2019-02-17T17:11:48Z
151777,165129,3.5,1553277474,2019-03-22T17:57:54Z
151777,200838,3.0,1572211761,2019-10-27T21:29:21Z
151777,209281,3.0,1574534125,2019-11-23T18:35:25Z
151777,209283,3.0,1574534125,2019-11-23T18:35:25Z
151777,188773,3.5,1589559741,2020-05-15T16:22:21Z
151777,190525,3.0,1605895309,2020-11-20T18:01:49Z
152045,166974,4.0,1642199415,2022-01-14T22:30:15Z
152045,188623,4.0,1644059444,2022-02-05T11:10:44Z
152045,188773,5.0,1646497302,2022-03-05T16:21:42Z
152045,239256,4.0,1647792029,2022-03-20T16:00:29Z
152045,150776,4.0,1647792036,2022-03-20T16:00:36Z
152045,257037,5.0,1647969851,2022-03-22T17:24:11Z
152045,143367,4.0,1650470984,2022-04-20T16:09:44Z
152045,163134,4.0,1686005004,2023-06-05T22:43:24Z
152045,141432,3.5,1686436023,2023-06-10T22:27:03Z
152045,181225,4.0,1692593645,2023-08-21T04:54:05Z
152184,146309,4.5,1482035695,2016-12-18T04:34:55Z
152184,168250,5.0,1590728053,2020-05-29T04:54:13Z
152184,163134,4.0,1590729336,2020-05-29T05:15:36Z
152184,210577,2.0,1600907096,2020-09-24T00:24:56Z
152184,200820,2.0,1600967090,2020-09-24T17:04:50Z
152184,200838,2.5,1600967584,2020-09-24T17:13:04Z
152189,163056,3.0,1552474899,2019-03-13T11:01:39Z
152189,143367,3.0,1552474900,2019-03-13T11:01:40Z
152189,168250,3.0,1552474900,2019-03-13T11:01:40Z
152189,179411,3.0,1552474900,2019-03-13T11:01:40Z
152189,161594,2.5,1552474901,2019-03-13T11:01:41Z
152237,168250,3.5,1595471555,2020-07-23T02:32:35Z
152237,143367,4.5,1595474272,2020-07-23T03:17:52Z
152237,200820,2.5,1595476078,2020-07-23T03:47:58Z
152237,166974,4.0,1601325667,2020-09-28T20:41:07Z
152237,275245,5.0,1672930973,2023-01-05T15:02:53Z
152237,273891,3.0,1678065843,2023-03-06T01:24:03Z
152344,146309,3.5,1605873783,2020-11-20T12:03:03Z
152344,163134,3.5,1605873784,2020-11-20T12:03:04Z
152344,166291,4.0,1605873784,2020-11-20T12:03:04Z
152344,168250,3.0,1605873784,2020-11-20T12:03:04Z
152344,169022,3.5,1605873784,2020-11-20T12:03:04Z
152344,188623,3.5,1605873785,2020-11-20T12:03:05Z
152344,188773,4.0,1605873786,2020-11-20T12:03:06Z
152354,168250,4.5,1540601157,2018-10-27T00:45:57Z
152354,188773,4.5,1552184266,2019-03-10T02:17:46Z
152354,188623,4.0,1553907310,2019-03-30T00:55:10Z
152354,273891,4.0,1672696822,2023-01-02T22:00:22Z
152354,275245,4.0,1677968519,2023-03-04T22:21:59Z
152423,168250,4.0,1549199205,2019-02-03T13:06:45Z
152423,163134,4.5,1589695476,2020-05-17T06:04:36Z
152423,193916,4.0,1589695568,2020-05-17T06:06:08Z
152423,246604,3.5,1641740077,2022-01-09T14:54:37Z
152423,275245,4.5,1662878100,2022-09-11T06:35:00Z
152423,273891,4.0,1663526484,2022-09-18T18:41:24Z
152423,257037,5.0,1680887816,2023-04-07T17:16:56Z
152433,279692,4.5,1674004493,2023-01-18T01:14:53Z
152433,167850,4.0,1674004499,2023-01-18T01:14:59Z
152433,210227,4.0,1674004501,2023-01-18T01:15:01Z
152433,196937,4.0,1674005497,2023-01-18T01:31:37Z
152433,163056,4.0,1674443032,2023-01-23T03:03:52Z
152433,246604,4.0,1674443082,2023-01-23T03:04:42Z
152433,276231,4.0,1674518126,2023-01-23T23:55:26Z
152433,210577,3.5,1674703494,2023-01-26T03:24:54Z
152433,282901,4.0,1688170971,2023-07-01T00:22:51Z
152457,143367,4.5,1522033692,2018-03-26T03:08:12Z
152457,182479,3.0,1547305324,2019-01-12T15:02:04Z
152457,160848,4.0,1634862725,2021-10-22T00:32:05Z
152457,192981,2.0,1651892584,2022-05-07T03:03:04Z
152457,223310,3.0,1675027992,2023-01-29T21:33:12Z
152457,260825,3.5,1679964016,2023-03-28T00:40:16Z
152572,168250,4.0,1521936301,2018-03-25T00:05:01Z
152572,200820,3.0,1577645252,2019-12-29T18:47:32Z
152572,143367,4.0,1617568476,2021-04-04T20:34:36Z
152572,275245,3.5,1680993743,2023-04-08T22:42:23Z
152572,273891,2.5,1680993886,2023-04-08T22:44:46Z
152572,279436,3.5,1680994997,2023-04-08T23:03:17Z
152572,210577,2.5,1684023535,2023-05-14T00:18:55Z
152604,168250,3.0,1677148439,2023-02-23T10:33:59Z
152604,231413,4.5,1678327287,2023-03-09T02:01:27Z
152604,163134,5.0,1678327335,2023-03-09T02:02:15Z
152604,204158,2.5,1678327372,2023-03-09T02:02:52Z
152604,249180,4.5,1678327399,2023-03-09T02:03:19Z
152604,214216,3.0,1678327406,2023-03-09T02:03:26Z
152604,198611,4.5,1678327478,2023-03-09T02:04:38Z
152604,253826,2.0,1678327499,2023-03-09T02:04:59Z
152604,166291,3.0,1678327733,2023-03-09T02:08:53Z
152604,279692,1.5,1678938004,2023-03-16T03:40:04Z
152604,206321,4.0,1682164245,2023-04-22T11:50:45Z
152604,213353,4.0,1682164409,2023-04-22T11:53:29Z
152604,192649,3.5,1682164413,2023-04-22T11:53:33Z
152604,263555,2.5,1682164421,2023-04-22T11:53:41Z
152604,284793,3.5,1682164443,2023-04-22T11:54:03Z
152604,272079,3.5,1682164471,2023-04-22T11:54:31Z
152604,281188,3.5,1682425232,2023-04-25T12:20:32Z
152657,188773,3.5,1613868010,2021-02-21T00:40:10Z
152657,168250,3.5,1613868308,2021-02-21T00:45:08Z
152657,200838,3.0,1613869365,2021-02-21T01:02:45Z
152657,200794,3.5,1633507517,2021-10-06T08:05:17Z
152657,188623,3.0,1653860618,2022-05-29T21:43:38Z
152657,273891,3.0,1662288597,2022-09-04T10:49:57Z
152657,275245,3.0,1683457695,2023-05-07T11:08:15Z
152773,163134,5.0,1610813400,2021-01-16T16:10:00Z
152773,204158,5.0,1610813498,2021-01-16T16:11:38Z
152773,218657,4.0,1610813714,2021-01-16T16:15:14Z
152773,166291,5.0,1610814135,2021-01-16T16:22:15Z
152773,208931,4.5,1610816159,2021-01-16T16:55:59Z
152773,189851,4.0,1614565302,2021-03-01T02:21:42Z
152941,188773,4.5,1552310246,2019-03-11T13:17:26Z
152941,193916,3.5,1552310308,2019-03-11T13:18:28Z
152941,143367,4.0,1552315714,2019-03-11T14:48:34Z
152941,160848,3.5,1552317466,2019-03-11T15:17:46Z
152941,168250,3.5,1552321407,2019-03-11T16:23:27Z
152941,257037,3.5,1678846880,2023-03-15T02:21:20Z
153052,168250,3.5,1506109188,2017-09-22T19:39:48Z
153052,163134,3.5,1518985485,2018-02-18T20:24:45Z
153052,166291,3.0,1532039053,2018-07-19T22:24:13Z
153052,182479,3.5,1552610052,2019-03-15T00:34:12Z
153052,143367,3.0,1590482338,2020-05-26T08:38:58Z
153052,273891,2.0,1685736846,2023-06-02T20:14:06Z
153052,187145,3.5,1693934775,2023-09-05T17:26:15Z
153379,168250,4.5,1601917597,2020-10-05T17:06:37Z
153379,200838,2.0,1601999023,2020-10-06T15:43:43Z
153379,184835,4.0,1603058608,2020-10-18T22:03:28Z
153379,210577,3.0,1632362616,2021-09-23T02:03:36Z
153379,273891,4.0,1670355278,2022-12-06T19:34:38Z
153408,166291,4.0,1563080655,2019-07-14T05:04:15Z
153408,182479,4.0,1563080673,2019-07-14T05:04:33Z
153408,171013,4.5,1563080735,2019-07-14T05:05:35Z
153408,168090,4.0,1563081015,2019-07-14T05:10:15Z
153408,178111,3.5,1563081140,2019-07-14T05:12:20Z
153408,163134,4.0,1563082051,2019-07-14T05:27:31Z
153408,146309,5.0,1563146075,2019-07-14T23:14:35Z
153408,162968,3.5,1563146232,2019-07-14T23:17:12Z
153408,170125,4.5,1563193986,2019-07-15T12:33:06Z
153408,168218,3.5,1563195050,2019-07-15T12:50:50Z
153408,196233,3.0,1563196251,2019-07-15T13:10:51Z
153630,174515,3.5,1588862628,2020-05-07T14:43:48Z
153630,163134,5.0,1588862629,2020-05-07T14:43:49Z
153630,168250,3.5,1588862629,2020-05-07T14:43:49Z
153630,200838,3.0,1588862629,2020-05-07T14:43:49Z
153630,180091,3.0,1588862630,2020-05-07T14:43:50Z
153630,189743,4.0,1588862630,2020-05-07T14:43:50Z
153630,192981,3.5,1588862630,2020-05-07T14:43:50Z
153630,204158,4.0,1588862631,2020-05-07T14:43:51Z
153685,165105,2.0,1498657694,2017-06-28T13:48:14Z
153685,163134,4.5,1499492410,2017-07-08T05:40:10Z
153685,157206,2.0,1507724108,2017-10-11T12:15:08Z
153685,168250,4.0,1529650151,2018-06-22T06:49:11Z
153685,188623,4.0,1560607528,2019-06-15T14:05:28Z
153685,166291,4.0,1566744611,2019-08-25T14:50:11Z
153685,208076,3.5,1572356415,2019-10-29T13:40:15Z
153685,210577,1.0,1610542404,2021-01-13T12:53:24Z
153685,273891,3.5,1682482195,2023-04-26T04:09:55Z
153685,275245,4.0,1682482198,2023-04-26T04:09:58Z
153754,168250,4.5,1576855876,2019-12-20T15:31:16Z
153754,188773,4.5,1577039425,2019-12-22T18:30:25Z
153754,163134,3.0,1577045994,2019-12-22T20:19:54Z
153754,143367,4.0,1577046264,2019-12-22T20:24:24Z
153754,178907,3.5,1577409194,2019-12-27T01:13:14Z
154002,170909,2.0,1500912631,2017-07-24T16:10:31Z
154002,146309,2.0,1525521802,2018-05-05T12:03:22Z
154002,140106,4.5,1612206279,2021-02-01T19:04:39Z
154002,177939,4.0,1612206666,2021-02-01T19:11:06Z
154002,174549,3.0,1612207218,2021-02-01T19:20:18Z
154002,222877,2.0,1612820979,2021-02-08T21:49:39Z
154002,180069,4.0,1613500382,2021-02-16T18:33:02Z
154002,206809,2.0,1613577780,2021-02-17T16:03:00Z
154002,163134,3.0,1613578938,2021-02-17T16:22:18Z
154002,238342,3.0,1613743168,2021-02-19T13:59:28Z
154002,168250,3.5,1613743768,2021-02-19T14:09:28Z
154002,188773,2.0,1613744042,2021-02-19T14:14:02Z
154002,197455,3.0,1613828945,2021-02-20T13:49:05Z
154002,193041,4.5,1613829433,2021-02-20T13:57:13Z
154002,182479,2.0,1613829641,2021-02-20T14:00:41Z
154100,163134,5.0,1594940335,2020-07-16T22:58:55Z
154100,214216,3.5,1601851464,2020-10-04T22:44:24Z
154100,166291,4.5,1602456931,2020-10-11T22:55:31Z
154100,204158,4.0,1603582397,2020-10-24T23:33:17Z
154100,198611,4.0,1613261154,2021-02-14T00:05:54Z
154100,177939,4.0,1616975827,2021-03-28T23:57:07Z
154100,251392,3.5,1626732410,2021-07-19T22:06:50Z
154100,168250,3.5,1657023523,2022-07-05T12:18:43Z
154100,273891,4.0,1660772202,2022-08-17T21:36:42Z
154271,168250,3.0,1569892820,2019-10-01T01:20:20Z
154271,200838,3.5,1573034036,2019-11-06T09:53:56Z
154271,200820,4.0,1600382488,2020-09-17T22:41:28Z
154271,239256,1.0,1632558458,2021-09-25T08:27:38Z
154271,273891,4.0,1660636224,2022-08-16T07:50:24Z
154271,275245,4.0,1670876967,2022-12-12T20:29:27Z
154279,163134,5.0,1587411289,2020-04-20T19:34:49Z
154279,168250,4.0,1587411676,2020-04-20T19:41:16Z
154279,200838,3.0,1587584210,2020-04-22T19:36:50Z
154279,206393,4.0,1587587926,2020-04-22T20:38:46Z
154279,204158,4.0,1587587942,2020-04-22T20:39:02Z
154279,193041,4.0,1587587964,2020-04-22T20:39:24Z
154392,200820,3.0,1584768962,2020-03-21T05:36:02Z
154392,137863,3.0,1584768963,2020-03-21T05:36:03Z
154392,163056,3.0,1584768966,2020-03-21T05:36:06Z
154392,168250,4.0,1584768969,2020-03-21T05:36:09Z
154392,163134,4.5,1584768970,2020-03-21T05:36:10Z
154392,169400,3.5,1584768971,2020-03-21T05:36:11Z
154392,177939,2.0,1584768971,2020-03-21T05:36:11Z
154392,200838,1.5,1584768971,2020-03-21T05:36:11Z
154392,196937,4.5,1584768973,2020-03-21T05:36:13Z
154392,210577,2.5,1586322018,2020-04-08T05:00:18Z
154392,204158,3.0,1653184621,2022-05-22T01:57:01Z
154392,273891,3.5,1667351663,2022-11-02T01:14:23Z
154392,275245,3.0,1676306597,2023-02-13T16:43:17Z
154496,143531,3.0,1591806296,2020-06-10T16:24:56Z
154496,160848,4.5,1591806296,2020-06-10T16:24:56Z
154496,146309,3.5,1591806297,2020-06-10T16:24:57Z
154496,143367,3.5,1591806299,2020-06-10T16:24:59Z
154496,168250,4.0,1591806299,2020-06-10T16:24:59Z
154496,216199,4.5,1591806302,2020-06-10T16:25:02Z
155061,165105,3.5,1597441618,2020-08-14T21:46:58Z
155061,168250,4.0,1597441723,2020-08-14T21:48:43Z
155061,163056,4.0,1597951855,2020-08-20T19:30:55Z
155061,179411,4.0,1644018078,2022-02-04T23:41:18Z
155061,210577,3.5,1663500239,2022-09-18T11:23:59Z
155061,275245,4.5,1664070616,2022-09-25T01:50:16Z
155061,273891,4.5,1670326556,2022-12-06T11:35:56Z
155061,287737,4.0,1690137444,2023-07-23T18:37:24Z
155156,210577,3.0,1600641730,2020-09-20T22:42:10Z
155156,163134,4.0,1600641950,2020-09-20T22:45:50Z
155156,204158,3.0,1600646336,2020-09-20T23:58:56Z
155156,168250,3.0,1600650497,2020-09-21T01:08:17Z
155156,213353,3.0,1603479908,2020-10-23T19:05:08Z
155157,168250,4.0,1663694782,2022-09-20T17:26:22Z
155157,275245,4.0,1663695909,2022-09-20T17:45:09Z
155157,165105,3.5,1663769671,2022-09-21T14:14:31Z
155157,188623,0.5,1663786801,2022-09-21T19:00:01Z
155157,168090,0.5,1663786817,2022-09-21T19:00:17Z
155270,168250,4.5,1647884331,2022-03-21T17:38:51Z
155270,257037,3.5,1648510542,2022-03-28T23:35:42Z
155270,188623,4.5,1677217076,2023-02-24T05:37:56Z
155270,273891,2.5,1677217670,2023-02-24T05:47:50Z
155270,275245,3.5,1677217930,2023-02-24T05:52:10Z
155435,178907,2.5,1520169575,2018-03-04T13:19:35Z
155435,168250,4.0,1579568277,2020-01-21T00:57:57Z
155435,200820,2.0,1606782583,2020-12-01T00:29:43Z
155435,210577,2.0,1621714922,2021-05-22T20:22:02Z
155435,273891,3.0,1673375238,2023-01-10T18:27:18Z
155539,192257,4.0,1539414116,2018-10-13T07:01:56Z
155539,200794,4.5,1554775104,2019-04-09T01:58:24Z
155539,188623,5.0,1555307233,2019-04-15T05:47:13Z
155539,200838,3.0,1557460212,2019-05-10T03:50:12Z
155539,165129,1.0,1558370689,2019-05-20T16:44:49Z
155701,188773,3.0,1665346563,2022-10-09T20:16:03Z
155701,168250,4.0,1665389926,2022-10-10T08:18:46Z
155701,200838,2.0,1665391548,2022-10-10T08:45:48Z
155701,143367,3.0,1665392097,2022-10-10T08:54:57Z
155701,275245,3.5,1665564201,2022-10-12T08:43:21Z
155790,252932,1.0,1674954121,2023-01-29T01:02:01Z
155790,179493,1.0,1674954125,2023-01-29T01:02:05Z
155790,141432,3.0,1674954127,2023-01-29T01:02:07Z
155790,163134,4.5,1674954127,2023-01-29T01:02:07Z
155790,166291,0.5,1674954127,2023-01-29T01:02:07Z
155790,171013,4.0,1674954127,2023-01-29T01:02:07Z
155790,188773,4.0,1674954127,2023-01-29T01:02:07Z
155790,201706,2.0,1674954127,2023-01-29T01:02:07Z
155790,271160,1.5,1676167971,2023-02-12T02:12:51Z
155790,140106,3.5,1676770802,2023-02-19T01:40:02Z
155790,168250,1.0,1679792434,2023-03-26T01:00:34Z
155790,192981,4.5,1682222217,2023-04-23T03:56:57Z
155790,184835,2.5,1690084118,2023-07-23T03:48:38Z
155834,168250,3.0,1553853828,2019-03-29T10:03:48Z
155834,143367,2.0,1553878420,2019-03-29T16:53:40Z
155834,200838,3.0,1559494538,2019-06-02T16:55:38Z
155834,200820,4.0,1588371623,2020-05-01T22:20:23Z
155834,210577,3.0,1635750684,2021-11-01T07:11:24Z
155861,275245,2.0,1667952780,2022-11-09T00:13:00Z
155861,188773,5.0,1667953468,2022-11-09T00:24:28Z
155861,168250,4.0,1667953775,2022-11-09T00:29:35Z
155861,188623,3.5,1667955321,2022-11-09T00:55:21Z
155861,143367,3.5,1667956933,2022-11-09T01:22:13Z
155861,281188,4.0,1691970050,2023-08-13T23:40:50Z
155954,168250,4.5,1630835779,2021-09-05T09:56:19Z
155954,200838,2.5,1648592088,2022-03-29T22:14:48Z
155954,200820,3.5,1648592146,2022-03-29T22:15:46Z
155954,188623,4.0,1648592301,2022-03-29T22:18:21Z
155954,163134,5.0,1648659997,2022-03-30T17:06:37Z
155954,275245,4.5,1668724662,2022-11-17T22:37:42Z
155954,257037,3.5,1670284630,2022-12-05T23:57:10Z
155954,204158,4.0,1686173997,2023-06-07T21:39:57Z
156023,200794,4.5,1592288259,2020-06-16T06:17:39Z
156023,188623,4.5,1592288321,2020-06-16T06:18:41Z
156023,188773,4.5,1592288495,2020-06-16T06:21:35Z
156023,164204,4.5,1592288567,2020-06-16T06:22:47Z
156023,140106,4.5,1592288639,2020-06-16T06:23:59Z
156023,163134,4.0,1592368786,2020-06-17T04:39:46Z
156023,218657,3.0,1592789556,2020-06-22T01:32:36Z
156023,242062,4.0,1640137246,2021-12-22T01:40:46Z
156063,168250,4.5,1581976750,2020-02-17T21:59:10Z
156063,246604,4.5,1673756996,2023-01-15T04:29:56Z
156063,275245,4.0,1673757089,2023-01-15T04:31:29Z
156063,239256,1.5,1678165615,2023-03-07T05:06:55Z
156063,163134,5.0,1679946407,2023-03-27T19:46:47Z
156429,168250,3.0,1536893164,2018-09-14T02:46:04Z
156429,188623,3.0,1561584654,2019-06-26T21:30:54Z
156429,188773,2.0,1591837615,2020-06-11T01:06:55Z
156429,193041,3.0,1594525455,2020-07-12T03:44:15Z
156429,253332,2.0,1664417757,2022-09-29T02:15:57Z
156429,257037,2.0,1686025048,2023-06-06T04:17:28Z
156587,211137,2.0,1630741496,2021-09-04T07:44:56Z
156587,201704,4.5,1630829845,2021-09-05T08:17:25Z
156587,163134,4.0,1630829853,2021-09-05T08:17:33Z
156587,171013,4.0,1630829875,2021-09-05T08:17:55Z
156587,216525,2.5,1630829967,2021-09-05T08:19:27Z
156617,200838,4.0,1594742988,2020-07-14T16:09:48Z
156617,163134,4.5,1594762986,2020-07-14T21:43:06Z
156617,166291,5.0,1594763105,2020-07-14T21:45:05Z
156617,169400,4.5,1594763181,2020-07-14T21:46:21Z
156617,173007,4.5,1594763259,2020-07-14T21:47:39Z
156617,178907,4.5,1594763274,2020-07-14T21:47:54Z
156617,186985,4.0,1594763308,2020-07-14T21:48:28Z
156617,146309,4.0,1594763426,2020-07-14T21:50:26Z
156617,162990,4.5,1594763446,2020-07-14T21:50:46Z
156617,198611,4.5,1594763630,2020-07-14T21:53:50Z
156617,205447,4.5,1594763789,2020-07-14T21:56:29Z
156865,141432,5.0,1572805538,2019-11-03T18:25:38Z
156865,208351,4.0,1572805694,2019-11-03T18:28:14Z
156865,188773,5.0,1572807371,2019-11-03T18:56:11Z
156865,163056,4.0,1572807679,2019-11-03T19:01:19Z
156865,193463,3.5,1572809604,2019-11-03T19:33:24Z
156865,200838,2.0,1573133398,2019-11-07T13:29:58Z
156865,208355,3.5,1573552744,2019-11-12T09:59:04Z
156865,168250,3.5,1573699073,2019-11-14T02:37:53Z
156865,206299,2.5,1574232638,2019-11-20T06:50:38Z
156882,146309,2.0,1570125113,2019-10-03T17:51:53Z
156882,143367,1.5,1570125114,2019-10-03T17:51:54Z
156882,163134,3.0,1570125114,2019-10-03T17:51:54Z
156882,166291,3.0,1570125114,2019-10-03T17:51:54Z
156882,200838,1.5,1570125114,2019-10-03T17:51:54Z
156882,177119,0.5,1570125115,2019-10-03T17:51:55Z
156882,177939,1.5,1573094289,2019-11-07T02:38:09Z
156882,188773,4.0,1585079975,2020-03-24T19:59:35Z
156882,210939,0.5,1585693595,2020-03-31T22:26:35Z
156882,206321,1.0,1681907622,2023-04-19T12:33:42Z
156882,273891,3.5,1691871249,2023-08-12T20:14:09Z
156934,163134,4.5,1649889997,2022-04-13T22:46:37Z
156934,246604,4.5,1649890136,2022-04-13T22:48:56Z
156934,231413,5.0,1649890155,2022-04-13T22:49:15Z
156934,168090,4.0,1649890186,2022-04-13T22:49:46Z
156934,249180,4.5,1649890203,2022-04-13T22:50:03Z
156934,223572,4.5,1649890288,2022-04-13T22:51:28Z
156934,168218,4.5,1649890385,2022-04-13T22:53:05Z
156934,162968,4.0,1649890525,2022-04-13T22:55:25Z
156934,247464,4.0,1649890553,2022-04-13T22:55:53Z
156934,272079,5.0,1649893046,2022-04-13T23:37:26Z
156934,200820,4.0,1649893437,2022-04-13T23:43:57Z
156934,212383,4.5,1654907620,2022-06-11T00:33:40Z
156934,212385,5.0,1654907624,2022-06-11T00:33:44Z
157004,163134,3.0,1490628683,2017-03-27T15:31:23Z
157004,168250,3.5,1619779611,2021-04-30T10:46:51Z
157004,247500,3.5,1622609554,2021-06-02T04:52:34Z
157004,230703,3.0,1629427922,2021-08-20T02:52:02Z
157004,271224,3.5,1646039885,2022-02-28T09:18:05Z
157004,227835,3.5,1653898329,2022-05-30T08:12:09Z
157004,273891,3.5,1673668305,2023-01-14T03:51:45Z
157091,163134,5.0,1604558838,2020-11-05T06:47:18Z
157091,170961,3.0,1604559940,2020-11-05T07:05:40Z
157091,182479,3.5,1604588364,2020-11-05T14:59:24Z
157091,150776,3.0,1604588462,2020-11-05T15:01:02Z
157091,164395,3.5,1604588474,2020-11-05T15:01:14Z
157091,174515,3.5,1604588572,2020-11-05T15:02:52Z
157091,193581,4.0,1604589040,2020-11-05T15:10:40Z
157091,208245,3.5,1622263118,2021-05-29T04:38:38Z
157132,275245,3.5,1683377143,2023-05-06T12:45:43Z
157132,273891,4.0,1683377144,2023-05-06T12:45:44Z
157132,281188,4.0,1683377145,2023-05-06T12:45:45Z
157132,210577,3.0,1683377148,2023-05-06T12:45:48Z
157132,163134,5.0,1683377149,2023-05-06T12:45:49Z
157132,166291,4.0,1683377149,2023-05-06T12:45:49Z
157132,168250,4.0,1683377149,2023-05-06T12:45:49Z
157132,200838,3.5,1683377149,2023-05-06T12:45:49Z
157132,192981,4.0,1683377150,2023-05-06T12:45:50Z
157132,204158,5.0,1683377150,2023-05-06T12:45:50Z
157163,163134,4.5,1499217478,2017-07-05T01:17:58Z
157163,170805,4.0,1532167804,2018-07-21T10:10:04Z
157163,188623,3.5,1555679778,2019-04-19T13:16:18Z
157163,188773,3.5,1556287101,2019-04-26T13:58:21Z
157163,168250,3.5,1558015971,2019-05-16T14:12:51Z
157163,142550,3.5,1559739426,2019-06-05T12:57:06Z
157163,198107,3.0,1560247079,2019-06-11T09:57:59Z
157163,209681,4.5,1575112138,2019-11-30T11:08:58Z
157163,185539,4.0,1586436220,2020-04-09T12:43:40Z
157163,140106,4.0,1623805733,2021-06-16T01:08:53Z
157163,257037,4.0,1644842878,2022-02-14T12:47:58Z
157163,287795,4.0,1685782172,2023-06-03T08:49:32Z
157509,163134,3.5,1544486881,2018-12-11T00:08:01Z
157509,166291,2.5,1544487452,2018-12-11T00:17:32Z
157509,168250,3.5,1544487501,2018-12-11T00:18:21Z
157509,196937,3.5,1548124494,2019-01-22T02:34:54Z
157509,200820,2.5,1621317163,2021-05-18T05:52:43Z
157509,163056,3.0,1621325850,2021-05-18T08:17:30Z
157575,218795,4.0,1655536373,2022-06-18T07:12:53Z
157575,259737,3.0,1655536395,2022-06-18T07:13:15Z
157575,214216,4.0,1655536575,2022-06-18T07:16:15Z
157575,249180,4.0,1655536576,2022-06-18T07:16:16Z
157575,252932,3.0,1655536609,2022-06-18T07:16:49Z
157575,201704,4.5,1655542253,2022-06-18T08:50:53Z
157575,163134,4.0,1655542513,2022-06-18T08:55:13Z
157575,253826,4.0,1655547614,2022-06-18T10:20:14Z
157575,166291,4.0,1682650256,2023-04-28T02:50:56Z
157575,146309,3.0,1682650604,2023-04-28T02:56:44Z
157644,162968,4.0,1587034390,2020-04-16T10:53:10Z
157644,146309,3.0,1587034392,2020-04-16T10:53:12Z
157644,166295,3.5,1587034392,2020-04-16T10:53:12Z
157644,163134,2.0,1587034393,2020-04-16T10:53:13Z
157644,166291,4.5,1587034393,2020-04-16T10:53:13Z
157644,168250,4.0,1587034393,2020-04-16T10:53:13Z
157668,161594,5.0,1499348453,2017-07-06T13:40:53Z
157668,168250,5.0,1510835796,2017-11-16T12:36:36Z
157668,200838,4.0,1574606764,2019-11-24T14:46:04Z
157668,146309,5.0,1585918238,2020-04-03T12:50:38Z
157668,187145,4.5,1585918823,2020-04-03T13:00:23Z
157901,168250,4.0,1619109485,2021-04-22T16:38:05Z
157901,210577,2.5,1671332438,2022-12-18T03:00:38Z
157901,276231,3.5,1689896451,2023-07-20T23:40:51Z
157901,289069,3.5,1695604734,2023-09-25T01:18:54Z
157901,275245,3.0,1695837042,2023-09-27T17:50:42Z
158152,163134,4.5,1558270414,2019-05-19T12:53:34Z
158152,166291,4.5,1558270435,2019-05-19T12:53:55Z
158152,146309,3.0,1558273503,2019-05-19T13:45:03Z
158152,177939,4.5,1558274221,2019-05-19T13:57:01Z
158152,178111,3.5,1558925009,2019-05-27T02:43:29Z
158240,163134,4.5,1618558653,2021-04-16T07:37:33Z
158240,188623,2.5,1618573543,2021-04-16T11:45:43Z
158240,168250,5.0,1618646148,2021-04-17T07:55:48Z
158240,204158,3.5,1654776759,2022-06-09T12:12:39Z
158240,257037,4.5,1659288190,2022-07-31T17:23:10Z
158298,168250,4.0,1619042104,2021-04-21T21:55:04Z
158298,206393,3.5,1619043287,2021-04-21T22:14:47Z
158298,210577,2.0,1619049910,2021-04-22T00:05:10Z
158298,168652,2.0,1629487624,2021-08-20T19:27:04Z
158298,273891,3.5,1668615311,2022-11-16T16:15:11Z
158298,275245,4.0,1668615835,2022-11-16T16:23:55Z
158553,200820,3.0,1623115555,2021-06-08T01:25:55Z
158553,163134,4.0,1623115559,2021-06-08T01:25:59Z
158553,168250,1.5,1623115559,2021-06-08T01:25:59Z
158553,200838,3.5,1623145987,2021-06-08T09:53:07Z
158553,143367,2.5,1631907786,2021-09-17T19:43:06Z
158553,210577,2.0,1631922001,2021-09-17T23:40:01Z
158553,275245,2.5,1662161316,2022-09-02T23:28:36Z
158553,273891,3.5,1665232027,2022-10-08T12:27:07Z
158553,166291,4.0,1665510386,2022-10-11T17:46:26Z
158553,204158,2.5,1666470572,2022-10-22T20:29:32Z
158553,146309,3.5,1670546317,2022-12-09T00:38:37Z
158553,188773,4.0,1672329672,2022-12-29T16:01:12Z
158553,193041,4.0,1684604568,2023-05-20T17:42:48Z
158553,182479,3.0,1688665655,2023-07-06T17:47:35Z
158553,188623,3.0,1689153800,2023-07-12T09:23:20Z
158553,165105,3.5,1692468630,2023-08-19T18:10:30Z
158553,252932,1.5,1695074329,2023-09-18T21:58:49Z
158731,146309,4.5,1529806547,2018-06-24T02:15:47Z
158731,200838,4.0,1557584894,2019-05-11T14:28:14Z
158731,200820,4.5,1559820709,2019-06-06T11:31:49Z
158731,210577,3.5,1612129260,2021-01-31T21:41:00Z
158731,168250,4.0,1633087954,2021-10-01T11:32:34Z
158731,275245,3.5,1662429502,2022-09-06T01:58:22Z
158731,273891,4.0,1668179233,2022-11-11T15:07:13Z
158731,186985,3.0,1668358543,2022-11-13T16:55:43Z
158863,163134,5.0,1622348668,2021-05-30T04:24:28Z
158863,178111,4.0,1622348930,2021-05-30T04:28:50Z
158863,204158,5.0,1622348980,2021-05-30T04:29:40Z
158863,166291,5.0,1622349198,2021-05-30T04:33:18Z
158863,171071,4.0,1622351273,2021-05-30T05:07:53Z
158863,177869,3.5,1622353102,2021-05-30T05:38:22Z
158863,205447,3.5,1622353407,2021-05-30T05:43:27Z
159164,275245,3.0,1679055431,2023-03-17T12:17:11Z
159164,160848,3.5,1679055443,2023-03-17T12:17:23Z
159164,210577,2.5,1679055443,2023-03-17T12:17:23Z
159164,165105,2.5,1679055445,2023-03-17T12:17:25Z
159164,143367,3.5,1679055448,2023-03-17T12:17:28Z
159164,163134,4.0,1679055448,2023-03-17T12:17:28Z
159164,168250,3.5,1679055448,2023-03-17T12:17:28Z
159164,188623,3.5,1679055451,2023-03-17T12:17:31Z
159300,140805,3.0,1467494707,2016-07-02T21:25:07Z
159300,168250,4.0,1527762738,2018-05-31T10:32:18Z
159300,200820,2.0,1568270912,2019-09-12T06:48:32Z
159300,169400,3.0,1573072277,2019-11-06T20:31:17Z
159300,178907,3.0,1600845513,2020-09-23T07:18:33Z
159300,165105,3.0,1632980043,2021-09-30T05:34:03Z
159300,141432,4.0,1634604071,2021-10-19T00:41:11Z
159300,140106,3.5,1635502356,2021-10-29T10:12:36Z
159300,143367,2.5,1639791009,2021-12-18T01:30:09Z
159300,257037,1.5,1645809236,2022-02-25T17:13:56Z
159300,164395,2.5,1647366069,2022-03-15T17:41:09Z
159300,204158,2.0,1648271783,2022-03-26T05:16:23Z
159300,163134,4.0,1648279048,2022-03-26T07:17:28Z
159300,146309,2.5,1648547137,2022-03-29T09:45:37Z
159300,166291,3.5,1649009798,2022-04-03T18:16:38Z
159300,188773,4.0,1649119136,2022-04-05T00:38:56Z
159300,275245,3.5,1662556800,2022-09-07T13:20:00Z
159306,163134,0.5,1553239109,2019-03-22T07:18:29Z
159306,190431,4.0,1553496650,2019-03-25T06:50:50Z
159306,146309,0.5,1553850073,2019-03-29T09:01:13Z
159306,200838,2.5,1561964127,2019-07-01T06:55:27Z
159306,187145,1.0,1582029451,2020-02-18T12:37:31Z
159337,275245,4.0,1686424024,2023-06-10T19:07:04Z
159337,273891,3.5,1686424025,2023-06-10T19:07:05Z
159337,210577,2.5,1686424031,2023-06-10T19:07:11Z
159337,168250,4.0,1686424033,2023-06-10T19:07:13Z
159337,200838,3.5,1686424033,2023-06-10T19:07:13Z
159337,193041,5.0,1686424034,2023-06-10T19:07:14Z
159486,204158,4.0,1671587552,2022-12-21T01:52:32Z
159486,163134,4.0,1671587558,2022-12-21T01:52:38Z
159486,168250,4.0,1671587821,2022-12-21T01:57:01Z
159486,188623,2.0,1671588109,2022-12-21T02:01:49Z
159486,252932,3.0,1671588452,2022-12-21T02:07:32Z
159486,259737,4.0,1680063545,2023-03-29T04:19:05Z
159486,177939,5.0,1680063770,2023-03-29T04:22:50Z
159486,198611,3.0,1680063804,2023-03-29T04:23:24Z
159534,168250,5.0,1606848323,2020-12-01T18:45:23Z
159534,163134,5.0,1606849487,2020-12-01T19:04:47Z
159534,204158,4.0,1606849629,2020-12-01T19:07:09Z
159534,200820,3.0,1606850821,2020-12-01T19:27:01Z
159534,166291,1.0,1606854797,2020-12-01T20:33:17Z
159655,168250,4.0,1578620030,2020-01-10T01:33:50Z
159655,163134,4.0,1578620046,2020-01-10T01:34:06Z
159655,182479,4.0,1578620557,2020-01-10T01:42:37Z
159655,166291,3.5,1578620597,2020-01-10T01:43:17Z
159655,169400,3.5,1578620639,2020-01-10T01:43:59Z
159655,168218,4.0,1578620655,2020-01-10T01:44:15Z
159655,146309,3.5,1578620687,2020-01-10T01:44:47Z
159655,168090,4.0,1578620695,2020-01-10T01:44:55Z
159655,162968,4.0,1578620697,2020-01-10T01:44:57Z
159655,206393,4.0,1578620820,2020-01-10T01:47:00Z
159663,168250,3.5,1503527011,2017-08-23T22:23:31Z
159663,160848,4.5,1503613615,2017-08-24T22:26:55Z
159663,163056,3.5,1503766184,2017-08-26T16:49:44Z
159663,140805,2.0,1503766958,2017-08-26T17:02:38Z
159663,143367,3.5,1504220066,2017-08-31T22:54:26Z
159663,163134,4.0,1504452747,2017-09-03T15:32:27Z
159663,173007,3.5,1510265066,2017-11-09T22:04:26Z
159663,183661,2.0,1518908858,2018-02-17T23:07:38Z
159663,166295,3.5,1532384219,2018-07-23T22:16:59Z
159663,166291,3.5,1533050344,2018-07-31T15:19:04Z
159663,186985,4.0,1533762969,2018-08-08T21:16:09Z
159663,177229,3.5,1536527240,2018-09-09T21:07:20Z
159663,191235,2.0,1537025921,2018-09-15T15:38:41Z
159663,169400,1.5,1537123169,2018-09-16T18:39:29Z
159663,170125,4.0,1540928398,2018-10-30T19:39:58Z
159663,182479,3.5,1555883252,2019-04-21T21:47:32Z
159663,200838,3.5,1560547183,2019-06-14T21:19:43Z
159663,200820,3.0,1585275004,2020-03-27T02:10:04Z
159663,210577,2.5,1591553161,2020-06-07T18:06:01Z
159663,201488,4.5,1612979011,2021-02-10T17:43:31Z
159663,257037,1.0,1656454029,2022-06-28T22:07:09Z
159663,270762,2.5,1658866483,2022-07-26T20:14:43Z
159663,161594,3.5,1659566572,2022-08-03T22:42:52Z
159663,275245,2.0,1662850261,2022-09-10T22:51:01Z
159663,273891,4.0,1668355184,2022-11-13T15:59:44Z
159663,258001,2.0,1680462844,2023-04-02T19:14:04Z
159663,281066,3.0,1687183943,2023-06-19T14:12:23Z
159663,290787,3.5,1694964601,2023-09-17T15:30:01Z
159685,178907,3.0,1531641828,2018-07-15T08:03:48Z
159685,140106,4.0,1592341833,2020-06-16T21:10:33Z
159685,163134,4.0,1634421938,2021-10-16T22:05:38Z
159685,273891,4.0,1660687232,2022-08-16T22:00:32Z
159685,188773,4.0,1682982214,2023-05-01T23:03:34Z
159685,260185,3.5,1685488797,2023-05-30T23:19:57Z
159776,168250,4.0,1597127530,2020-08-11T06:32:10Z
159776,200838,2.0,1597197909,2020-08-12T02:05:09Z
159776,219328,3.0,1597279505,2020-08-13T00:45:05Z
159776,210641,0.5,1597802284,2020-08-19T01:58:04Z
159776,177119,2.5,1597894647,2020-08-20T03:37:27Z
159776,223616,1.5,1599473474,2020-09-07T10:11:14Z
159776,192205,3.0,1602751833,2020-10-15T08:50:33Z
159776,226068,3.0,1602829209,2020-10-16T06:20:09Z
159776,213431,2.5,1644984511,2022-02-16T04:08:31Z
159776,275245,4.0,1659473441,2022-08-02T20:50:41Z
159776,273891,3.0,1673899690,2023-01-16T20:08:10Z
160104,140805,2.5,1456345616,2016-02-24T20:26:56Z
160104,146309,4.0,1486914329,2017-02-12T15:45:29Z
160104,163134,3.0,1499508781,2017-07-08T10:13:01Z
160104,168250,5.0,1514824429,2018-01-01T16:33:49Z
160104,186985,4.0,1524964845,2018-04-29T01:20:45Z
160104,161594,3.5,1539446466,2018-10-13T16:01:06Z
160104,143367,4.0,1651427086,2022-05-01T17:44:46Z
160104,275245,2.5,1671079898,2022-12-15T04:51:38Z
160272,168250,4.0,1587127566,2020-04-17T12:46:06Z
160272,210227,4.5,1587315459,2020-04-19T16:57:39Z
160272,188773,5.0,1587315484,2020-04-19T16:58:04Z
160272,163134,5.0,1587315670,2020-04-19T17:01:10Z
160272,198611,5.0,1587498614,2020-04-21T19:50:14Z
160272,166291,5.0,1587498687,2020-04-21T19:51:27Z
160272,212359,4.5,1630803729,2021-09-05T01:02:09Z
160354,182479,3.5,1599409485,2020-09-06T16:24:45Z
160354,163134,4.5,1613932536,2021-02-21T18:35:36Z
160354,204158,4.0,1618960021,2021-04-20T23:07:01Z
160354,188773,5.0,1628086432,2021-08-04T14:13:52Z
160354,184835,4.0,1628450317,2021-08-08T19:18:37Z
160354,201706,4.0,1628524607,2021-08-09T15:56:47Z
160354,177939,4.5,1629582851,2021-08-21T21:54:11Z
160354,193801,4.0,1631037349,2021-09-07T17:55:49Z
160354,205539,4.0,1631121611,2021-09-08T17:20:11Z
160428,168250,4.5,1493054513,2017-04-24T17:21:53Z
160428,185905,4.0,1525634303,2018-05-06T19:18:23Z
160428,188623,3.5,1536501172,2018-09-09T13:52:52Z
160428,188773,3.5,1546786782,2019-01-06T14:59:42Z
160428,257037,4.0,1651246368,2022-04-29T15:32:48Z
160450,213353,3.5,1620182565,2021-05-05T02:42:45Z
160450,231413,4.0,1620182565,2021-05-05T02:42:45Z
160450,200820,3.5,1620182574,2021-05-05T02:42:54Z
160450,163134,4.0,1620658290,2021-05-10T14:51:30Z
160450,169400,3.5,1620658290,2021-05-10T14:51:30Z
160450,192649,3.5,1620658290,2021-05-10T14:51:30Z
160471,163134,2.0,1570296149,2019-10-05T17:22:29Z
160471,200838,3.0,1570313413,2019-10-05T22:10:13Z
160471,188623,1.5,1578422938,2020-01-07T18:48:58Z
160471,168250,4.5,1586837353,2020-04-14T04:09:13Z
160471,275245,4.0,1693536520,2023-09-01T02:48:40Z
160471,177939,4.0,1695508966,2023-09-23T22:42:46Z
160503,182479,4.0,1554293237,2019-04-03T12:07:17Z
160503,178907,3.5,1554293725,2019-04-03T12:15:25Z
160503,161594,3.0,1573293762,2019-11-09T10:02:42Z
160503,168250,4.0,1620031698,2021-05-03T08:48:18Z
160503,170961,3.5,1620031996,2021-05-03T08:53:16Z
160503,193041,4.0,1620032014,2021-05-03T08:53:34Z
160503,165105,3.5,1620032100,2021-05-03T08:55:00Z
160503,251520,4.0,1636501860,2021-11-09T23:51:00Z
160503,186985,4.0,1643292575,2022-01-27T14:09:35Z
160721,165105,3.0,1481504272,2016-12-12T00:57:52Z
160721,140805,3.5,1543823049,2018-12-03T07:44:09Z
160721,180091,3.0,1568680432,2019-09-17T00:33:52Z
160721,179411,2.0,1582582630,2020-02-24T22:17:10Z
160721,163056,3.5,1582726429,2020-02-26T14:13:49Z
160721,213367,3.5,1583373757,2020-03-05T02:02:37Z
160721,200838,3.0,1616634599,2021-03-25T01:09:59Z
160721,193533,3.0,1679967568,2023-03-28T01:39:28Z
160721,160848,3.0,1684957614,2023-05-24T19:46:54Z
160806,163134,4.0,1625979804,2021-07-11T05:03:24Z
160806,166291,4.0,1625979843,2021-07-11T05:04:03Z
160806,146309,4.0,1625979997,2021-07-11T05:06:37Z
160806,196937,4.5,1625980369,2021-07-11T05:12:49Z
160806,137863,3.5,1625980386,2021-07-11T05:13:06Z
160885,163134,5.0,1534940194,2018-08-22T12:16:34Z
160885,146309,5.0,1536128232,2018-09-05T06:17:12Z
160885,182479,4.0,1536128313,2018-09-05T06:18:33Z
160885,160848,4.0,1536231286,2018-09-06T10:54:46Z
160885,143367,5.0,1537269600,2018-09-18T11:20:00Z
160885,168250,4.5,1537273172,2018-09-18T12:19:32Z
161012,168218,4.5,1527727100,2018-05-31T00:38:20Z
161012,168090,4.0,1527727101,2018-05-31T00:38:21Z
161012,162968,4.0,1527727102,2018-05-31T00:38:22Z
161012,163134,4.5,1527727281,2018-05-31T00:41:21Z
161012,146309,4.0,1527728448,2018-05-31T01:00:48Z
161052,163134,5.0,1619320447,2021-04-25T03:14:07Z
161052,168250,4.5,1679639563,2023-03-24T06:32:43Z
161052,166291,5.0,1679640037,2023-03-24T06:40:37Z
161052,275245,4.0,1688619579,2023-07-06T04:59:39Z
161052,273891,4.0,1695462689,2023-09-23T09:51:29Z
161075,140805,3.0,1440116742,2015-08-21T00:25:42Z
161075,137863,3.5,1494199810,2017-05-07T23:30:10Z
161075,168250,4.0,1496271604,2017-05-31T23:00:04Z
161075,178907,4.0,1507685186,2017-10-11T01:26:26Z
161075,163056,3.5,1518906315,2018-02-17T22:25:15Z
161075,165105,3.0,1531193079,2018-07-10T03:24:39Z
161075,188773,4.5,1551826651,2019-03-05T22:57:31Z
161075,200820,3.5,1560372072,2019-06-12T20:41:12Z
161075,200838,3.5,1563821226,2019-07-22T18:47:06Z
161075,196937,4.0,1563906866,2019-07-23T18:34:26Z
161075,221971,3.5,1600560976,2020-09-20T00:16:16Z
161075,257037,4.0,1644714057,2022-02-13T01:00:57Z
161075,246604,5.0,1648585512,2022-03-29T20:25:12Z
161075,275245,3.5,1661645188,2022-08-28T00:06:28Z
161169,137863,4.0,1451689856,2016-01-01T23:10:56Z
161169,200820,4.0,1566009853,2019-08-17T02:44:13Z
161169,210577,4.0,1584139866,2020-03-13T22:51:06Z
161169,193533,4.0,1625369307,2021-07-04T03:28:27Z
161169,273891,4.0,1666242254,2022-10-20T05:04:14Z
161180,273891,1.0,1668665696,2022-11-17T06:14:56Z
161180,200820,1.0,1668666894,2022-11-17T06:34:54Z
161180,143367,2.0,1668671726,2022-11-17T07:55:26Z
161180,168250,1.0,1668672608,2022-11-17T08:10:08Z
161180,188623,2.0,1668708822,2022-11-17T18:13:42Z
161180,163134,1.0,1668712052,2022-11-17T19:07:32Z
161180,253332,2.0,1668726361,2022-11-17T23:06:01Z
161180,239256,1.0,1676607209,2023-02-17T04:13:29Z
161180,275245,1.0,1680774520,2023-04-06T09:48:40Z
161248,221256,3.0,1675732234,2023-02-07T01:10:34Z
161248,255639,3.5,1675732235,2023-02-07T01:10:35Z
161248,273891,4.5,1675732235,2023-02-07T01:10:35Z
161248,275245,4.0,1675732235,2023-02-07T01:10:35Z
161248,146309,2.5,1675732237,2023-02-07T01:10:37Z
161248,193533,3.0,1675732238,2023-02-07T01:10:38Z
161248,204158,5.0,1675732239,2023-02-07T01:10:39Z
161308,188623,4.0,1682689257,2023-04-28T13:40:57Z
161308,171013,2.5,1682700373,2023-04-28T16:46:13Z
161308,193583,0.5,1682703559,2023-04-28T17:39:19Z
161308,174549,0.5,1682704814,2023-04-28T18:00:14Z
161308,188773,4.0,1682705138,2023-04-28T18:05:38Z
161578,168250,4.5,1628987146,2021-08-15T00:25:46Z
161578,163134,5.0,1628988048,2021-08-15T00:40:48Z
161578,204158,5.0,1628988053,2021-08-15T00:40:53Z
161578,231413,4.5,1628988065,2021-08-15T00:41:05Z
161578,200820,4.5,1628988115,2021-08-15T00:41:55Z
161578,210577,4.0,1628988218,2021-08-15T00:43:38Z
161578,200838,3.5,1628988500,2021-08-15T00:48:20Z
161578,166291,4.5,1669178190,2022-11-23T04:36:30Z
161612,168250,4.0,1553110823,2019-03-20T19:40:23Z
161612,188773,4.0,1584302383,2020-03-15T19:59:43Z
161612,188623,4.0,1641159636,2022-01-02T21:40:36Z
161612,163134,4.5,1650188277,2022-04-17T09:37:57Z
161612,257037,4.0,1672263380,2022-12-28T21:36:20Z
161727,168250,5.0,1574519380,2019-11-23T14:29:40Z
161727,200838,3.5,1648404764,2022-03-27T18:12:44Z
161727,257037,4.0,1657848349,2022-07-15T01:25:49Z
161727,163134,4.5,1658013484,2022-07-16T23:18:04Z
161727,275245,4.5,1669305569,2022-11-24T15:59:29Z
161773,173007,1.5,1558620135,2019-05-23T14:02:15Z
161773,182479,3.0,1558620205,2019-05-23T14:03:25Z
161773,163134,3.0,1558620246,2019-05-23T14:04:06Z
161773,166291,3.5,1558620322,2019-05-23T14:05:22Z
161773,169400,3.5,1558620339,2019-05-23T14:05:39Z
161773,161594,2.5,1558620425,2019-05-23T14:07:05Z
161949,168250,5.0,1522708490,2018-04-02T22:34:50Z
161949,269766,5.0,1645489258,2022-02-22T00:20:58Z
161949,206393,4.5,1645489334,2022-02-22T00:22:14Z
161949,210577,4.0,1645910237,2022-02-26T21:17:17Z
161949,200820,4.5,1645910398,2022-02-26T21:19:58Z
161949,273891,4.0,1659899826,2022-08-07T19:17:06Z
161949,163056,4.5,1663253714,2022-09-15T14:55:14Z
161949,239256,3.5,1669587441,2022-11-27T22:17:21Z
161949,200838,4.0,1669587531,2022-11-27T22:18:51Z
161949,196937,4.0,1669587546,2022-11-27T22:19:06Z
161949,275245,4.5,1672786948,2023-01-03T23:02:28Z
161949,182479,3.5,1684019565,2023-05-13T23:12:45Z
161949,279452,3.5,1684019804,2023-05-13T23:16:44Z
162283,200820,5.0,1630161849,2021-08-28T14:44:09Z
162283,210577,5.0,1630161849,2021-08-28T14:44:09Z
162283,150776,4.5,1630161850,2021-08-28T14:44:10Z
162283,168250,4.5,1630161850,2021-08-28T14:44:10Z
162283,193041,5.0,1630161851,2021-08-28T14:44:11Z
162283,196937,5.0,1630161851,2021-08-28T14:44:11Z
162283,200838,4.5,1630161851,2021-08-28T14:44:11Z
162283,231413,5.0,1636745051,2021-11-12T19:24:11Z
162283,216511,3.5,1665313497,2022-10-09T11:04:57Z
162283,280116,3.5,1673322923,2023-01-10T03:55:23Z
162428,168250,4.5,1611722073,2021-01-27T04:34:33Z
162428,163134,3.0,1611722205,2021-01-27T04:36:45Z
162428,146309,4.0,1611722211,2021-01-27T04:36:51Z
162428,166291,3.5,1611723244,2021-01-27T04:54:04Z
162428,204158,3.5,1619420964,2021-04-26T07:09:24Z
162553,168250,3.5,1536113006,2018-09-05T02:03:26Z
162553,141432,4.0,1554860036,2019-04-10T01:33:56Z
162553,193041,3.0,1593028453,2020-06-24T19:54:13Z
162553,188773,5.0,1610566664,2021-01-13T19:37:44Z
162553,204158,1.0,1610566718,2021-01-13T19:38:38Z
162553,140106,4.0,1610567134,2021-01-13T19:45:34Z
162553,188623,3.0,1611273930,2021-01-22T00:05:30Z
162621,143367,4.0,1514882870,2018-01-02T08:47:50Z
162621,168250,3.5,1536755489,2018-09-12T12:31:29Z
162621,141432,3.5,1560417552,2019-06-13T09:19:12Z
162621,163134,4.0,1567082546,2019-08-29T12:42:26Z
162621,160848,4.0,1580540771,2020-02-01T07:06:11Z
162621,214216,3.5,1598103968,2020-08-22T13:46:08Z
162621,140106,3.5,1599301177,2020-09-05T10:19:37Z
162621,188773,4.0,1606208839,2020-11-24T09:07:19Z
162621,166291,3.5,1611585610,2021-01-25T14:40:10Z
162621,218657,3.5,1625822746,2021-07-09T09:25:46Z
162621,188623,3.5,1633080033,2021-10-01T09:20:33Z
162621,249180,3.5,1637737255,2021-11-24T07:00:55Z
162621,204158,3.5,1643125104,2022-01-25T15:38:24Z
162621,272555,3.5,1651683335,2022-05-04T16:55:35Z
162621,200820,3.0,1654705200,2022-06-08T16:20:00Z
162621,193041,3.0,1677142018,2023-02-23T08:46:58Z
162621,275245,3.5,1679244484,2023-03-19T16:48:04Z
162700,163134,4.5,1673019182,2023-01-06T15:33:02Z
162700,168250,3.5,1673020327,2023-01-06T15:52:07Z
162700,204158,4.5,1673022128,2023-01-06T16:22:08Z
162700,231413,4.5,1673022183,2023-01-06T16:23:03Z
162700,272079,4.0,1673022269,2023-01-06T16:24:29Z
162700,162990,4.0,1673023648,2023-01-06T16:47:28Z
162700,146309,4.0,1674635766,2023-01-25T08:36:06Z
162919,166291,3.0,1638096076,2021-11-28T10:41:16Z
162919,168250,2.5,1638096076,2021-11-28T10:41:16Z
162919,181225,2.0,1638096076,2021-11-28T10:41:16Z
162919,163134,2.5,1638096889,2021-11-28T10:54:49Z
162919,246604,3.0,1638096954,2021-11-28T10:55:54Z
163021,214216,5.0,1639048240,2021-12-09T11:10:40Z
163021,213353,5.0,1639048241,2021-12-09T11:10:41Z
163021,163134,5.0,1639048251,2021-12-09T11:10:51Z
163021,166291,5.0,1639048251,2021-12-09T11:10:51Z
163021,168250,5.0,1639048251,2021-12-09T11:10:51Z
163021,177285,5.0,1639048251,2021-12-09T11:10:51Z
163021,183661,5.0,1639048251,2021-12-09T11:10:51Z
163021,193583,5.0,1639048251,2021-12-09T11:10:51Z
163021,178907,5.0,1639048252,2021-12-09T11:10:52Z
163021,188623,5.0,1639048252,2021-12-09T11:10:52Z
163021,191235,5.0,1639048253,2021-12-09T11:10:53Z
163021,192649,5.0,1639048253,2021-12-09T11:10:53Z
163021,194797,5.0,1639048253,2021-12-09T11:10:53Z
163021,211137,5.0,1639048254,2021-12-09T11:10:54Z
163298,140106,3.0,1482699028,2016-12-25T20:50:28Z
163298,143367,3.0,1486918319,2017-02-12T16:51:59Z
163298,163134,2.5,1500754986,2017-07-22T20:23:06Z
163298,164204,2.0,1500755024,2017-07-22T20:23:44Z
163298,168250,4.0,1512241013,2017-12-02T18:56:53Z
163298,188623,2.0,1566338032,2019-08-20T21:53:52Z
163298,200794,2.5,1578159270,2020-01-04T17:34:30Z
163298,166291,1.5,1625863837,2021-07-09T20:50:37Z
163298,258157,2.0,1630271833,2021-08-29T21:17:13Z
163298,253332,2.5,1640876804,2021-12-30T15:06:44Z
163298,257037,3.0,1647204114,2022-03-13T20:41:54Z
163298,242062,2.5,1647742887,2022-03-20T02:21:27Z
163298,258001,3.0,1648956605,2022-04-03T03:30:05Z
163298,193041,3.5,1649535740,2022-04-09T20:22:20Z
163298,187545,2.5,1664676800,2022-10-02T02:13:20Z
163298,275245,3.0,1675621849,2023-02-05T18:30:49Z
163298,260825,3.0,1676162188,2023-02-12T00:36:28Z
163355,149658,4.0,1483909747,2017-01-08T21:09:07Z
163355,162990,5.0,1484289775,2017-01-13T06:42:55Z
163355,142374,4.0,1484342433,2017-01-13T21:20:33Z
163355,140805,3.5,1484342450,2017-01-13T21:20:50Z
163355,142566,4.0,1509279125,2017-10-29T12:12:05Z
163355,184641,4.0,1526307177,2018-05-14T14:12:57Z
163355,214764,4.0,1607211597,2020-12-05T23:39:57Z
163355,146309,4.5,1615085831,2021-03-07T02:57:11Z
163355,193916,3.5,1621464631,2021-05-19T22:50:31Z
163355,188623,4.5,1622673409,2021-06-02T22:36:49Z
163355,140106,4.0,1640302364,2021-12-23T23:32:44Z
163417,161594,2.5,1490815700,2017-03-29T19:28:20Z
163417,168250,3.0,1493538957,2017-04-30T07:55:57Z
163417,164643,3.0,1520885355,2018-03-12T20:09:15Z
163417,193041,3.0,1551554420,2019-03-02T19:20:20Z
163417,200820,2.5,1566760658,2019-08-25T19:17:38Z
163417,200838,2.5,1567341039,2019-09-01T12:30:39Z
163439,188773,4.5,1557389242,2019-05-09T08:07:22Z
163439,168250,4.0,1557392061,2019-05-09T08:54:21Z
163439,188623,4.5,1593750085,2020-07-03T04:21:25Z
163439,253332,4.5,1642712892,2022-01-20T21:08:12Z
163439,143367,4.0,1642715542,2022-01-20T21:52:22Z
163674,168250,5.0,1563054223,2019-07-13T21:43:43Z
163674,163134,5.0,1563054296,2019-07-13T21:44:56Z
163674,160848,3.5,1573222854,2019-11-08T14:20:54Z
163674,188773,4.0,1573406314,2019-11-10T17:18:34Z
163674,193041,4.5,1624021742,2021-06-18T13:09:02Z
163697,168250,3.0,1498355178,2017-06-25T01:46:18Z
163697,188773,4.0,1546038918,2018-12-28T23:15:18Z
163697,188623,2.0,1551723009,2019-03-04T18:10:09Z
163697,257037,3.5,1642966717,2022-01-23T19:38:37Z
163697,275245,3.0,1669079926,2022-11-22T01:18:46Z
163697,143367,3.5,1669083621,2022-11-22T02:20:21Z
163697,242062,3.5,1682253322,2023-04-23T12:35:22Z
163945,201704,4.0,1604658299,2020-11-06T10:24:59Z
163945,166291,3.5,1604659173,2020-11-06T10:39:33Z
163945,177939,4.0,1604659389,2020-11-06T10:43:09Z
163945,219820,3.5,1604659481,2020-11-06T10:44:41Z
163945,163134,4.0,1604659700,2020-11-06T10:48:20Z
164193,168250,3.0,1544383727,2018-12-09T19:28:47Z
164193,188773,2.5,1553417685,2019-03-24T08:54:45Z
164193,200820,1.5,1572257224,2019-10-28T10:07:04Z
164193,210577,2.0,1583740968,2020-03-09T08:02:48Z
164193,209949,3.0,1588522823,2020-05-03T16:20:23Z
164193,273891,4.0,1663847513,2022-09-22T11:51:53Z
164193,275245,2.5,1682844648,2023-04-30T08:50:48Z
164287,143367,5.0,1485994964,2017-02-02T00:22:44Z
164287,168250,4.0,1488215441,2017-02-27T17:10:41Z
164287,207297,4.0,1584902082,2020-03-22T18:34:42Z
164287,188623,4.0,1602468121,2020-10-12T02:02:01Z
164287,257037,4.5,1659672323,2022-08-05T04:05:23Z
164287,275245,4.0,1679981213,2023-03-28T05:26:53Z
164287,185905,4.0,1687501861,2023-06-23T06:31:01Z
164683,168250,5.0,1668633675,2022-11-16T21:21:15Z
164683,140805,5.0,1668634103,2022-11-16T21:28:23Z
164683,275245,3.5,1668634445,2022-11-16T21:34:05Z
164683,258001,4.0,1668702157,2022-11-17T16:22:37Z
164683,271160,5.0,1668703664,2022-11-17T16:47:44Z
164683,174549,1.0,1670515096,2022-12-08T15:58:16Z
164718,140106,4.0,1558721230,2019-05-24T18:07:10Z
164718,160848,3.5,1558721230,2019-05-24T18:07:10Z
164718,143367,4.0,1558721231,2019-05-24T18:07:11Z
164718,161594,3.5,1558721231,2019-05-24T18:07:11Z
164718,163134,4.0,1558721231,2019-05-24T18:07:11Z
164718,166291,3.5,1558721231,2019-05-24T18:07:11Z
164718,187145,3.5,1558721231,2019-05-24T18:07:11Z
164718,188773,3.5,1558721231,2019-05-24T18:07:11Z
164746,143367,3.0,1533405232,2018-08-04T17:53:52Z
164746,168250,4.0,1533438446,2018-08-05T03:07:26Z
164746,163134,2.0,1533567362,2018-08-06T14:56:02Z
164746,182479,3.5,1682199878,2023-04-22T21:44:38Z
164746,188623,2.5,1682199878,2023-04-22T21:44:38Z
164746,188773,3.0,1682199878,2023-04-22T21:44:38Z
164746,193916,1.0,1682199878,2023-04-22T21:44:38Z
164746,257037,4.5,1682318788,2023-04-24T06:46:28Z
164873,163056,3.5,1481569339,2016-12-12T19:02:19Z
164873,168250,2.0,1517475624,2018-02-01T09:00:24Z
164873,200820,3.5,1561215664,2019-06-22T15:01:04Z
164873,193041,4.0,1646426146,2022-03-04T20:35:46Z
164873,275245,2.5,1663435260,2022-09-17T17:21:00Z
164923,162968,5.0,1642199801,2022-01-14T22:36:41Z
164923,168090,5.0,1642199806,2022-01-14T22:36:46Z
164923,168218,5.0,1642199811,2022-01-14T22:36:51Z
164923,193916,3.0,1642200997,2022-01-14T22:56:37Z
164923,166291,3.5,1642205317,2022-01-15T00:08:37Z
164923,204158,3.0,1642205520,2022-01-15T00:12:00Z
164923,163134,5.0,1642205926,2022-01-15T00:18:46Z
164923,148855,3.5,1642275054,2022-01-15T19:30:54Z
164962,210577,3.5,1670065297,2022-12-03T11:01:37Z
164962,196937,4.0,1670066860,2022-12-03T11:27:40Z
164962,276231,3.5,1670066873,2022-12-03T11:27:53Z
164962,200838,3.5,1670089697,2022-12-03T17:48:17Z
164962,180091,3.5,1670332389,2022-12-06T13:13:09Z
164962,137863,3.0,1671573381,2022-12-20T21:56:21Z
164988,163134,5.0,1505934886,2017-09-20T19:14:46Z
164988,182479,4.0,1523129718,2018-04-07T19:35:18Z
164988,187145,4.0,1524408064,2018-04-22T14:41:04Z
164988,168250,3.5,1525625803,2018-05-06T16:56:43Z
164988,192981,4.5,1535749444,2018-08-31T21:04:04Z
164988,146309,4.0,1540053622,2018-10-20T16:40:22Z
164988,188773,4.5,1551644574,2019-03-03T20:22:54Z
164988,200838,3.5,1558118521,2019-05-17T18:42:01Z
164988,193916,3.5,1570826245,2019-10-11T20:37:25Z
164988,204158,4.0,1572891692,2019-11-04T18:21:32Z
164988,166291,3.5,1591995226,2020-06-12T20:53:46Z
164988,210577,3.0,1602957463,2020-10-17T17:57:43Z
164988,218657,4.0,1607890627,2020-12-13T20:17:07Z
164988,253508,3.5,1634323614,2021-10-15T18:46:54Z
164988,264073,2.0,1636835573,2021-11-13T20:32:53Z
164988,238036,2.5,1639511626,2021-12-14T19:53:46Z
164988,253826,4.0,1645131777,2022-02-17T21:02:57Z
164988,270762,4.0,1645377278,2022-02-20T17:14:38Z
164988,273891,3.5,1670763886,2022-12-11T13:04:46Z
164988,289097,4.0,1692781213,2023-08-23T09:00:13Z
165016,188623,4.0,1629610470,2021-08-22T05:34:30Z
165016,168250,4.5,1629610822,2021-08-22T05:40:22Z
165016,166291,4.0,1629612534,2021-08-22T06:08:54Z
165016,163134,4.0,1629612577,2021-08-22T06:09:37Z
165016,200820,3.5,1629614166,2021-08-22T06:36:06Z
165016,177939,4.5,1629614720,2021-08-22T06:45:20Z
165016,219599,4.0,1629736405,2021-08-23T16:33:25Z
165124,188773,0.5,1555798909,2019-04-20T22:21:49Z
165124,188623,0.5,1555798911,2019-04-20T22:21:51Z
165124,201244,0.5,1555798925,2019-04-20T22:22:05Z
165124,163056,0.5,1555809109,2019-04-21T01:11:49Z
165124,160848,0.5,1555809116,2019-04-21T01:11:56Z
165161,260645,4.0,1639396538,2021-12-13T11:55:38Z
165161,214764,4.0,1639396688,2021-12-13T11:58:08Z
165161,203735,4.0,1639396857,2021-12-13T12:00:57Z
165161,168218,0.5,1639397182,2021-12-13T12:06:22Z
165161,219328,1.0,1639397195,2021-12-13T12:06:35Z
165161,204158,3.0,1639397212,2021-12-13T12:06:52Z
165161,206393,0.5,1639397289,2021-12-13T12:08:09Z
165161,150776,3.0,1639397324,2021-12-13T12:08:44Z
165161,177939,4.0,1639397395,2021-12-13T12:09:55Z
165256,168250,3.0,1667830242,2022-11-07T14:10:42Z
165256,273891,3.0,1668817554,2022-11-19T00:25:54Z
165256,188773,3.0,1669939077,2022-12-01T23:57:57Z
165256,275245,1.0,1671757620,2022-12-23T01:07:00Z
165256,198107,1.5,1677799984,2023-03-02T23:33:04Z
165332,164403,4.0,1524268761,2018-04-20T23:59:21Z
165332,160848,2.0,1524883152,2018-04-28T02:39:12Z
165332,146309,4.0,1524884146,2018-04-28T02:55:46Z
165332,177285,2.0,1556672687,2019-05-01T01:04:47Z
165332,166291,2.5,1556930960,2019-05-04T00:49:20Z
165332,163134,5.0,1561971458,2019-07-01T08:57:38Z
165332,150395,2.5,1567388491,2019-09-02T01:41:31Z
165332,182479,3.0,1575080925,2019-11-30T02:28:45Z
165332,204158,4.5,1588299441,2020-05-01T02:17:21Z
165332,281188,3.5,1682227640,2023-04-23T05:27:20Z
165364,168250,4.0,1656037714,2022-06-24T02:28:34Z
165364,276231,2.0,1656286475,2022-06-26T23:34:35Z
165364,193041,2.5,1656541459,2022-06-29T22:24:19Z
165364,258001,2.5,1657163519,2022-07-07T03:11:59Z
165364,200820,3.0,1657925209,2022-07-15T22:46:49Z
165364,200838,2.0,1657925274,2022-07-15T22:47:54Z
165364,210577,1.5,1657925283,2022-07-15T22:48:03Z
165364,238036,2.5,1659756819,2022-08-06T03:33:39Z
165364,257037,2.5,1660175430,2022-08-10T23:50:30Z
165364,277778,0.5,1661064853,2022-08-21T06:54:13Z
165364,140106,3.0,1661134383,2022-08-22T02:13:03Z
165364,163056,4.0,1662302727,2022-09-04T14:45:27Z
165364,278698,3.0,1662945277,2022-09-12T01:14:37Z
165364,166291,5.0,1663370008,2022-09-16T23:13:28Z
165364,163134,4.0,1663370027,2022-09-16T23:13:47Z
165364,272079,4.0,1663372665,2022-09-16T23:57:45Z
165364,231413,4.0,1663372721,2022-09-16T23:58:41Z
165364,273891,4.5,1664335008,2022-09-28T03:16:48Z
165364,270528,3.0,1671236296,2022-12-17T00:18:16Z
165364,279436,1.5,1685241598,2023-05-28T02:39:58Z
165364,281188,3.0,1694462839,2023-09-11T20:07:19Z
165364,289097,3.0,1694819711,2023-09-15T23:15:11Z
165364,165105,2.0,1694992687,2023-09-17T23:18:07Z
165364,290195,1.0,1695773053,2023-09-27T00:04:13Z
165364,204158,3.5,1695854145,2023-09-27T22:35:45Z
165364,275245,3.0,1695854536,2023-09-27T22:42:16Z
165383,200838,3.0,1625524210,2021-07-05T22:30:10Z
165383,168250,3.0,1625621500,2021-07-07T01:31:40Z
165383,273891,3.5,1664511796,2022-09-30T04:23:16Z
165383,275245,4.0,1668495213,2022-11-15T06:53:33Z
165383,210577,2.0,1672287259,2022-12-29T04:14:19Z
165445,168250,3.0,1614117219,2021-02-23T21:53:39Z
165445,182467,4.0,1614119053,2021-02-23T22:24:13Z
165445,188623,2.5,1614119419,2021-02-23T22:30:19Z
165445,143367,2.0,1614120879,2021-02-23T22:54:39Z
165445,166291,2.0,1614121199,2021-02-23T22:59:59Z
165445,163134,5.0,1614121208,2021-02-23T23:00:08Z
165445,192209,2.5,1614121231,2021-02-23T23:00:31Z
165759,204158,4.0,1624738730,2021-06-26T20:18:50Z
165759,200820,4.0,1624738779,2021-06-26T20:19:39Z
165759,182479,1.5,1624739264,2021-06-26T20:27:44Z
165759,210641,2.5,1624755405,2021-06-27T00:56:45Z
165759,210577,4.0,1624755767,2021-06-27T01:02:47Z
165759,213367,3.0,1624756049,2021-06-27T01:07:29Z
165759,200838,5.0,1624756094,2021-06-27T01:08:14Z
165759,219862,3.5,1624756855,2021-06-27T01:20:55Z
165840,196937,5.0,1566033400,2019-08-17T09:16:40Z
165840,137863,5.0,1588408572,2020-05-02T08:36:12Z
165840,192649,4.0,1588408616,2020-05-02T08:36:56Z
165840,213353,4.0,1588408636,2020-05-02T08:37:16Z
165840,168250,3.5,1588536003,2020-05-03T20:00:03Z
165840,163134,5.0,1594082195,2020-07-07T00:36:35Z
165840,204158,5.0,1598790218,2020-08-30T12:23:38Z
165991,204158,4.0,1682825422,2023-04-30T03:30:22Z
165991,163134,4.0,1682825784,2023-04-30T03:36:24Z
165991,238036,2.5,1682826943,2023-04-30T03:55:43Z
165991,192649,4.0,1682909919,2023-05-01T02:58:39Z
165991,200838,4.0,1683864788,2023-05-12T04:13:08Z
165991,210577,4.0,1683864803,2023-05-12T04:13:23Z
166007,210577,3.0,1668081952,2022-11-10T12:05:52Z
166007,275245,0.5,1668081997,2022-11-10T12:06:37Z
166007,273891,3.0,1668082025,2022-11-10T12:07:05Z
166007,239256,3.0,1668082769,2022-11-10T12:19:29Z
166007,250832,5.0,1668082991,2022-11-10T12:23:11Z
166007,276231,5.0,1668083953,2022-11-10T12:39:13Z
166007,262529,3.0,1668084048,2022-11-10T12:40:48Z
166007,193533,3.0,1668085101,2022-11-10T12:58:21Z
166007,221256,4.0,1668085219,2022-11-10T13:00:19Z
166007,174515,3.0,1668085484,2022-11-10T13:04:44Z
166007,168250,0.5,1668086137,2022-11-10T13:15:37Z
166007,163056,3.0,1668088201,2022-11-10T13:50:01Z
166007,196937,5.0,1668088273,2022-11-10T13:51:13Z
166007,137863,5.0,1668088694,2022-11-10T13:58:14Z
166007,180091,3.0,1668088818,2022-11-10T14:00:18Z
166007,167850,3.0,1668088929,2022-11-10T14:02:09Z
166007,200052,3.0,1668089077,2022-11-10T14:04:37Z
166010,168250,2.5,1640716306,2021-12-28T18:31:46Z
166010,188773,4.5,1640720351,2021-12-28T19:39:11Z
166010,140106,3.0,1640720356,2021-12-28T19:39:16Z
166010,221250,3.5,1640766001,2021-12-29T08:20:01Z
166010,163056,2.5,1640799909,2021-12-29T17:45:09Z
166010,164282,2.5,1640902654,2021-12-30T22:17:34Z
166010,163134,4.5,1641786800,2022-01-10T03:53:20Z
166010,275245,3.5,1675212535,2023-02-01T00:48:55Z
166010,257037,4.0,1675212827,2023-02-01T00:53:47Z
166010,207297,2.5,1680291871,2023-03-31T19:44:31Z
166010,141432,3.5,1681044194,2023-04-09T12:43:14Z
166358,207297,3.5,1680123986,2023-03-29T21:06:26Z
166358,275245,2.5,1680123988,2023-03-29T21:06:28Z
166358,273891,5.0,1680123989,2023-03-29T21:06:29Z
166358,210577,2.5,1680123997,2023-03-29T21:06:37Z
166358,163134,5.0,1680123999,2023-03-29T21:06:39Z
166358,168250,3.5,1680123999,2023-03-29T21:06:39Z
166358,200838,3.0,1680124000,2023-03-29T21:06:40Z
166358,188623,3.5,1680124001,2023-03-29T21:06:41Z
166358,214260,3.5,1680124001,2023-03-29T21:06:41Z
166358,188773,3.5,1680124002,2023-03-29T21:06:42Z
166358,193041,2.5,1680124002,2023-03-29T21:06:42Z
166358,205447,5.0,1680124004,2023-03-29T21:06:44Z
166662,166291,5.0,1592818002,2020-06-22T09:26:42Z
166662,163134,3.5,1592818208,2020-06-22T09:30:08Z
166662,171013,3.5,1592820441,2020-06-22T10:07:21Z
166662,146309,3.5,1592820529,2020-06-22T10:08:49Z
166662,162968,2.5,1592822197,2020-06-22T10:36:37Z
166662,168250,4.5,1592822341,2020-06-22T10:39:01Z
166662,168218,2.5,1592825413,2020-06-22T11:30:13Z
166662,204158,3.5,1592825569,2020-06-22T11:32:49Z
166662,193916,2.5,1592825670,2020-06-22T11:34:30Z
166662,182479,3.0,1592825688,2020-06-22T11:34:48Z
166762,168250,5.0,1642402342,2022-01-17T06:52:22Z
166762,200838,4.5,1642404598,2022-01-17T07:29:58Z
166762,196937,5.0,1642405254,2022-01-17T07:40:54Z
166762,210577,3.5,1642408234,2022-01-17T08:30:34Z
166762,238036,3.0,1642411933,2022-01-17T09:32:13Z
166762,182479,4.0,1642412839,2022-01-17T09:47:19Z
166762,193533,1.5,1642486356,2022-01-18T06:12:36Z
166762,142374,1.0,1643056119,2022-01-24T20:28:39Z
166762,275245,4.0,1665137948,2022-10-07T10:19:08Z
166820,186985,3.0,1547977469,2019-01-20T09:44:29Z
166820,200820,4.0,1568130275,2019-09-10T15:44:35Z
166820,193533,2.5,1598722183,2020-08-29T17:29:43Z
166820,210577,3.0,1620116455,2021-05-04T08:20:55Z
166820,177119,3.0,1620590812,2021-05-09T20:06:52Z
166820,269766,3.5,1655620187,2022-06-19T06:29:47Z
166820,273891,4.0,1662250065,2022-09-04T00:07:45Z
166910,188773,4.0,1574868875,2019-11-27T15:34:35Z
166910,168250,4.0,1574868914,2019-11-27T15:35:14Z
166910,200838,2.5,1576676994,2019-12-18T13:49:54Z
166910,200794,3.5,1583070816,2020-03-01T13:53:36Z
166910,228225,2.5,1627136211,2021-07-24T14:16:51Z
166910,164643,3.0,1627136384,2021-07-24T14:19:44Z
166910,188623,5.0,1627136428,2021-07-24T14:20:28Z
166910,246522,3.0,1627136831,2021-07-24T14:27:11Z
167072,188623,4.5,1553889328,2019-03-29T19:55:28Z
167072,188773,4.0,1553891182,2019-03-29T20:26:22Z
167072,140106,4.0,1553898337,2019-03-29T22:25:37Z
167072,143367,4.0,1553898650,2019-03-29T22:30:50Z
167072,143531,3.5,1553900912,2019-03-29T23:08:32Z
167072,168250,3.5,1553901362,2019-03-29T23:16:02Z
167074,200820,2.5,1565985398,2019-08-16T19:56:38Z
167074,200838,3.0,1571363048,2019-10-18T01:44:08Z
167074,166291,4.0,1619378229,2021-04-25T19:17:09Z
167074,231413,4.0,1635814981,2021-11-02T01:03:01Z
167074,275245,4.0,1658724154,2022-07-25T04:42:34Z
167074,257037,3.5,1661915818,2022-08-31T03:16:58Z
167074,204158,4.5,1682256804,2023-04-23T13:33:24Z
167074,281188,4.5,1682256997,2023-04-23T13:36:37Z
167074,163134,4.5,1682257031,2023-04-23T13:37:11Z
167083,163134,5.0,1565027111,2019-08-05T17:45:11Z
167083,213353,4.0,1652016219,2022-05-08T13:23:39Z
167083,214216,4.0,1652016219,2022-05-08T13:23:39Z
167083,231413,4.0,1652016219,2022-05-08T13:23:39Z
167083,259871,3.5,1652016219,2022-05-08T13:23:39Z
167083,218657,4.5,1652016220,2022-05-08T13:23:40Z
167083,252932,3.5,1652016220,2022-05-08T13:23:40Z
167083,253826,4.5,1652016220,2022-05-08T13:23:40Z
167083,162990,3.5,1652016221,2022-05-08T13:23:41Z
167083,166291,4.5,1652016221,2022-05-08T13:23:41Z
167083,170125,4.0,1652016221,2022-05-08T13:23:41Z
167083,193583,4.0,1652016221,2022-05-08T13:23:41Z
167083,200838,3.5,1652016221,2022-05-08T13:23:41Z
167083,206321,4.5,1652016221,2022-05-08T13:23:41Z
167083,187145,4.0,1652016222,2022-05-08T13:23:42Z
167083,192209,3.5,1652016222,2022-05-08T13:23:42Z
167083,198611,4.5,1652016222,2022-05-08T13:23:42Z
167083,204158,4.5,1652016222,2022-05-08T13:23:42Z
167083,205447,4.0,1652016222,2022-05-08T13:23:42Z
167083,210939,5.0,1652016222,2022-05-08T13:23:42Z
167083,215653,3.0,1652016222,2022-05-08T13:23:42Z
167083,216525,3.5,1652016222,2022-05-08T13:23:42Z
167083,249180,5.0,1652016222,2022-05-08T13:23:42Z
167210,168250,3.5,1506356025,2017-09-25T16:13:45Z
167210,168652,0.5,1506742845,2017-09-30T03:40:45Z
167210,182863,4.5,1523059724,2018-04-07T00:08:44Z
167210,150395,4.5,1535246013,2018-08-26T01:13:33Z
167210,197747,4.0,1547692361,2019-01-17T02:32:41Z
167210,200838,1.0,1560627262,2019-06-15T19:34:22Z
167210,200820,2.5,1564779960,2019-08-02T21:06:00Z
167210,205447,3.0,1585455867,2020-03-29T04:24:27Z
167210,210939,3.5,1587877083,2020-04-26T04:58:03Z
167210,193573,3.0,1615420452,2021-03-10T23:54:12Z
167210,225347,3.0,1615420455,2021-03-10T23:54:15Z
167210,193583,2.0,1642023851,2022-01-12T21:44:11Z
167210,163134,4.0,1650916300,2022-04-25T19:51:40Z
167210,275245,3.0,1659496552,2022-08-03T03:15:52Z
167557,168250,3.5,1611746853,2021-01-27T11:27:33Z
167557,163134,3.5,1611757080,2021-01-27T14:18:00Z
167557,188773,3.5,1611759513,2021-01-27T14:58:33Z
167557,200838,3.0,1634956074,2021-10-23T02:27:54Z
167557,275245,3.0,1696262294,2023-10-02T15:58:14Z
167846,163056,5.0,1590284472,2020-05-24T01:41:12Z
167846,169400,4.5,1590285608,2020-05-24T02:00:08Z
167846,162968,5.0,1590816232,2020-05-30T05:23:52Z
167846,168090,5.0,1590816257,2020-05-30T05:24:17Z
167846,168218,4.5,1597206531,2020-08-12T04:28:51Z
167846,168250,4.5,1635623080,2021-10-30T19:44:40Z
167846,246604,3.0,1639503254,2021-12-14T17:34:14Z
167846,275245,4.0,1662614770,2022-09-08T05:26:10Z
167846,271160,3.0,1664686210,2022-10-02T04:50:10Z
167846,273891,4.0,1670651571,2022-12-10T05:52:51Z
167846,247500,4.0,1686575191,2023-06-12T13:06:31Z
167916,143367,4.5,1586108814,2020-04-05T17:46:54Z
167916,200820,1.5,1586108814,2020-04-05T17:46:54Z
167916,210577,3.5,1586108814,2020-04-05T17:46:54Z
167916,200838,2.0,1586108815,2020-04-05T17:46:55Z
167916,273891,3.5,1663439304,2022-09-17T18:28:24Z
167916,275245,4.0,1663439304,2022-09-17T18:28:24Z
167981,170125,5.0,1566661608,2019-08-24T15:46:48Z
167981,168250,5.0,1566662039,2019-08-24T15:53:59Z
167981,200838,3.5,1567139192,2019-08-30T04:26:32Z
167981,193916,5.0,1576493859,2019-12-16T10:57:39Z
167981,180091,3.5,1576497050,2019-12-16T11:50:50Z
167981,163134,4.5,1598310780,2020-08-24T23:13:00Z
167981,146309,4.5,1634180232,2021-10-14T02:57:12Z
167981,204158,4.0,1634180266,2021-10-14T02:57:46Z
167981,166291,4.0,1643346471,2022-01-28T05:07:51Z
167981,252932,3.0,1659662567,2022-08-05T01:22:47Z
167981,210577,2.5,1669955058,2022-12-02T04:24:18Z
168045,168250,4.0,1686475988,2023-06-11T09:33:08Z
168045,143367,3.0,1686483561,2023-06-11T11:39:21Z
168045,143531,4.0,1690754508,2023-07-30T22:01:48Z
168045,188773,2.0,1690754542,2023-07-30T22:02:22Z
168045,275245,2.0,1691107045,2023-08-03T23:57:25Z
168045,181225,2.0,1691419420,2023-08-07T14:43:40Z
168045,274993,4.0,1693080083,2023-08-26T20:01:23Z
168259,168250,4.0,1647454461,2022-03-16T18:14:21Z
168259,208293,3.5,1647468755,2022-03-16T22:12:35Z
168259,165105,3.5,1647627169,2022-03-18T18:12:49Z
168259,231413,3.0,1647719664,2022-03-19T19:54:24Z
168259,170961,3.0,1647721074,2022-03-19T20:17:54Z
168259,162990,3.0,1647721423,2022-03-19T20:23:43Z
168259,224465,3.0,1647966005,2022-03-22T16:20:05Z
168259,193581,3.0,1647983994,2022-03-22T21:19:54Z
168259,224845,3.0,1647988008,2022-03-22T22:26:48Z
168259,166974,3.0,1648576285,2022-03-29T17:51:25Z
168259,140805,4.0,1648835759,2022-04-01T17:55:59Z
168259,148855,3.0,1648923873,2022-04-02T18:24:33Z
168259,143367,3.5,1648936652,2022-04-02T21:57:32Z
168259,169400,3.0,1649178620,2022-04-05T17:10:20Z
168259,161594,3.5,1674310671,2023-01-21T14:17:51Z
168259,179411,3.0,1675533128,2023-02-04T17:52:08Z
168259,275245,3.5,1688059895,2023-06-29T17:31:35Z
168259,290195,4.0,1694284681,2023-09-09T18:38:01Z
168354,168250,3.0,1564856233,2019-08-03T18:17:13Z
168354,200838,4.0,1564856981,2019-08-03T18:29:41Z
168354,202389,1.0,1564857258,2019-08-03T18:34:18Z
168354,200820,3.0,1564857614,2019-08-03T18:40:14Z
168354,203926,1.0,1564857683,2019-08-03T18:41:23Z
168354,188773,1.0,1564857913,2019-08-03T18:45:13Z
168354,188623,1.0,1564857952,2019-08-03T18:45:52Z
168354,186593,1.0,1564858003,2019-08-03T18:46:43Z
168354,193041,1.0,1564858722,2019-08-03T18:58:42Z
168354,177939,1.0,1564858742,2019-08-03T18:59:02Z
168427,200838,5.0,1588116209,2020-04-28T23:23:29Z
168427,188773,4.5,1588119799,2020-04-29T00:23:19Z
168427,168250,4.0,1588130615,2020-04-29T03:23:35Z
168427,193916,5.0,1588130675,2020-04-29T03:24:35Z
168427,186985,5.0,1588130997,2020-04-29T03:29:57Z
168427,148855,4.0,1588132609,2020-04-29T03:56:49Z
168427,200820,5.0,1588135176,2020-04-29T04:39:36Z
168427,188623,4.0,1588139193,2020-04-29T05:46:33Z
168427,210577,4.0,1588139966,2020-04-29T05:59:26Z
168427,180091,5.0,1588141564,2020-04-29T06:26:04Z
168427,200052,3.5,1588141577,2020-04-29T06:26:17Z
168427,141972,4.5,1588141597,2020-04-29T06:26:37Z
168427,177119,4.0,1588152608,2020-04-29T09:30:08Z
168476,140106,4.5,1466634596,2016-06-22T22:29:56Z
168476,163134,4.5,1480204107,2016-11-26T23:48:27Z
168476,143367,3.0,1483571132,2017-01-04T23:05:32Z
168476,168250,4.0,1488846348,2017-03-07T00:25:48Z
168476,160848,3.5,1496343310,2017-06-01T18:55:10Z
168476,164204,4.0,1497215929,2017-06-11T21:18:49Z
168476,146309,2.0,1499729168,2017-07-10T23:26:08Z
168476,166291,3.0,1499764685,2017-07-11T09:18:05Z
168476,185905,4.0,1522021841,2018-03-25T23:50:41Z
168476,188773,4.5,1530206058,2018-06-28T17:14:18Z
168476,193041,4.0,1551271787,2019-02-27T12:49:47Z
168476,188623,4.0,1551272183,2019-02-27T12:56:23Z
168760,163134,4.0,1516750730,2018-01-23T23:38:50Z
168760,185539,5.0,1523475087,2018-04-11T19:31:27Z
168760,168250,4.0,1523613580,2018-04-13T09:59:40Z
168760,178907,4.0,1524007850,2018-04-17T23:30:50Z
168760,166291,4.0,1525218658,2018-05-01T23:50:58Z
168760,275245,3.5,1659814782,2022-08-06T19:39:42Z
168760,273891,3.5,1668803035,2022-11-18T20:23:55Z
168828,146309,4.0,1544110799,2018-12-06T15:39:59Z
168828,168250,4.0,1544110802,2018-12-06T15:40:02Z
168828,163134,3.5,1587240107,2020-04-18T20:01:47Z
168828,184835,4.0,1587240107,2020-04-18T20:01:47Z
168828,200838,3.0,1587240107,2020-04-18T20:01:47Z
168828,209973,3.5,1587240107,2020-04-18T20:01:47Z
168921,188623,3.5,1577102538,2019-12-23T12:02:18Z
168921,188773,4.0,1577103942,2019-12-23T12:25:42Z
168921,207297,3.5,1584956126,2020-03-23T09:35:26Z
168921,168250,3.5,1612196790,2021-02-01T16:26:30Z
168921,275245,4.5,1686482554,2023-06-11T11:22:34Z
168921,253332,5.0,1686482832,2023-06-11T11:27:12Z
168929,168250,5.0,1627797872,2021-08-01T06:04:32Z
168929,188623,5.0,1629432071,2021-08-20T04:01:11Z
168929,200838,4.0,1630992760,2021-09-07T05:32:40Z
168929,200820,4.0,1630992952,2021-09-07T05:35:52Z
168929,275245,3.0,1663823197,2022-09-22T05:06:37Z
168929,273891,5.0,1664947585,2022-10-05T05:26:25Z
168929,289097,4.5,1696227108,2023-10-02T06:11:48Z
169086,160848,3.5,1546781207,2019-01-06T13:26:47Z
169086,143367,4.0,1546781213,2019-01-06T13:26:53Z
169086,163134,4.0,1546781214,2019-01-06T13:26:54Z
169086,188623,4.0,1546781217,2019-01-06T13:26:57Z
169086,188773,5.0,1546781219,2019-01-06T13:26:59Z
169086,193916,3.0,1550606374,2019-02-19T19:59:34Z
169086,168250,4.5,1556835390,2019-05-02T22:16:30Z
169086,200838,3.5,1560365823,2019-06-12T18:57:03Z
169086,200820,2.0,1568149365,2019-09-10T21:02:45Z
169086,199279,3.0,1572958361,2019-11-05T12:52:41Z
169086,193041,4.5,1587798716,2020-04-25T07:11:56Z
169086,140106,4.0,1605454337,2020-11-15T15:32:17Z
169086,200794,3.0,1610654576,2021-01-14T20:02:56Z
169086,242062,3.0,1632689117,2021-09-26T20:45:17Z
169086,257037,3.5,1648400459,2022-03-27T17:00:59Z
169086,185905,2.5,1654891488,2022-06-10T20:04:48Z
169086,275245,2.5,1661722061,2022-08-28T21:27:41Z
169086,273891,2.5,1667139847,2022-10-30T14:24:07Z
169154,198119,1.5,1599225787,2020-09-04T13:23:07Z
169154,200820,2.0,1599225797,2020-09-04T13:23:17Z
169154,143367,3.0,1599225803,2020-09-04T13:23:23Z
169154,168250,4.0,1599225803,2020-09-04T13:23:23Z
169154,179411,3.0,1599225803,2020-09-04T13:23:23Z
169154,161594,2.0,1599225804,2020-09-04T13:23:24Z
169291,140805,2.5,1468475481,2016-07-14T05:51:21Z
169291,169400,3.5,1492210387,2017-04-14T22:53:07Z
169291,146309,4.0,1493541704,2017-04-30T08:41:44Z
169291,173007,3.0,1495343297,2017-05-21T05:08:17Z
169291,168250,3.5,1498211197,2017-06-23T09:46:37Z
169291,142566,3.5,1501712579,2017-08-02T22:22:59Z
169291,160848,3.5,1503729853,2017-08-26T06:44:13Z
169291,163134,3.5,1513468474,2017-12-16T23:54:34Z
169291,143367,2.5,1514614811,2017-12-30T06:20:11Z
169291,186985,3.5,1525920595,2018-05-10T02:49:55Z
169291,197455,1.5,1547462194,2019-01-14T10:36:34Z
169291,193916,4.0,1559109496,2019-05-29T05:58:16Z
169291,163056,3.0,1561442788,2019-06-25T06:06:28Z
169291,188773,4.0,1564885346,2019-08-04T02:22:26Z
169291,200838,4.0,1566691441,2019-08-25T00:04:01Z
169291,200820,3.0,1566885406,2019-08-27T05:56:46Z
169291,193041,3.5,1573621357,2019-11-13T05:02:37Z
169291,210577,3.0,1591560322,2020-06-07T20:05:22Z
169291,182479,3.0,1615102494,2021-03-07T07:34:54Z
169291,161594,2.5,1618163832,2021-04-11T17:57:12Z
169291,161592,3.0,1638679598,2021-12-05T04:46:38Z
169291,178907,3.0,1647232060,2022-03-14T04:27:40Z
169291,204610,3.5,1650088114,2022-04-16T05:48:34Z
169431,168250,4.0,1504069110,2017-08-30T04:58:30Z
169431,188623,4.5,1554744448,2019-04-08T17:27:28Z
169431,143367,4.0,1558447870,2019-05-21T14:11:10Z
169431,200820,2.0,1562594166,2019-07-08T13:56:06Z
169431,163056,2.5,1562908527,2019-07-12T05:15:27Z
169431,188773,4.5,1588511800,2020-05-03T13:16:40Z
169431,193041,4.5,1593325482,2020-06-28T06:24:42Z
169431,163134,4.0,1610501238,2021-01-13T01:27:18Z
169431,257037,5.0,1642370038,2022-01-16T21:53:58Z
169431,210577,2.5,1659469796,2022-08-02T19:49:56Z
169431,275245,3.0,1664503349,2022-09-30T02:02:29Z
169431,190705,4.0,1681061772,2023-04-09T17:36:12Z
169431,291817,4.0,1696058342,2023-09-30T07:19:02Z
169431,288807,4.0,1696482915,2023-10-05T05:15:15Z
169685,200838,3.0,1602843266,2020-10-16T10:14:26Z
169685,165105,3.5,1621761047,2021-05-23T09:10:47Z
169685,168250,4.0,1645894052,2022-02-26T16:47:32Z
169685,275245,4.0,1661747244,2022-08-29T04:27:24Z
169685,273891,2.5,1671977461,2022-12-25T14:11:01Z
169694,150395,2.0,1452351160,2016-01-09T14:52:40Z
169694,164282,4.0,1475155119,2016-09-29T13:18:39Z
169694,171013,4.5,1492529000,2017-04-18T15:23:20Z
169694,168250,3.5,1512077109,2017-11-30T21:25:09Z
169694,184509,5.0,1519133408,2018-02-20T13:30:08Z
169773,206303,3.5,1572758175,2019-11-03T05:16:15Z
169773,163134,4.5,1573471481,2019-11-11T11:24:41Z
169773,166291,4.5,1594904428,2020-07-16T13:00:28Z
169773,200838,4.5,1604825868,2020-11-08T08:57:48Z
169773,190435,3.0,1616926296,2021-03-28T10:11:36Z
169773,190433,3.0,1617023855,2021-03-29T13:17:35Z
169773,252308,3.5,1629014098,2021-08-15T07:54:58Z
169773,255639,3.5,1629014114,2021-08-15T07:55:14Z
169773,204158,5.0,1647681130,2022-03-19T09:12:10Z
169773,182479,4.0,1649582813,2022-04-10T09:26:53Z
169773,193916,1.0,1653646328,2022-05-27T10:12:08Z
169773,273891,4.0,1676622781,2023-02-17T08:33:01Z
169810,163134,4.0,1512332897,2017-12-03T20:28:17Z
169810,168250,3.5,1525113156,2018-04-30T18:32:36Z
169810,200838,2.5,1583664024,2020-03-08T10:40:24Z
169810,218657,3.0,1593461259,2020-06-29T20:07:39Z
169810,182479,3.0,1595359186,2020-07-21T19:19:46Z
169810,210577,2.5,1620502833,2021-05-08T19:40:33Z
169810,247500,3.0,1632068822,2021-09-19T16:27:02Z
169810,188623,3.5,1639086421,2021-12-09T21:47:01Z
169810,204158,3.5,1651399972,2022-05-01T10:12:52Z
169810,257037,3.5,1668966555,2022-11-20T17:49:15Z
169810,188773,3.5,1669543170,2022-11-27T09:59:30Z
169810,273891,3.0,1690744327,2023-07-30T19:12:07Z
169810,143367,3.0,1693081932,2023-08-26T20:32:12Z
169979,162990,3.5,1557558482,2019-05-11T07:08:02Z
169979,146309,3.0,1566210341,2019-08-19T10:25:41Z
169979,160848,3.5,1595234495,2020-07-20T08:41:35Z
169979,140106,4.5,1633913179,2021-10-11T00:46:19Z
169979,188773,4.0,1636871555,2021-11-14T06:32:35Z
169979,168250,4.0,1659787696,2022-08-06T12:08:16Z
169979,273891,3.5,1660467360,2022-08-14T08:56:00Z
169979,275245,3.5,1662524318,2022-09-07T04:18:38Z
169979,279692,0.5,1669712279,2022-11-29T08:57:59Z
170022,163134,5.0,1483215935,2016-12-31T20:25:35Z
170022,137863,5.0,1483216019,2016-12-31T20:26:59Z
170022,149658,5.0,1483220367,2016-12-31T21:39:27Z
170022,140805,5.0,1483392587,2017-01-02T21:29:47Z
170022,142374,5.0,1483392595,2017-01-02T21:29:55Z
170022,170961,4.0,1492353290,2017-04-16T14:34:50Z
170149,143367,3.0,1490730128,2017-03-28T19:42:08Z
170149,168250,4.0,1491514975,2017-04-06T21:42:55Z
170149,163056,2.0,1504027729,2017-08-29T17:28:49Z
170149,165105,2.5,1516470768,2018-01-20T17:52:48Z
170149,163134,3.5,1530298726,2018-06-29T18:58:46Z
170149,200820,1.5,1567883247,2019-09-07T19:07:27Z
170149,188623,2.5,1586768569,2020-04-13T09:02:49Z
170149,193041,3.0,1586768593,2020-04-13T09:03:13Z
170149,164395,3.5,1587489544,2020-04-21T17:19:04Z
170149,273891,3.0,1668324873,2022-11-13T07:34:33Z
170149,275245,2.0,1668324887,2022-11-13T07:34:47Z
170149,150776,1.5,1688322854,2023-07-02T18:34:14Z
170276,162990,4.0,1612520767,2021-02-05T10:26:07Z
170276,163134,4.5,1612520768,2021-02-05T10:26:08Z
170276,166291,4.5,1612520768,2021-02-05T10:26:08Z
170276,170125,3.5,1612520768,2021-02-05T10:26:08Z
170276,182479,3.0,1612520768,2021-02-05T10:26:08Z
170276,193916,3.0,1612521381,2021-02-05T10:36:21Z
170276,187145,2.5,1682414019,2023-04-25T09:13:39Z
170358,164403,5.0,1558748031,2019-05-25T01:33:51Z
170358,163134,4.5,1558748385,2019-05-25T01:39:45Z
170358,160848,4.5,1558748446,2019-05-25T01:40:46Z
170358,168250,4.0,1558749571,2019-05-25T01:59:31Z
170358,143367,4.0,1558749822,2019-05-25T02:03:42Z
170367,163134,3.5,1497130794,2017-06-10T21:39:54Z
170367,168250,4.5,1499374557,2017-07-06T20:55:57Z
170367,185905,4.0,1532815284,2018-07-28T22:01:24Z
170367,193041,4.0,1550610730,2019-02-19T21:12:10Z
170367,196233,3.5,1550650293,2019-02-20T08:11:33Z
170367,188623,4.5,1550650666,2019-02-20T08:17:46Z
170367,193533,3.5,1550651398,2019-02-20T08:29:58Z
170367,197455,3.0,1550651616,2019-02-20T08:33:36Z
170367,188773,3.5,1552222948,2019-03-10T13:02:28Z
170367,182467,3.5,1572642214,2019-11-01T21:03:34Z
170367,253332,4.0,1633213523,2021-10-02T22:25:23Z
170367,258001,4.0,1648329744,2022-03-26T21:22:24Z
170367,257037,3.5,1656262105,2022-06-26T16:48:25Z
170367,275245,3.5,1662207428,2022-09-03T12:17:08Z
170367,273891,4.0,1673095977,2023-01-07T12:52:57Z
170570,146309,4.5,1465059409,2016-06-04T16:56:49Z
170570,163134,4.0,1477848177,2016-10-30T17:22:57Z
170570,143367,2.0,1494756489,2017-05-14T10:08:09Z
170570,166295,3.0,1507216409,2017-10-05T15:13:29Z
170570,160848,3.0,1580414408,2020-01-30T20:00:08Z
170570,140106,3.5,1599756587,2020-09-10T16:49:47Z
170570,168250,3.5,1606251225,2020-11-24T20:53:45Z
170570,188773,3.5,1626461771,2021-07-16T18:56:11Z
170570,141432,4.0,1627815435,2021-08-01T10:57:15Z
170570,275883,4.0,1656172029,2022-06-25T15:47:09Z
170570,242062,3.0,1656861171,2022-07-03T15:12:51Z
170570,210577,2.0,1675196698,2023-01-31T20:24:58Z
170897,168250,5.0,1611120127,2021-01-20T05:22:07Z
170897,163134,3.5,1611140530,2021-01-20T11:02:10Z
170897,166291,4.5,1611140580,2021-01-20T11:03:00Z
170897,160848,1.5,1611141464,2021-01-20T11:17:44Z
170897,182479,1.5,1611141880,2021-01-20T11:24:40Z
170897,177939,4.0,1611142070,2021-01-20T11:27:50Z
170897,193916,3.0,1611142073,2021-01-20T11:27:53Z
170897,171013,4.0,1611142117,2021-01-20T11:28:37Z
170897,206393,4.5,1611142735,2021-01-20T11:38:55Z
170897,180091,2.5,1611142860,2021-01-20T11:41:00Z
170897,142566,3.5,1611142910,2021-01-20T11:41:50Z
170897,184835,4.0,1611143129,2021-01-20T11:45:29Z
170897,178111,0.5,1611143275,2021-01-20T11:47:55Z
170897,200838,4.0,1611227327,2021-01-21T11:08:47Z
170897,143367,2.0,1611270909,2021-01-21T23:15:09Z
170897,210577,2.0,1611380605,2021-01-23T05:43:25Z
170897,165105,3.0,1611382471,2021-01-23T06:14:31Z
170897,146309,3.5,1611384507,2021-01-23T06:48:27Z
171100,166291,4.0,1604425982,2020-11-03T17:53:02Z
171100,168250,5.0,1635268573,2021-10-26T17:16:13Z
171100,200838,5.0,1663433606,2022-09-17T16:53:26Z
171100,163134,5.0,1663433784,2022-09-17T16:56:24Z
171100,210577,4.0,1663434544,2022-09-17T17:09:04Z
171100,204158,4.0,1680114230,2023-03-29T18:23:50Z
171144,143367,4.5,1489832976,2017-03-18T10:29:36Z
171144,168250,4.0,1511867115,2017-11-28T11:05:15Z
171144,188623,4.0,1548712399,2019-01-28T21:53:19Z
171144,163056,4.0,1584782616,2020-03-21T09:23:36Z
171144,188773,4.5,1584900957,2020-03-22T18:15:57Z
171212,188623,4.5,1639434062,2021-12-13T22:21:02Z
171212,188773,4.5,1639434205,2021-12-13T22:23:25Z
171212,168250,3.5,1642113549,2022-01-13T22:39:09Z
171212,163134,4.0,1669844647,2022-11-30T21:44:07Z
171212,275245,3.0,1679505089,2023-03-22T17:11:29Z
171212,273891,3.0,1693298339,2023-08-29T08:38:59Z
171229,168250,3.5,1594077171,2020-07-06T23:12:51Z
171229,143367,3.0,1594138660,2020-07-07T16:17:40Z
171229,200838,2.0,1601932535,2020-10-05T21:15:35Z
171229,188623,5.0,1625006162,2021-06-29T22:36:02Z
171229,257037,4.0,1642023863,2022-01-12T21:44:23Z
171229,242062,3.5,1650148632,2022-04-16T22:37:12Z
171229,273891,3.0,1670625906,2022-12-09T22:45:06Z
171290,168250,4.5,1513675664,2017-12-19T09:27:44Z
171290,143367,3.5,1513675708,2017-12-19T09:28:28Z
171290,163134,4.5,1513675844,2017-12-19T09:30:44Z
171290,166291,5.0,1513676285,2017-12-19T09:38:05Z
171290,182479,3.5,1516434628,2018-01-20T07:50:28Z
171290,171013,3.5,1523317290,2018-04-09T23:41:30Z
171290,186985,3.0,1529636958,2018-06-22T03:09:18Z
171457,165105,3.0,1514220877,2017-12-25T16:54:37Z
171457,178907,2.5,1514726654,2017-12-31T13:24:14Z
171457,168250,4.0,1574462847,2019-11-22T22:47:27Z
171457,200820,2.5,1574463441,2019-11-22T22:57:21Z
171457,188623,4.0,1574543218,2019-11-23T21:06:58Z
171502,200838,3.5,1587933581,2020-04-26T20:39:41Z
171502,200820,4.0,1587933604,2020-04-26T20:40:04Z
171502,210577,4.0,1642545984,2022-01-18T22:46:24Z
171502,168250,5.0,1649744727,2022-04-12T06:25:27Z
171502,273891,4.0,1676331837,2023-02-13T23:43:57Z
171525,209949,3.0,1587669990,2020-04-23T19:26:30Z
171525,168250,4.0,1587670450,2020-04-23T19:34:10Z
171525,165105,3.0,1587670924,2020-04-23T19:42:04Z
171525,163134,4.0,1587671193,2020-04-23T19:46:33Z
171525,166291,4.0,1587671235,2020-04-23T19:47:15Z
171525,204158,5.0,1587671245,2020-04-23T19:47:25Z
171795,141432,3.5,1471564507,2016-08-18T23:55:07Z
171795,140106,3.5,1482588619,2016-12-24T14:10:19Z
171795,165105,2.5,1484485055,2017-01-15T12:57:35Z
171795,166974,3.0,1487906110,2017-02-24T03:15:10Z
171795,142566,3.0,1488593908,2017-03-04T02:18:28Z
171795,168250,3.5,1489543978,2017-03-15T02:12:58Z
171795,160848,3.5,1493340972,2017-04-28T00:56:12Z
171795,161594,2.5,1499820873,2017-07-12T00:54:33Z
171795,163056,3.0,1501200414,2017-07-28T00:06:54Z
171795,164204,3.0,1504916537,2017-09-09T00:22:17Z
171795,163134,3.0,1509586584,2017-11-02T01:36:24Z
171795,171013,3.5,1510425862,2017-11-11T18:44:22Z
171795,182479,3.5,1524711738,2018-04-26T03:02:18Z
171795,184275,3.0,1524961310,2018-04-29T00:21:50Z
171795,186985,3.5,1525387907,2018-05-03T22:51:47Z
171795,185539,3.5,1530319375,2018-06-30T00:42:55Z
171795,185905,3.0,1543026427,2018-11-24T02:27:07Z
171795,177939,3.0,1548375018,2019-01-25T00:10:18Z
171795,184835,3.0,1549215105,2019-02-03T17:31:45Z
171795,188773,4.0,1549587678,2019-02-08T01:01:18Z
171795,193916,3.0,1554423934,2019-04-05T00:25:34Z
171795,199279,3.0,1556241491,2019-04-26T01:18:11Z
171795,200052,3.0,1556817195,2019-05-02T17:13:15Z
171795,187145,3.0,1559956882,2019-06-08T01:21:22Z
171795,188623,3.5,1562119895,2019-07-03T02:11:35Z
171795,200838,3.0,1567027750,2019-08-28T21:29:10Z
171795,200820,3.0,1568256800,2019-09-12T02:53:20Z
171795,166291,3.5,1568467074,2019-09-14T13:17:54Z
171795,174549,3.0,1572483525,2019-10-31T00:58:45Z
171795,193041,3.0,1586301799,2020-04-07T23:23:19Z
171818,168250,4.0,1514288918,2017-12-26T11:48:38Z
171818,140805,3.5,1514290213,2017-12-26T12:10:13Z
171818,146309,4.0,1514323737,2017-12-26T21:28:57Z
171818,143367,4.0,1514638366,2017-12-30T12:52:46Z
171818,160848,4.0,1514638923,2017-12-30T13:02:03Z
171882,143531,3.0,1568875324,2019-09-19T06:42:04Z
171882,142618,3.0,1568875350,2019-09-19T06:42:30Z
171882,163056,3.0,1568875355,2019-09-19T06:42:35Z
171882,141432,3.5,1568875356,2019-09-19T06:42:36Z
171882,150776,3.0,1568875358,2019-09-19T06:42:38Z
171882,168250,3.5,1568875364,2019-09-19T06:42:44Z
171882,163134,3.5,1568875367,2019-09-19T06:42:47Z
171882,182467,3.0,1568875388,2019-09-19T06:43:08Z
171882,200838,3.0,1568875388,2019-09-19T06:43:08Z
171882,190525,3.0,1568875392,2019-09-19T06:43:12Z
171882,188623,3.5,1568875413,2019-09-19T06:43:33Z
171882,192217,3.5,1568875413,2019-09-19T06:43:33Z
171882,188773,3.5,1568875446,2019-09-19T06:44:06Z
171903,242116,4.0,1631501278,2021-09-13T02:47:58Z
171903,216511,3.0,1631501279,2021-09-13T02:47:59Z
171903,218657,3.5,1631501279,2021-09-13T02:47:59Z
171903,238036,3.0,1631501279,2021-09-13T02:47:59Z
171903,160848,4.0,1631501285,2021-09-13T02:48:05Z
171903,137863,3.0,1631501286,2021-09-13T02:48:06Z
171903,146309,4.0,1631501287,2021-09-13T02:48:07Z
171903,163134,4.5,1631501288,2021-09-13T02:48:08Z
171903,166291,4.5,1631501288,2021-09-13T02:48:08Z
171903,168250,4.0,1631501288,2021-09-13T02:48:08Z
171903,171013,4.0,1631501288,2021-09-13T02:48:08Z
171903,177939,4.0,1631501289,2021-09-13T02:48:09Z
171903,182479,3.5,1631501289,2021-09-13T02:48:09Z
171903,193916,4.0,1631501289,2021-09-13T02:48:09Z
171903,187145,4.0,1631501290,2021-09-13T02:48:10Z
171903,188623,4.0,1631501290,2021-09-13T02:48:10Z
171903,188773,4.5,1631501290,2021-09-13T02:48:10Z
171903,192209,3.5,1631501291,2021-09-13T02:48:11Z
171903,204158,4.0,1631501292,2021-09-13T02:48:12Z
171903,242404,4.5,1694299943,2023-09-09T22:52:23Z
171903,275245,4.0,1694299943,2023-09-09T22:52:23Z
171903,252932,4.0,1694299944,2023-09-09T22:52:24Z
171903,276231,3.0,1694299944,2023-09-09T22:52:24Z
171903,246604,4.5,1694299946,2023-09-09T22:52:26Z
171903,289097,3.5,1694299947,2023-09-09T22:52:27Z
171903,169022,4.5,1694299948,2023-09-09T22:52:28Z
171903,169400,3.5,1694299948,2023-09-09T22:52:28Z
171903,198611,4.0,1694299949,2023-09-09T22:52:29Z
172015,168250,4.5,1498581906,2017-06-27T16:45:06Z
172015,200820,3.5,1567653436,2019-09-05T03:17:16Z
172015,200838,3.0,1567653658,2019-09-05T03:20:58Z
172015,188623,4.0,1567653943,2019-09-05T03:25:43Z
172015,210577,2.0,1581962200,2020-02-17T17:56:40Z
172015,143367,4.5,1588435557,2020-05-02T16:05:57Z
172015,273891,3.5,1675539090,2023-02-04T19:31:30Z
172034,168250,5.0,1641746279,2022-01-09T16:37:59Z
172034,200838,0.5,1641748203,2022-01-09T17:10:03Z
172034,166291,0.5,1641749471,2022-01-09T17:31:11Z
172034,146309,0.5,1641750545,2022-01-09T17:49:05Z
172034,160848,0.5,1641765120,2022-01-09T21:52:00Z
172034,204158,0.5,1641765403,2022-01-09T21:56:43Z
172034,163056,0.5,1641765668,2022-01-09T22:01:08Z
172034,140805,0.5,1641831842,2022-01-10T16:24:02Z
172034,170961,0.5,1641831902,2022-01-10T16:25:02Z
172034,162968,0.5,1641832533,2022-01-10T16:35:33Z
172034,142374,0.5,1641832569,2022-01-10T16:36:09Z
172034,163134,0.5,1642516149,2022-01-18T14:29:09Z
172034,175479,0.5,1644349195,2022-02-08T19:39:55Z
172034,167850,0.5,1644349240,2022-02-08T19:40:40Z
172034,214020,0.5,1644349689,2022-02-08T19:48:09Z
172034,174549,0.5,1644416927,2022-02-09T14:28:47Z
172034,180091,0.5,1645127314,2022-02-17T19:48:34Z
172034,275201,1.0,1654878845,2022-06-10T16:34:05Z
172034,282901,0.5,1674325066,2023-01-21T18:17:46Z
172034,173235,0.5,1676465198,2023-02-15T12:46:38Z
172034,170909,0.5,1676465261,2023-02-15T12:47:41Z
172165,188623,3.5,1561342880,2019-06-24T02:21:20Z
172165,168250,4.0,1565615559,2019-08-12T13:12:39Z
172165,200838,4.5,1572310777,2019-10-29T00:59:37Z
172165,200820,3.5,1573256764,2019-11-08T23:46:04Z
172165,273891,4.5,1668804478,2022-11-18T20:47:58Z
172165,271224,3.5,1672027948,2022-12-26T04:12:28Z
172165,275245,3.5,1679867272,2023-03-26T21:47:52Z
172165,210577,3.5,1683846531,2023-05-11T23:08:51Z
172277,163134,3.5,1591451567,2020-06-06T13:52:47Z
172277,168250,4.5,1597263430,2020-08-12T20:17:10Z
172277,193041,4.5,1632227172,2021-09-21T12:26:12Z
172277,163056,3.5,1646422419,2022-03-04T19:33:39Z
172277,275245,3.5,1662846317,2022-09-10T21:45:17Z
172277,281188,3.5,1688502207,2023-07-04T20:23:27Z
172400,143367,3.5,1594851756,2020-07-15T22:22:36Z
172400,163134,5.0,1594851756,2020-07-15T22:22:36Z
172400,166291,3.5,1594851756,2020-07-15T22:22:36Z
172400,168250,3.5,1594851756,2020-07-15T22:22:36Z
172400,182479,3.5,1594851757,2020-07-15T22:22:37Z
172400,188773,4.5,1594851758,2020-07-15T22:22:38Z
172400,204158,3.5,1594851758,2020-07-15T22:22:38Z
172433,231413,3.5,1635550276,2021-10-29T23:31:16Z
172433,198119,2.0,1635550285,2021-10-29T23:31:25Z
172433,210577,3.0,1635550291,2021-10-29T23:31:31Z
172433,161594,2.5,1635550296,2021-10-29T23:31:36Z
172433,200838,3.0,1635550297,2021-10-29T23:31:37Z
172433,253332,2.0,1635550297,2021-10-29T23:31:37Z
172433,177119,2.0,1635550298,2021-10-29T23:31:38Z
172565,168250,4.5,1694921911,2023-09-17T03:38:31Z
172565,275245,3.0,1694922303,2023-09-17T03:45:03Z
172565,193041,4.0,1694923886,2023-09-17T04:11:26Z
172565,188773,4.0,1694924193,2023-09-17T04:16:33Z
172565,163056,3.5,1694999871,2023-09-18T01:17:51Z
172565,163134,5.0,1695001103,2023-09-18T01:38:23Z
172565,204158,4.5,1695585799,2023-09-24T20:03:19Z
172633,143367,4.5,1508114310,2017-10-16T00:38:30Z
172633,168250,3.0,1534631677,2018-08-18T22:34:37Z
172633,163134,2.5,1559394842,2019-06-01T13:14:02Z
172633,200838,3.5,1560345498,2019-06-12T13:18:18Z
172633,182863,3.5,1562461213,2019-07-07T01:00:13Z
172633,164395,3.5,1563831690,2019-07-22T21:41:30Z
172633,188773,4.0,1575066005,2019-11-29T22:20:05Z
172633,166291,3.5,1575941224,2019-12-10T01:27:04Z
172740,161594,4.0,1481803456,2016-12-15T12:04:16Z
172740,143367,3.5,1500239890,2017-07-16T21:18:10Z
172740,168250,3.5,1505476491,2017-09-15T11:54:51Z
172740,163056,4.0,1505590742,2017-09-16T19:39:02Z
172740,160848,4.0,1507578958,2017-10-09T19:55:58Z
172740,166974,3.5,1512512778,2017-12-05T22:26:18Z
172740,163134,4.5,1527421617,2018-05-27T11:46:57Z
172740,166291,4.0,1545324732,2018-12-20T16:52:12Z
172740,164204,3.5,1546639249,2019-01-04T22:00:49Z
172740,140106,5.0,1552167843,2019-03-09T21:44:03Z
172740,188773,4.0,1554668036,2019-04-07T20:13:56Z
172740,185905,3.5,1555879084,2019-04-21T20:38:04Z
172740,171013,3.5,1561150518,2019-06-21T20:55:18Z
172740,188623,4.0,1564950346,2019-08-04T20:25:46Z
172740,200820,3.0,1572280057,2019-10-28T16:27:37Z
172740,193916,3.5,1573054834,2019-11-06T15:40:34Z
172740,200838,3.5,1574436385,2019-11-22T15:26:25Z
172740,193041,4.5,1577958262,2020-01-02T09:44:22Z
172740,207297,2.5,1589918918,2020-05-19T20:08:38Z
172740,179411,3.0,1593634997,2020-07-01T20:23:17Z
172740,141432,3.5,1593720424,2020-07-02T20:07:04Z
172740,210577,2.5,1599076411,2020-09-02T19:53:31Z
172740,204158,4.0,1602789850,2020-10-15T19:24:10Z
172740,258001,3.5,1658260372,2022-07-19T19:52:52Z
172740,257037,4.0,1660393094,2022-08-13T12:18:14Z
172740,273891,4.0,1671305657,2022-12-17T19:34:17Z
172806,140106,4.0,1506705097,2017-09-29T17:11:37Z
172806,163134,3.0,1506705098,2017-09-29T17:11:38Z
172806,164643,4.0,1506705098,2017-09-29T17:11:38Z
172806,164204,4.0,1506705099,2017-09-29T17:11:39Z
172806,168250,3.0,1506705099,2017-09-29T17:11:39Z
172866,188773,4.5,1675704144,2023-02-06T17:22:24Z
172866,162968,4.0,1675704145,2023-02-06T17:22:25Z
172866,168090,4.0,1675704145,2023-02-06T17:22:25Z
172866,168218,4.5,1675704145,2023-02-06T17:22:25Z
172866,188623,4.0,1675704146,2023-02-06T17:22:26Z
172866,177939,4.0,1675704147,2023-02-06T17:22:27Z
172866,246604,4.5,1675704147,2023-02-06T17:22:27Z
172866,252932,3.0,1675704148,2023-02-06T17:22:28Z
172866,275245,3.5,1675704148,2023-02-06T17:22:28Z
172951,188623,4.5,1592181494,2020-06-15T00:38:14Z
172951,168250,4.5,1592192639,2020-06-15T03:43:59Z
172951,188773,4.5,1592193241,2020-06-15T03:54:01Z
172951,163134,3.5,1592338897,2020-06-16T20:21:37Z
172951,160848,4.0,1592338916,2020-06-16T20:21:56Z
172958,200838,3.5,1629677734,2021-08-23T00:15:34Z
172958,200820,4.0,1633705630,2021-10-08T15:07:10Z
172958,204158,4.0,1633705728,2021-10-08T15:08:48Z
172958,272079,4.0,1652762557,2022-05-17T04:42:37Z
172958,213353,4.0,1652762570,2022-05-17T04:42:50Z
172958,263555,3.5,1652762614,2022-05-17T04:43:34Z
172961,188773,4.5,1600577806,2020-09-20T04:56:46Z
172961,168250,4.5,1627718054,2021-07-31T07:54:14Z
172961,273891,4.5,1672632497,2023-01-02T04:08:17Z
172961,275245,5.0,1673930692,2023-01-17T04:44:52Z
172961,163134,5.0,1676912606,2023-02-20T17:03:26Z
172961,204158,5.0,1695355320,2023-09-22T04:02:00Z
173025,168250,4.0,1632574178,2021-09-25T12:49:38Z
173025,200820,2.5,1632574178,2021-09-25T12:49:38Z
173025,171013,3.5,1632574179,2021-09-25T12:49:39Z
173025,182479,3.0,1632574180,2021-09-25T12:49:40Z
173025,193916,2.5,1632574181,2021-09-25T12:49:41Z
173025,201488,2.5,1632574181,2021-09-25T12:49:41Z
173025,200838,2.5,1632574182,2021-09-25T12:49:42Z
173025,160848,3.0,1632574183,2021-09-25T12:49:43Z
173025,166291,3.5,1632574184,2021-09-25T12:49:44Z
173025,210577,1.5,1632574184,2021-09-25T12:49:44Z
173025,204158,3.0,1632574187,2021-09-25T12:49:47Z
173025,163134,4.0,1632574188,2021-09-25T12:49:48Z
173082,200820,2.0,1574112360,2019-11-18T21:26:00Z
173082,143367,3.5,1574112362,2019-11-18T21:26:02Z
173082,163134,4.0,1574112362,2019-11-18T21:26:02Z
173082,168250,3.5,1574112362,2019-11-18T21:26:02Z
173082,188623,3.5,1574112363,2019-11-18T21:26:03Z
173149,188623,4.5,1613331656,2021-02-14T19:40:56Z
173149,188773,3.5,1619748255,2021-04-30T02:04:15Z
173149,160848,4.5,1621049324,2021-05-15T03:28:44Z
173149,253332,2.5,1644763120,2022-02-13T14:38:40Z
173149,281188,4.5,1682265684,2023-04-23T16:01:24Z
173221,143367,4.0,1585136378,2020-03-25T11:39:38Z
173221,163056,3.5,1585136541,2020-03-25T11:42:21Z
173221,163134,2.5,1585136618,2020-03-25T11:43:38Z
173221,168250,4.0,1585136959,2020-03-25T11:49:19Z
173221,185905,3.0,1585137346,2020-03-25T11:55:46Z
173221,188623,4.0,1585137931,2020-03-25T12:05:31Z
173221,188773,4.0,1585137970,2020-03-25T12:06:10Z
173221,198611,3.5,1585138279,2020-03-25T12:11:19Z
173221,209949,3.0,1585139722,2020-03-25T12:35:22Z
173221,181225,4.0,1586808342,2020-04-13T20:05:42Z
173221,160848,4.0,1591721250,2020-06-09T16:47:30Z
173254,170125,5.0,1606012495,2020-11-22T02:34:55Z
173254,137863,5.0,1606012519,2020-11-22T02:35:19Z
173254,149658,4.0,1606012554,2020-11-22T02:35:54Z
173254,174549,4.5,1606012650,2020-11-22T02:37:30Z
173254,210227,5.0,1606012684,2020-11-22T02:38:04Z
173254,208293,4.0,1606012696,2020-11-22T02:38:16Z
173254,196937,5.0,1606013948,2020-11-22T02:59:08Z
173254,200838,5.0,1610338901,2021-01-11T04:21:41Z
173499,204810,4.0,1668836422,2022-11-19T05:40:22Z
173499,165105,3.0,1668836855,2022-11-19T05:47:35Z
173499,143367,5.0,1668838003,2022-11-19T06:06:43Z
173499,168250,4.0,1668844605,2022-11-19T07:56:45Z
173499,204818,1.0,1668888148,2022-11-19T20:02:28Z
173499,204820,1.0,1668920831,2022-11-20T05:07:11Z
173499,200820,2.0,1668927954,2022-11-20T07:05:54Z
173499,210577,3.5,1668932182,2022-11-20T08:16:22Z
173499,273891,1.5,1668984107,2022-11-20T22:41:47Z
173499,275245,1.5,1671492918,2022-12-19T23:35:18Z
173499,288769,3.0,1689567511,2023-07-17T04:18:31Z
173499,283149,3.0,1690772072,2023-07-31T02:54:32Z
173527,168250,3.5,1582402117,2020-02-22T20:08:37Z
173527,275245,4.0,1666036906,2022-10-17T20:01:46Z
173527,223310,4.0,1666036908,2022-10-17T20:01:48Z
173527,165129,4.0,1666036916,2022-10-17T20:01:56Z
173527,163056,3.0,1666036917,2022-10-17T20:01:57Z
173527,197657,5.0,1666036918,2022-10-17T20:01:58Z
173527,143367,4.0,1666036919,2022-10-17T20:01:59Z
173527,166974,4.0,1666036919,2022-10-17T20:01:59Z
173527,181225,4.0,1666036919,2022-10-17T20:01:59Z
173527,222877,4.0,1666036924,2022-10-17T20:02:04Z
173557,200820,4.0,1570219025,2019-10-04T19:57:05Z
173557,210577,3.5,1588609595,2020-05-04T16:26:35Z
173557,271224,2.0,1651055148,2022-04-27T10:25:48Z
173557,275245,1.0,1662318936,2022-09-04T19:15:36Z
173557,273891,2.0,1664477711,2022-09-29T18:55:11Z
173966,188623,3.5,1657622312,2022-07-12T10:38:32Z
173966,143367,1.5,1657651296,2022-07-12T18:41:36Z
173966,168250,4.5,1658868299,2022-07-26T20:44:59Z
173966,160848,3.5,1659038082,2022-07-28T19:54:42Z
173966,273891,3.0,1661987183,2022-08-31T23:06:23Z
173987,182479,3.5,1584405378,2020-03-17T00:36:18Z
173987,163134,4.0,1584405518,2020-03-17T00:38:38Z
173987,166291,3.5,1584405541,2020-03-17T00:39:01Z
173987,168250,3.0,1616897727,2021-03-28T02:15:27Z
173987,188773,4.0,1616906699,2021-03-28T04:44:59Z
173987,188623,4.0,1632674303,2021-09-26T16:38:23Z
174040,200820,2.5,1579209958,2020-01-16T21:25:58Z
174040,177119,3.0,1579211447,2020-01-16T21:50:47Z
174040,168250,4.0,1579211450,2020-01-16T21:50:50Z
174040,161594,2.0,1579211614,2020-01-16T21:53:34Z
174040,200838,2.0,1579212093,2020-01-16T22:01:33Z
174040,175283,1.0,1579215316,2020-01-16T22:55:16Z
174040,163134,3.5,1579222580,2020-01-17T00:56:20Z
174040,198815,4.0,1579223088,2020-01-17T01:04:48Z
174106,163134,4.5,1657860286,2022-07-15T04:44:46Z
174106,166291,4.0,1657860441,2022-07-15T04:47:21Z
174106,204158,4.0,1657860466,2022-07-15T04:47:46Z
174106,146309,3.5,1657860530,2022-07-15T04:48:50Z
174106,272555,3.0,1657860611,2022-07-15T04:50:11Z
174106,169400,3.0,1657860622,2022-07-15T04:50:22Z
174106,184835,3.0,1657860644,2022-07-15T04:50:44Z
174106,168250,4.0,1657861245,2022-07-15T05:00:45Z
174106,188623,3.5,1657862463,2022-07-15T05:21:03Z
174106,193041,3.5,1657862719,2022-07-15T05:25:19Z
174106,210939,4.5,1657864234,2022-07-15T05:50:34Z
174106,223570,5.0,1657864252,2022-07-15T05:50:52Z
174106,192649,3.0,1657864435,2022-07-15T05:53:55Z
174106,193583,3.0,1657864466,2022-07-15T05:54:26Z
174106,177285,3.0,1657864484,2022-07-15T05:54:44Z
174106,213353,3.5,1657864531,2022-07-15T05:55:31Z
174106,214216,4.0,1657864560,2022-07-15T05:56:00Z
174451,168250,5.0,1509322820,2017-10-30T00:20:20Z
174451,200838,4.5,1558400268,2019-05-21T00:57:48Z
174451,180091,3.5,1571596066,2019-10-20T18:27:46Z
174451,200820,3.0,1572207339,2019-10-27T20:15:39Z
174451,143367,4.5,1691423722,2023-08-07T15:55:22Z
174451,224841,2.5,1691423800,2023-08-07T15:56:40Z
174495,273891,3.0,1688746851,2023-07-07T16:20:51Z
174495,168250,2.0,1688747565,2023-07-07T16:32:45Z
174495,163134,4.0,1692293597,2023-08-17T17:33:17Z
174495,188773,4.0,1692294794,2023-08-17T17:53:14Z
174495,167198,3.0,1692314368,2023-08-17T23:19:28Z
174514,143367,4.0,1487389004,2017-02-18T03:36:44Z
174514,166291,2.5,1492088850,2017-04-13T13:07:30Z
174514,168250,5.0,1494847007,2017-05-15T11:16:47Z
174514,188773,3.0,1543751643,2018-12-02T11:54:03Z
174514,188623,3.5,1555838552,2019-04-21T09:22:32Z
174514,200820,2.5,1559562847,2019-06-03T11:54:07Z
174514,204158,2.5,1566996725,2019-08-28T12:52:05Z
174514,209949,2.0,1578349207,2020-01-06T22:20:07Z
174514,221256,3.0,1611434065,2021-01-23T20:34:25Z
174514,253332,3.0,1635469161,2021-10-29T00:59:21Z
174514,289097,4.0,1692084099,2023-08-15T07:21:39Z
174566,163134,4.0,1479313785,2016-11-16T16:29:45Z
174566,143367,3.0,1533088396,2018-08-01T01:53:16Z
174566,197549,3.5,1584264014,2020-03-15T09:20:14Z
174566,199269,3.5,1595064954,2020-07-18T09:35:54Z
174566,198611,3.5,1595064978,2020-07-18T09:36:18Z
174566,204158,3.0,1595065075,2020-07-18T09:37:55Z
174566,188773,3.0,1606840994,2020-12-01T16:43:14Z
174566,235617,3.5,1631840223,2021-09-17T00:57:03Z
174566,244860,3.0,1636525042,2021-11-10T06:17:22Z
174566,267640,3.5,1642825193,2022-01-22T04:19:53Z
174566,265816,3.5,1655290628,2022-06-15T10:57:08Z
174566,257037,3.5,1655737367,2022-06-20T15:02:47Z
174566,188623,3.0,1658860531,2022-07-26T18:35:31Z
174566,278746,3.0,1663168685,2022-09-14T15:18:05Z
174566,273891,4.0,1671644106,2022-12-21T17:35:06Z
174566,260645,3.0,1677082580,2023-02-22T16:16:20Z
174566,289563,2.5,1693618216,2023-09-02T01:30:16Z
174941,168250,4.0,1496766942,2017-06-06T16:35:42Z
174941,185905,4.0,1522761023,2018-04-03T13:10:23Z
174941,188773,4.0,1546625101,2019-01-04T18:05:01Z
174941,188623,4.0,1601317527,2020-09-28T18:25:27Z
174941,273891,3.0,1677033061,2023-02-22T02:31:01Z
174941,163134,3.5,1677383579,2023-02-26T03:52:59Z
174948,168250,4.0,1520205035,2018-03-04T23:10:35Z
174948,169400,3.5,1527275876,2018-05-25T19:17:56Z
174948,200838,3.0,1610074976,2021-01-08T03:02:56Z
174948,275245,5.0,1661744837,2022-08-29T03:47:17Z
174948,182479,3.5,1674323865,2023-01-21T17:57:45Z
174948,163134,4.0,1681700092,2023-04-17T02:54:52Z
175039,188773,4.0,1627620949,2021-07-30T04:55:49Z
175039,193041,3.0,1627875191,2021-08-02T03:33:11Z
175039,143367,4.5,1629772583,2021-08-24T02:36:23Z
175039,168250,3.5,1631849845,2021-09-17T03:37:25Z
175039,275245,4.5,1658458018,2022-07-22T02:46:58Z
175084,168250,3.0,1603909295,2020-10-28T18:21:35Z
175084,188623,2.0,1648382285,2022-03-27T11:58:05Z
175084,210577,2.5,1659182666,2022-07-30T12:04:26Z
175084,275245,2.5,1660392122,2022-08-13T12:02:02Z
175084,188773,4.0,1662538419,2022-09-07T08:13:39Z
175271,148855,4.0,1474847044,2016-09-25T23:44:04Z
175271,177869,3.5,1515539588,2018-01-09T23:13:08Z
175271,162968,5.0,1516936143,2018-01-26T03:09:03Z
175271,168090,5.0,1516936148,2018-01-26T03:09:08Z
175271,166291,3.5,1530741087,2018-07-04T21:51:27Z
175271,163134,5.0,1530742107,2018-07-04T22:08:27Z
175271,162990,4.0,1557151075,2019-05-06T13:57:55Z
175271,166295,3.5,1557151149,2019-05-06T13:59:09Z
175271,168218,5.0,1557151225,2019-05-06T14:00:25Z
175271,173007,3.5,1557151505,2019-05-06T14:05:05Z
175271,192209,3.5,1557151558,2019-05-06T14:05:58Z
175271,177229,3.0,1557152296,2019-05-06T14:18:16Z
175271,178111,3.5,1557152327,2019-05-06T14:18:47Z
175271,177939,4.0,1613163789,2021-02-12T21:03:09Z
175271,204158,3.5,1613163807,2021-02-12T21:03:27Z
175271,192981,4.0,1613164087,2021-02-12T21:08:07Z
175271,198611,4.0,1613164109,2021-02-12T21:08:29Z
175325,140106,4.0,1451729996,2016-01-02T10:19:56Z
175325,142550,3.0,1451730003,2016-01-02T10:20:03Z
175325,143531,2.0,1451730007,2016-01-02T10:20:07Z
175325,143525,5.0,1453243541,2016-01-19T22:45:41Z
175325,140108,3.5,1455488826,2016-02-14T22:27:06Z
175325,145596,3.5,1455488826,2016-02-14T22:27:06Z
175325,145034,4.0,1461698002,2016-04-26T19:13:22Z
175325,141432,2.5,1461698004,2016-04-26T19:13:24Z
175325,142374,2.0,1461698005,2016-04-26T19:13:25Z
175325,146309,3.5,1461799674,2016-04-27T23:27:54Z
175325,161123,3.0,1469776237,2016-07-29T07:10:37Z
175325,164395,3.5,1482568524,2016-12-24T08:35:24Z
175325,160848,3.5,1482765857,2016-12-26T15:24:17Z
175325,166974,3.0,1482765859,2016-12-26T15:24:19Z
175325,143367,3.5,1485674534,2017-01-29T07:22:14Z
175325,163134,4.5,1485704862,2017-01-29T15:47:42Z
175325,164204,3.5,1485704863,2017-01-29T15:47:43Z
175325,165129,3.5,1486337575,2017-02-05T23:32:55Z
175325,157369,4.0,1490178561,2017-03-22T10:29:21Z
175325,164643,4.0,1490178561,2017-03-22T10:29:21Z
175325,169974,4.0,1490178561,2017-03-22T10:29:21Z
175325,142566,3.0,1490178565,2017-03-22T10:29:25Z
175325,168652,3.0,1490178566,2017-03-22T10:29:26Z
175325,165105,2.5,1490178568,2017-03-22T10:29:28Z
175325,164282,3.5,1490799902,2017-03-29T15:05:02Z
175325,163056,3.0,1493348514,2017-04-28T03:01:54Z
175325,161592,2.5,1493649410,2017-05-01T14:36:50Z
175325,168250,3.5,1493649411,2017-05-01T14:36:51Z
175325,170805,4.0,1493649411,2017-05-01T14:36:51Z
175325,171013,4.5,1496492209,2017-06-03T12:16:49Z
175325,171863,4.0,1499893760,2017-07-12T21:09:20Z
175325,150776,3.0,1500663094,2017-07-21T18:51:34Z
175325,161578,3.0,1500663094,2017-07-21T18:51:34Z
175325,169400,3.5,1500754522,2017-07-22T20:15:22Z
175325,170125,3.5,1504787929,2017-09-07T12:38:49Z
175325,141426,2.5,1504787934,2017-09-07T12:38:54Z
175325,140805,2.5,1535602366,2018-08-30T04:12:46Z
175325,154971,3.0,1535602367,2018-08-30T04:12:47Z
175325,149146,3.0,1535602370,2018-08-30T04:12:50Z
175325,171071,3.0,1535602371,2018-08-30T04:12:51Z
175325,137863,3.0,1535602372,2018-08-30T04:12:52Z
175325,150395,3.0,1535602372,2018-08-30T04:12:52Z
175325,188961,3.0,1535602372,2018-08-30T04:12:52Z
175325,190989,3.5,1535602372,2018-08-30T04:12:52Z
175325,190991,2.5,1535602372,2018-08-30T04:12:52Z
175325,142618,3.5,1535602373,2018-08-30T04:12:53Z
175325,157206,2.5,1535602373,2018-08-30T04:12:53Z
175325,162718,3.0,1535602373,2018-08-30T04:12:53Z
175325,165361,2.5,1535602373,2018-08-30T04:12:53Z
175325,187545,3.5,1535602373,2018-08-30T04:12:53Z
175325,188997,3.5,1535602373,2018-08-30T04:12:53Z
175325,191009,3.5,1535602373,2018-08-30T04:12:53Z
175325,141972,3.0,1535602374,2018-08-30T04:12:54Z
175325,148855,3.0,1535602374,2018-08-30T04:12:54Z
175325,166295,3.5,1535602374,2018-08-30T04:12:54Z
175325,167168,3.0,1535602374,2018-08-30T04:12:54Z
175325,173905,2.5,1535602374,2018-08-30T04:12:54Z
175325,191011,3.5,1535602374,2018-08-30T04:12:54Z
175325,149658,3.5,1535602375,2018-08-30T04:12:55Z
175325,167250,3.5,1535602375,2018-08-30T04:12:55Z
175325,186139,3.0,1535602375,2018-08-30T04:12:55Z
175325,191765,2.5,1535602376,2018-08-30T04:12:56Z
175325,167142,3.5,1535602377,2018-08-30T04:12:57Z
175325,166291,4.0,1535602378,2018-08-30T04:12:58Z
175325,169022,3.5,1535602378,2018-08-30T04:12:58Z
175325,184699,3.0,1535602378,2018-08-30T04:12:58Z
175325,179113,3.5,1535602379,2018-08-30T04:12:59Z
175325,182467,3.0,1535602381,2018-08-30T04:13:01Z
175325,184275,3.0,1535602381,2018-08-30T04:13:01Z
175325,184977,2.5,1535602381,2018-08-30T04:13:01Z
175325,192239,4.0,1535602381,2018-08-30T04:13:01Z
175325,173235,3.0,1535602382,2018-08-30T04:13:02Z
175325,177099,3.5,1535602382,2018-08-30T04:13:02Z
175325,189743,3.5,1535602383,2018-08-30T04:13:03Z
175325,177939,3.5,1535602384,2018-08-30T04:13:04Z
175325,182479,3.5,1535602384,2018-08-30T04:13:04Z
175325,185539,3.5,1535602384,2018-08-30T04:13:04Z
175325,185905,3.0,1535602384,2018-08-30T04:13:04Z
175325,189565,3.0,1535602385,2018-08-30T04:13:05Z
175325,177119,2.5,1535602386,2018-08-30T04:13:06Z
175325,142620,3.5,1535895725,2018-09-02T13:42:05Z
175325,171373,3.5,1551180059,2019-02-26T11:20:59Z
175325,195491,3.0,1551180060,2019-02-26T11:21:00Z
175325,162990,3.5,1551180061,2019-02-26T11:21:01Z
175325,176515,3.0,1551180061,2019-02-26T11:21:01Z
175325,177741,4.0,1551180061,2019-02-26T11:21:01Z
175325,174549,3.5,1551180062,2019-02-26T11:21:02Z
175325,189851,3.5,1551180062,2019-02-26T11:21:02Z
175325,197607,4.0,1551180062,2019-02-26T11:21:02Z
175325,179411,3.0,1551180063,2019-02-26T11:21:03Z
175325,188181,3.0,1551180065,2019-02-26T11:21:05Z
175325,190171,4.0,1551180066,2019-02-26T11:21:06Z
175325,184835,3.5,1551180068,2019-02-26T11:21:08Z
175325,196233,3.0,1551180068,2019-02-26T11:21:08Z
175325,179225,4.0,1551180069,2019-02-26T11:21:09Z
175325,186999,2.5,1551180069,2019-02-26T11:21:09Z
175325,187467,4.0,1551180069,2019-02-26T11:21:09Z
175325,196251,2.5,1551180069,2019-02-26T11:21:09Z
175325,187509,3.0,1551180070,2019-02-26T11:21:10Z
175325,187145,3.0,1551180071,2019-02-26T11:21:11Z
175325,188623,3.5,1551180071,2019-02-26T11:21:11Z
175325,199231,2.5,1551180071,2019-02-26T11:21:11Z
175325,193041,4.0,1551180072,2019-02-26T11:21:12Z
175325,189225,4.0,1551527832,2019-03-02T11:57:12Z
175325,193916,3.5,1551527833,2019-03-02T11:57:13Z
175325,188773,4.0,1551527834,2019-03-02T11:57:14Z
175325,192209,3.0,1551527834,2019-03-02T11:57:14Z
175325,194797,2.5,1563299715,2019-07-16T17:55:15Z
175325,200386,3.0,1566577483,2019-08-23T16:24:43Z
175325,193573,3.5,1566577484,2019-08-23T16:24:44Z
175325,194252,4.0,1566577484,2019-08-23T16:24:44Z
175325,197903,3.5,1566577484,2019-08-23T16:24:44Z
175325,204810,3.5,1566577484,2019-08-23T16:24:44Z
175325,194452,2.5,1566577485,2019-08-23T16:24:45Z
175325,197455,3.5,1566577486,2019-08-23T16:24:46Z
175325,198107,3.5,1566577486,2019-08-23T16:24:46Z
175325,195605,3.0,1566672376,2019-08-24T18:46:16Z
175325,179493,4.0,1566672389,2019-08-24T18:46:29Z
175325,191749,3.0,1566672390,2019-08-24T18:46:30Z
175325,196809,3.0,1566672391,2019-08-24T18:46:31Z
175325,190987,2.5,1566672393,2019-08-24T18:46:33Z
175325,202251,3.0,1566672393,2019-08-24T18:46:33Z
175325,190433,3.5,1566672394,2019-08-24T18:46:34Z
175325,190435,4.0,1566672394,2019-08-24T18:46:34Z
175325,197901,3.0,1566672394,2019-08-24T18:46:34Z
175325,188995,3.5,1566672395,2019-08-24T18:46:35Z
175325,191763,3.5,1566672395,2019-08-24T18:46:35Z
175325,193763,2.5,1566672395,2019-08-24T18:46:35Z
175325,177465,3.5,1566672396,2019-08-24T18:46:36Z
175325,181225,4.0,1566672396,2019-08-24T18:46:36Z
175325,191755,3.0,1566672396,2019-08-24T18:46:36Z
175325,197657,3.5,1566672396,2019-08-24T18:46:36Z
175325,184509,4.0,1566672397,2019-08-24T18:46:37Z
175325,190035,3.0,1566672397,2019-08-24T18:46:37Z
175325,190431,5.0,1566672398,2019-08-24T18:46:38Z
175325,198815,3.0,1566672398,2019-08-24T18:46:38Z
175325,189121,3.0,1566672401,2019-08-24T18:46:41Z
175325,203252,2.5,1566672402,2019-08-24T18:46:42Z
175325,177177,2.0,1567584189,2019-09-04T08:03:09Z
175325,161594,3.0,1567584198,2019-09-04T08:03:18Z
175325,200820,3.0,1567584198,2019-09-04T08:03:18Z
175325,178907,3.5,1567584202,2019-09-04T08:03:22Z
175325,180069,3.5,1567584202,2019-09-04T08:03:22Z
175325,197549,3.5,1567584202,2019-09-04T08:03:22Z
175325,200838,3.5,1567584202,2019-09-04T08:03:22Z
175325,201704,3.5,1567584202,2019-09-04T08:03:22Z
175325,198611,4.0,1567584204,2019-09-04T08:03:24Z
175325,166126,2.5,1567628159,2019-09-04T20:15:59Z
175325,191753,3.0,1567628168,2019-09-04T20:16:08Z
175325,190525,3.5,1567628175,2019-09-04T20:16:15Z
175325,205765,3.5,1567628175,2019-09-04T20:16:15Z
175325,192981,3.5,1567628177,2019-09-04T20:16:17Z
175325,200794,3.5,1567628177,2019-09-04T20:16:17Z
175325,203974,3.5,1567628177,2019-09-04T20:16:17Z
175325,168218,4.0,1567628179,2019-09-04T20:16:19Z
175325,188433,4.0,1567628180,2019-09-04T20:16:20Z
175325,189237,3.5,1568758828,2019-09-17T22:20:28Z
175325,204816,3.5,1568758829,2019-09-17T22:20:29Z
175325,162968,3.5,1570182704,2019-10-04T09:51:44Z
175325,197079,4.0,1570182708,2019-10-04T09:51:48Z
175325,206299,3.5,1570182709,2019-10-04T09:51:49Z
175325,215221,2.0,1590372148,2020-05-25T02:02:28Z
175325,214548,2.0,1590372272,2020-05-25T02:04:32Z
175325,208076,4.0,1590372287,2020-05-25T02:04:47Z
175325,206809,3.0,1590372288,2020-05-25T02:04:48Z
175325,206883,3.0,1590372313,2020-05-25T02:05:13Z
175325,209283,3.0,1590372313,2020-05-25T02:05:13Z
175325,202061,4.0,1591976096,2020-06-12T15:34:56Z
175325,211125,3.0,1591976096,2020-06-12T15:34:56Z
175325,190705,4.0,1591976098,2020-06-12T15:34:58Z
175325,214340,3.5,1591976098,2020-06-12T15:34:58Z
175325,215047,3.0,1591976098,2020-06-12T15:34:58Z
175325,215363,4.0,1591976098,2020-06-12T15:34:58Z
175325,216199,4.0,1591976099,2020-06-12T15:34:59Z
175333,188773,5.0,1578944538,2020-01-13T19:42:18Z
175333,168250,4.0,1578948427,2020-01-13T20:47:07Z
175333,166291,4.0,1579074544,2020-01-15T07:49:04Z
175333,163134,3.0,1579213314,2020-01-16T22:21:54Z
175333,273891,3.5,1659888755,2022-08-07T16:12:35Z
175333,275245,4.5,1661455260,2022-08-25T19:21:00Z
176173,210577,3.0,1658590171,2022-07-23T15:29:31Z
176173,180091,3.0,1658590420,2022-07-23T15:33:40Z
176173,200052,3.0,1658590466,2022-07-23T15:34:26Z
176173,168250,4.0,1658591379,2022-07-23T15:49:39Z
176173,163134,4.0,1658594431,2022-07-23T16:40:31Z
176193,168250,4.0,1496368258,2017-06-02T01:50:58Z
176193,163134,5.0,1515657295,2018-01-11T07:54:55Z
176193,186985,3.0,1526194696,2018-05-13T06:58:16Z
176193,143367,4.0,1530417375,2018-07-01T03:56:15Z
176193,165105,2.0,1530937189,2018-07-07T04:19:49Z
176476,168250,3.5,1575480806,2019-12-04T17:33:26Z
176476,163134,3.5,1575481302,2019-12-04T17:41:42Z
176476,143367,4.5,1575481755,2019-12-04T17:49:15Z
176476,188773,2.0,1575482022,2019-12-04T17:53:42Z
176476,160848,2.5,1575482353,2019-12-04T17:59:13Z
176476,188623,2.0,1575482355,2019-12-04T17:59:15Z
176476,166291,4.0,1575482427,2019-12-04T18:00:27Z
176476,257037,4.5,1655444084,2022-06-17T05:34:44Z
176922,204158,3.5,1613595103,2021-02-17T20:51:43Z
176922,166291,4.5,1613595216,2021-02-17T20:53:36Z
176922,163134,4.5,1613596214,2021-02-17T21:10:14Z
176922,188623,4.0,1613615555,2021-02-18T02:32:35Z
176922,146309,3.5,1624036792,2021-06-18T17:19:52Z
176922,272555,3.0,1663222458,2022-09-15T06:14:18Z
177126,146309,4.0,1562887396,2019-07-11T23:23:16Z
177126,168250,4.0,1562898389,2019-07-12T02:26:29Z
177126,171013,4.0,1562898819,2019-07-12T02:33:39Z
177126,163134,4.0,1562899289,2019-07-12T02:41:29Z
177126,193916,3.5,1628125094,2021-08-05T00:58:14Z
177195,168250,3.5,1610826321,2021-01-16T19:45:21Z
177195,188623,4.0,1610827335,2021-01-16T20:02:15Z
177195,163134,3.0,1610900936,2021-01-17T16:28:56Z
177195,188773,3.5,1622831191,2021-06-04T18:26:31Z
177195,257037,3.5,1652526625,2022-05-14T11:10:25Z
177246,168250,4.0,1584889949,2020-03-22T15:12:29Z
177246,163134,4.0,1601900797,2020-10-05T12:26:37Z
177246,210577,2.5,1614288599,2021-02-25T21:29:59Z
177246,207297,3.5,1640013028,2021-12-20T15:10:28Z
177246,166291,4.0,1694270867,2023-09-09T14:47:47Z
177246,179225,4.0,1694611507,2023-09-13T13:25:07Z
177267,160848,3.5,1578091660,2020-01-03T22:47:40Z
177267,163056,3.0,1578091661,2020-01-03T22:47:41Z
177267,143367,2.5,1578091663,2020-01-03T22:47:43Z
177267,168250,3.0,1578091663,2020-01-03T22:47:43Z
177267,188623,4.0,1578091665,2020-01-03T22:47:45Z
177267,188773,4.0,1578091665,2020-01-03T22:47:45Z
177319,163134,4.5,1587177605,2020-04-18T02:40:05Z
177319,166291,5.0,1587177614,2020-04-18T02:40:14Z
177319,188773,4.5,1606199045,2020-11-24T06:24:05Z
177319,168250,4.0,1639547163,2021-12-15T05:46:03Z
177319,204158,3.5,1647571632,2022-03-18T02:47:12Z
177399,143367,2.0,1509568142,2017-11-01T20:29:02Z
177399,200838,3.0,1563055469,2019-07-13T22:04:29Z
177399,180091,4.0,1563056136,2019-07-13T22:15:36Z
177399,210577,3.0,1585245134,2020-03-26T17:52:14Z
177399,213367,4.5,1597167043,2020-08-11T17:30:43Z
177777,200838,3.0,1625887051,2021-07-10T03:17:31Z
177777,210577,2.0,1625887683,2021-07-10T03:28:03Z
177777,165105,3.0,1625887747,2021-07-10T03:29:07Z
177777,223310,4.0,1625888224,2021-07-10T03:37:04Z
177777,221250,4.0,1625888229,2021-07-10T03:37:09Z
177777,188773,3.5,1625890767,2021-07-10T04:19:27Z
177777,160848,2.5,1625894857,2021-07-10T05:27:37Z
177777,193041,2.5,1625897700,2021-07-10T06:15:00Z
177777,143367,5.0,1627534667,2021-07-29T04:57:47Z
177777,168250,4.0,1627534670,2021-07-29T04:57:50Z
177777,200794,5.0,1627534722,2021-07-29T04:58:42Z
177777,188623,4.5,1632170633,2021-09-20T20:43:53Z
177777,200820,1.0,1632171459,2021-09-20T20:57:39Z
177794,143367,3.5,1514048805,2017-12-23T17:06:45Z
177794,246604,3.5,1630945379,2021-09-06T16:22:59Z
177794,273891,2.5,1673114809,2023-01-07T18:06:49Z
177794,243994,3.5,1676139047,2023-02-11T18:10:47Z
177794,275245,3.5,1684612320,2023-05-20T19:52:00Z
177794,168250,3.5,1692825632,2023-08-23T21:20:32Z
177831,140805,2.5,1458819843,2016-03-24T11:44:03Z
177831,174515,2.5,1585389952,2020-03-28T10:05:52Z
177831,200820,3.0,1585389952,2020-03-28T10:05:52Z
177831,163134,3.5,1585389953,2020-03-28T10:05:53Z
177831,213367,3.0,1585389953,2020-03-28T10:05:53Z
177831,200838,3.5,1585652378,2020-03-31T10:59:38Z
177834,223382,3.0,1690638648,2023-07-29T13:50:48Z
177834,275245,3.5,1690638649,2023-07-29T13:50:49Z
177834,273891,3.0,1690638653,2023-07-29T13:50:53Z
177834,146309,3.5,1690638668,2023-07-29T13:51:08Z
177834,162990,3.5,1690638668,2023-07-29T13:51:08Z
177834,168250,4.0,1690638670,2023-07-29T13:51:10Z
177834,224841,3.5,1690638670,2023-07-29T13:51:10Z
177834,163134,4.0,1690638671,2023-07-29T13:51:11Z
177834,177285,3.5,1690638671,2023-07-29T13:51:11Z
177834,200838,2.0,1690638671,2023-07-29T13:51:11Z
177834,188623,4.0,1690638673,2023-07-29T13:51:13Z
177834,192649,3.5,1690638674,2023-07-29T13:51:14Z
177834,193041,4.0,1690638674,2023-07-29T13:51:14Z
177834,188773,4.0,1690638675,2023-07-29T13:51:15Z
177834,196937,4.0,1690638675,2023-07-29T13:51:15Z
177834,289097,3.5,1695315178,2023-09-21T16:52:58Z
177859,178111,4.5,1687131251,2023-06-18T23:34:11Z
177859,218657,4.5,1687132980,2023-06-19T00:03:00Z
177859,204158,4.5,1687133063,2023-06-19T00:04:23Z
177859,184835,2.0,1687134640,2023-06-19T00:30:40Z
177859,177099,2.0,1687135284,2023-06-19T00:41:24Z
177931,168250,4.5,1673478370,2023-01-11T23:06:10Z
177931,165105,2.0,1673478402,2023-01-11T23:06:42Z
177931,200838,4.0,1673478815,2023-01-11T23:13:35Z
177931,206393,3.5,1673507137,2023-01-12T07:05:37Z
177931,210577,3.5,1674027816,2023-01-18T07:43:36Z
177931,184835,3.0,1679551331,2023-03-23T06:02:11Z
177974,163134,4.0,1535416423,2018-08-28T00:33:43Z
177974,188773,4.5,1535417369,2018-08-28T00:49:29Z
177974,169400,3.5,1535421313,2018-08-28T01:55:13Z
177974,200838,3.0,1581472824,2020-02-12T02:00:24Z
177974,201488,2.5,1595181589,2020-07-19T17:59:49Z
177974,200820,2.5,1595183349,2020-07-19T18:29:09Z
177974,168250,3.5,1596343466,2020-08-02T04:44:26Z
177974,192209,2.5,1596344038,2020-08-02T04:53:58Z
177974,182479,3.0,1600578094,2020-09-20T05:01:34Z
177974,218657,3.0,1608610461,2020-12-22T04:14:21Z
177974,211137,2.0,1611315475,2021-01-22T11:37:55Z
177974,188623,3.5,1611702837,2021-01-26T23:13:57Z
177974,210577,2.5,1619358453,2021-04-25T13:47:33Z
178077,188623,5.0,1659808832,2022-08-06T18:00:32Z
178077,198611,5.0,1659810502,2022-08-06T18:28:22Z
178077,163134,4.5,1659811519,2022-08-06T18:45:19Z
178077,204158,2.5,1659811529,2022-08-06T18:45:29Z
178077,188773,3.5,1659821440,2022-08-06T21:30:40Z
178077,166291,3.0,1659821683,2022-08-06T21:34:43Z
178310,168250,5.0,1535399051,2018-08-27T19:44:11Z
178310,165105,2.0,1535536387,2018-08-29T09:53:07Z
178310,200820,2.0,1559299735,2019-05-31T10:48:55Z
178310,231413,3.0,1616170765,2021-03-19T16:19:25Z
178310,244120,2.5,1616506214,2021-03-23T13:30:14Z
178310,236883,2.0,1619788518,2021-04-30T13:15:18Z
178310,196233,2.0,1630775725,2021-09-04T17:15:25Z
178310,267548,1.5,1641001447,2022-01-01T01:44:07Z
178310,265824,2.0,1641585883,2022-01-07T20:04:43Z
178310,268374,1.5,1641779335,2022-01-10T01:48:55Z
178310,272079,1.5,1648223126,2022-03-25T15:45:26Z
178310,257037,4.0,1649960798,2022-04-14T18:26:38Z
178310,273891,2.5,1659708456,2022-08-05T14:07:36Z
178310,276231,1.5,1662194086,2022-09-03T08:34:46Z
178310,275245,3.5,1663470069,2022-09-18T03:01:09Z
178310,188623,2.5,1668759256,2022-11-18T08:14:16Z
178310,289097,2.5,1693847282,2023-09-04T17:08:02Z
178538,163134,4.0,1506534509,2017-09-27T17:48:29Z
178538,160848,4.0,1506535470,2017-09-27T18:04:30Z
178538,163056,4.0,1506535627,2017-09-27T18:07:07Z
178538,161594,3.5,1506536019,2017-09-27T18:13:39Z
178538,170961,2.5,1506536162,2017-09-27T18:16:02Z
178538,166291,3.5,1506536263,2017-09-27T18:17:43Z
178538,173007,3.5,1506536276,2017-09-27T18:17:56Z
178538,169400,3.5,1506536512,2017-09-27T18:21:52Z
178538,161592,2.5,1506608233,2017-09-28T14:17:13Z
178538,143367,4.0,1506621783,2017-09-28T18:03:03Z
178538,164395,3.5,1506626117,2017-09-28T19:15:17Z
178538,137863,2.0,1506627157,2017-09-28T19:32:37Z
178538,170125,3.0,1506627760,2017-09-28T19:42:40Z
178538,146309,4.0,1506627829,2017-09-28T19:43:49Z
178538,140805,2.0,1506679538,2017-09-29T10:05:38Z
178538,178907,3.5,1508167355,2017-10-16T15:22:35Z
178573,218657,4.0,1623796274,2021-06-15T22:31:14Z
178573,178907,4.0,1623796302,2021-06-15T22:31:42Z
178573,204158,4.5,1623796882,2021-06-15T22:41:22Z
178573,166291,5.0,1623797281,2021-06-15T22:48:01Z
178573,163134,5.0,1623797289,2021-06-15T22:48:09Z
178573,146309,5.0,1624338842,2021-06-22T05:14:02Z
178826,154971,3.0,1458868727,2016-03-25T01:18:47Z
178826,168250,3.5,1496602008,2017-06-04T18:46:48Z
178826,177177,3.5,1504744593,2017-09-07T00:36:33Z
178826,143367,3.5,1517184081,2018-01-29T00:01:21Z
178826,200820,1.5,1571063330,2019-10-14T14:28:50Z
178826,273891,3.0,1670183041,2022-12-04T19:44:01Z
178826,275245,3.5,1679789167,2023-03-26T00:06:07Z
178868,168250,3.5,1681619553,2023-04-16T04:32:33Z
178868,273891,3.0,1681622427,2023-04-16T05:20:27Z
178868,143367,3.5,1681622483,2023-04-16T05:21:23Z
178868,200820,1.5,1681622637,2023-04-16T05:23:57Z
178868,275245,1.0,1681622801,2023-04-16T05:26:41Z
178868,204158,3.5,1681633085,2023-04-16T08:18:05Z
178868,165105,2.0,1681633244,2023-04-16T08:20:44Z
178880,185877,4.0,1539123171,2018-10-09T22:12:51Z
178880,168250,4.0,1540125283,2018-10-21T12:34:43Z
178880,193041,5.0,1555243189,2019-04-14T11:59:49Z
178880,218771,4.0,1593298463,2020-06-27T22:54:23Z
178880,192649,4.5,1597531087,2020-08-15T22:38:07Z
178880,200820,3.5,1602185639,2020-10-08T19:33:59Z
178880,200838,4.0,1602185693,2020-10-08T19:34:53Z
178880,175283,1.0,1629487921,2021-08-20T19:32:01Z
179003,168250,2.5,1509827238,2017-11-04T20:27:18Z
179003,183661,0.5,1516243441,2018-01-18T02:44:01Z
179003,163056,4.5,1544567820,2018-12-11T22:37:00Z
179003,200838,2.5,1560797532,2019-06-17T18:52:12Z
179003,200820,0.5,1569637288,2019-09-28T02:21:28Z
179003,210577,3.0,1592157127,2020-06-14T17:52:07Z
179003,188623,4.0,1625410914,2021-07-04T15:01:54Z
179003,188773,3.5,1645465472,2022-02-21T17:44:32Z
179003,275245,3.0,1665799216,2022-10-15T02:00:16Z
179189,161594,3.0,1585508317,2020-03-29T18:58:37Z
179189,200820,2.5,1598935052,2020-09-01T04:37:32Z
179189,200838,3.0,1599176481,2020-09-03T23:41:21Z
179189,168250,4.5,1601077660,2020-09-25T23:47:40Z
179189,188773,4.0,1602642676,2020-10-14T02:31:16Z
179189,143367,4.5,1630161966,2021-08-28T14:46:06Z
179189,273891,3.5,1665835043,2022-10-15T11:57:23Z
179189,275245,3.5,1667171219,2022-10-30T23:06:59Z
179194,143367,4.0,1517967841,2018-02-07T01:44:01Z
179194,168250,4.0,1531089065,2018-07-08T22:31:05Z
179194,163134,5.0,1563787844,2019-07-22T09:30:44Z
179194,200820,2.0,1567967971,2019-09-08T18:39:31Z
179194,166291,2.5,1600749533,2020-09-22T04:38:53Z
179194,178907,2.0,1634092972,2021-10-13T02:42:52Z
179194,275245,4.5,1659921013,2022-08-08T01:10:13Z
179194,273891,1.0,1660703500,2022-08-17T02:31:40Z
179218,143367,2.0,1490961761,2017-03-31T12:02:41Z
179218,163134,4.0,1492860086,2017-04-22T11:21:26Z
179218,190525,3.0,1576494765,2019-12-16T11:12:45Z
179218,160848,3.5,1584893232,2020-03-22T16:07:12Z
179218,145596,3.5,1586008884,2020-04-04T14:01:24Z
179218,193041,4.0,1586647664,2020-04-11T23:27:44Z
179218,189121,2.5,1586818887,2020-04-13T23:01:27Z
179218,175299,3.5,1587772288,2020-04-24T23:51:28Z
179218,210577,2.0,1619955786,2021-05-02T11:43:06Z
179218,200838,2.0,1619955812,2021-05-02T11:43:32Z
179238,165105,3.0,1602666747,2020-10-14T09:12:27Z
179238,200820,3.0,1602666747,2020-10-14T09:12:27Z
179238,170961,3.5,1602666749,2020-10-14T09:12:29Z
179238,200838,3.5,1602666749,2020-10-14T09:12:29Z
179238,188623,3.0,1602666751,2020-10-14T09:12:31Z
179238,188773,3.0,1602666752,2020-10-14T09:12:32Z
179347,210227,4.5,1679646044,2023-03-24T08:20:44Z
179347,193533,3.5,1679646147,2023-03-24T08:22:27Z
179347,149658,2.0,1679647066,2023-03-24T08:37:46Z
179347,222234,4.5,1679647116,2023-03-24T08:38:36Z
179347,167850,5.0,1679647154,2023-03-24T08:39:14Z
179356,284377,2.0,1677500565,2023-02-27T12:22:45Z
179356,218657,4.5,1677501736,2023-02-27T12:42:16Z
179356,223570,5.0,1677501740,2023-02-27T12:42:20Z
179356,249182,4.0,1677501744,2023-02-27T12:42:24Z
179356,163134,4.5,1677502032,2023-02-27T12:47:12Z
179360,140108,1.0,1455247287,2016-02-12T03:21:27Z
179360,142620,3.5,1526139247,2018-05-12T15:34:07Z
179360,142550,3.5,1526139248,2018-05-12T15:34:08Z
179360,176515,4.0,1526139249,2018-05-12T15:34:09Z
179360,163134,4.0,1526139250,2018-05-12T15:34:10Z
179360,168250,4.0,1526139250,2018-05-12T15:34:10Z
179360,182467,4.0,1526139250,2018-05-12T15:34:10Z
179414,204158,3.5,1657145323,2022-07-06T22:08:43Z
179414,166295,4.0,1658690838,2022-07-24T19:27:18Z
179414,200820,3.5,1670925116,2022-12-13T09:51:56Z
179414,200838,4.0,1679154027,2023-03-18T15:40:27Z
179414,198611,4.5,1682456809,2023-04-25T21:06:49Z
179455,168250,5.0,1540612479,2018-10-27T03:54:39Z
179455,165105,4.0,1540951071,2018-10-31T01:57:51Z
179455,193041,3.0,1679701696,2023-03-24T23:48:16Z
179455,257037,3.5,1679702117,2023-03-24T23:55:17Z
179455,188623,3.0,1679702302,2023-03-24T23:58:22Z
179455,275245,3.0,1679702416,2023-03-25T00:00:16Z
179455,273891,2.0,1679702434,2023-03-25T00:00:34Z
179455,239256,2.0,1679703241,2023-03-25T00:14:01Z
179455,252932,3.5,1679703275,2023-03-25T00:14:35Z
179455,207297,3.5,1679703524,2023-03-25T00:18:44Z
179455,210221,2.5,1679703584,2023-03-25T00:19:44Z
179455,160848,2.0,1679805641,2023-03-26T04:40:41Z
179455,146309,4.0,1679805698,2023-03-26T04:41:38Z
179455,178111,1.0,1679805716,2023-03-26T04:41:56Z
179455,200820,1.0,1679805740,2023-03-26T04:42:20Z
179455,142566,3.0,1679806284,2023-03-26T04:51:24Z
179455,204158,4.0,1685465856,2023-05-30T16:57:36Z
179455,206393,3.0,1685465876,2023-05-30T16:57:56Z
179455,163134,4.5,1685465933,2023-05-30T16:58:53Z
179455,201706,3.0,1685465946,2023-05-30T16:59:06Z
179455,192981,2.5,1685465955,2023-05-30T16:59:15Z
179455,177939,2.0,1685465972,2023-05-30T16:59:32Z
179455,185539,4.0,1685466426,2023-05-30T17:07:06Z
179455,188773,4.0,1692048161,2023-08-14T21:22:41Z
179571,162990,4.5,1573456761,2019-11-11T07:19:21Z
179571,174515,5.0,1573456761,2019-11-11T07:19:21Z
179571,143367,0.5,1573456762,2019-11-11T07:19:22Z
179571,170961,3.5,1573456763,2019-11-11T07:19:23Z
179571,177119,3.5,1573456763,2019-11-11T07:19:23Z
179571,178907,3.5,1573456763,2019-11-11T07:19:23Z
179571,183661,4.0,1573456763,2019-11-11T07:19:23Z
179571,186985,3.5,1573456763,2019-11-11T07:19:23Z
179571,200838,4.0,1573456763,2019-11-11T07:19:23Z
179571,191235,3.5,1573456764,2019-11-11T07:19:24Z
179571,196937,4.0,1573456764,2019-11-11T07:19:24Z
179618,231413,4.5,1629114763,2021-08-16T11:52:43Z
179618,200838,3.0,1629115403,2021-08-16T12:03:23Z
179618,200820,3.0,1631027677,2021-09-07T15:14:37Z
179618,210577,3.5,1631191652,2021-09-09T12:47:32Z
179618,196937,4.5,1639030624,2021-12-09T06:17:04Z
179618,193583,3.0,1639487061,2021-12-14T13:04:21Z
179618,273891,3.5,1669907611,2022-12-01T15:13:31Z
179618,272079,4.5,1684558214,2023-05-20T04:50:14Z
179618,281188,4.0,1694240185,2023-09-09T06:16:25Z
179708,168250,4.0,1506821023,2017-10-01T01:23:43Z
179708,163056,5.0,1511596605,2017-11-25T07:56:45Z
179708,191005,3.0,1540732265,2018-10-28T13:11:05Z
179708,173007,4.0,1549805128,2019-02-10T13:25:28Z
179708,178907,4.5,1558359763,2019-05-20T13:42:43Z
179708,200820,3.0,1579363358,2020-01-18T16:02:38Z
179708,190705,4.5,1629165423,2021-08-17T01:57:03Z
179708,271224,4.0,1663761780,2022-09-21T12:03:00Z
179708,257037,4.5,1687164339,2023-06-19T08:45:39Z
179842,207297,3.5,1616332343,2021-03-21T13:12:23Z
179842,163134,3.0,1616332352,2021-03-21T13:12:32Z
179842,168250,2.5,1616332352,2021-03-21T13:12:32Z
179842,179411,3.0,1616332352,2021-03-21T13:12:32Z
179842,188623,3.5,1616332352,2021-03-21T13:12:32Z
179842,193041,3.5,1618746675,2021-04-18T11:51:15Z
179842,212969,2.0,1619903146,2021-05-01T21:05:46Z
179912,188773,5.0,1554042305,2019-03-31T14:25:05Z
179912,188623,4.5,1554042375,2019-03-31T14:26:15Z
179912,143367,4.0,1554045460,2019-03-31T15:17:40Z
179912,163134,4.5,1554243521,2019-04-02T22:18:41Z
179912,168250,4.0,1554244174,2019-04-02T22:29:34Z
180001,178111,5.0,1613703418,2021-02-19T02:56:58Z
180001,218657,5.0,1613703431,2021-02-19T02:57:11Z
180001,201706,5.0,1613703571,2021-02-19T02:59:31Z
180001,201488,5.0,1613704259,2021-02-19T03:10:59Z
180001,204158,5.0,1613704590,2021-02-19T03:16:30Z
180001,166291,5.0,1613704614,2021-02-19T03:16:54Z
180001,210641,3.5,1613704815,2021-02-19T03:20:15Z
180001,163134,5.0,1613706429,2021-02-19T03:47:09Z
180001,171013,5.0,1613706510,2021-02-19T03:48:30Z
180001,187145,5.0,1615158982,2021-03-07T23:16:22Z
180001,211137,4.5,1615507124,2021-03-11T23:58:44Z
180001,168250,5.0,1632878552,2021-09-29T01:22:32Z
180322,168250,4.0,1504482664,2017-09-03T23:51:04Z
180322,188773,4.0,1603768902,2020-10-27T03:21:42Z
180322,257037,4.0,1648698259,2022-03-31T03:44:19Z
180322,273891,3.5,1672630204,2023-01-02T03:30:04Z
180322,199279,3.0,1693879647,2023-09-05T02:07:27Z
180410,182479,3.5,1594510813,2020-07-11T23:40:13Z
180410,171013,4.0,1594511563,2020-07-11T23:52:43Z
180410,169400,3.0,1594511875,2020-07-11T23:57:55Z
180410,193916,4.0,1594511939,2020-07-11T23:58:59Z
180410,203974,3.5,1594513732,2020-07-12T00:28:52Z
180410,188623,4.0,1594513756,2020-07-12T00:29:16Z
180410,206093,2.5,1594514104,2020-07-12T00:35:04Z
180410,216511,3.0,1594514522,2020-07-12T00:42:02Z
180410,166291,4.5,1594514540,2020-07-12T00:42:20Z
180410,192209,3.5,1594514676,2020-07-12T00:44:36Z
180410,201706,4.5,1594516012,2020-07-12T01:06:52Z
180410,177229,3.0,1594516218,2020-07-12T01:10:18Z
180410,200838,3.5,1594599152,2020-07-13T00:12:32Z
180410,212385,3.0,1594599256,2020-07-13T00:14:16Z
180410,199279,3.5,1594599510,2020-07-13T00:18:30Z
180410,174549,2.5,1594599663,2020-07-13T00:21:03Z
180410,178111,3.0,1594599943,2020-07-13T00:25:43Z
180410,180091,3.0,1594600732,2020-07-13T00:38:52Z
180410,163134,4.5,1594601056,2020-07-13T00:44:16Z
180410,160848,3.5,1594601085,2020-07-13T00:44:45Z
180410,168250,4.5,1594601108,2020-07-13T00:45:08Z
180410,146309,4.5,1594607958,2020-07-13T02:39:18Z
180410,148855,3.5,1594608261,2020-07-13T02:44:21Z
180410,201704,4.0,1594608361,2020-07-13T02:46:01Z
180410,186985,3.0,1594617095,2020-07-13T05:11:35Z
180410,137863,3.5,1594617126,2020-07-13T05:12:06Z
180410,178907,3.5,1594617270,2020-07-13T05:14:30Z
180410,201488,4.0,1598980236,2020-09-01T17:10:36Z
180410,196937,4.5,1606100591,2020-11-23T03:03:11Z
180410,221256,3.5,1610989648,2021-01-18T17:07:28Z
180410,238036,3.5,1612627094,2021-02-06T15:58:14Z
180410,177939,4.5,1613872625,2021-02-21T01:57:05Z
180410,200820,3.0,1614354710,2021-02-26T15:51:50Z
180410,243994,4.0,1616426018,2021-03-22T15:13:38Z
180410,163056,3.5,1618157260,2021-04-11T16:07:40Z
180410,231413,4.5,1620835469,2021-05-12T16:04:29Z
180410,161594,3.5,1623360133,2021-06-10T21:22:13Z
180410,142566,3.5,1626010873,2021-07-11T13:41:13Z
180410,206393,4.5,1630988114,2021-09-07T04:15:14Z
180410,187145,4.0,1641393740,2022-01-05T14:42:20Z
180410,252932,4.0,1643079697,2022-01-25T03:01:37Z
180410,272079,4.0,1647957085,2022-03-22T13:51:25Z
180410,193041,4.5,1648219186,2022-03-25T14:39:46Z
180410,257037,4.0,1648398344,2022-03-27T16:25:44Z
180410,268322,3.5,1654837154,2022-06-10T04:59:14Z
180410,207828,3.5,1654837190,2022-06-10T04:59:50Z
180410,212383,3.5,1656388189,2022-06-28T03:49:49Z
180410,256535,4.0,1658411318,2022-07-21T13:48:38Z
180410,275651,3.5,1658411326,2022-07-21T13:48:46Z
180410,259737,4.0,1660799168,2022-08-18T05:06:08Z
180410,275245,4.5,1667149998,2022-10-30T17:13:18Z
180410,273891,4.0,1668782413,2022-11-18T14:40:13Z
180410,246604,4.0,1670903477,2022-12-13T03:51:17Z
180410,278070,3.5,1673105692,2023-01-07T15:34:52Z
180410,281188,4.5,1682431359,2023-04-25T14:02:39Z
180410,288937,3.0,1689993926,2023-07-22T02:45:26Z
180410,204158,4.5,1693972775,2023-09-06T03:59:35Z
180410,184835,3.5,1696139618,2023-10-01T05:53:38Z
180503,168250,3.0,1510512959,2017-11-12T18:55:59Z
180503,166291,3.5,1544182148,2018-12-07T11:29:08Z
180503,188623,3.5,1578078029,2020-01-03T19:00:29Z
180503,188773,3.0,1583266185,2020-03-03T20:09:45Z
180503,163134,3.5,1583860017,2020-03-10T17:06:57Z
180503,160848,3.0,1607633679,2020-12-10T20:54:39Z
180503,143367,2.0,1613408320,2021-02-15T16:58:40Z
180503,257037,4.0,1657632617,2022-07-12T13:30:17Z
180503,273891,3.0,1668203283,2022-11-11T21:48:03Z
180520,186985,1.0,1527805084,2018-05-31T22:18:04Z
180520,200820,2.5,1572221395,2019-10-28T00:09:55Z
180520,143367,2.0,1626652988,2021-07-19T00:03:08Z
180520,210577,2.0,1636429827,2021-11-09T03:50:27Z
180520,200838,2.5,1637898335,2021-11-26T03:45:35Z
180520,273891,2.5,1670924335,2022-12-13T09:38:55Z
180647,188623,4.0,1581482155,2020-02-12T04:35:55Z
180647,200820,1.5,1611281404,2021-01-22T02:10:04Z
180647,168250,4.0,1626789334,2021-07-20T13:55:34Z
180647,275245,3.5,1674450337,2023-01-23T05:05:37Z
180647,143367,3.5,1685504465,2023-05-31T03:41:05Z
180749,143367,3.0,1520458694,2018-03-07T21:38:14Z
180749,168250,3.5,1520459490,2018-03-07T21:51:30Z
180749,140106,3.5,1520460425,2018-03-07T22:07:05Z
180749,164204,2.0,1520460892,2018-03-07T22:14:52Z
180749,182479,2.5,1566315146,2019-08-20T15:32:26Z
180749,188623,3.5,1566315728,2019-08-20T15:42:08Z
180749,257037,3.5,1648908085,2022-04-02T14:01:25Z
180749,273891,3.5,1667505772,2022-11-03T20:02:52Z
180797,168250,5.0,1645772325,2022-02-25T06:58:45Z
180797,160848,5.0,1645782073,2022-02-25T09:41:13Z
180797,188773,4.5,1645782110,2022-02-25T09:41:50Z
180797,210577,4.0,1645782955,2022-02-25T09:55:55Z
180797,163134,4.5,1645782958,2022-02-25T09:55:58Z
180797,193533,3.5,1645782959,2022-02-25T09:55:59Z
180797,231413,2.5,1648010421,2022-03-23T04:40:21Z
180911,281188,5.0,1686864056,2023-06-15T21:20:56Z
180911,163134,4.0,1686864063,2023-06-15T21:21:03Z
180911,168250,5.0,1686864119,2023-06-15T21:21:59Z
180911,257037,5.0,1687847585,2023-06-27T06:33:05Z
180911,204158,2.5,1687995453,2023-06-28T23:37:33Z
180939,273891,3.0,1678144324,2023-03-06T23:12:04Z
180939,275245,4.0,1678144342,2023-03-06T23:12:22Z
180939,168250,4.5,1678152312,2023-03-07T01:25:12Z
180939,257037,4.0,1678152331,2023-03-07T01:25:31Z
180939,253332,1.5,1678204780,2023-03-07T15:59:40Z
180939,143367,4.5,1678205221,2023-03-07T16:07:01Z
180939,235861,4.5,1684545313,2023-05-20T01:15:13Z
181059,161594,3.0,1481049454,2016-12-06T18:37:34Z
181059,143367,3.0,1494063610,2017-05-06T09:40:10Z
181059,168250,3.5,1495269161,2017-05-20T08:32:41Z
181059,163134,4.0,1504091833,2017-08-30T11:17:13Z
181059,160848,3.5,1504870771,2017-09-08T11:39:31Z
181059,166291,3.5,1515166155,2018-01-05T15:29:15Z
181059,165105,3.0,1530739292,2018-07-04T21:21:32Z
181059,193916,3.0,1551198366,2019-02-26T16:26:06Z
181059,169400,3.0,1562064398,2019-07-02T10:46:38Z
181059,171013,3.5,1562946497,2019-07-12T15:48:17Z
181059,141432,3.0,1591130437,2020-06-02T20:40:37Z
181059,187145,3.5,1598199479,2020-08-23T16:17:59Z
181059,193041,3.5,1603728517,2020-10-26T16:08:37Z
181059,231413,3.0,1631015537,2021-09-07T11:52:17Z
181059,200838,2.5,1645974765,2022-02-27T15:12:45Z
181059,210577,2.5,1646160815,2022-03-01T18:53:35Z
181059,257037,3.0,1646510818,2022-03-05T20:06:58Z
181059,146309,3.0,1647535736,2022-03-17T16:48:56Z
181059,200820,3.0,1650649289,2022-04-22T17:41:29Z
181059,140106,3.5,1658250541,2022-07-19T17:09:01Z
181059,275245,3.0,1665263794,2022-10-08T21:16:34Z
181059,273891,3.5,1666186490,2022-10-19T13:34:50Z
181059,253332,2.5,1688229420,2023-07-01T16:37:00Z
181107,273891,2.5,1687736335,2023-06-25T23:38:55Z
181107,275245,3.5,1687736335,2023-06-25T23:38:55Z
181107,163134,4.0,1687736337,2023-06-25T23:38:57Z
181107,168250,3.5,1687736337,2023-06-25T23:38:57Z
181107,188773,3.0,1687736338,2023-06-25T23:38:58Z
181107,204158,3.0,1687736338,2023-06-25T23:38:58Z
181118,140805,2.5,1439735336,2015-08-16T14:28:56Z
181118,143531,3.0,1451101670,2015-12-26T03:47:50Z
181118,140108,1.0,1455493311,2016-02-14T23:41:51Z
181118,163056,1.5,1476326727,2016-10-13T02:45:27Z
181118,143367,2.0,1484456458,2017-01-15T05:00:58Z
181118,168250,3.0,1488073394,2017-02-26T01:43:14Z
181118,160848,3.0,1488683795,2017-03-05T03:16:35Z
181118,164204,4.0,1492309464,2017-04-16T02:24:24Z
181118,178907,3.0,1507351737,2017-10-07T04:48:57Z
181118,179411,3.0,1514765897,2018-01-01T00:18:17Z
181118,188623,3.0,1545020911,2018-12-17T04:28:31Z
181118,193916,3.0,1545273353,2018-12-20T02:35:53Z
181118,188773,4.0,1548653551,2019-01-28T05:32:31Z
181118,200820,3.0,1560130761,2019-06-10T01:39:21Z
181118,207297,3.0,1572062269,2019-10-26T03:57:49Z
181118,204158,2.0,1579233212,2020-01-17T03:53:32Z
181118,209949,2.5,1590376450,2020-05-25T03:14:10Z
181118,257037,3.0,1642398123,2022-01-17T05:42:03Z
181118,272079,3.5,1650232480,2022-04-17T21:54:40Z
181118,275245,3.0,1658615277,2022-07-23T22:27:57Z
181118,273891,3.0,1659826898,2022-08-06T23:01:38Z
181118,276231,3.0,1661022998,2022-08-20T19:16:38Z
181184,275245,3.0,1672589124,2023-01-01T16:05:24Z
181184,168250,4.0,1672589728,2023-01-01T16:15:28Z
181184,257037,4.0,1672641409,2023-01-02T06:36:49Z
181184,246604,4.0,1672641454,2023-01-02T06:37:34Z
181184,163134,4.5,1672642973,2023-01-02T07:02:53Z
181184,163056,4.0,1672644024,2023-01-02T07:20:24Z
181184,281188,2.5,1682242796,2023-04-23T09:39:56Z
181184,283149,4.0,1695462904,2023-09-23T09:55:04Z
181204,163056,4.5,1635343794,2021-10-27T14:09:54Z
181204,177939,3.5,1635345351,2021-10-27T14:35:51Z
181204,188773,3.5,1635345809,2021-10-27T14:43:29Z
181204,168250,2.0,1635345935,2021-10-27T14:45:35Z
181204,182467,3.0,1635347222,2021-10-27T15:07:02Z
181204,160848,2.0,1635347489,2021-10-27T15:11:29Z
181204,163134,3.0,1635450261,2021-10-28T19:44:21Z
181204,188623,4.0,1640538327,2021-12-26T17:05:27Z
181204,207297,4.5,1640799269,2021-12-29T17:34:29Z
181204,181225,4.5,1642191396,2022-01-14T20:16:36Z
181204,256535,4.0,1658504732,2022-07-22T15:45:32Z
181204,260645,3.5,1658504745,2022-07-22T15:45:45Z
181295,168250,4.0,1630979731,2021-09-07T01:55:31Z
181295,163134,4.5,1653111048,2022-05-21T05:30:48Z
181295,146309,4.0,1653111755,2022-05-21T05:42:35Z
181295,166291,4.5,1653112178,2022-05-21T05:49:38Z
181295,188773,4.5,1653112190,2022-05-21T05:49:50Z
181295,204158,4.5,1653112421,2022-05-21T05:53:41Z
181363,168250,3.0,1499211467,2017-07-04T23:37:47Z
181363,165105,3.5,1511638967,2017-11-25T19:42:47Z
181363,200838,2.5,1569047767,2019-09-21T06:36:07Z
181363,192209,2.0,1571742990,2019-10-22T11:16:30Z
181363,177939,3.0,1583927279,2020-03-11T11:47:59Z
181363,206393,2.5,1602534307,2020-10-12T20:25:07Z
181363,163134,3.0,1602534390,2020-10-12T20:26:30Z
181363,166291,3.0,1603485655,2020-10-23T20:40:55Z
181363,177869,2.5,1603578185,2020-10-24T22:23:05Z
181363,169400,2.5,1605025068,2020-11-10T16:17:48Z
181363,146309,3.0,1608807543,2020-12-24T10:59:03Z
181363,201704,3.0,1612635914,2021-02-06T18:25:14Z
181363,204158,3.0,1632854892,2021-09-28T18:48:12Z
181363,254464,2.5,1650226458,2022-04-17T20:14:18Z
181363,275245,4.0,1666132002,2022-10-18T22:26:42Z
181363,231413,1.5,1666391974,2022-10-21T22:39:34Z
181756,146309,4.0,1538609688,2018-10-03T23:34:48Z
181756,168250,4.0,1538611103,2018-10-03T23:58:23Z
181756,200838,3.5,1559794178,2019-06-06T04:09:38Z
181756,200820,3.0,1564729076,2019-08-02T06:57:56Z
181756,210577,3.5,1584597385,2020-03-19T05:56:25Z
181756,275245,4.0,1692728557,2023-08-22T18:22:37Z
181807,173007,3.5,1617836748,2021-04-07T23:05:48Z
181807,148855,3.5,1617839150,2021-04-07T23:45:50Z
181807,178907,4.5,1618375062,2021-04-14T04:37:42Z
181807,171071,3.5,1618378676,2021-04-14T05:37:56Z
181807,246604,4.0,1629928987,2021-08-25T22:03:07Z
181807,275245,4.0,1658539902,2022-07-23T01:31:42Z
181807,168250,3.5,1661839126,2022-08-30T05:58:46Z
181820,206393,0.5,1596171309,2020-07-31T04:55:09Z
181820,162990,4.0,1596171541,2020-07-31T04:59:01Z
181820,206321,3.5,1596171644,2020-07-31T05:00:44Z
181820,168090,3.5,1596171662,2020-07-31T05:01:02Z
181820,168218,3.5,1596171665,2020-07-31T05:01:05Z
181820,162968,3.5,1596171667,2020-07-31T05:01:07Z
181820,192981,3.5,1596171710,2020-07-31T05:01:50Z
181820,219820,4.0,1596171719,2020-07-31T05:01:59Z
181820,177939,3.5,1596171760,2020-07-31T05:02:40Z
181820,166291,2.5,1596171875,2020-07-31T05:04:35Z
181820,163134,3.0,1596171892,2020-07-31T05:04:52Z
181820,210939,2.5,1596171900,2020-07-31T05:05:00Z
181820,201704,1.5,1596171942,2020-07-31T05:05:42Z
181820,193583,1.5,1596171950,2020-07-31T05:05:50Z
181820,187145,3.0,1597632462,2020-08-17T02:47:42Z
181820,198611,4.0,1615100621,2021-03-07T07:03:41Z
181844,231413,5.0,1648801462,2022-04-01T08:24:22Z
181844,163134,5.0,1648801478,2022-04-01T08:24:38Z
181844,166291,5.0,1648801521,2022-04-01T08:25:21Z
181844,192649,4.0,1648802234,2022-04-01T08:37:14Z
181844,213353,5.0,1648802238,2022-04-01T08:37:18Z
182004,210577,4.5,1629310089,2021-08-18T18:08:09Z
182004,200838,3.5,1629311496,2021-08-18T18:31:36Z
182004,168250,4.5,1629312033,2021-08-18T18:40:33Z
182004,204158,3.0,1629312175,2021-08-18T18:42:55Z
182004,163134,1.5,1629317448,2021-08-18T20:10:48Z
182009,163134,2.5,1495636035,2017-05-24T14:27:15Z
182009,168250,3.5,1521573806,2018-03-20T19:23:26Z
182009,166291,3.0,1530882136,2018-07-06T13:02:16Z
182009,182479,3.0,1532528668,2018-07-25T14:24:28Z
182009,188623,2.5,1533119418,2018-08-01T10:30:18Z
182043,146309,4.5,1457975603,2016-03-14T17:13:23Z
182043,143367,4.0,1486435302,2017-02-07T02:41:42Z
182043,163134,5.0,1491692125,2017-04-08T22:55:25Z
182043,168250,4.5,1495768020,2017-05-26T03:07:00Z
182043,162718,2.5,1497114180,2017-06-10T17:03:00Z
182043,166291,3.0,1508564534,2017-10-21T05:42:14Z
182043,171013,5.0,1513055167,2017-12-12T05:06:07Z
182043,177939,4.5,1535146256,2018-08-24T21:30:56Z
182043,193916,4.0,1546225990,2018-12-31T03:13:10Z
182043,200838,3.0,1559589349,2019-06-03T19:15:49Z
182043,201706,3.0,1592158496,2020-06-14T18:14:56Z
182043,249180,4.5,1629301259,2021-08-18T15:40:59Z
182043,204158,4.0,1633975837,2021-10-11T18:10:37Z
182043,210577,2.5,1649874495,2022-04-13T18:28:15Z
182043,206393,3.5,1649874497,2022-04-13T18:28:17Z
182043,193041,3.5,1649874708,2022-04-13T18:31:48Z
182043,213367,1.0,1649874734,2022-04-13T18:32:14Z
182043,275245,3.5,1662069376,2022-09-01T21:56:16Z
182043,178111,2.0,1664920970,2022-10-04T22:02:50Z
182043,180091,3.0,1664988795,2022-10-05T16:53:15Z
182043,160848,3.0,1665091079,2022-10-06T21:17:59Z
182165,162968,5.0,1514378703,2017-12-27T12:45:03Z
182165,165105,1.0,1517591324,2018-02-02T17:08:44Z
182165,178907,5.0,1517592625,2018-02-02T17:30:25Z
182165,168090,5.0,1526572833,2018-05-17T16:00:33Z
182165,168218,5.0,1529594119,2018-06-21T15:15:19Z
182165,177285,3.0,1530893940,2018-07-06T16:19:00Z
182165,168250,5.0,1602951027,2020-10-17T16:10:27Z
182204,161594,4.5,1495222568,2017-05-19T19:36:08Z
182204,200838,4.0,1622346471,2021-05-30T03:47:51Z
182204,252308,4.0,1660006579,2022-08-09T00:56:19Z
182204,255639,4.0,1660006579,2022-08-09T00:56:19Z
182204,140805,3.0,1660006585,2022-08-09T00:56:25Z
182204,140108,4.0,1660006591,2022-08-09T00:56:31Z
182204,200820,4.5,1660006592,2022-08-09T00:56:32Z
182204,168250,3.5,1660006596,2022-08-09T00:56:36Z
182204,179411,4.0,1660006596,2022-08-09T00:56:36Z
182204,193533,4.0,1660006597,2022-08-09T00:56:37Z
182204,239256,3.5,1660006598,2022-08-09T00:56:38Z
182204,275245,4.5,1660007192,2022-08-09T01:06:32Z
182204,273891,3.5,1673829528,2023-01-16T00:38:48Z
182545,164204,4.0,1499161147,2017-07-04T09:39:07Z
182545,198611,2.5,1587937376,2020-04-26T21:42:56Z
182545,192981,3.5,1608504062,2020-12-20T22:41:02Z
182545,252932,3.0,1644269407,2022-02-07T21:30:07Z
182545,162718,2.0,1646836453,2022-03-09T14:34:13Z
182545,272079,2.0,1657032488,2022-07-05T14:48:08Z
182545,276231,1.5,1661594764,2022-08-27T10:06:04Z
182545,275245,2.0,1661594790,2022-08-27T10:06:30Z
182545,273891,1.5,1661594915,2022-08-27T10:08:35Z
182545,258579,3.5,1661595034,2022-08-27T10:10:34Z
182545,276211,2.0,1661595108,2022-08-27T10:11:48Z
182545,257037,3.0,1661595272,2022-08-27T10:14:32Z
182545,256535,3.0,1661595288,2022-08-27T10:14:48Z
182545,274993,4.0,1661596206,2022-08-27T10:30:06Z
182545,259737,2.0,1681117643,2023-04-10T09:07:23Z
182545,279692,2.0,1681118043,2023-04-10T09:14:03Z
182545,282901,3.0,1681118850,2023-04-10T09:27:30Z
182545,283791,2.0,1681119141,2023-04-10T09:32:21Z
182633,163134,4.5,1634028952,2021-10-12T08:55:52Z
182633,166291,3.5,1634028960,2021-10-12T08:56:00Z
182633,187145,2.5,1634030275,2021-10-12T09:17:55Z
182633,171013,5.0,1634030281,2021-10-12T09:18:01Z
182633,204158,2.5,1634030318,2021-10-12T09:18:38Z
182695,168250,4.0,1497644077,2017-06-16T20:14:37Z
182695,170125,3.5,1508205719,2017-10-17T02:01:59Z
182695,177939,5.0,1511102398,2017-11-19T14:39:58Z
182695,171013,5.0,1511890881,2017-11-28T17:41:21Z
182695,163134,4.0,1521155887,2018-03-15T23:18:07Z
182710,168250,4.5,1581404102,2020-02-11T06:55:02Z
182710,200838,3.0,1581713764,2020-02-14T20:56:04Z
182710,246604,4.0,1660519342,2022-08-14T23:22:22Z
182710,273891,3.5,1669993396,2022-12-02T15:03:16Z
182710,174549,2.5,1670016600,2022-12-02T21:30:00Z
182710,275245,3.5,1670016613,2022-12-02T21:30:13Z
183045,168250,4.0,1606619247,2020-11-29T03:07:27Z
183045,163056,4.5,1606619679,2020-11-29T03:14:39Z
183045,188623,4.0,1606620269,2020-11-29T03:24:29Z
183045,200838,2.0,1606620856,2020-11-29T03:34:16Z
183045,150776,4.0,1606622570,2020-11-29T04:02:50Z
183153,168250,5.0,1651718528,2022-05-05T02:42:08Z
183153,163134,5.0,1653160565,2022-05-21T19:16:05Z
183153,143367,4.5,1653161051,2022-05-21T19:24:11Z
183153,160848,5.0,1653162683,2022-05-21T19:51:23Z
183153,200838,3.0,1660424162,2022-08-13T20:56:02Z
183153,188623,4.0,1679150713,2023-03-18T14:45:13Z
183153,257037,4.0,1683524107,2023-05-08T05:35:07Z
183153,281188,4.0,1685233077,2023-05-28T00:17:57Z
183393,162968,3.5,1661844502,2022-08-30T07:28:22Z
183393,210577,4.0,1661844503,2022-08-30T07:28:23Z
183393,146309,3.5,1661844504,2022-08-30T07:28:24Z
183393,187545,4.5,1661844504,2022-08-30T07:28:24Z
183393,163134,4.0,1661844505,2022-08-30T07:28:25Z
183393,166291,3.5,1661844505,2022-08-30T07:28:25Z
183393,168090,3.5,1661844505,2022-08-30T07:28:25Z
183393,168218,4.0,1661844505,2022-08-30T07:28:25Z
183393,168250,4.0,1661844505,2022-08-30T07:28:25Z
183393,171013,5.0,1661844505,2022-08-30T07:28:25Z
183393,177939,3.5,1661844505,2022-08-30T07:28:25Z
183393,184641,3.0,1661844505,2022-08-30T07:28:25Z
183393,173007,3.0,1661844506,2022-08-30T07:28:26Z
183393,184835,2.0,1661844506,2022-08-30T07:28:26Z
183393,193916,2.0,1661844506,2022-08-30T07:28:26Z
183393,204158,3.5,1661844507,2022-08-30T07:28:27Z
183422,168250,5.0,1615948943,2021-03-17T02:42:23Z
183422,163134,5.0,1615955983,2021-03-17T04:39:43Z
183422,200838,3.0,1616316912,2021-03-21T08:55:12Z
183422,188623,4.5,1623469267,2021-06-12T03:41:07Z
183422,213367,0.5,1623491984,2021-06-12T09:59:44Z
183422,206222,0.5,1623491988,2021-06-12T09:59:48Z
183585,142550,2.5,1442935203,2015-09-22T15:20:03Z
183585,142618,3.0,1442936310,2015-09-22T15:38:30Z
183585,141432,3.5,1489439732,2017-03-13T21:15:32Z
183585,173235,3.0,1511458603,2017-11-23T17:36:43Z
183585,168250,3.5,1511458670,2017-11-23T17:37:50Z
183824,143367,2.0,1484697769,2017-01-18T00:02:49Z
183824,168250,4.0,1517844280,2018-02-05T15:24:40Z
183824,200838,3.5,1557839213,2019-05-14T13:06:53Z
183824,200820,3.0,1559655444,2019-06-04T13:37:24Z
183824,210577,4.0,1586427005,2020-04-09T10:10:05Z
183824,273891,3.5,1673344511,2023-01-10T09:55:11Z
183824,286915,3.5,1689387253,2023-07-15T02:14:13Z
184169,168250,4.5,1612689028,2021-02-07T09:10:28Z
184169,143367,5.0,1612691157,2021-02-07T09:45:57Z
184169,200820,3.5,1612693317,2021-02-07T10:21:57Z
184169,200838,3.0,1635748531,2021-11-01T06:35:31Z
184169,188623,5.0,1642972457,2022-01-23T21:14:17Z
184169,257037,5.0,1649784427,2022-04-12T17:27:07Z
184169,163134,5.0,1657197582,2022-07-07T12:39:42Z
184320,188623,5.0,1666550239,2022-10-23T18:37:19Z
184320,207297,3.5,1666552246,2022-10-23T19:10:46Z
184320,273891,3.5,1666552723,2022-10-23T19:18:43Z
184320,163134,4.5,1666552815,2022-10-23T19:20:15Z
184320,204158,2.5,1666552833,2022-10-23T19:20:33Z
184320,166291,4.5,1666552852,2022-10-23T19:20:52Z
184320,163056,4.0,1666554092,2022-10-23T19:41:32Z
184320,200820,2.0,1666554102,2022-10-23T19:41:42Z
184325,275245,2.5,1693680078,2023-09-02T18:41:18Z
184325,200820,3.5,1693680104,2023-09-02T18:41:44Z
184325,165105,3.5,1693680108,2023-09-02T18:41:48Z
184325,289097,4.0,1693680108,2023-09-02T18:41:48Z
184325,168250,5.0,1693680111,2023-09-02T18:41:51Z
184325,200838,5.0,1693680112,2023-09-02T18:41:52Z
184325,188623,4.0,1693680115,2023-09-02T18:41:55Z
184325,193041,5.0,1693680117,2023-09-02T18:41:57Z
184473,168250,3.5,1674688978,2023-01-25T23:22:58Z
184473,188773,5.0,1674689094,2023-01-25T23:24:54Z
184473,257037,4.0,1674697502,2023-01-26T01:45:02Z
184473,163134,4.0,1674699711,2023-01-26T02:21:51Z
184473,252932,4.0,1674708531,2023-01-26T04:48:51Z
184473,210577,3.5,1675369630,2023-02-02T20:27:10Z
184473,143367,4.0,1675653059,2023-02-06T03:10:59Z
184473,246604,3.0,1675913396,2023-02-09T03:29:56Z
184881,168250,3.5,1641285518,2022-01-04T08:38:38Z
184881,163056,2.5,1641287208,2022-01-04T09:06:48Z
184881,183661,2.5,1641287220,2022-01-04T09:07:00Z
184881,200820,2.0,1641287225,2022-01-04T09:07:05Z
184881,191235,2.5,1641287229,2022-01-04T09:07:09Z
184881,194797,4.0,1641287232,2022-01-04T09:07:12Z
184881,200838,1.5,1643882782,2022-02-03T10:06:22Z
185004,198611,5.0,1616948659,2021-03-28T16:24:19Z
185004,168250,4.0,1616949668,2021-03-28T16:41:08Z
185004,160848,3.0,1620593211,2021-05-09T20:46:51Z
185004,146309,5.0,1621123974,2021-05-16T00:12:54Z
185004,163134,5.0,1626732332,2021-07-19T22:05:32Z
185004,204158,4.5,1633648405,2021-10-07T23:13:25Z
185004,166291,4.5,1641160473,2022-01-02T21:54:33Z
185004,272079,4.0,1653254038,2022-05-22T21:13:58Z
185004,249180,4.5,1663543468,2022-09-18T23:24:28Z
185004,279094,4.0,1671659582,2022-12-21T21:53:02Z
185004,273891,4.5,1672524526,2022-12-31T22:08:46Z
185004,272555,3.5,1672709711,2023-01-03T01:35:11Z
185004,182479,4.0,1673050413,2023-01-07T00:13:33Z
185004,218657,4.0,1673050593,2023-01-07T00:16:33Z
185004,270762,2.5,1686089905,2023-06-06T22:18:25Z
185004,281188,4.5,1687406975,2023-06-22T04:09:35Z
185004,288209,4.0,1687630930,2023-06-24T18:22:10Z
185004,278070,4.0,1687739700,2023-06-26T00:35:00Z
185004,204610,2.0,1688253376,2023-07-01T23:16:16Z
185023,188623,5.0,1554407842,2019-04-04T19:57:22Z
185023,188773,5.0,1554407894,2019-04-04T19:58:14Z
185023,193916,4.0,1554408070,2019-04-04T20:01:10Z
185023,168250,4.5,1554408989,2019-04-04T20:16:29Z
185023,163134,5.0,1554409053,2019-04-04T20:17:33Z
185023,146309,5.0,1554409107,2019-04-04T20:18:27Z
185023,187145,4.5,1557927441,2019-05-15T13:37:21Z
185023,178111,2.5,1557927474,2019-05-15T13:37:54Z
185023,200838,3.5,1565714717,2019-08-13T16:45:17Z
185042,168250,4.0,1534023064,2018-08-11T21:31:04Z
185042,149146,4.5,1545857273,2018-12-26T20:47:53Z
185042,179225,4.0,1549637590,2019-02-08T14:53:10Z
185042,273891,4.0,1667825054,2022-11-07T12:44:14Z
185042,275245,4.0,1668285349,2022-11-12T20:35:49Z
185156,160848,2.5,1503720442,2017-08-26T04:07:22Z
185156,163134,3.5,1506289455,2017-09-24T21:44:15Z
185156,168250,3.5,1517467734,2018-02-01T06:48:54Z
185156,188773,4.0,1563847708,2019-07-23T02:08:28Z
185156,188623,3.0,1563847760,2019-07-23T02:09:20Z
185266,160848,3.5,1575084871,2019-11-30T03:34:31Z
185266,200820,2.0,1575084871,2019-11-30T03:34:31Z
185266,143367,3.5,1575084874,2019-11-30T03:34:34Z
185266,168250,4.0,1575084874,2019-11-30T03:34:34Z
185266,163134,3.0,1575084875,2019-11-30T03:34:35Z
185266,188773,2.5,1575084876,2019-11-30T03:34:36Z
185316,168250,3.5,1499569940,2017-07-09T03:12:20Z
185316,163134,3.0,1507876301,2017-10-13T06:31:41Z
185316,188773,4.5,1556490952,2019-04-28T22:35:52Z
185316,200820,1.0,1563805122,2019-07-22T14:18:42Z
185316,143367,4.0,1587010329,2020-04-16T04:12:09Z
185384,168250,3.0,1516478142,2018-01-20T19:55:42Z
185384,143367,3.0,1529692653,2018-06-22T18:37:33Z
185384,188773,5.0,1555699913,2019-04-19T18:51:53Z
185384,193916,2.0,1616327004,2021-03-21T11:43:24Z
185384,188623,2.0,1616327177,2021-03-21T11:46:17Z
185398,168250,4.5,1589778149,2020-05-18T05:02:29Z
185398,165105,4.0,1589798802,2020-05-18T10:46:42Z
185398,200838,3.5,1589800732,2020-05-18T11:18:52Z
185398,231413,3.0,1631325116,2021-09-11T01:51:56Z
185398,163134,3.0,1638142611,2021-11-28T23:36:51Z
185398,275245,4.0,1672198361,2022-12-28T03:32:41Z
185398,273891,2.5,1676788577,2023-02-19T06:36:17Z
185558,173007,4.0,1512776202,2017-12-08T23:36:42Z
185558,168090,4.0,1512776222,2017-12-08T23:37:02Z
185558,170125,4.5,1512776328,2017-12-08T23:38:48Z
185558,140805,3.5,1512776339,2017-12-08T23:38:59Z
185558,162990,5.0,1512776374,2017-12-08T23:39:34Z
185558,146309,5.0,1512776383,2017-12-08T23:39:43Z
185871,143367,4.0,1495342085,2017-05-21T04:48:05Z
185871,170961,1.5,1495856371,2017-05-27T03:39:31Z
185871,168250,3.5,1599007219,2020-09-02T00:40:19Z
185871,165105,3.0,1615232395,2021-03-08T19:39:55Z
185871,193041,3.5,1670824904,2022-12-12T06:01:44Z
185871,178907,2.0,1674514614,2023-01-23T22:56:54Z
185871,275245,2.0,1690468314,2023-07-27T14:31:54Z
185871,188773,4.0,1690926006,2023-08-01T21:40:06Z
185942,188623,4.5,1554868146,2019-04-10T03:49:06Z
185942,188773,4.0,1554868184,2019-04-10T03:49:44Z
185942,168250,4.5,1554877479,2019-04-10T06:24:39Z
185942,163134,3.0,1606078748,2020-11-22T20:59:08Z
185942,193041,3.0,1606078749,2020-11-22T20:59:09Z
185962,168250,2.5,1558189692,2019-05-18T14:28:12Z
185962,163134,4.5,1558189923,2019-05-18T14:32:03Z
185962,182479,3.5,1558194207,2019-05-18T15:43:27Z
185962,177939,5.0,1558194289,2019-05-18T15:44:49Z
185962,166291,4.0,1558194339,2019-05-18T15:45:39Z
185962,184835,4.0,1558194402,2019-05-18T15:46:42Z
185962,146309,4.0,1558194427,2019-05-18T15:47:07Z
185962,187145,4.0,1558194584,2019-05-18T15:49:44Z
185962,273891,4.0,1678244767,2023-03-08T03:06:07Z
186540,163134,5.0,1652835368,2022-05-18T00:56:08Z
186540,166291,4.5,1652835405,2022-05-18T00:56:45Z
186540,204158,4.5,1652835409,2022-05-18T00:56:49Z
186540,177285,2.5,1652835560,2022-05-18T00:59:20Z
186540,141972,0.5,1652835624,2022-05-18T01:00:24Z
186540,200838,3.0,1652835680,2022-05-18T01:01:20Z
186540,281188,4.0,1685725053,2023-06-02T16:57:33Z
186740,157369,3.5,1581326501,2020-02-10T09:21:41Z
186740,200386,2.5,1581326501,2020-02-10T09:21:41Z
186740,149658,3.5,1581326502,2020-02-10T09:21:42Z
186740,174515,3.0,1581326502,2020-02-10T09:21:42Z
186740,163134,5.0,1581326503,2020-02-10T09:21:43Z
186740,167850,3.0,1581326503,2020-02-10T09:21:43Z
186740,168250,4.0,1581326503,2020-02-10T09:21:43Z
186740,175283,2.5,1581326503,2020-02-10T09:21:43Z
186740,177285,4.5,1581326503,2020-02-10T09:21:43Z
186740,179411,4.0,1581326503,2020-02-10T09:21:43Z
186740,177291,3.5,1581326504,2020-02-10T09:21:44Z
186740,193533,3.0,1581326504,2020-02-10T09:21:44Z
186740,193583,4.5,1581326504,2020-02-10T09:21:44Z
186740,196233,3.0,1581326504,2020-02-10T09:21:44Z
186740,197625,4.5,1581326504,2020-02-10T09:21:44Z
186740,193041,5.0,1581326506,2020-02-10T09:21:46Z
186740,204158,4.5,1581326507,2020-02-10T09:21:47Z
186740,210227,3.5,1581326507,2020-02-10T09:21:47Z
186740,210939,5.0,1581326507,2020-02-10T09:21:47Z
186772,161594,4.0,1479807338,2016-11-22T09:35:38Z
186772,170961,3.0,1499012736,2017-07-02T16:25:36Z
186772,163134,1.5,1505853895,2017-09-19T20:44:55Z
186772,171071,4.5,1510528910,2017-11-12T23:21:50Z
186772,200820,3.0,1559940065,2019-06-07T20:41:05Z
186772,210577,3.0,1583630432,2020-03-08T01:20:32Z
186772,273891,4.0,1671317790,2022-12-17T22:56:30Z
186772,275245,3.5,1686521147,2023-06-11T22:05:47Z
186772,168250,2.0,1689284076,2023-07-13T21:34:36Z
186838,168250,4.0,1586621783,2020-04-11T16:16:23Z
186838,188773,4.0,1586623181,2020-04-11T16:39:41Z
186838,163134,5.0,1586624422,2020-04-11T17:00:22Z
186838,201488,3.0,1586809801,2020-04-13T20:30:01Z
186838,166291,4.0,1589061413,2020-05-09T21:56:53Z
186838,160848,3.5,1589061598,2020-05-09T21:59:58Z
186838,188623,5.0,1630618987,2021-09-02T21:43:07Z
186838,200794,3.0,1644534129,2022-02-10T23:02:09Z
186838,140106,4.0,1648062977,2022-03-23T19:16:17Z
186838,193916,3.5,1680093628,2023-03-29T12:40:28Z
187255,188623,5.0,1553678543,2019-03-27T09:22:23Z
187255,168250,5.0,1553679611,2019-03-27T09:40:11Z
187255,188773,5.0,1553686854,2019-03-27T11:40:54Z
187255,140106,4.5,1553686956,2019-03-27T11:42:36Z
187255,141432,3.5,1553688429,2019-03-27T12:07:09Z
187255,143367,2.0,1553695100,2019-03-27T13:58:20Z
187255,146309,4.0,1553773995,2019-03-28T11:53:15Z
187255,163134,4.0,1553774587,2019-03-28T12:03:07Z
187255,182863,3.5,1553953467,2019-03-30T13:44:27Z
187255,185905,3.0,1567110704,2019-08-29T20:31:44Z
187255,273891,2.5,1665151711,2022-10-07T14:08:31Z
187488,168250,4.5,1564893650,2019-08-04T04:40:50Z
187488,163134,4.5,1565742141,2019-08-14T00:22:21Z
187488,206393,3.5,1575192138,2019-12-01T09:22:18Z
187488,204158,4.0,1590186493,2020-05-22T22:28:13Z
187488,188623,3.5,1601528406,2020-10-01T05:00:06Z
187488,166291,4.5,1609389411,2020-12-31T04:36:51Z
187488,188773,4.0,1612511372,2021-02-05T07:49:32Z
187488,177939,3.5,1633936201,2021-10-11T07:10:01Z
187488,257037,4.0,1651453902,2022-05-02T01:11:42Z
187617,163134,5.0,1606122414,2020-11-23T09:06:54Z
187617,204158,5.0,1606122759,2020-11-23T09:12:39Z
187617,186985,1.0,1606124130,2020-11-23T09:35:30Z
187617,168250,4.0,1606188132,2020-11-24T03:22:12Z
187617,200820,3.5,1606188520,2020-11-24T03:28:40Z
187665,253826,0.5,1670785306,2022-12-11T19:01:46Z
187665,160848,5.0,1670785316,2022-12-11T19:01:56Z
187665,210577,1.0,1670785316,2022-12-11T19:01:56Z
187665,146309,5.0,1670785317,2022-12-11T19:01:57Z
187665,166295,3.5,1670785318,2022-12-11T19:01:58Z
187665,168250,5.0,1670785319,2022-12-11T19:01:59Z
187665,174549,5.0,1670785319,2022-12-11T19:01:59Z
187665,163134,5.0,1670785320,2022-12-11T19:02:00Z
187665,166291,3.5,1670785320,2022-12-11T19:02:00Z
187665,170961,3.5,1670785321,2022-12-11T19:02:01Z
187665,177463,4.0,1670785321,2022-12-11T19:02:01Z
187665,182479,4.0,1670785321,2022-12-11T19:02:01Z
187665,183661,4.5,1670785321,2022-12-11T19:02:01Z
187665,200838,3.5,1670785321,2022-12-11T19:02:01Z
187665,193916,4.5,1670785322,2022-12-11T19:02:02Z
187665,186985,3.5,1670785323,2022-12-11T19:02:03Z
187665,187145,5.0,1670785323,2022-12-11T19:02:03Z
187665,191235,4.5,1670785324,2022-12-11T19:02:04Z
187665,192981,5.0,1670785324,2022-12-11T19:02:04Z
187665,194797,0.5,1670785325,2022-12-11T19:02:05Z
187665,204158,5.0,1670785326,2022-12-11T19:02:06Z
187665,216525,5.0,1670785326,2022-12-11T19:02:06Z
187665,207826,5.0,1670785327,2022-12-11T19:02:07Z
187665,204610,0.5,1670785328,2022-12-11T19:02:08Z
187665,273891,0.5,1684775893,2023-05-22T17:18:13Z
187665,223572,4.5,1684776282,2023-05-22T17:24:42Z
187665,222627,4.5,1684776284,2023-05-22T17:24:44Z
187665,223570,4.5,1684776287,2023-05-22T17:24:47Z
187665,192649,4.0,1684776337,2023-05-22T17:25:37Z
187828,210577,1.0,1617389736,2021-04-02T18:55:36Z
187828,143367,3.5,1617403019,2021-04-02T22:36:59Z
187828,163134,3.5,1617463356,2021-04-03T15:22:36Z
187828,168250,3.5,1618012212,2021-04-09T23:50:12Z
187828,165105,2.0,1618151170,2021-04-11T14:26:10Z
187828,200820,2.0,1618175579,2021-04-11T21:12:59Z
187828,204158,3.5,1619301289,2021-04-24T21:54:49Z
187828,186985,3.0,1624491198,2021-06-23T23:33:18Z
187828,275245,2.5,1667852488,2022-11-07T20:21:28Z
187828,273891,2.0,1672886431,2023-01-05T02:40:31Z
187935,163134,3.5,1497986129,2017-06-20T19:15:29Z
187935,178907,4.0,1507523127,2017-10-09T04:25:27Z
187935,168250,4.5,1514551773,2017-12-29T12:49:33Z
187935,160848,3.5,1518318848,2018-02-11T03:14:08Z
187935,173007,4.0,1525587056,2018-05-06T06:10:56Z
187935,188773,2.5,1568045266,2019-09-09T16:07:46Z
188210,163134,5.0,1641837042,2022-01-10T17:50:42Z
188210,204158,5.0,1641837055,2022-01-10T17:50:55Z
188210,166291,5.0,1641837065,2022-01-10T17:51:05Z
188210,198611,5.0,1641837076,2022-01-10T17:51:16Z
188210,231413,5.0,1641891365,2022-01-11T08:56:05Z
188330,168250,4.0,1590114150,2020-05-22T02:22:30Z
188330,200820,3.0,1590284591,2020-05-24T01:43:11Z
188330,163056,3.5,1591056790,2020-06-02T00:13:10Z
188330,179411,3.5,1591414724,2020-06-06T03:38:44Z
188330,221256,3.0,1619145781,2021-04-23T02:43:01Z
188330,193041,4.0,1642464804,2022-01-18T00:13:24Z
188330,275245,4.0,1658663786,2022-07-24T11:56:26Z
188330,273891,2.5,1671326870,2022-12-18T01:27:50Z
188330,184275,2.5,1676767012,2023-02-19T00:36:52Z
188428,214216,4.5,1618860738,2021-04-19T19:32:18Z
188428,198611,5.0,1618860943,2021-04-19T19:35:43Z
188428,203974,1.5,1627054263,2021-07-23T15:31:03Z
188428,166291,3.5,1628621135,2021-08-10T18:45:35Z
188428,141432,4.0,1641139540,2022-01-02T16:05:40Z
188438,210577,3.5,1585781885,2020-04-01T22:58:05Z
188438,163134,4.0,1585781886,2020-04-01T22:58:06Z
188438,168250,4.5,1585781886,2020-04-01T22:58:06Z
188438,200838,3.5,1585781886,2020-04-01T22:58:06Z
188438,188773,3.5,1585781887,2020-04-01T22:58:07Z
188512,163134,4.0,1584713375,2020-03-20T14:09:35Z
188512,166291,4.0,1651784021,2022-05-05T20:53:41Z
188512,204158,4.5,1652018120,2022-05-08T13:55:20Z
188512,177939,5.0,1658874277,2022-07-26T22:24:37Z
188512,188623,3.5,1659880753,2022-08-07T13:59:13Z
188512,282447,4.0,1672918034,2023-01-05T11:27:14Z
188512,282449,4.0,1672918050,2023-01-05T11:27:30Z
188512,201704,4.5,1677014375,2023-02-21T21:19:35Z
188512,203974,5.0,1683921910,2023-05-12T20:05:10Z
188512,253826,4.5,1685131306,2023-05-26T20:01:46Z
188512,279094,4.5,1696884959,2023-10-09T20:55:59Z
188512,193916,4.5,1696886060,2023-10-09T21:14:20Z
188533,188773,2.0,1555781186,2019-04-20T17:26:26Z
188533,200838,4.0,1561290506,2019-06-23T11:48:26Z
188533,210577,3.5,1601668101,2020-10-02T19:48:21Z
188533,275245,2.0,1664641886,2022-10-01T16:31:26Z
188533,258001,3.5,1681675227,2023-04-16T20:00:27Z
188533,283751,1.5,1683284504,2023-05-05T11:01:44Z
188703,168250,3.0,1532025958,2018-07-19T18:45:58Z
188703,160848,3.5,1532204238,2018-07-21T20:17:18Z
188703,143367,2.5,1532204242,2018-07-21T20:17:22Z
188703,163134,4.0,1532204242,2018-07-21T20:17:22Z
188703,166291,2.5,1532204242,2018-07-21T20:17:22Z
188823,163056,4.0,1478377439,2016-11-05T20:23:59Z
188823,177939,4.0,1535577859,2018-08-29T21:24:19Z
188823,200820,3.0,1560696215,2019-06-16T14:43:35Z
188823,200838,3.0,1560696326,2019-06-16T14:45:26Z
188823,188773,5.0,1560696583,2019-06-16T14:49:43Z
188823,166291,4.0,1560697311,2019-06-16T15:01:51Z
188823,193916,3.0,1560697357,2019-06-16T15:02:37Z
188823,192981,3.0,1560697401,2019-06-16T15:03:21Z
188823,168250,5.0,1560698436,2019-06-16T15:20:36Z
188823,196937,3.5,1560698690,2019-06-16T15:24:50Z
188823,174549,2.0,1560698834,2019-06-16T15:27:14Z
188823,206393,4.0,1568861474,2019-09-19T02:51:14Z
188823,201706,3.5,1582996836,2020-02-29T17:20:36Z
188823,204158,3.0,1582996844,2020-02-29T17:20:44Z
188823,210577,2.5,1582996873,2020-02-29T17:21:13Z
188823,163134,3.5,1585869537,2020-04-02T23:18:57Z
189107,140106,4.0,1577667815,2019-12-30T01:03:35Z
189107,174549,3.5,1597600436,2020-08-16T17:53:56Z
189107,160848,4.0,1607810756,2020-12-12T22:05:56Z
189107,163134,4.5,1614809007,2021-03-03T22:03:27Z
189107,188773,4.0,1615923891,2021-03-16T19:44:51Z
189602,168250,4.5,1514064826,2017-12-23T21:33:46Z
189602,186985,5.0,1550196888,2019-02-15T02:14:48Z
189602,210577,3.5,1608159845,2020-12-16T23:04:05Z
189602,163134,4.5,1613835760,2021-02-20T15:42:40Z
189602,273891,4.0,1660039039,2022-08-09T09:57:19Z
189602,275245,3.0,1660388575,2022-08-13T11:02:55Z
189663,165129,3.0,1507457851,2017-10-08T10:17:31Z
189663,168250,3.5,1507457851,2017-10-08T10:17:31Z
189663,171013,3.0,1507457851,2017-10-08T10:17:31Z
189663,140106,3.5,1507457852,2017-10-08T10:17:32Z
189663,143367,4.0,1507457852,2017-10-08T10:17:32Z
189663,143531,4.0,1507457852,2017-10-08T10:17:32Z
189663,163134,3.5,1507457852,2017-10-08T10:17:32Z
189801,143367,3.5,1511193425,2017-11-20T15:57:05Z
189801,198611,4.0,1583449680,2020-03-05T23:08:00Z
189801,189273,3.5,1584201186,2020-03-14T15:53:06Z
189801,188773,3.5,1601849848,2020-10-04T22:17:28Z
189801,141432,3.0,1610982781,2021-01-18T15:13:01Z
189801,140805,3.5,1618610108,2021-04-16T21:55:08Z
189801,142374,3.0,1618956212,2021-04-20T22:03:32Z
189801,137863,2.5,1636289960,2021-11-07T12:59:20Z
189801,196937,2.5,1636289972,2021-11-07T12:59:32Z
189801,163134,4.5,1659979337,2022-08-08T17:22:17Z
189801,257037,3.5,1663595002,2022-09-19T13:43:22Z
189825,188623,3.5,1649229076,2022-04-06T07:11:16Z
189825,197079,3.0,1649229076,2022-04-06T07:11:16Z
189825,182467,4.0,1649229077,2022-04-06T07:11:17Z
189825,239256,2.0,1649229078,2022-04-06T07:11:18Z
189825,200794,3.0,1649229079,2022-04-06T07:11:19Z
189825,207297,3.0,1649229079,2022-04-06T07:11:19Z
189825,257037,4.0,1649229079,2022-04-06T07:11:19Z
189975,140106,3.5,1446384136,2015-11-01T13:22:16Z
189975,145034,4.0,1451250628,2015-12-27T21:10:28Z
189975,149146,4.0,1452874721,2016-01-15T16:18:41Z
189975,142566,4.0,1454621151,2016-02-04T21:25:51Z
189975,141432,5.0,1454709008,2016-02-05T21:50:08Z
189985,200838,2.5,1644319160,2022-02-08T11:19:20Z
189985,210577,3.0,1644319237,2022-02-08T11:20:37Z
189985,188773,4.0,1644320938,2022-02-08T11:48:58Z
189985,168250,5.0,1644321066,2022-02-08T11:51:06Z
189985,163134,4.0,1644325753,2022-02-08T13:09:13Z
189985,204158,3.5,1644326912,2022-02-08T13:28:32Z
189985,257037,4.5,1649479730,2022-04-09T04:48:50Z
189992,149146,3.0,1633140026,2021-10-02T02:00:26Z
189992,137863,4.0,1633140027,2021-10-02T02:00:27Z
189992,200820,3.0,1633140027,2021-10-02T02:00:27Z
189992,163056,3.5,1633140028,2021-10-02T02:00:28Z
189992,174515,3.0,1633140028,2021-10-02T02:00:28Z
189992,165105,3.0,1633140029,2021-10-02T02:00:29Z
189992,174549,3.0,1633140030,2021-10-02T02:00:30Z
189992,168250,3.5,1633140031,2021-10-02T02:00:31Z
189992,170961,3.0,1633140031,2021-10-02T02:00:31Z
189992,200838,3.0,1633140031,2021-10-02T02:00:31Z
189992,193041,2.5,1633140032,2021-10-02T02:00:32Z
189992,196937,4.0,1633140032,2021-10-02T02:00:32Z
189993,200820,2.0,1565539707,2019-08-11T16:08:27Z
189993,210939,4.0,1585474625,2020-03-29T09:37:05Z
189993,231413,4.0,1629054386,2021-08-15T19:06:26Z
189993,275667,5.0,1674680674,2023-01-25T21:04:34Z
189993,281188,4.0,1687015300,2023-06-17T15:21:40Z
189993,163134,4.0,1687015317,2023-06-17T15:21:57Z
190130,168250,4.0,1678760858,2023-03-14T02:27:38Z
190130,163134,4.0,1678763212,2023-03-14T03:06:52Z
190130,146309,2.0,1678764297,2023-03-14T03:24:57Z
190130,188623,5.0,1678764319,2023-03-14T03:25:19Z
190130,257037,3.5,1678764866,2023-03-14T03:34:26Z
190130,166295,3.5,1678765387,2023-03-14T03:43:07Z
190130,275245,5.0,1678765413,2023-03-14T03:43:33Z
190130,188773,5.0,1678767151,2023-03-14T04:12:31Z
190130,166291,3.5,1678767992,2023-03-14T04:26:32Z
190130,164204,5.0,1678768080,2023-03-14T04:28:00Z
190130,204158,2.0,1678770553,2023-03-14T05:09:13Z
190130,143367,2.0,1678771007,2023-03-14T05:16:47Z
190130,160848,5.0,1678773184,2023-03-14T05:53:04Z
190163,163134,5.0,1546115232,2018-12-29T20:27:12Z
190163,160848,4.0,1550684744,2019-02-20T17:45:44Z
190163,188773,4.0,1551907328,2019-03-06T21:22:08Z
190163,141432,4.0,1578657071,2020-01-10T11:51:11Z
190163,275245,3.0,1667315823,2022-11-01T15:17:03Z
190209,142566,3.5,1467586503,2016-07-03T22:55:03Z
190209,146309,4.0,1468801216,2016-07-18T00:20:16Z
190209,142618,4.5,1469392685,2016-07-24T20:38:05Z
190209,141432,4.0,1470968044,2016-08-12T02:14:04Z
190209,140106,2.5,1480133283,2016-11-26T04:08:03Z
190209,163134,4.0,1498940718,2017-07-01T20:25:18Z
190209,177229,4.0,1504404811,2017-09-03T02:13:31Z
190209,171013,3.0,1516240254,2018-01-18T01:50:54Z
190209,185539,3.5,1521245299,2018-03-17T00:08:19Z
190209,182479,3.5,1526175887,2018-05-13T01:44:47Z
190209,192209,3.5,1533518016,2018-08-06T01:13:36Z
190209,178111,2.5,1551406776,2019-03-01T02:19:36Z
190209,184835,3.0,1551973206,2019-03-07T15:40:06Z
190209,174549,2.0,1553904128,2019-03-30T00:02:08Z
190209,192217,2.0,1554671881,2019-04-07T21:18:01Z
190209,188773,3.0,1555619562,2019-04-18T20:32:42Z
190209,193916,3.5,1558658277,2019-05-24T00:37:57Z
190209,203926,3.5,1562976999,2019-07-13T00:16:39Z
190209,203974,4.0,1563585945,2019-07-20T01:25:45Z
190209,204158,4.0,1579556677,2020-01-20T21:44:37Z
190209,200838,3.0,1579913864,2020-01-25T00:57:44Z
190209,212359,4.0,1581126383,2020-02-08T01:46:23Z
190209,204610,4.0,1582339762,2020-02-22T02:49:22Z
190209,214764,3.5,1585960263,2020-04-04T00:31:03Z
190209,218657,3.0,1592676029,2020-06-20T18:00:29Z
190209,177939,2.5,1614217228,2021-02-25T01:40:28Z
190209,243994,3.0,1616635958,2021-03-25T01:32:38Z
190209,254500,3.5,1629666009,2021-08-22T21:00:09Z
190209,211137,3.0,1640314193,2021-12-24T02:49:53Z
190209,181517,4.0,1645066102,2022-02-17T02:48:22Z
190209,268322,4.0,1647129401,2022-03-12T23:56:41Z
190209,278742,3.5,1669300257,2022-11-24T14:30:57Z
190209,278852,3.5,1687663430,2023-06-25T03:23:50Z
190209,288323,4.0,1690075622,2023-07-23T01:27:02Z
190209,288937,4.0,1690076468,2023-07-23T01:41:08Z
190209,285651,4.0,1690595791,2023-07-29T01:56:31Z
190394,168250,4.5,1513025541,2017-12-11T20:52:21Z
190394,200820,2.5,1568289072,2019-09-12T11:51:12Z
190394,160848,4.0,1568641975,2019-09-16T13:52:55Z
190394,143367,3.0,1581620651,2020-02-13T19:04:11Z
190394,210577,3.5,1630066312,2021-08-27T12:11:52Z
190394,275245,3.5,1682814099,2023-04-30T00:21:39Z
190425,168250,4.5,1587230440,2020-04-18T17:20:40Z
190425,207297,3.5,1589141658,2020-05-10T20:14:18Z
190425,188773,3.5,1599513919,2020-09-07T21:25:19Z
190425,231413,4.0,1629739347,2021-08-23T17:22:27Z
190425,272555,2.5,1651876954,2022-05-06T22:42:34Z
190425,184641,3.0,1662762782,2022-09-09T22:33:02Z
190425,275245,4.0,1662762795,2022-09-09T22:33:15Z
190425,277954,1.0,1666723996,2022-10-25T18:53:16Z
190510,184641,0.5,1537094808,2018-09-16T10:46:48Z
190510,193573,4.0,1537099811,2018-09-16T12:10:11Z
190510,157369,4.0,1537107596,2018-09-16T14:19:56Z
190510,162968,4.0,1537107747,2018-09-16T14:22:27Z
190510,163134,3.5,1537107916,2018-09-16T14:25:16Z
190510,161594,3.5,1537107946,2018-09-16T14:25:46Z
190510,168090,4.0,1537107995,2018-09-16T14:26:35Z
190510,166291,5.0,1537108204,2018-09-16T14:30:04Z
190510,168218,4.5,1537108257,2018-09-16T14:30:57Z
190510,173235,4.5,1537108267,2018-09-16T14:31:07Z
190510,193581,4.0,1537109082,2018-09-16T14:44:42Z
190510,168250,4.5,1537109117,2018-09-16T14:45:17Z
190510,177285,3.0,1537109182,2018-09-16T14:46:22Z
190510,177939,4.5,1537109367,2018-09-16T14:49:27Z
190510,191005,4.5,1537109489,2018-09-16T14:51:29Z
190510,193583,3.5,1537109545,2018-09-16T14:52:25Z
190510,178111,2.0,1537109624,2018-09-16T14:53:44Z
190510,193587,3.5,1537110021,2018-09-16T15:00:21Z
190533,168250,2.5,1586857900,2020-04-14T09:51:40Z
190533,200838,1.0,1586885714,2020-04-14T17:35:14Z
190533,200820,4.0,1586926927,2020-04-15T05:02:07Z
190533,163056,4.0,1586927154,2020-04-15T05:05:54Z
190533,196937,4.0,1586930246,2020-04-15T05:57:26Z
190533,137863,3.0,1586930417,2020-04-15T06:00:17Z
190533,186985,3.0,1586931102,2020-04-15T06:11:42Z
190533,188773,3.0,1586931989,2020-04-15T06:26:29Z
190533,177099,3.5,1586935134,2020-04-15T07:18:54Z
190533,161594,2.5,1586935821,2020-04-15T07:30:21Z
190533,149658,4.5,1586935900,2020-04-15T07:31:40Z
190533,174515,4.5,1586935942,2020-04-15T07:32:22Z
190533,142618,5.0,1586965857,2020-04-15T15:50:57Z
190533,143367,5.0,1614853993,2021-03-04T10:33:13Z
190533,212969,3.5,1614854473,2021-03-04T10:41:13Z
190752,163134,5.0,1529449248,2018-06-19T23:00:48Z
190752,200838,2.0,1575585312,2019-12-05T22:35:12Z
190752,166291,2.0,1581627627,2020-02-13T21:00:27Z
190752,168250,3.0,1584400285,2020-03-16T23:11:25Z
190752,252932,3.0,1658004221,2022-07-16T20:43:41Z
190752,281188,2.0,1682847797,2023-04-30T09:43:17Z
190752,204158,3.0,1683010255,2023-05-02T06:50:55Z
190778,168250,2.0,1673917223,2023-01-17T01:00:23Z
190778,275245,3.5,1673920272,2023-01-17T01:51:12Z
190778,140805,5.0,1673922139,2023-01-17T02:22:19Z
190778,273891,4.5,1674087936,2023-01-19T00:25:36Z
190778,163056,4.0,1676137322,2023-02-11T17:42:02Z
190784,213111,2.5,1582807067,2020-02-27T12:37:47Z
190784,137863,1.5,1582807080,2020-02-27T12:38:00Z
190784,140106,3.5,1582807080,2020-02-27T12:38:00Z
190784,146309,3.5,1582807081,2020-02-27T12:38:01Z
190784,163056,2.0,1582807081,2020-02-27T12:38:01Z
190784,164643,3.0,1582807082,2020-02-27T12:38:02Z
190784,175283,1.5,1582807083,2020-02-27T12:38:03Z
190784,179411,1.5,1582807083,2020-02-27T12:38:03Z
190784,163134,3.0,1582807084,2020-02-27T12:38:04Z
190784,169400,2.0,1582807084,2020-02-27T12:38:04Z
190784,183661,3.0,1582807084,2020-02-27T12:38:04Z
190784,200838,2.5,1582807084,2020-02-27T12:38:04Z
190784,191235,3.0,1582807085,2020-02-27T12:38:05Z
190784,188773,4.0,1582807086,2020-02-27T12:38:06Z
190784,194797,1.5,1582807086,2020-02-27T12:38:06Z
190784,168250,3.5,1602928381,2020-10-17T09:53:01Z
190784,206321,2.0,1602929284,2020-10-17T10:08:04Z
190789,163134,4.5,1571675706,2019-10-21T16:35:06Z
190789,160848,3.0,1571675707,2019-10-21T16:35:07Z
190789,163056,3.5,1571675707,2019-10-21T16:35:07Z
190789,168250,3.5,1571675707,2019-10-21T16:35:07Z
190789,146309,4.0,1571675708,2019-10-21T16:35:08Z
190789,179411,4.0,1571675709,2019-10-21T16:35:09Z
190789,182479,3.0,1571675710,2019-10-21T16:35:10Z
190789,193041,4.5,1571675710,2019-10-21T16:35:10Z
190789,200838,2.5,1571675710,2019-10-21T16:35:10Z
190789,179225,4.0,1571675711,2019-10-21T16:35:11Z
190789,188773,5.0,1571675711,2019-10-21T16:35:11Z
190920,160848,3.5,1522998416,2018-04-06T07:06:56Z
190920,166974,3.5,1522998418,2018-04-06T07:06:58Z
190920,164204,4.0,1522998419,2018-04-06T07:06:59Z
190920,168250,3.5,1522998419,2018-04-06T07:06:59Z
190920,184509,3.5,1522998419,2018-04-06T07:06:59Z
190920,188623,4.0,1548244582,2019-01-23T11:56:22Z
190920,193041,4.5,1549796365,2019-02-10T10:59:25Z
190920,197079,3.5,1577993850,2020-01-02T19:37:30Z
190920,209949,3.5,1610449923,2021-01-12T11:12:03Z
190920,221250,4.0,1621686586,2021-05-22T12:29:46Z
190920,140106,4.0,1624996990,2021-06-29T20:03:10Z
190920,239256,3.0,1635458005,2021-10-28T21:53:25Z
190920,253332,3.5,1668594939,2022-11-16T10:35:39Z
190920,260825,3.5,1668595209,2022-11-16T10:40:09Z
190920,242062,3.5,1668595535,2022-11-16T10:45:35Z
190920,258001,3.5,1668595669,2022-11-16T10:47:49Z
190920,275245,3.5,1668596965,2022-11-16T11:09:25Z
190920,238344,3.5,1668597012,2022-11-16T11:10:12Z
190920,279436,2.5,1675761876,2023-02-07T09:24:36Z
190920,188773,4.0,1695149590,2023-09-19T18:53:10Z
191289,161594,5.0,1475430066,2016-10-02T17:41:06Z
191289,165105,4.5,1489188668,2017-03-10T23:31:08Z
191289,168250,5.0,1494174954,2017-05-07T16:35:54Z
191289,200838,5.0,1569661134,2019-09-28T08:58:54Z
191289,169400,5.0,1586039175,2020-04-04T22:26:15Z
191289,204610,4.0,1640510494,2021-12-26T09:21:34Z
191289,188623,4.5,1648923709,2022-04-02T18:21:49Z
191426,200838,4.0,1649027070,2022-04-03T23:04:30Z
191426,200820,3.0,1649036817,2022-04-04T01:46:57Z
191426,210577,4.0,1649045359,2022-04-04T04:09:19Z
191426,273891,3.5,1667259071,2022-10-31T23:31:11Z
191426,275245,3.5,1672717024,2023-01-03T03:37:04Z
191598,163134,5.0,1636173097,2021-11-06T04:31:37Z
191598,168250,4.0,1636173129,2021-11-06T04:32:09Z
191598,204158,4.0,1636173274,2021-11-06T04:34:34Z
191598,200820,2.0,1636173359,2021-11-06T04:35:59Z
191598,200838,3.0,1636173442,2021-11-06T04:37:22Z
191639,143367,3.5,1660443718,2022-08-14T02:21:58Z
191639,191235,3.5,1660443724,2022-08-14T02:22:04Z
191639,165105,3.5,1660443734,2022-08-14T02:22:14Z
191639,168250,4.0,1660443734,2022-08-14T02:22:14Z
191639,200820,3.5,1660443736,2022-08-14T02:22:16Z
191740,163134,4.5,1677156881,2023-02-23T12:54:41Z
191740,166291,3.5,1677156899,2023-02-23T12:54:59Z
191740,146309,4.5,1677156915,2023-02-23T12:55:15Z
191740,198611,4.0,1677156956,2023-02-23T12:55:56Z
191740,168250,3.0,1681583590,2023-04-15T18:33:10Z
192016,169022,5.0,1683460423,2023-05-07T11:53:43Z
192016,168250,3.0,1683460920,2023-05-07T12:02:00Z
192016,198611,0.5,1683460960,2023-05-07T12:02:40Z
192016,168218,0.5,1683461601,2023-05-07T12:13:21Z
192016,250832,0.5,1683461816,2023-05-07T12:16:56Z
192016,174549,0.5,1683461837,2023-05-07T12:17:17Z
192016,163056,0.5,1683461988,2023-05-07T12:19:48Z
192037,163134,5.0,1631947544,2021-09-18T06:45:44Z
192037,246604,5.0,1632181508,2021-09-20T23:45:08Z
192037,168250,4.5,1660709363,2022-08-17T04:09:23Z
192037,231413,4.5,1679867416,2023-03-26T21:50:16Z
192037,273891,5.0,1679967446,2023-03-28T01:37:26Z
192085,193041,4.5,1607481463,2020-12-09T02:37:43Z
192085,168250,4.0,1607481475,2020-12-09T02:37:55Z
192085,163134,4.0,1607481485,2020-12-09T02:38:05Z
192085,200820,4.0,1607484377,2020-12-09T03:26:17Z
192085,200838,3.5,1607484381,2020-12-09T03:26:21Z
192090,168250,4.0,1585925904,2020-04-03T14:58:24Z
192090,210577,3.0,1586095304,2020-04-05T14:01:44Z
192090,200820,3.0,1586276268,2020-04-07T16:17:48Z
192090,200838,2.0,1586276313,2020-04-07T16:18:33Z
192090,163134,4.5,1672513872,2022-12-31T19:11:12Z
192098,168250,4.5,1641933704,2022-01-11T20:41:44Z
192098,231413,4.0,1641934694,2022-01-11T20:58:14Z
192098,196937,4.0,1641934886,2022-01-11T21:01:26Z
192098,192649,3.0,1641939197,2022-01-11T22:13:17Z
192098,137863,3.5,1641942526,2022-01-11T23:08:46Z
192098,213353,4.5,1649791562,2022-04-12T19:26:02Z
192098,263555,1.5,1649791568,2022-04-12T19:26:08Z
192146,173007,2.0,1552251972,2019-03-10T21:06:12Z
192146,140805,2.0,1616878104,2021-03-27T20:48:24Z
192146,142374,1.5,1616878137,2021-03-27T20:48:57Z
192146,163134,3.5,1621885556,2021-05-24T19:45:56Z
192146,169400,3.0,1625838323,2021-07-09T13:45:23Z
192146,163056,3.0,1631817020,2021-09-16T18:30:20Z
192185,218657,4.0,1674252647,2023-01-20T22:10:47Z
192185,163134,5.0,1677521191,2023-02-27T18:06:31Z
192185,204158,5.0,1677521219,2023-02-27T18:06:59Z
192185,166291,5.0,1677521795,2023-02-27T18:16:35Z
192185,178111,4.0,1677522078,2023-02-27T18:21:18Z
192185,201706,4.5,1677522437,2023-02-27T18:27:17Z
192185,253826,4.5,1677522473,2023-02-27T18:27:53Z
192190,168250,3.0,1526421277,2018-05-15T21:54:37Z
192190,163134,3.0,1539528042,2018-10-14T14:40:42Z
192190,188623,3.5,1556053868,2019-04-23T21:11:08Z
192190,188773,4.0,1578346002,2020-01-06T21:26:42Z
192190,204158,2.5,1603047806,2020-10-18T19:03:26Z
192190,260645,3.5,1669453473,2022-11-26T09:04:33Z
192190,275245,2.5,1679903685,2023-03-27T07:54:45Z
192323,163134,4.0,1497726379,2017-06-17T19:06:19Z
192323,146309,4.0,1499602261,2017-07-09T12:11:01Z
192323,161594,3.0,1503897152,2017-08-28T05:12:32Z
192323,160848,3.0,1537277649,2018-09-18T13:34:09Z
192323,171013,4.0,1537277670,2018-09-18T13:34:30Z
192323,182479,3.5,1538054224,2018-09-27T13:17:04Z
192323,193916,4.0,1538054279,2018-09-27T13:17:59Z
192323,200838,4.0,1560148624,2019-06-10T06:37:04Z
192323,200820,3.5,1560717280,2019-06-16T20:34:40Z
192323,188773,4.5,1567802321,2019-09-06T20:38:41Z
192323,206889,4.0,1569788720,2019-09-29T20:25:20Z
192323,211137,3.0,1584965029,2020-03-23T12:03:49Z
192323,193041,3.5,1623678293,2021-06-14T13:44:53Z
192323,238036,3.5,1642664714,2022-01-20T07:45:14Z
192323,275245,4.0,1662234824,2022-09-03T19:53:44Z
192323,273891,4.0,1673134029,2023-01-07T23:27:09Z
192994,168250,4.5,1511674148,2017-11-26T05:29:08Z
192994,200820,2.5,1567749086,2019-09-06T05:51:26Z
192994,200838,2.0,1569564181,2019-09-27T06:03:01Z
192994,210577,2.0,1590289514,2020-05-24T03:05:14Z
192994,275245,4.0,1679791309,2023-03-26T00:41:49Z
193114,160848,5.0,1520332209,2018-03-06T10:30:09Z
193114,188773,4.0,1547478677,2019-01-14T15:11:17Z
193114,188623,3.0,1580802425,2020-02-04T07:47:05Z
193114,163134,3.0,1589671317,2020-05-16T23:21:57Z
193114,257037,3.0,1647104799,2022-03-12T17:06:39Z
193114,252932,4.5,1650702046,2022-04-23T08:20:46Z
193114,279936,3.0,1666124943,2022-10-18T20:29:03Z
193114,275245,4.0,1666125394,2022-10-18T20:36:34Z
193114,168250,3.0,1666125413,2022-10-18T20:36:53Z
193114,193041,3.5,1671609065,2022-12-21T07:51:05Z
193248,143367,3.0,1512394211,2017-12-04T13:30:11Z
193248,200820,1.0,1575625581,2019-12-06T09:46:21Z
193248,198107,2.5,1613121636,2021-02-12T09:20:36Z
193248,207297,3.0,1622453429,2021-05-31T09:30:29Z
193248,179411,3.0,1641906150,2022-01-11T13:02:30Z
193321,196937,3.5,1548140708,2019-01-22T07:05:08Z
193321,188773,5.0,1549270688,2019-02-04T08:58:08Z
193321,168250,4.5,1550564629,2019-02-19T08:23:49Z
193321,200838,3.0,1578031456,2020-01-03T06:04:16Z
193321,174549,4.0,1592207457,2020-06-15T07:50:57Z
193321,210577,1.0,1596517616,2020-08-04T05:06:56Z
193321,204158,3.5,1635923381,2021-11-03T07:09:41Z
193321,275245,4.5,1658610639,2022-07-23T21:10:39Z
193321,257037,4.5,1677669971,2023-03-01T11:26:11Z
193321,273891,3.5,1682227871,2023-04-23T05:31:11Z
193321,287405,3.5,1684382620,2023-05-18T04:03:40Z
193321,193041,3.5,1696484426,2023-10-05T05:40:26Z
193496,275245,4.0,1683823592,2023-05-11T16:46:32Z
193496,273891,4.5,1683823594,2023-05-11T16:46:34Z
193496,193583,4.0,1683823602,2023-05-11T16:46:42Z
193496,205447,4.5,1683823603,2023-05-11T16:46:43Z
193496,271160,0.5,1683823687,2023-05-11T16:48:07Z
193539,168250,1.5,1560218785,2019-06-11T02:06:25Z
193539,198119,2.0,1644165305,2022-02-06T16:35:05Z
193539,210577,2.5,1658013204,2022-07-16T23:13:24Z
193539,258001,3.5,1665936075,2022-10-16T16:01:15Z
193539,273891,2.0,1673405303,2023-01-11T02:48:23Z
193539,200820,1.5,1679448374,2023-03-22T01:26:14Z
193539,267548,2.5,1692188821,2023-08-16T12:27:01Z
193590,200838,3.5,1569873189,2019-09-30T19:53:09Z
193590,200820,2.5,1572465112,2019-10-30T19:51:52Z
193590,168250,4.0,1596897538,2020-08-08T14:38:58Z
193590,275245,3.5,1661246091,2022-08-23T09:14:51Z
193590,143367,3.5,1680452614,2023-04-02T16:23:34Z
193877,168250,4.5,1696467276,2023-10-05T00:54:36Z
193877,273891,3.5,1696469066,2023-10-05T01:24:26Z
193877,275245,3.0,1696511217,2023-10-05T13:06:57Z
193877,257037,3.0,1696511331,2023-10-05T13:08:51Z
193877,210577,3.0,1696513930,2023-10-05T13:52:10Z
194136,182467,2.5,1692744304,2023-08-22T22:45:04Z
194136,200838,3.0,1692744333,2023-08-22T22:45:33Z
194136,210577,3.0,1692744343,2023-08-22T22:45:43Z
194136,169400,3.0,1692744419,2023-08-22T22:46:59Z
194136,163056,4.5,1692745005,2023-08-22T22:56:45Z
194136,206393,4.5,1692745200,2023-08-22T23:00:00Z
194136,275245,4.5,1692745272,2023-08-22T23:01:12Z
194136,196937,3.5,1692745740,2023-08-22T23:09:00Z
194304,168250,4.0,1611753006,2021-01-27T13:10:06Z
194304,160848,4.0,1614324904,2021-02-26T07:35:04Z
194304,163134,4.0,1617614462,2021-04-05T09:21:02Z
194304,166291,3.5,1626897837,2021-07-21T20:03:57Z
194304,242062,4.5,1659982361,2022-08-08T18:12:41Z
194304,257037,4.5,1659982597,2022-08-08T18:16:37Z
194304,204158,4.0,1664030577,2022-09-24T14:42:57Z
194314,168250,4.5,1543106947,2018-11-25T00:49:07Z
194314,188773,4.0,1597356268,2020-08-13T22:04:28Z
194314,257037,4.0,1665856427,2022-10-15T17:53:47Z
194314,275245,4.0,1673729699,2023-01-14T20:54:59Z
194314,188623,4.0,1682972671,2023-05-01T20:24:31Z
194353,163056,4.0,1636672895,2021-11-11T23:21:35Z
194353,188773,5.0,1636673078,2021-11-11T23:24:38Z
194353,188623,5.0,1636673096,2021-11-11T23:24:56Z
194353,166291,3.0,1636685347,2021-11-12T02:49:07Z
194353,184509,4.0,1636686404,2021-11-12T03:06:44Z
194353,140106,4.0,1636686518,2021-11-12T03:08:38Z
194353,193041,4.0,1636686542,2021-11-12T03:09:02Z
194353,197549,3.0,1636687081,2021-11-12T03:18:01Z
194353,164204,3.5,1636687393,2021-11-12T03:23:13Z
194353,254464,3.5,1636687399,2021-11-12T03:23:19Z
194353,207297,4.0,1636687432,2021-11-12T03:23:52Z
194353,177939,4.0,1636687452,2021-11-12T03:24:12Z
194353,163134,4.0,1636687573,2021-11-12T03:26:13Z
194353,252932,2.5,1643863046,2022-02-03T04:37:26Z
194392,200838,2.0,1626545808,2021-07-17T18:16:48Z
194392,188773,3.5,1626546051,2021-07-17T18:20:51Z
194392,188623,4.5,1626546411,2021-07-17T18:26:51Z
194392,200820,3.5,1626546423,2021-07-17T18:27:03Z
194392,168250,4.0,1626551003,2021-07-17T19:43:23Z
194392,193041,4.5,1626579781,2021-07-18T03:43:01Z
194392,210577,2.0,1626609058,2021-07-18T11:50:58Z
194431,140805,2.0,1445618965,2015-10-23T16:49:25Z
194431,160848,3.0,1480246465,2016-11-27T11:34:25Z
194431,164395,3.0,1495310025,2017-05-20T19:53:45Z
194431,163134,3.0,1503692581,2017-08-25T20:23:01Z
194431,142618,4.0,1572795150,2019-11-03T15:32:30Z
194435,188623,3.5,1591726158,2020-06-09T18:09:18Z
194435,177939,4.0,1591807516,2020-06-10T16:45:16Z
194435,193041,3.5,1591807526,2020-06-10T16:45:26Z
194435,188773,3.5,1591807530,2020-06-10T16:45:30Z
194435,206393,3.5,1595152669,2020-07-19T09:57:49Z
194454,163134,2.0,1491474170,2017-04-06T10:22:50Z
194454,165129,4.0,1491475173,2017-04-06T10:39:33Z
194454,140106,4.0,1491475329,2017-04-06T10:42:09Z
194454,164643,5.0,1491475576,2017-04-06T10:46:16Z
194454,168250,3.0,1494020322,2017-05-05T21:38:42Z
194534,168250,4.0,1623375063,2021-06-11T01:31:03Z
194534,166291,4.0,1623375508,2021-06-11T01:38:28Z
194534,163134,4.5,1623375522,2021-06-11T01:38:42Z
194534,204158,3.5,1623430049,2021-06-11T16:47:29Z
194534,272555,3.0,1652239356,2022-05-11T03:22:36Z
194667,168250,4.0,1494989361,2017-05-17T02:49:21Z
194667,160848,3.0,1503026821,2017-08-18T03:27:01Z
194667,143367,3.0,1510418125,2017-11-11T16:35:25Z
194667,186985,2.5,1526929537,2018-05-21T19:05:37Z
194667,193916,3.0,1543555385,2018-11-30T05:23:05Z
194667,188623,4.0,1557636639,2019-05-12T04:50:39Z
194667,188773,3.5,1557673393,2019-05-12T15:03:13Z
194667,200820,2.0,1559451902,2019-06-02T05:05:02Z
194889,200838,5.0,1659556316,2022-08-03T19:51:56Z
194889,200820,5.0,1659557285,2022-08-03T20:08:05Z
194889,163056,3.5,1659557489,2022-08-03T20:11:29Z
194889,163134,4.5,1659713360,2022-08-05T15:29:20Z
194889,166291,4.0,1659713405,2022-08-05T15:30:05Z
194889,218657,4.0,1668041595,2022-11-10T00:53:15Z
194997,182479,1.0,1546511865,2019-01-03T10:37:45Z
194997,200838,3.5,1560273094,2019-06-11T17:11:34Z
194997,206303,3.5,1584974595,2020-03-23T14:43:15Z
194997,179411,2.5,1586539609,2020-04-10T17:26:49Z
194997,214216,1.0,1629379969,2021-08-19T13:32:49Z
195066,163134,4.0,1502113474,2017-08-07T13:44:34Z
195066,198611,3.5,1584908615,2020-03-22T20:23:35Z
195066,188773,4.5,1584908742,2020-03-22T20:25:42Z
195066,188623,3.5,1584909760,2020-03-22T20:42:40Z
195066,200794,4.0,1609438987,2020-12-31T18:23:07Z
195220,168250,5.0,1668118714,2022-11-10T22:18:34Z
195220,273891,3.0,1671906093,2022-12-24T18:21:33Z
195220,140805,0.5,1671982111,2022-12-25T15:28:31Z
195220,178907,4.0,1671982327,2022-12-25T15:32:07Z
195220,200838,3.0,1672340197,2022-12-29T18:56:37Z
195220,168218,5.0,1673966004,2023-01-17T14:33:24Z
195220,213353,0.5,1673966107,2023-01-17T14:35:07Z
195220,193041,0.5,1675439536,2023-02-03T15:52:16Z
195220,168090,5.0,1675440052,2023-02-03T16:00:52Z
195448,168250,3.0,1606773191,2020-11-30T21:53:11Z
195448,163134,3.0,1606844849,2020-12-01T17:47:29Z
195448,188773,3.0,1606844875,2020-12-01T17:47:55Z
195448,193041,3.0,1606844906,2020-12-01T17:48:26Z
195448,143367,3.0,1606867189,2020-12-01T23:59:49Z
195448,188623,3.0,1609253540,2020-12-29T14:52:20Z
195448,200820,2.0,1633442121,2021-10-05T13:55:21Z
195448,182467,3.0,1669655418,2022-11-28T17:10:18Z
195448,179411,3.0,1669655724,2022-11-28T17:15:24Z
195448,275245,3.0,1669659353,2022-11-28T18:15:53Z
195448,273891,3.0,1669735069,2022-11-29T15:17:49Z
195510,168250,4.0,1495326231,2017-05-21T00:23:51Z
195510,182479,3.5,1532400961,2018-07-24T02:56:01Z
195510,247500,2.0,1623036450,2021-06-07T03:27:30Z
195510,210577,3.0,1634748913,2021-10-20T16:55:13Z
195510,226082,3.5,1642368878,2022-01-16T21:34:38Z
195510,273891,3.0,1671470615,2022-12-19T17:23:35Z
195510,210221,3.5,1689866282,2023-07-20T15:18:02Z
195510,275245,3.0,1689866956,2023-07-20T15:29:16Z
195510,200820,3.0,1693452459,2023-08-31T03:27:39Z
195512,163134,4.5,1498392033,2017-06-25T12:00:33Z
195512,168250,4.0,1498392043,2017-06-25T12:00:43Z
195512,173007,2.0,1498395697,2017-06-25T13:01:37Z
195512,143367,2.0,1499270622,2017-07-05T16:03:42Z
195512,160848,4.0,1499272543,2017-07-05T16:35:43Z
195512,164204,3.5,1499426359,2017-07-07T11:19:19Z
195592,186985,4.0,1531886621,2018-07-18T04:03:41Z
195592,177229,4.5,1531900965,2018-07-18T08:02:45Z
195592,178907,4.0,1531927660,2018-07-18T15:27:40Z
195592,170125,5.0,1531929998,2018-07-18T16:06:38Z
195592,188773,3.5,1543188184,2018-11-25T23:23:04Z
195592,177285,4.0,1561175995,2019-06-22T03:59:55Z
195592,200838,3.0,1641099596,2022-01-02T04:59:56Z
195592,273891,4.5,1669097412,2022-11-22T06:10:12Z
195599,148855,3.0,1474752824,2016-09-24T21:33:44Z
195599,143367,2.5,1500072777,2017-07-14T22:52:57Z
195599,173007,3.0,1521923552,2018-03-24T20:32:32Z
195599,179411,2.5,1522012438,2018-03-25T21:13:58Z
195599,163134,3.5,1535222455,2018-08-25T18:40:55Z
195599,169400,3.0,1635024215,2021-10-23T21:23:35Z
195599,257037,2.5,1667251534,2022-10-31T21:25:34Z
195599,259737,3.0,1694962262,2023-09-17T14:51:02Z
195613,160848,4.0,1524862687,2018-04-27T20:58:07Z
195613,165105,3.0,1524862689,2018-04-27T20:58:09Z
195613,143367,4.0,1524862690,2018-04-27T20:58:10Z
195613,163134,3.5,1524862690,2018-04-27T20:58:10Z
195613,168250,3.5,1524862690,2018-04-27T20:58:10Z
195736,192981,3.5,1619605702,2021-04-28T10:28:22Z
195736,188623,3.5,1619605769,2021-04-28T10:29:29Z
195736,184835,4.0,1619605924,2021-04-28T10:32:04Z
195736,177939,4.5,1619606136,2021-04-28T10:35:36Z
195736,177465,2.5,1619606268,2021-04-28T10:37:48Z
195736,193041,3.5,1619607043,2021-04-28T10:50:43Z
195736,211137,3.0,1619612779,2021-04-28T12:26:19Z
195736,244720,3.0,1619612874,2021-04-28T12:27:54Z
195736,253376,3.0,1625651303,2021-07-07T09:48:23Z
195736,254102,3.5,1626594835,2021-07-18T07:53:55Z
195736,210939,3.0,1632109788,2021-09-20T03:49:48Z
195736,211836,4.0,1632109863,2021-09-20T03:51:03Z
195736,140106,3.5,1632110823,2021-09-20T04:07:03Z
195736,178707,3.5,1632111084,2021-09-20T04:11:24Z
195736,201706,3.5,1632111215,2021-09-20T04:13:35Z
195736,204158,3.0,1632111248,2021-09-20T04:14:08Z
195736,175299,3.5,1632111300,2021-09-20T04:15:00Z
195736,193916,3.5,1632111804,2021-09-20T04:23:24Z
195736,259871,3.0,1632111908,2021-09-20T04:25:08Z
195763,168250,4.0,1527357553,2018-05-26T17:59:13Z
195763,160848,4.0,1527359328,2018-05-26T18:28:48Z
195763,188773,5.0,1546742238,2019-01-06T02:37:18Z
195763,188623,4.0,1549313213,2019-02-04T20:46:53Z
195763,257037,4.0,1653686690,2022-05-27T21:24:50Z
195763,253332,1.5,1673373287,2023-01-10T17:54:47Z
195763,242062,3.5,1673374376,2023-01-10T18:12:56Z
195763,273891,1.5,1673374950,2023-01-10T18:22:30Z
196013,185539,2.5,1531600506,2018-07-14T20:35:06Z
196013,163134,4.0,1550955253,2019-02-23T20:54:13Z
196013,200838,2.5,1560627405,2019-06-15T19:36:45Z
196013,193916,4.0,1568401677,2019-09-13T19:07:57Z
196013,166291,4.0,1644864370,2022-02-14T18:46:10Z
196013,252932,3.0,1659205242,2022-07-30T18:20:42Z
196013,278070,3.5,1673165385,2023-01-08T08:09:45Z
196013,288209,1.5,1692995433,2023-08-25T20:30:33Z
196013,279094,2.5,1692996271,2023-08-25T20:44:31Z
196013,281188,2.5,1692996315,2023-08-25T20:45:15Z
196215,143531,2.5,1493479184,2017-04-29T15:19:44Z
196215,148855,1.0,1493479186,2017-04-29T15:19:46Z
196215,143367,2.5,1493479187,2017-04-29T15:19:47Z
196215,163134,2.0,1493479187,2017-04-29T15:19:47Z
196215,160848,2.0,1493479189,2017-04-29T15:19:49Z
196215,164204,2.5,1493479189,2017-04-29T15:19:49Z
196215,163056,2.0,1586437861,2020-04-09T13:11:01Z
196215,168250,2.5,1586437862,2020-04-09T13:11:02Z
196215,197657,3.0,1586437862,2020-04-09T13:11:02Z
196215,200838,1.0,1586437862,2020-04-09T13:11:02Z
196215,177939,3.0,1586437863,2020-04-09T13:11:03Z
196215,188623,3.5,1586437864,2020-04-09T13:11:04Z
196215,188773,2.0,1586437864,2020-04-09T13:11:04Z
196215,200794,2.5,1586437864,2020-04-09T13:11:04Z
196428,163134,4.0,1570314429,2019-10-05T22:27:09Z
196428,188623,4.0,1570603337,2019-10-09T06:42:17Z
196428,166291,3.5,1586226548,2020-04-07T02:29:08Z
196428,188773,4.5,1588390476,2020-05-02T03:34:36Z
196428,253332,4.0,1629801092,2021-08-24T10:31:32Z
196428,257037,4.5,1648201842,2022-03-25T09:50:42Z
196581,163134,5.0,1577537491,2019-12-28T12:51:31Z
196581,188773,4.5,1577537492,2019-12-28T12:51:32Z
196581,252932,3.5,1677837717,2023-03-03T10:01:57Z
196581,275245,2.0,1677837717,2023-03-03T10:01:57Z
196581,204158,3.5,1677837719,2023-03-03T10:01:59Z
196606,168250,3.5,1594169788,2020-07-08T00:56:28Z
196606,200838,3.0,1594170903,2020-07-08T01:15:03Z
196606,210577,3.0,1596682722,2020-08-06T02:58:42Z
196606,200820,3.0,1597718650,2020-08-18T02:44:10Z
196606,193533,2.5,1599385671,2020-09-06T09:47:51Z
196606,186985,3.5,1599385956,2020-09-06T09:52:36Z
196606,169400,3.5,1600222909,2020-09-16T02:21:49Z
196649,200820,1.0,1627425435,2021-07-27T22:37:15Z
196649,210577,2.5,1627425435,2021-07-27T22:37:15Z
196649,163056,4.0,1627425436,2021-07-27T22:37:16Z
196649,143367,3.0,1627425437,2021-07-27T22:37:17Z
196649,200838,3.0,1627425438,2021-07-27T22:37:18Z
196649,188623,4.0,1627425440,2021-07-27T22:37:20Z
196649,193041,4.0,1627425440,2021-07-27T22:37:20Z
196649,188773,4.5,1627425441,2021-07-27T22:37:21Z
196649,253332,4.5,1649221072,2022-04-06T04:57:52Z
196652,200838,4.0,1586197137,2020-04-06T18:18:57Z
196652,210577,4.0,1586197157,2020-04-06T18:19:17Z
196652,200820,3.5,1586197200,2020-04-06T18:20:00Z
196652,168250,4.0,1586197243,2020-04-06T18:20:43Z
196652,163134,4.5,1586199414,2020-04-06T18:56:54Z
196652,146309,4.0,1586200503,2020-04-06T19:15:03Z
196652,186985,2.5,1586201100,2020-04-06T19:25:00Z
196652,163056,4.0,1586214865,2020-04-06T23:14:25Z
196652,161594,3.0,1589039904,2020-05-09T15:58:24Z
196652,273891,3.5,1670045251,2022-12-03T05:27:31Z
196963,168250,4.5,1495327915,2017-05-21T00:51:55Z
196963,163134,4.0,1513810668,2017-12-20T22:57:48Z
196963,178907,4.5,1514668597,2017-12-30T21:16:37Z
196963,200838,2.5,1610890694,2021-01-17T13:38:14Z
196963,200820,2.5,1610890701,2021-01-17T13:38:21Z
196963,186985,2.5,1610908545,2021-01-17T18:35:45Z
196963,275245,4.5,1666442827,2022-10-22T12:47:07Z
196963,273891,3.5,1672522099,2022-12-31T21:28:19Z
197249,137863,4.0,1510012504,2017-11-06T23:55:04Z
197249,149658,0.5,1510070582,2017-11-07T16:03:02Z
197249,168250,4.0,1511802207,2017-11-27T17:03:27Z
197249,186985,3.0,1527715572,2018-05-30T21:26:12Z
197249,196937,4.0,1558726046,2019-05-24T19:27:26Z
197249,200820,3.5,1565957678,2019-08-16T12:14:38Z
197286,146309,5.0,1462214651,2016-05-02T18:44:11Z
197286,165105,3.5,1478280488,2016-11-04T17:28:08Z
197286,163134,4.5,1484081491,2017-01-10T20:51:31Z
197286,168250,5.0,1488080129,2017-02-26T03:35:29Z
197286,166291,4.5,1496375124,2017-06-02T03:45:24Z
197286,171013,3.0,1509060968,2017-10-26T23:36:08Z
197286,187145,3.5,1557594422,2019-05-11T17:07:02Z
197286,200838,4.0,1560203490,2019-06-10T21:51:30Z
197286,204158,4.0,1585376245,2020-03-28T06:17:25Z
197286,218657,2.5,1594579047,2020-07-12T18:37:27Z
197286,150776,3.0,1596598477,2020-08-05T03:34:37Z
197286,175479,2.5,1597013188,2020-08-09T22:46:28Z
197286,198611,5.0,1601187691,2020-09-27T06:21:31Z
197286,231413,4.5,1623217370,2021-06-09T05:42:50Z
197286,213367,2.5,1641921590,2022-01-11T17:19:50Z
197286,252932,3.0,1642994376,2022-01-24T03:19:36Z
197286,201704,3.5,1653918096,2022-05-30T13:41:36Z
197286,275245,3.0,1661436141,2022-08-25T14:02:21Z
197286,272079,4.0,1664151755,2022-09-26T00:22:35Z
197412,165105,4.0,1608862161,2020-12-25T02:09:21Z
197412,168250,5.0,1608862723,2020-12-25T02:18:43Z
197412,163134,5.0,1608863418,2020-12-25T02:30:18Z
197412,146309,4.0,1608863487,2020-12-25T02:31:27Z
197412,161594,4.0,1608864380,2020-12-25T02:46:20Z
197412,163056,4.0,1608865115,2020-12-25T02:58:35Z
197441,168250,4.5,1554579617,2019-04-06T19:40:17Z
197441,188773,3.5,1554580487,2019-04-06T19:54:47Z
197441,193916,3.5,1554581565,2019-04-06T20:12:45Z
197441,243994,3.5,1623275457,2021-06-09T21:50:57Z
197441,253332,3.0,1630785920,2021-09-04T20:05:20Z
197441,274993,4.5,1659216789,2022-07-30T21:33:09Z
197441,193041,4.5,1680190160,2023-03-30T15:29:20Z
197474,163134,4.0,1630087289,2021-08-27T18:01:29Z
197474,188623,3.5,1630088914,2021-08-27T18:28:34Z
197474,257037,3.0,1648544744,2022-03-29T09:05:44Z
197474,238344,4.0,1651968097,2022-05-08T00:01:37Z
197474,150776,3.5,1652224638,2022-05-10T23:17:18Z
197474,182467,4.0,1652481379,2022-05-13T22:36:19Z
197474,164282,4.0,1652743245,2022-05-16T23:20:45Z
197474,181225,3.0,1653173837,2022-05-21T22:57:17Z
197474,188773,3.0,1653823846,2022-05-29T11:30:46Z
197474,177939,3.0,1655938894,2022-06-22T23:01:34Z
197474,168250,4.0,1657644843,2022-07-12T16:54:03Z
197474,214764,3.5,1657753249,2022-07-13T23:00:49Z
197474,193041,3.0,1660258927,2022-08-11T23:02:07Z
197474,275245,3.5,1660853520,2022-08-18T20:12:00Z
197474,162968,3.5,1672737723,2023-01-03T09:22:03Z
197474,168090,3.0,1672823651,2023-01-04T09:14:11Z
197474,200794,2.5,1677860827,2023-03-03T16:27:07Z
197474,273891,3.5,1687363604,2023-06-21T16:06:44Z
197474,249182,4.5,1691762101,2023-08-11T13:55:01Z
197474,204158,3.5,1691914565,2023-08-13T08:16:05Z
197496,163056,3.0,1491709121,2017-04-09T03:38:41Z
197496,183661,1.0,1516393773,2018-01-19T20:29:33Z
197496,168250,4.5,1532120455,2018-07-20T21:00:55Z
197496,200820,1.0,1585205106,2020-03-26T06:45:06Z
197496,206889,3.5,1595128154,2020-07-19T03:09:14Z
197496,142566,2.0,1625194494,2021-07-02T02:54:54Z
197496,253332,1.0,1631273124,2021-09-10T11:25:24Z
197509,140805,2.0,1602777401,2020-10-15T15:56:41Z
197509,162968,4.0,1602777402,2020-10-15T15:56:42Z
197509,163134,3.5,1602777403,2020-10-15T15:56:43Z
197509,168090,4.0,1602777403,2020-10-15T15:56:43Z
197509,168218,4.0,1602777403,2020-10-15T15:56:43Z
197578,168250,4.0,1629365209,2021-08-19T09:26:49Z
197578,188623,4.5,1629977524,2021-08-26T11:32:04Z
197578,143367,4.5,1632864685,2021-09-28T21:31:25Z
197578,188773,4.0,1634505974,2021-10-17T21:26:14Z
197578,253332,4.0,1638696853,2021-12-05T09:34:13Z
197578,242062,3.0,1654214695,2022-06-03T00:04:55Z
197578,257037,3.5,1654214961,2022-06-03T00:09:21Z
197735,140108,3.5,1575193972,2019-12-01T09:52:52Z
197735,164395,4.0,1575193972,2019-12-01T09:52:52Z
197735,200820,3.0,1575193972,2019-12-01T09:52:52Z
197735,163056,4.0,1575193974,2019-12-01T09:52:54Z
197735,165105,4.0,1575193974,2019-12-01T09:52:54Z
197735,161592,3.5,1575193975,2019-12-01T09:52:55Z
197735,143367,4.0,1575193977,2019-12-01T09:52:57Z
197735,168250,0.5,1575193977,2019-12-01T09:52:57Z
197735,179411,4.0,1575193977,2019-12-01T09:52:57Z
197735,196233,4.5,1575193979,2019-12-01T09:52:59Z
197735,200838,3.0,1575193979,2019-12-01T09:52:59Z
197735,186985,2.5,1575193981,2019-12-01T09:53:01Z
198149,167198,3.0,1481860757,2016-12-16T03:59:17Z
198149,143367,2.5,1489884452,2017-03-19T00:47:32Z
198149,168250,3.0,1492831618,2017-04-22T03:26:58Z
198149,163134,4.0,1613969774,2021-02-22T04:56:14Z
198149,273891,3.0,1670124766,2022-12-04T03:32:46Z
198152,165105,2.0,1484326812,2017-01-13T17:00:12Z
198152,168250,4.0,1535990302,2018-09-03T15:58:22Z
198152,193041,4.5,1569112256,2019-09-22T00:30:56Z
198152,207297,5.0,1623549612,2021-06-13T02:00:12Z
198152,275245,4.0,1661810287,2022-08-29T21:58:07Z
198394,168250,5.0,1594016705,2020-07-06T06:25:05Z
198394,143367,2.0,1594018461,2020-07-06T06:54:21Z
198394,160848,4.0,1594022190,2020-07-06T07:56:30Z
198394,200820,1.0,1594026806,2020-07-06T09:13:26Z
198394,200838,3.0,1594026834,2020-07-06T09:13:54Z
198394,188623,5.0,1594509162,2020-07-11T23:12:42Z
198471,168250,4.0,1556576540,2019-04-29T22:22:20Z
198471,163134,4.0,1642806645,2022-01-21T23:10:45Z
198471,188623,4.0,1643951969,2022-02-04T05:19:29Z
198471,257037,3.5,1648881362,2022-04-02T06:36:02Z
198471,275245,2.5,1660187976,2022-08-11T03:19:36Z
198471,143367,3.5,1683588082,2023-05-08T23:21:22Z
198471,177939,3.5,1692676975,2023-08-22T04:02:55Z
198511,210577,3.0,1634891290,2021-10-22T08:28:10Z
198511,163134,3.5,1634987012,2021-10-23T11:03:32Z
198511,210939,4.0,1634988020,2021-10-23T11:20:20Z
198511,204158,2.5,1634989012,2021-10-23T11:36:52Z
198511,166291,3.0,1635001882,2021-10-23T15:11:22Z
198511,231413,3.0,1636541076,2021-11-10T10:44:36Z
198511,224845,3.5,1636541543,2021-11-10T10:52:23Z
198511,162990,3.5,1636541545,2021-11-10T10:52:25Z
198511,224465,3.5,1636541548,2021-11-10T10:52:28Z
198511,196937,0.5,1640461172,2021-12-25T19:39:32Z
198511,187145,4.0,1649840394,2022-04-13T08:59:54Z
198511,163056,2.5,1655725572,2022-06-20T11:46:12Z
198511,222627,3.5,1658230047,2022-07-19T11:27:27Z
198511,223572,3.5,1658230048,2022-07-19T11:27:28Z
198511,223570,4.0,1658230050,2022-07-19T11:27:30Z
198511,146309,3.5,1658232428,2022-07-19T12:07:08Z
198511,148855,3.0,1658240639,2022-07-19T14:23:59Z
198511,168090,2.5,1658420586,2022-07-21T16:23:06Z
198511,252308,3.5,1658420907,2022-07-21T16:28:27Z
198511,255639,3.0,1658420940,2022-07-21T16:29:00Z
198511,193583,2.0,1658420969,2022-07-21T16:29:29Z
198511,275245,2.0,1668114967,2022-11-10T21:16:07Z
198511,161594,3.0,1672331102,2022-12-29T16:25:02Z
198515,143531,2.5,1479536469,2016-11-19T06:21:09Z
198515,143367,3.5,1484609561,2017-01-16T23:32:41Z
198515,168250,4.0,1497759553,2017-06-18T04:19:13Z
198515,165105,2.0,1518165046,2018-02-09T08:30:46Z
198515,166974,1.0,1523370363,2018-04-10T14:26:03Z
198515,188773,3.5,1552159495,2019-03-09T19:24:55Z
198515,185905,2.5,1552159668,2019-03-09T19:27:48Z
198515,188623,3.5,1557450019,2019-05-10T01:00:19Z
198515,200820,1.0,1569353972,2019-09-24T19:39:32Z
198515,185539,3.5,1600951506,2020-09-24T12:45:06Z
198515,209949,2.0,1626110746,2021-07-12T17:25:46Z
198515,253332,2.5,1642136328,2022-01-14T04:58:48Z
198515,257037,3.0,1648874883,2022-04-02T04:48:03Z
198515,219599,2.5,1663102656,2022-09-13T20:57:36Z
198515,275245,3.0,1668966988,2022-11-20T17:56:28Z
198515,223310,3.0,1685764619,2023-06-03T03:56:59Z
198676,168250,3.5,1523745167,2018-04-14T22:32:47Z
198676,182479,3.5,1523745627,2018-04-14T22:40:27Z
198676,150776,3.5,1523745787,2018-04-14T22:43:07Z
198676,160848,4.0,1532798541,2018-07-28T17:22:21Z
198676,194452,3.5,1543996848,2018-12-05T08:00:48Z
198676,163134,4.0,1544831579,2018-12-14T23:52:59Z
198676,188773,4.0,1546197189,2018-12-30T19:13:09Z
198676,200838,2.0,1557695789,2019-05-12T21:16:29Z
198676,163056,3.5,1559575744,2019-06-03T15:29:04Z
198676,188623,3.5,1564260249,2019-07-27T20:44:09Z
198676,207297,4.5,1583620105,2020-03-07T22:28:25Z
198676,210577,1.5,1590789976,2020-05-29T22:06:16Z
198676,204158,2.5,1591560271,2020-06-07T20:04:31Z
198676,177939,3.5,1610309952,2021-01-10T20:19:12Z
198676,221282,4.0,1622065608,2021-05-26T21:46:48Z
198676,253332,3.0,1632946372,2021-09-29T20:12:52Z
198676,257037,4.5,1645225102,2022-02-18T22:58:22Z
198676,253826,2.5,1649017745,2022-04-03T20:29:05Z
198676,252932,2.5,1657050167,2022-07-05T19:42:47Z
198676,260825,4.0,1657223865,2022-07-07T19:57:45Z
198676,274993,3.0,1659721277,2022-08-05T17:41:17Z
198676,242062,4.0,1663182777,2022-09-14T19:12:57Z
198676,275245,4.0,1664571082,2022-09-30T20:51:22Z
198676,273891,3.5,1666040535,2022-10-17T21:02:15Z
198676,258001,3.5,1668976592,2022-11-20T20:36:32Z
198721,168250,4.0,1495839369,2017-05-26T22:56:09Z
198721,143367,4.0,1500859086,2017-07-24T01:18:06Z
198721,188773,3.5,1554653268,2019-04-07T16:07:48Z
198721,188623,3.0,1554653270,2019-04-07T16:07:50Z
198721,221971,2.5,1611890840,2021-01-29T03:27:20Z
198721,275245,4.0,1663079162,2022-09-13T14:26:02Z
198746,168250,4.0,1590701052,2020-05-28T21:24:12Z
198746,166291,5.0,1591273875,2020-06-04T12:31:15Z
198746,200820,3.5,1591889101,2020-06-11T15:25:01Z
198746,200838,2.0,1592162214,2020-06-14T19:16:54Z
198746,210577,0.5,1592777715,2020-06-21T22:15:15Z
198746,174549,5.0,1592778649,2020-06-21T22:30:49Z
198801,210577,4.0,1632087934,2021-09-19T21:45:34Z
198801,163056,4.0,1632089319,2021-09-19T22:08:39Z
198801,200052,4.0,1632089866,2021-09-19T22:17:46Z
198801,207297,3.0,1632090003,2021-09-19T22:20:03Z
198801,210227,3.0,1632090108,2021-09-19T22:21:48Z
198801,142374,3.0,1632090212,2021-09-19T22:23:32Z
198801,164395,3.0,1632090232,2021-09-19T22:23:52Z
198801,137863,4.0,1632091017,2021-09-19T22:36:57Z
198801,175479,5.0,1632091059,2021-09-19T22:37:39Z
198801,140805,3.0,1632091074,2021-09-19T22:37:54Z
198801,200820,5.0,1632091214,2021-09-19T22:40:14Z
198801,213367,4.0,1632091237,2021-09-19T22:40:37Z
198801,177285,3.0,1632091310,2021-09-19T22:41:50Z
198801,161594,3.0,1632091597,2021-09-19T22:46:37Z
198801,197625,4.0,1632091659,2021-09-19T22:47:39Z
198801,184641,3.0,1632091720,2021-09-19T22:48:40Z
198801,198815,3.0,1632091736,2021-09-19T22:48:56Z
198801,214020,5.0,1632091784,2021-09-19T22:49:44Z
198801,250832,5.0,1632091866,2021-09-19T22:51:06Z
198801,196937,5.0,1632091881,2021-09-19T22:51:21Z
198801,193533,3.0,1632091997,2021-09-19T22:53:17Z
198801,167850,3.0,1632091999,2021-09-19T22:53:19Z
198801,200838,5.0,1632092036,2021-09-19T22:53:56Z
198801,179225,3.0,1632092786,2021-09-19T23:06:26Z
198833,163134,2.5,1591218089,2020-06-03T21:01:29Z
198833,166291,4.0,1591655261,2020-06-08T22:27:41Z
198833,188773,4.0,1594505475,2020-07-11T22:11:15Z
198833,218657,2.0,1615069074,2021-03-06T22:17:54Z
198833,192209,3.0,1617744830,2021-04-06T21:33:50Z
198833,236121,4.0,1631216999,2021-09-09T19:49:59Z
198833,252932,3.0,1652640262,2022-05-15T18:44:22Z
199004,190705,4.0,1570476372,2019-10-07T19:26:12Z
199004,160848,4.0,1570476375,2019-10-07T19:26:15Z
199004,168250,4.0,1570476376,2019-10-07T19:26:16Z
199004,163134,3.0,1570476377,2019-10-07T19:26:17Z
199004,148855,3.0,1570476379,2019-10-07T19:26:19Z
199004,200838,1.0,1570476399,2019-10-07T19:26:39Z
199004,143367,3.0,1570476400,2019-10-07T19:26:40Z
199004,177939,4.0,1570476400,2019-10-07T19:26:40Z
199143,207297,3.0,1615541764,2021-03-12T09:36:04Z
199143,140805,2.0,1615541772,2021-03-12T09:36:12Z
199143,210577,3.5,1615541782,2021-03-12T09:36:22Z
199143,142374,1.5,1615541784,2021-03-12T09:36:24Z
199143,163134,4.5,1615541788,2021-03-12T09:36:28Z
199143,166291,3.5,1615541788,2021-03-12T09:36:28Z
199143,168250,1.0,1615541788,2021-03-12T09:36:28Z
199143,197549,4.0,1615541788,2021-03-12T09:36:28Z
199143,197747,2.5,1615541789,2021-03-12T09:36:29Z
199143,185877,3.5,1615541790,2021-03-12T09:36:30Z
199143,185905,3.0,1615541791,2021-03-12T09:36:31Z
199143,204158,2.5,1615541798,2021-03-12T09:36:38Z
199168,186985,4.0,1579290897,2020-01-17T19:54:57Z
199168,177939,4.5,1673136641,2023-01-08T00:10:41Z
199168,174549,4.5,1673136995,2023-01-08T00:16:35Z
199168,193801,4.0,1689288223,2023-07-13T22:43:43Z
199168,179411,2.0,1691502714,2023-08-08T13:51:54Z
199212,168250,3.5,1616474318,2021-03-23T04:38:38Z
199212,163134,4.5,1616475333,2021-03-23T04:55:33Z
199212,200838,2.5,1616534197,2021-03-23T21:16:37Z
199212,166291,4.5,1616535887,2021-03-23T21:44:47Z
199212,137863,3.0,1616540393,2021-03-23T22:59:53Z
199212,196937,3.5,1616541320,2021-03-23T23:15:20Z
199212,246604,4.0,1644568592,2022-02-11T08:36:32Z
199478,183661,0.5,1561594953,2019-06-27T00:22:33Z
199478,196233,0.5,1561595077,2019-06-27T00:24:37Z
199478,201706,0.5,1561596401,2019-06-27T00:46:41Z
199478,143531,2.0,1561679718,2019-06-27T23:55:18Z
199478,199231,1.5,1561680156,2019-06-28T00:02:36Z
199478,165129,1.0,1561848758,2019-06-29T22:52:38Z
199478,193533,0.5,1561850056,2019-06-29T23:14:16Z
199478,175283,0.5,1561851847,2019-06-29T23:44:07Z
199478,198107,2.0,1562027127,2019-07-02T00:25:27Z
199478,166295,2.0,1562111676,2019-07-02T23:54:36Z
199478,182479,1.0,1562111899,2019-07-02T23:58:19Z
199478,185905,1.0,1562201631,2019-07-04T00:53:51Z
199478,194452,0.5,1562202242,2019-07-04T01:04:02Z
199478,200820,1.0,1562202370,2019-07-04T01:06:10Z
199478,146309,2.0,1562545355,2019-07-08T00:22:35Z
199718,163134,2.5,1500930640,2017-07-24T21:10:40Z
199718,168250,3.5,1534491286,2018-08-17T07:34:46Z
199718,160848,3.0,1551380153,2019-02-28T18:55:53Z
199718,188773,3.5,1606005198,2020-11-22T00:33:18Z
199718,188623,4.0,1606247508,2020-11-24T19:51:48Z
199718,200820,0.5,1612978348,2021-02-10T17:32:28Z
199718,218657,1.5,1614262812,2021-02-25T14:20:12Z
199718,223570,2.5,1640462091,2021-12-25T19:54:51Z
199718,242062,2.5,1644010094,2022-02-04T21:28:14Z
199718,257037,4.0,1648796191,2022-04-01T06:56:31Z
199718,210577,0.5,1649784235,2022-04-12T17:23:55Z
199718,252932,1.5,1650290102,2022-04-18T13:55:02Z
199718,275245,2.5,1662392206,2022-09-05T15:36:46Z
199718,273891,2.0,1665332588,2022-10-09T16:23:08Z
199718,279452,0.5,1691949394,2023-08-13T17:56:34Z
199762,168250,5.0,1551116877,2019-02-25T17:47:57Z
199762,166291,5.0,1551213432,2019-02-26T20:37:12Z
199762,169022,5.0,1551213610,2019-02-26T20:40:10Z
199762,192649,5.0,1551215102,2019-02-26T21:05:02Z
199762,162990,4.0,1551215109,2019-02-26T21:05:09Z
200283,168250,0.5,1510071268,2017-11-07T16:14:28Z
200283,163134,5.0,1510072449,2017-11-07T16:34:09Z
200283,166291,5.0,1601753830,2020-10-03T19:37:10Z
200283,146309,0.5,1601753860,2020-10-03T19:37:40Z
200283,168218,1.0,1601753957,2020-10-03T19:39:17Z
200283,224465,0.5,1601755152,2020-10-03T19:59:12Z
200322,163134,3.5,1502447336,2017-08-11T10:28:56Z
200322,178907,3.0,1541346177,2018-11-04T15:42:57Z
200322,169400,3.5,1541346424,2018-11-04T15:47:04Z
200322,200820,2.5,1574120072,2019-11-18T23:34:32Z
200322,206393,3.0,1606343195,2020-11-25T22:26:35Z
200322,174549,3.0,1606343299,2020-11-25T22:28:19Z
200322,183661,3.5,1606723234,2020-11-30T08:00:34Z
200322,193041,2.0,1626995033,2021-07-22T23:03:53Z
200323,143367,2.5,1642120364,2022-01-14T00:32:44Z
200323,163134,3.5,1642120366,2022-01-14T00:32:46Z
200323,178907,4.0,1642120372,2022-01-14T00:32:52Z
200323,273891,3.5,1668053047,2022-11-10T04:04:07Z
200323,168250,3.5,1672146928,2022-12-27T13:15:28Z
200323,275245,3.5,1673809220,2023-01-15T19:00:20Z
200513,168250,5.0,1550383468,2019-02-17T06:04:28Z
200513,163134,3.0,1550383719,2019-02-17T06:08:39Z
200513,165105,2.5,1556875610,2019-05-03T09:26:50Z
200513,163056,2.5,1556875659,2019-05-03T09:27:39Z
200513,193041,4.5,1557215229,2019-05-07T07:47:09Z
200533,160848,4.0,1549724155,2019-02-09T14:55:55Z
200533,143367,3.0,1549730185,2019-02-09T16:36:25Z
200533,168250,4.0,1549735463,2019-02-09T18:04:23Z
200533,161592,2.0,1555675094,2019-04-19T11:58:14Z
200533,163134,3.0,1555675567,2019-04-19T12:06:07Z
200533,146309,4.0,1578141897,2020-01-04T12:44:57Z
200533,171013,4.0,1578141957,2020-01-04T12:45:57Z
200548,200838,2.5,1577848302,2020-01-01T03:11:42Z
200548,168250,4.0,1577849490,2020-01-01T03:31:30Z
200548,188773,5.0,1577851706,2020-01-01T04:08:26Z
200548,164204,4.5,1577851966,2020-01-01T04:12:46Z
200548,188623,3.5,1577906255,2020-01-01T19:17:35Z
200548,143367,2.5,1578086049,2020-01-03T21:14:09Z
200705,163134,4.0,1614970605,2021-03-05T18:56:45Z
200705,160848,5.0,1617047358,2021-03-29T19:49:18Z
200705,146309,3.5,1617048049,2021-03-29T20:00:49Z
200705,166291,4.5,1617048097,2021-03-29T20:01:37Z
200705,182479,3.5,1617048127,2021-03-29T20:02:07Z
200729,163134,5.0,1571955708,2019-10-24T22:21:48Z
200729,146309,5.0,1571956125,2019-10-24T22:28:45Z
200729,188773,5.0,1572729596,2019-11-02T21:19:56Z
200729,188623,4.0,1573855257,2019-11-15T22:00:57Z
200729,140106,4.5,1577740873,2019-12-30T21:21:13Z
200729,164204,5.0,1577748674,2019-12-30T23:31:14Z
200729,185905,4.5,1577748761,2019-12-30T23:32:41Z
200729,160848,4.0,1579898955,2020-01-24T20:49:15Z
200729,193041,2.0,1581280722,2020-02-09T20:38:42Z
200930,150776,3.0,1515022650,2018-01-03T23:37:30Z
200930,168250,3.0,1573234499,2019-11-08T17:34:59Z
200930,163134,3.0,1645667510,2022-02-24T01:51:50Z
200930,202389,3.0,1648480165,2022-03-28T15:09:25Z
200930,182467,3.0,1651541852,2022-05-03T01:37:32Z
