userId,n_target_movies,mean_rating_subset,std_rating_subset,first_rating_at_utc,last_rating_at_utc
28,7,4.5,0.6454972243679028,2021-03-24T03:42:13Z,2023-05-21T13:20:17Z
228,6,4.0,0.4472135954999579,2020-05-06T17:31:29Z,2020-05-06T17:31:33Z
265,13,3.0384615384615383,1.2984211319512002,2020-10-06T15:27:07Z,2023-07-18T05:26:20Z
326,5,3.2,0.4472135954999579,2020-04-26T16:58:51Z,2022-10-09T06:19:20Z
610,5,1.9,2.043281674170255,2021-03-11T17:47:56Z,2021-03-11T18:39:52Z
991,6,3.0833333333333335,0.3763863263545405,2018-04-29T17:36:40Z,2022-09-09T13:00:57Z
1048,6,3.1666666666666665,1.1690451944500122,2021-04-25T20:23:16Z,2021-04-25T20:23:43Z
1205,6,4.416666666666667,0.3763863263545405,2020-12-07T21:34:21Z,2023-07-31T04:20:34Z
1522,11,3.6818181818181817,0.6809084840390547,2017-03-03T22:01:50Z,2021-03-14T19:32:33Z
1551,11,3.3181818181818183,0.5134553180524705,2018-01-02T09:34:48Z,2023-01-22T19:37:29Z
1617,5,2.5,1.1726039399558574,2020-08-23T01:22:19Z,2020-08-23T01:22:21Z
1623,5,2.4,0.8215838362577492,2017-12-28T15:56:01Z,2018-11-02T00:18:17Z
1867,7,4.142857142857143,0.6900655593423543,2019-10-20T05:10:27Z,2019-11-03T16:16:21Z
2421,7,3.2857142857142856,1.14953406710222,2015-10-03T10:07:22Z,2021-11-24T13:54:02Z
2476,7,3.0714285714285716,0.3450327796711771,2020-02-01T15:24:56Z,2021-11-19T21:43:24Z
2854,7,4.142857142857143,0.5563486402641868,2021-08-12T09:49:37Z,2021-08-12T09:49:44Z
2873,5,3.6,0.4183300132670378,2020-01-25T08:37:29Z,2020-01-25T09:01:07Z
2962,10,2.8,1.0327955589886446,2019-10-20T17:39:44Z,2022-12-21T18:46:07Z
2966,31,2.9193548387096775,1.162588879710195,2019-07-27T13:17:16Z,2020-03-05T01:47:23Z
3001,5,3.7,0.6708203932499369,2020-04-03T01:28:20Z,2020-04-03T02:03:44Z
3107,7,4.142857142857143,0.7480132415430957,2017-07-06T10:34:00Z,2023-08-06T08:15:19Z
3135,57,2.7982456140350878,1.4846225143197387,2023-10-03T01:34:57Z,2023-10-03T15:30:53Z
3210,22,3.9318181818181817,0.47044696440762196,2021-08-24T19:01:26Z,2023-08-22T12:09:57Z
3231,5,3.9,0.22360679774997896,2017-11-08T18:54:18Z,2023-08-25T17:00:46Z
3349,10,3.55,0.83166499665831,2021-04-26T16:51:26Z,2022-02-20T12:42:44Z
3408,6,4.333333333333333,0.408248290463863,2017-03-08T03:02:22Z,2023-08-27T01:43:46Z
3514,16,3.4375,0.40311288741492746,2023-02-23T13:22:36Z,2023-02-23T13:22:41Z
3522,5,4.5,0.3535533905932738,2017-07-08T09:11:15Z,2020-05-13T19:41:23Z
4048,8,4.375,0.5175491695067657,2018-09-17T11:43:05Z,2023-04-29T11:27:43Z
4080,10,3.7,0.6749485577105528,2017-03-28T16:05:41Z,2023-05-19T17:26:44Z
4167,9,3.2777777777777777,1.2774758097296577,2022-02-10T06:38:22Z,2022-03-25T09:01:25Z
4294,8,3.4375,0.7763237542601485,2022-09-21T21:25:14Z,2022-09-21T21:25:19Z
4340,10,3.85,0.4116363011742823,2017-11-02T03:00:06Z,2023-07-23T04:50:13Z
4392,30,3.85,1.0098651326820312,2022-05-31T14:29:02Z,2022-09-25T16:01:23Z
4552,5,3.9,0.22360679774997896,2022-02-14T22:53:04Z,2022-02-14T22:53:08Z
4772,15,3.933333333333333,0.6778818551368738,2021-01-09T23:23:09Z,2022-11-08T22:38:45Z
5029,15,3.2,0.996422170998389,2017-07-16T17:55:08Z,2022-09-16T04:45:30Z
5037,6,4.5,0.5477225575051661,2022-12-08T23:57:06Z,2022-12-09T09:54:04Z
5108,6,3.6666666666666665,1.1690451944500122,2017-10-21T08:15:12Z,2023-09-22T04:51:19Z
5124,7,3.9285714285714284,0.4498677054212187,2023-09-03T21:54:48Z,2023-09-03T21:55:03Z
5263,9,4.555555555555555,0.5270462766947299,2019-02-05T12:43:22Z,2022-11-06T13:23:57Z
5385,8,2.9375,0.6781013409302687,2017-11-01T20:04:00Z,2022-02-05T23:02:53Z
5890,5,4.5,0.5,2017-08-16T21:34:51Z,2022-03-30T18:30:11Z
6112,63,2.8968253968253967,0.8335637162341085,2021-07-21T13:26:13Z,2023-05-28T15:07:43Z
6250,6,3.6666666666666665,0.5163977794943223,2023-09-26T14:52:16Z,2023-09-26T14:52:23Z
6311,5,3.8,0.27386127875258304,2019-06-21T15:28:29Z,2019-07-31T02:57:18Z
6317,5,2.9,0.8215838362577492,2018-12-21T02:00:20Z,2020-10-07T20:54:52Z
6324,11,3.4545454545454546,1.1500988099842868,2015-12-03T20:12:12Z,2023-09-04T01:35:21Z
6471,10,3.8,1.0593499054713802,2017-03-04T18:56:50Z,2019-12-05T16:41:17Z
6541,17,2.911764705882353,1.0641207361838554,2015-10-31T00:23:58Z,2023-09-27T09:13:08Z
6570,6,4.25,0.5244044240850758,2020-12-08T04:29:10Z,2023-06-12T05:14:47Z
6690,5,3.9,0.4183300132670378,2022-04-17T21:46:51Z,2022-04-17T23:49:49Z
6796,8,3.8125,1.1630471062809844,2017-05-15T22:07:32Z,2023-09-01T11:35:25Z
6921,6,3.8333333333333335,0.752772652709081,2023-01-11T17:10:03Z,2023-01-11T17:50:45Z
7248,9,2.8333333333333335,0.8660254037844386,2022-07-28T11:37:39Z,2022-08-29T02:11:29Z
7419,25,3.78,0.458257569495584,2020-07-28T15:03:50Z,2023-01-22T06:38:36Z
7664,12,4.0,0.7385489458759964,2019-03-12T09:01:25Z,2019-12-16T08:28:57Z
7858,17,1.588235294117647,0.9225524056531805,2017-06-20T15:34:39Z,2023-01-07T11:01:35Z
8069,13,3.3076923076923075,0.8301220175989577,2021-05-06T20:17:06Z,2023-09-20T22:02:30Z
8135,42,3.5238095238095237,0.8621610748180847,2020-02-04T15:57:46Z,2021-05-22T14:11:53Z
8307,7,2.9285714285714284,1.2724180205607036,2017-08-29T20:29:18Z,2017-09-06T19:24:55Z
8317,6,3.9166666666666665,0.7359800721939872,2020-09-23T04:44:08Z,2023-07-11T04:19:56Z
8359,11,3.8181818181818183,0.337099931231621,2017-07-30T23:38:09Z,2022-08-28T13:57:04Z
8521,5,3.4,0.4183300132670378,2016-09-08T03:08:33Z,2019-06-17T21:12:04Z
8901,34,1.1323529411764706,1.3044726295920217,2018-12-22T04:19:26Z,2021-05-15T13:50:03Z
8905,7,3.7857142857142856,0.9511897312113419,2017-01-28T18:46:59Z,2020-10-13T05:12:33Z
9085,7,2.7857142857142856,0.9511897312113419,2022-02-05T14:38:08Z,2022-02-05T14:38:25Z
9247,8,4.375,0.5175491695067657,2021-06-16T19:15:36Z,2023-05-21T17:57:28Z
9418,25,3.4,0.47871355387816905,2019-06-03T01:10:01Z,2021-05-02T19:41:58Z
9644,6,4.666666666666667,0.5163977794943223,2021-10-02T04:00:06Z,2021-10-02T04:19:26Z
9662,7,3.5714285714285716,0.6725927091345493,2021-11-16T08:54:33Z,2023-05-22T13:29:27Z
9701,7,4.571428571428571,0.5345224838248488,2019-07-07T22:06:19Z,2019-07-07T22:35:59Z
9779,12,4.375,0.6440285143320342,2022-08-13T04:47:53Z,2023-03-27T19:26:51Z
9825,12,2.625,1.1103848636641915,2017-06-08T15:10:27Z,2022-05-25T20:23:27Z
10090,5,3.8,0.4472135954999579,2023-06-24T00:49:49Z,2023-08-28T01:18:37Z
10189,24,3.4166666666666665,0.7322785563281032,2018-02-16T22:51:07Z,2022-05-17T19:11:59Z
10202,10,3.2,0.8881941729649485,2017-03-03T04:20:41Z,2022-09-05T18:22:16Z
10280,8,3.125,0.3535533905932738,2016-08-16T19:56:24Z,2020-12-26T21:23:15Z
10439,7,3.7142857142857144,0.3933978962347216,2018-03-08T15:27:04Z,2023-03-07T21:48:49Z
10556,14,3.4642857142857144,0.5705694090550689,2021-06-19T08:30:38Z,2023-10-08T02:29:57Z
10567,7,3.0,0.6454972243679028,2018-02-02T22:03:14Z,2019-06-05T22:41:00Z
10632,7,3.5714285714285716,0.7867957924694432,2017-08-04T00:34:53Z,2023-08-23T01:51:43Z
10763,5,4.0,0.7905694150420949,2021-01-02T03:21:11Z,2022-07-27T23:12:59Z
10847,5,3.0,0.5,2016-05-11T13:59:36Z,2023-01-19T13:23:07Z
11424,5,3.9,0.22360679774997896,2021-03-12T00:21:55Z,2023-07-03T03:18:18Z
11642,9,4.222222222222222,0.754615428178118,2017-04-30T16:26:05Z,2022-11-02T16:47:31Z
11685,10,1.85,1.5643600040343086,2020-07-12T02:19:03Z,2020-08-13T02:35:18Z
11796,7,3.5,1.0801234497346435,2018-12-19T06:01:08Z,2019-07-18T13:58:57Z
11801,7,3.2142857142857144,0.809173593712687,2019-07-10T14:53:22Z,2022-09-02T03:47:06Z
11812,5,2.8,0.570087712549569,2019-08-29T23:18:41Z,2019-08-29T23:29:52Z
12042,21,3.5952380952380953,0.6636838030841121,2021-09-10T14:40:54Z,2021-09-10T14:41:36Z
12335,14,3.642857142857143,1.0456608405245906,2018-03-15T06:32:45Z,2022-07-23T23:17:47Z
12423,6,4.166666666666667,0.408248290463863,2019-07-20T17:33:57Z,2019-07-21T19:20:18Z
12667,9,3.111111111111111,0.6508541396588878,2021-08-15T05:48:50Z,2021-08-15T16:20:27Z
13013,5,3.8,0.4472135954999579,2017-08-19T18:17:17Z,2021-11-08T16:58:54Z
13118,5,3.6,0.5477225575051661,2019-07-18T17:52:43Z,2023-03-17T11:47:29Z
13147,9,3.388888888888889,0.6009252125773316,2019-03-22T17:21:52Z,2023-07-09T06:34:04Z
13193,6,3.75,1.2549900398011133,2017-01-11T21:15:47Z,2017-08-27T11:18:15Z
13279,5,3.4,0.8215838362577492,2017-01-15T16:53:33Z,2021-05-24T16:52:13Z
13287,5,2.6,0.7416198487095663,2020-03-13T12:23:07Z,2022-09-30T20:26:38Z
13436,9,3.6666666666666665,0.75,2023-04-04T13:32:38Z,2023-08-31T06:10:48Z
13536,24,2.2291666666666665,1.2851929872562928,2017-05-05T06:00:45Z,2021-11-01T09:56:47Z
13913,5,4.5,0.5,2023-02-05T21:38:15Z,2023-06-04T01:19:57Z
13952,5,4.1,0.4183300132670378,2023-04-28T21:49:35Z,2023-05-04T19:14:56Z
14108,5,3.2,0.27386127875258304,2019-12-24T14:45:37Z,2020-02-02T22:34:33Z
14109,7,4.071428571428571,0.4498677054212187,2020-04-24T10:27:21Z,2023-02-13T14:14:51Z
14231,6,4.416666666666667,0.2041241452319315,2020-08-29T21:42:06Z,2020-10-25T22:16:46Z
14290,5,2.7,0.4472135954999579,2017-03-23T03:06:39Z,2017-08-24T20:28:27Z
14353,8,3.375,1.1572751247156894,2017-06-22T00:09:25Z,2022-11-06T05:02:11Z
14387,5,4.0,1.0,2019-08-24T07:31:00Z,2019-08-29T08:21:12Z
14418,6,5.0,0.0,2022-11-08T12:42:32Z,2022-11-08T12:58:04Z
14587,5,4.5,0.7071067811865476,2022-06-26T01:55:20Z,2022-07-20T08:42:51Z
14636,6,2.6666666666666665,1.2110601416389966,2020-05-15T20:20:59Z,2020-05-15T20:21:02Z
14642,5,0.9,0.4183300132670378,2019-02-09T12:14:06Z,2019-02-09T12:15:33Z
14674,7,2.357142857142857,0.6267831705280087,2022-03-26T01:56:44Z,2023-03-21T07:44:49Z
14731,12,3.5416666666666665,0.8649312461728161,2023-08-04T18:35:50Z,2023-09-07T14:10:47Z
14758,9,2.6666666666666665,0.5590169943749475,2017-05-21T19:42:02Z,2023-01-03T19:53:45Z
14984,7,4.357142857142857,0.37796447300922725,2021-02-15T15:04:19Z,2022-07-14T12:31:21Z
15183,7,4.571428571428571,0.4498677054212187,2019-12-29T20:10:28Z,2019-12-29T20:33:57Z
15188,7,3.4285714285714284,0.8380817098475257,2019-08-16T00:49:13Z,2020-06-03T05:35:42Z
15314,6,4.0,0.8366600265340756,2021-07-12T19:35:35Z,2021-07-12T19:35:53Z
15489,16,3.59375,0.5836308764964376,2020-12-15T14:22:17Z,2023-02-18T17:25:28Z
15528,11,3.8636363636363638,0.3931226965534482,2017-06-10T18:39:55Z,2023-05-27T13:04:13Z
15594,7,4.0,0.0,2017-12-09T19:56:09Z,2022-04-30T17:43:46Z
15596,5,3.6,1.8506755523321747,2023-01-08T01:35:55Z,2023-01-22T01:19:42Z
15650,8,3.125,1.1877349391654208,2018-07-12T03:27:20Z,2022-11-13T23:29:59Z
15708,7,4.0,0.5773502691896257,2017-01-29T05:18:44Z,2019-01-22T09:25:07Z
15807,10,2.8,0.9189365834726815,2018-03-25T15:22:59Z,2020-04-28T20:35:41Z
15823,7,3.857142857142857,0.6900655593423543,2017-03-10T12:01:40Z,2023-09-06T01:00:52Z
15875,13,2.8846153846153846,0.6504436355879909,2018-01-21T21:38:04Z,2023-05-18T08:07:43Z
15903,7,3.9285714285714284,0.3450327796711771,2021-10-20T11:01:59Z,2021-10-30T21:42:02Z
15968,8,4.125,0.3535533905932738,2019-09-23T20:56:06Z,2023-04-22T05:17:35Z
16087,14,3.1785714285714284,0.7495419846901085,2017-02-12T08:02:58Z,2023-02-12T19:04:51Z
16204,5,1.9,0.6519202405202649,2022-05-04T19:31:00Z,2023-06-24T12:52:28Z
16344,13,3.0,0.5,2021-07-11T18:42:27Z,2023-05-04T11:48:15Z
16405,9,3.6666666666666665,0.4330127018922193,2021-04-10T01:12:37Z,2023-01-23T22:30:30Z
16564,10,3.75,0.9204467514322717,2017-05-13T23:12:42Z,2023-04-22T13:19:49Z
16642,10,3.1,0.8096638534327413,2022-03-16T23:56:51Z,2023-09-08T22:36:35Z
16647,6,4.333333333333333,0.6055300708194983,2023-07-24T05:44:57Z,2023-07-24T22:50:42Z
16672,9,3.611111111111111,1.1118053386771944,2019-04-02T22:10:46Z,2021-06-17T00:28:34Z
16751,17,3.0,0.7905694150420949,2020-03-21T12:53:55Z,2020-06-18T13:40:27Z
16825,16,3.5,0.0,2019-01-15T15:44:14Z,2019-01-15T15:44:35Z
17035,7,2.4285714285714284,0.8380817098475257,2017-11-12T06:00:12Z,2022-03-11T07:06:53Z
17042,7,3.2857142857142856,0.6362090102803518,2022-09-14T04:40:23Z,2023-02-02T02:07:03Z
17175,10,3.6,0.31622776601683794,2017-07-23T08:04:03Z,2019-12-16T14:54:45Z
17189,6,2.4166666666666665,1.2812754062521714,2016-11-14T16:10:22Z,2021-09-09T10:50:35Z
17521,5,3.7,1.036822067666386,2022-04-09T21:54:17Z,2022-04-09T21:54:28Z
17542,7,2.5714285714285716,0.7867957924694432,2020-03-18T00:26:16Z,2023-04-06T23:47:44Z
17638,6,2.1666666666666665,1.66332999331662,2021-06-05T21:00:43Z,2021-06-27T16:29:10Z
17700,6,3.5,0.4472135954999579,2020-05-16T17:10:19Z,2020-05-16T17:10:24Z
17767,6,3.5833333333333335,0.6645800679125629,2018-04-11T11:22:11Z,2021-09-14T11:19:15Z
17835,14,3.1785714285714284,1.636214473165973,2022-06-05T20:01:34Z,2022-06-12T23:48:42Z
17856,44,3.522727272727273,0.8487648033065013,2020-03-16T15:51:10Z,2023-02-08T04:04:29Z
18038,6,3.75,0.5244044240850758,2019-11-29T21:52:35Z,2021-06-12T21:36:44Z
18171,5,3.6,0.8215838362577492,2017-10-08T17:04:06Z,2020-04-23T18:08:36Z
18199,6,3.4166666666666665,0.7359800721939872,2023-07-17T17:19:47Z,2023-07-17T17:20:04Z
18240,11,2.727272727272727,0.6067798762169179,2016-12-23T14:24:41Z,2023-08-01T13:29:33Z
18428,6,4.833333333333333,0.408248290463863,2021-04-16T06:45:36Z,2021-04-16T14:56:43Z
18537,8,4.3125,0.9234059624177069,2018-06-24T10:01:03Z,2022-12-16T20:21:53Z
18564,13,4.346153846153846,0.7741827783921407,2017-09-17T22:23:12Z,2023-08-27T00:35:05Z
18699,13,1.9615384615384615,1.4500221041639685,2016-12-15T15:10:11Z,2023-10-07T23:57:52Z
19120,8,2.9375,0.6232117273791125,2018-11-14T05:15:16Z,2020-12-14T07:12:01Z
19314,9,3.888888888888889,0.961046882889233,2019-09-09T03:01:07Z,2020-12-08T21:39:10Z
19316,6,4.0,0.5477225575051661,2021-02-02T21:26:53Z,2021-02-02T21:26:57Z
19347,20,3.625,0.998353908349033,2017-05-12T18:57:38Z,2023-03-21T12:58:09Z
19387,15,3.533333333333333,0.3518657752744984,2017-01-08T22:17:45Z,2023-08-22T20:38:19Z
19465,5,2.7,0.27386127875258304,2017-08-22T22:11:54Z,2022-10-03T04:49:14Z
19528,48,2.7708333333333335,1.0103629710818451,2017-03-23T17:11:10Z,2023-03-04T17:04:53Z
19600,13,3.9615384615384617,0.5937710859953544,2020-02-04T22:46:42Z,2022-05-27T21:30:48Z
19700,7,4.285714285714286,0.3933978962347216,2017-05-06T06:35:30Z,2023-07-30T05:59:43Z
20590,5,4.2,0.27386127875258304,2018-02-22T19:05:20Z,2022-02-04T00:58:10Z
20942,11,1.8636363636363635,1.5825755762507694,2023-02-22T08:23:41Z,2023-02-22T08:23:49Z
20959,8,3.4375,0.3204349722308279,2017-12-27T07:24:25Z,2023-09-17T16:31:45Z
21222,9,2.8333333333333335,0.9682458365518543,2020-07-27T03:41:28Z,2021-08-15T00:36:35Z
21576,11,3.8636363636363638,0.45226701686664544,2017-07-09T19:41:13Z,2023-10-05T20:27:53Z
21703,6,3.9166666666666665,0.5845225972250061,2023-04-13T02:21:08Z,2023-04-15T13:51:30Z
21707,45,3.811111111111111,0.5669785238125395,2017-04-20T06:21:40Z,2023-08-10T07:02:45Z
21806,10,3.9,0.8432740427115678,2020-05-10T13:21:39Z,2023-09-19T13:56:04Z
21821,8,3.375,1.4078859531733587,2019-04-09T00:10:50Z,2023-04-15T05:09:51Z
21953,6,4.416666666666667,0.3763863263545405,2020-03-23T20:07:22Z,2022-07-23T12:17:31Z
22038,6,3.5,0.6324555320336759,2022-11-08T19:10:39Z,2023-04-22T08:03:14Z
22401,5,3.4,0.4183300132670378,2016-10-03T21:14:36Z,2021-03-19T19:25:43Z
22673,10,4.3,0.3496029493900505,2018-02-17T20:20:38Z,2019-12-18T17:52:01Z
22724,8,3.8125,0.37201190457142247,2017-06-29T06:44:19Z,2023-08-29T05:27:27Z
22744,63,3.4761904761904763,1.0255941292598891,2019-03-26T16:00:42Z,2021-01-15T01:21:17Z
22768,11,2.8636363636363638,0.7103136311133657,2017-02-27T10:00:04Z,2023-08-24T02:21:19Z
22780,6,2.8333333333333335,1.0801234497346435,2022-11-04T14:00:32Z,2023-01-18T15:43:14Z
22878,6,3.5,1.0,2021-09-19T10:01:27Z,2021-09-19T10:01:40Z
23053,11,3.5454545454545454,0.41560470729681676,2017-05-17T17:40:52Z,2022-11-06T21:55:20Z
23077,13,4.038461538461538,0.6602252917735247,2022-09-11T23:22:47Z,2022-09-29T01:10:34Z
23084,21,3.9761904761904763,0.4867286327151526,2016-10-03T04:33:08Z,2022-10-02T15:37:36Z
23087,13,4.1923076923076925,0.6304251719561152,2019-11-30T10:19:18Z,2023-07-08T18:38:34Z
23127,5,2.1,0.8215838362577492,2020-01-05T02:06:59Z,2022-07-29T02:00:59Z
23189,5,4.2,0.758287544405155,2021-10-24T13:52:01Z,2022-10-30T22:52:42Z
23310,5,3.8,1.3509256086106296,2017-09-21T16:42:22Z,2017-09-21T17:16:18Z
23450,7,3.7857142857142856,1.14953406710222,2020-03-27T23:30:55Z,2020-03-28T02:11:56Z
23481,5,3.4,0.8215838362577492,2016-09-07T09:35:38Z,2018-03-28T22:06:40Z
23688,19,2.8947368421052633,0.393663257409068,2017-02-04T09:51:12Z,2021-10-29T20:59:58Z
23783,6,4.5,0.0,2020-01-31T05:07:53Z,2020-01-31T05:08:42Z
23961,7,3.857142857142857,0.6900655593423543,2018-04-20T00:29:47Z,2022-12-12T15:48:13Z
24072,27,3.388888888888889,0.32025630761017426,2023-01-09T03:58:17Z,2023-01-09T03:58:39Z
24108,6,4.333333333333333,0.5163977794943223,2018-03-03T13:56:02Z,2019-05-25T20:09:16Z
24175,10,4.5,0.408248290463863,2020-06-18T06:40:00Z,2021-05-14T09:02:08Z
24238,5,4.6,0.6519202405202649,2018-09-24T14:50:24Z,2022-07-05T14:10:21Z
24480,5,3.9,0.8944271909999159,2018-04-14T06:36:17Z,2023-09-21T23:46:13Z
24675,5,2.6,0.5477225575051661,2021-08-28T23:18:48Z,2023-09-02T20:13:08Z
24763,6,3.6666666666666665,0.6055300708194983,2017-03-06T03:11:40Z,2020-02-28T06:26:39Z
24778,8,3.5,0.9636241116594315,2019-07-04T02:22:30Z,2022-03-01T04:41:28Z
24796,5,3.9,0.9617692030835673,2019-09-19T13:25:18Z,2019-09-19T21:06:23Z
25137,8,2.75,0.4629100498862757,2020-03-08T06:29:18Z,2021-09-06T08:39:40Z
25346,8,3.3125,1.688987439689405,2019-09-09T13:23:08Z,2020-04-13T13:40:35Z
25356,5,3.4,0.4183300132670378,2019-03-28T14:22:51Z,2019-05-28T06:35:36Z
25361,7,3.357142857142857,0.6900655593423543,2019-12-06T07:32:36Z,2021-07-15T06:54:21Z
25391,7,3.5714285714285716,0.7867957924694432,2017-12-19T18:34:05Z,2021-09-08T10:44:14Z
25429,6,3.6666666666666665,0.408248290463863,2020-07-17T09:44:54Z,2022-06-11T22:44:26Z
25788,38,3.6052631578947367,0.8395453623019611,2018-10-29T17:37:30Z,2023-08-11T12:14:33Z
25795,8,3.5625,0.6232117273791125,2022-09-19T01:04:28Z,2023-07-08T22:44:50Z
25806,5,3.5,0.9354143466934853,2016-12-13T18:38:59Z,2018-03-14T02:18:15Z
25911,5,4.0,0.7905694150420949,2021-06-23T04:00:44Z,2023-08-28T02:42:40Z
25936,9,3.7777777777777777,0.7949493345141214,2020-05-17T21:29:07Z,2023-06-10T01:53:42Z
26077,6,4.25,0.5244044240850758,2020-06-21T13:42:24Z,2023-01-21T18:57:27Z
26128,5,2.8,0.758287544405155,2019-11-26T19:12:44Z,2021-04-30T17:17:06Z
26136,12,3.875,0.5276448530110863,2021-10-03T07:45:43Z,2021-10-03T18:31:54Z
26487,7,3.5,0.7637626158259734,2021-08-30T05:29:00Z,2021-08-31T00:22:46Z
26623,7,3.642857142857143,0.8017837257372732,2019-08-10T03:43:55Z,2023-03-20T23:45:25Z
26692,7,3.5714285714285716,0.7319250547113999,2019-10-28T03:53:43Z,2022-06-03T10:01:06Z
26767,5,2.6,0.22360679774997896,2022-03-09T04:42:54Z,2023-07-29T00:26:15Z
26769,7,2.7142857142857144,0.7559289460184545,2016-10-08T19:33:05Z,2022-12-31T18:54:06Z
26989,6,3.75,0.6123724356957945,2022-11-06T06:12:38Z,2022-11-06T06:12:48Z
27038,5,4.2,0.27386127875258304,2017-09-27T20:57:29Z,2020-10-24T05:20:10Z
27124,5,4.3,0.6708203932499369,2021-01-24T05:53:22Z,2021-01-24T05:53:33Z
27533,11,3.909090909090909,0.4908249086070214,2021-09-18T01:09:34Z,2022-09-29T07:10:30Z
27584,5,3.5,1.4142135623730951,2019-06-26T10:04:43Z,2022-10-03T03:23:19Z
27590,7,2.857142857142857,1.1443442705426587,2018-07-15T02:14:19Z,2023-03-08T02:21:05Z
27863,7,2.857142857142857,0.6267831705280087,2021-04-09T23:40:15Z,2021-04-09T23:40:27Z
28129,8,3.625,0.7440238091428449,2019-12-18T22:30:55Z,2023-09-18T14:33:48Z
28576,6,3.8333333333333335,0.5163977794943223,2022-11-08T12:15:35Z,2022-11-10T12:49:16Z
28665,9,3.7222222222222223,0.5068968775248517,2017-08-07T18:23:03Z,2023-06-02T17:27:58Z
29008,12,3.3333333333333335,0.8616404368553291,2019-01-17T15:18:13Z,2023-01-13T20:15:18Z
29022,5,3.2,1.3509256086106296,2020-11-22T11:25:42Z,2023-01-01T16:19:22Z
29223,6,5.0,0.0,2020-05-28T00:00:08Z,2020-05-28T00:00:11Z
29258,5,3.4,0.6519202405202649,2018-01-21T17:16:22Z,2023-09-30T15:23:42Z
29499,18,3.611111111111111,1.1318329168362204,2021-12-25T15:10:41Z,2023-08-23T20:33:37Z
29539,6,3.8333333333333335,1.1690451944500122,2018-03-19T15:46:21Z,2019-10-18T21:17:28Z
29561,12,3.0416666666666665,1.1171866722289792,2020-10-18T03:56:01Z,2023-01-18T03:34:18Z
29623,6,4.0,0.4472135954999579,2018-08-05T14:39:16Z,2022-09-23T22:01:41Z
29843,5,3.5,0.0,2022-04-05T14:27:59Z,2022-12-08T20:31:16Z
29929,5,4.2,0.6708203932499369,2021-08-07T01:53:53Z,2023-03-25T17:11:03Z
30197,7,3.7142857142857144,0.7559289460184545,2020-06-20T20:47:50Z,2023-06-20T21:48:11Z
30315,6,4.25,0.27386127875258304,2019-03-06T00:15:53Z,2023-02-26T17:26:57Z
30339,5,3.2,0.4472135954999579,2019-06-24T01:14:19Z,2020-03-17T01:16:03Z
30465,13,3.3846153846153846,0.46340434799814917,2021-06-06T16:56:24Z,2023-08-19T18:53:46Z
30521,5,4.7,0.27386127875258304,2023-09-15T20:32:58Z,2023-09-17T01:03:24Z
30565,6,3.75,0.8803408430829505,2018-01-21T17:28:25Z,2021-05-23T20:16:44Z
30618,10,3.6,0.5163977794943223,2020-06-01T14:31:59Z,2021-09-14T21:48:32Z
30633,5,1.3,1.7888543819998317,2022-10-19T01:53:50Z,2022-10-19T02:07:51Z
30717,6,3.6666666666666665,0.25819888974716115,2023-08-08T00:30:08Z,2023-08-14T00:15:39Z
30741,11,3.8181818181818183,0.40451991747794525,2017-10-12T21:09:54Z,2022-11-25T20:56:57Z
30884,12,3.5416666666666665,0.6200562046860728,2019-05-08T09:48:27Z,2023-05-11T07:34:09Z
31033,19,2.9210526315789473,0.901590537370498,2020-04-24T05:08:50Z,2023-03-12T23:59:35Z
31290,9,3.9444444444444446,0.3004626062886658,2019-08-09T19:03:43Z,2023-01-16T21:23:22Z
31356,5,3.1,0.8215838362577492,2016-12-26T13:45:26Z,2017-10-10T14:59:05Z
31361,5,5.0,0.0,2016-04-02T08:32:04Z,2021-09-14T15:01:43Z
31530,9,2.5,1.5206906325745548,2021-12-02T06:23:13Z,2023-02-04T06:01:20Z
31549,5,3.1,1.981161275615895,2017-05-31T17:54:19Z,2022-10-20T08:14:07Z
31650,5,3.8,1.1510864433221337,2020-05-24T03:16:37Z,2020-05-24T03:27:36Z
31696,7,3.642857142857143,0.47559486560567094,2018-04-22T06:11:19Z,2022-09-30T21:51:02Z
31711,5,3.2,0.570087712549569,2019-12-30T12:20:56Z,2023-07-22T20:45:05Z
31715,7,3.0,0.9128709291752769,2016-07-20T21:06:43Z,2023-04-22T17:14:59Z
31767,6,4.083333333333333,1.241638702145945,2019-05-21T18:28:50Z,2022-02-04T21:07:51Z
31911,6,3.5,0.5477225575051661,2019-06-10T14:40:11Z,2022-05-17T20:39:02Z
31958,7,4.142857142857143,0.37796447300922725,2022-04-02T21:16:09Z,2023-05-08T08:25:00Z
32324,7,3.0,1.2583057392117916,2020-02-17T01:45:44Z,2023-01-23T10:34:47Z
32410,13,4.0,0.408248290463863,2017-01-01T05:35:05Z,2023-04-29T13:55:36Z
32466,6,3.6666666666666665,0.983192080250175,2017-10-23T20:50:20Z,2023-06-01T15:46:34Z
32825,10,2.65,1.0814085465005556,2015-09-17T14:39:12Z,2020-04-17T16:34:08Z
33405,5,4.0,0.6123724356957945,2017-03-24T03:08:11Z,2021-01-31T11:51:11Z
33467,7,3.9285714285714284,0.4498677054212187,2019-10-12T07:16:31Z,2022-08-24T02:20:47Z
33594,9,4.111111111111111,0.22047927592204922,2016-10-23T02:12:09Z,2022-06-03T20:39:53Z
33606,8,3.375,0.7440238091428449,2017-03-04T13:18:33Z,2022-10-19T08:30:58Z
33962,12,3.4166666666666665,0.5573204290227127,2017-01-20T17:00:58Z,2021-04-10T04:18:32Z
34036,7,3.7857142857142856,0.7559289460184545,2020-08-25T19:30:56Z,2022-08-20T00:41:35Z
34138,6,3.5,0.31622776601683794,2017-07-23T09:38:40Z,2023-05-16T23:07:26Z
34143,5,3.9,0.8215838362577492,2020-03-06T07:53:53Z,2023-04-26T04:32:33Z
34207,7,3.9285714285714284,1.4556948921555022,2020-02-16T06:03:03Z,2022-04-14T17:26:22Z
34217,5,2.8,1.4832396974191326,2018-03-26T15:03:53Z,2022-09-27T22:25:07Z
34227,5,3.9,1.08397416943394,2021-07-22T10:42:28Z,2021-07-25T10:14:50Z
34365,18,3.5277777777777777,0.7759666120436729,2021-12-31T21:31:50Z,2023-09-30T05:02:37Z
34416,9,3.7777777777777777,0.6666666666666666,2016-12-06T08:17:44Z,2022-10-29T18:00:44Z
34463,7,3.857142857142857,0.7480132415430957,2022-02-16T02:06:59Z,2022-08-21T01:45:38Z
34581,10,3.3,0.752772652709081,2021-10-18T19:29:22Z,2021-10-18T19:38:48Z
34613,9,2.5555555555555554,0.7264831572567789,2022-03-27T14:21:05Z,2022-03-27T14:21:24Z
34684,7,4.571428571428571,0.3450327796711771,2021-04-04T15:21:37Z,2023-04-30T14:48:51Z
34792,5,3.6,0.4183300132670378,2019-12-31T20:16:53Z,2021-10-20T23:59:26Z
34883,17,3.3823529411764706,0.7609494842938386,2017-02-11T00:20:58Z,2021-11-22T00:08:17Z
35263,12,3.1666666666666665,0.778498944161523,2020-12-22T21:24:40Z,2023-01-26T19:17:21Z
35328,6,3.75,0.9354143466934853,2019-08-13T02:04:51Z,2022-01-09T04:47:57Z
35340,6,3.9166666666666665,0.5845225972250061,2016-11-08T00:02:35Z,2020-09-02T19:00:30Z
35484,6,4.416666666666667,0.4915960401250875,2018-05-30T04:23:40Z,2018-05-30T23:55:17Z
35614,6,4.25,0.6123724356957945,2020-04-18T11:30:17Z,2022-08-31T06:46:13Z
35687,8,3.75,0.37796447300922725,2023-06-20T20:47:47Z,2023-06-20T23:30:16Z
35877,5,4.5,0.3535533905932738,2017-06-04T07:55:12Z,2018-09-24T03:11:10Z
36145,36,3.5833333333333335,0.9219544457292888,2022-10-12T11:28:38Z,2023-01-26T14:56:33Z
36270,6,3.8333333333333335,0.6831300510639732,2023-02-11T07:21:39Z,2023-02-11T07:21:46Z
36287,5,4.0,0.6123724356957945,2017-04-23T19:37:57Z,2023-01-12T19:29:38Z
36438,14,3.642857142857143,0.6913913349341153,2017-01-16T17:13:57Z,2023-09-14T02:02:15Z
36618,7,3.5714285714285716,0.7867957924694432,2023-03-09T07:48:27Z,2023-03-09T08:47:28Z
36683,10,3.7,0.6324555320336759,2018-12-31T07:47:41Z,2018-12-31T07:47:50Z
36757,10,2.65,1.3343745934165396,2020-02-10T14:25:26Z,2020-02-10T23:52:14Z
36867,14,3.892857142857143,1.495873444726312,2020-06-26T00:36:22Z,2020-07-03T02:18:29Z
36912,5,3.9,0.6519202405202649,2019-04-09T05:39:25Z,2019-04-09T06:06:52Z
36938,13,3.076923076923077,0.786504763869707,2019-01-26T19:45:05Z,2022-12-13T23:10:55Z
37168,5,2.8,1.1510864433221337,2021-12-06T07:29:07Z,2021-12-06T14:41:52Z
37245,6,2.6666666666666665,1.3662601021279464,2023-03-07T11:39:29Z,2023-08-06T17:42:54Z
37544,8,4.0,0.5345224838248488,2017-01-29T20:16:02Z,2018-10-02T01:29:10Z
37677,12,2.625,1.208398639823495,2017-12-12T11:28:21Z,2023-07-22T10:50:44Z
37678,16,2.625,0.5322906474223771,2019-12-09T15:55:45Z,2023-01-10T14:07:40Z
37680,7,4.142857142857143,0.2439750182371333,2017-04-24T22:01:25Z,2023-04-06T07:11:17Z
37721,13,4.6923076923076925,0.32522181779399545,2018-08-02T22:59:03Z,2022-10-04T22:51:56Z
37745,15,3.4,0.50709255283711,2017-09-26T00:36:24Z,2023-04-04T00:04:48Z
38091,5,3.9,0.5477225575051661,2020-03-06T07:50:52Z,2020-03-06T08:50:17Z
38095,5,4.0,0.7071067811865476,2018-04-01T03:17:51Z,2022-08-01T20:09:57Z
38113,5,3.8,0.9746794344808964,2022-02-17T23:03:31Z,2023-08-10T00:47:08Z
38162,9,3.6666666666666665,0.5590169943749475,2019-08-02T14:43:29Z,2019-08-02T14:43:45Z
38318,8,3.375,0.7905694150420949,2018-04-22T07:03:53Z,2022-01-25T21:33:41Z
38319,8,1.875,0.7905694150420949,2018-03-10T19:31:00Z,2023-03-05T19:36:16Z
38504,5,4.1,0.5477225575051661,2020-07-26T11:50:19Z,2020-12-02T23:16:14Z
38631,25,3.72,0.5605057240266745,2022-09-01T15:17:56Z,2022-09-01T15:18:19Z
38916,17,3.4705882352941178,0.7174300539794393,2021-08-05T11:31:58Z,2021-08-05T11:32:22Z
39052,11,1.5,0.4472135954999579,2023-04-14T21:21:37Z,2023-09-08T12:48:06Z
39066,8,3.5625,0.3204349722308279,2021-05-16T06:14:11Z,2021-05-16T06:14:32Z
39081,5,3.2,1.1510864433221337,2018-02-26T04:51:02Z,2023-08-19T03:27:51Z
39209,7,4.571428571428571,0.5345224838248488,2020-08-27T23:41:48Z,2023-03-12T00:48:03Z
39321,14,2.5357142857142856,0.6033332321453784,2021-02-16T02:51:44Z,2021-12-03T17:18:52Z
39595,6,4.583333333333333,0.5845225972250061,2016-09-24T12:03:07Z,2019-10-16T02:39:41Z
39644,7,3.857142857142857,0.47559486560567094,2017-09-09T20:48:31Z,2020-02-16T14:30:23Z
39682,13,3.1153846153846154,1.0439078454267836,2021-12-15T21:28:29Z,2021-12-15T21:28:37Z
39693,14,3.142857142857143,1.5984195491000024,2020-09-07T05:53:25Z,2021-12-28T14:08:44Z
39744,5,3.3,0.9746794344808964,2021-03-13T05:14:28Z,2021-03-14T06:27:02Z
39912,7,4.5,0.5,2022-02-01T05:10:57Z,2022-12-31T14:36:29Z
40212,6,4.416666666666667,0.4915960401250875,2017-02-08T18:07:39Z,2021-06-10T18:52:22Z
40582,8,3.5,0.9258200997725514,2021-08-07T03:01:30Z,2021-09-23T18:42:35Z
40603,10,4.1,0.5163977794943223,2017-05-20T17:40:00Z,2023-10-12T11:30:20Z
40667,8,3.8125,0.7989949043284676,2020-06-13T09:42:02Z,2023-01-17T19:00:38Z
40709,5,0.5,0.0,2023-06-24T10:38:55Z,2023-06-27T21:57:18Z
40880,5,3.0,0.7905694150420949,2017-02-06T18:17:24Z,2022-06-28T09:52:38Z
41053,5,5.0,0.0,2022-12-26T15:13:20Z,2022-12-27T00:11:02Z
41115,6,3.3333333333333335,1.0327955589886446,2019-04-20T15:54:47Z,2019-12-28T06:50:00Z
41127,6,3.9166666666666665,0.4915960401250875,2022-01-06T02:22:14Z,2022-04-20T10:53:49Z
41219,7,3.5,0.5,2016-04-29T16:11:46Z,2018-05-20T07:25:43Z
41226,7,3.7142857142857144,0.9063269671749657,2019-10-16T18:03:12Z,2023-10-08T04:07:44Z
41294,10,4.15,0.4743416490252569,2016-07-13T16:31:40Z,2022-08-18T00:54:33Z
41382,10,4.0,1.4529663145135578,2023-09-25T06:01:43Z,2023-09-26T01:17:15Z
41407,8,3.375,0.7440238091428449,2022-03-08T17:53:18Z,2023-10-12T19:53:38Z
41924,9,3.611111111111111,0.5464532103585,2016-09-19T03:24:19Z,2022-09-08T12:57:07Z
41984,9,3.1666666666666665,1.1989578808281798,2020-08-18T07:55:08Z,2023-07-19T19:21:33Z
42015,12,2.3333333333333335,1.1348474733984246,2021-11-12T20:29:48Z,2022-09-01T21:52:15Z
42125,8,4.125,0.7905694150420949,2017-12-30T20:07:25Z,2023-09-22T16:13:08Z
42299,10,2.9,0.5163977794943223,2020-11-05T14:28:16Z,2022-04-08T16:38:52Z
42317,5,3.8,0.570087712549569,2021-12-16T09:19:10Z,2023-09-21T10:26:47Z
42467,8,3.1875,0.7529703086538577,2017-08-17T07:18:48Z,2018-02-15T23:37:49Z
42477,8,4.0625,0.4172614801981401,2020-11-11T06:17:15Z,2020-11-11T11:18:52Z
42533,5,4.8,0.4472135954999579,2020-01-19T20:00:28Z,2023-01-24T20:42:01Z
42649,11,3.3636363636363638,0.9244162777371754,2017-03-26T05:37:36Z,2020-07-03T18:07:22Z
42829,11,3.9545454545454546,1.3125270559981888,2020-12-02T21:02:48Z,2021-01-26T21:45:44Z
42879,10,3.5,1.6666666666666667,2017-08-20T07:55:16Z,2023-08-01T02:36:23Z
42943,5,3.8,1.0954451150103321,2020-04-13T10:02:20Z,2020-04-13T10:30:29Z
43138,13,4.538461538461538,0.43115824925128815,2022-06-17T06:07:47Z,2023-01-20T03:41:52Z
43216,5,3.9,0.7416198487095663,2020-04-26T21:54:01Z,2020-10-22T03:39:02Z
43499,9,3.111111111111111,0.7406828681096324,2019-03-05T17:46:11Z,2022-05-08T16:25:31Z
43639,15,3.6666666666666665,0.6172133998483676,2017-09-23T12:44:26Z,2023-06-05T14:33:03Z
43703,16,2.25,0.8755950357709131,2022-09-30T14:43:15Z,2022-09-30T14:44:35Z
43719,7,3.5,0.5773502691896257,2022-04-10T15:34:31Z,2023-04-23T18:51:21Z
43975,8,3.5625,0.3204349722308279,2021-03-15T09:04:43Z,2021-08-25T04:59:31Z
44069,13,3.269230769230769,0.8807048459279793,2017-09-07T18:53:14Z,2023-07-22T12:17:47Z
44230,5,3.7,0.4472135954999579,2016-04-10T18:09:26Z,2020-04-15T07:39:52Z
44248,8,3.75,0.37796447300922725,2020-01-02T06:36:57Z,2023-07-05T21:01:00Z
44443,10,2.55,0.9264628073124864,2017-02-19T18:56:55Z,2020-03-15T06:02:50Z
44539,6,4.25,0.6123724356957945,2017-06-17T17:05:58Z,2021-10-22T17:20:01Z
44570,6,4.416666666666667,0.6645800679125629,2021-08-21T12:35:10Z,2021-08-31T20:12:52Z
44583,13,3.3846153846153846,0.5828752780343234,2019-10-19T21:32:08Z,2022-11-07T00:35:14Z
44816,20,3.525,0.5495213227987849,2023-05-03T13:55:10Z,2023-05-03T13:55:39Z
45067,16,3.96875,0.7180703308172536,2021-06-13T00:24:56Z,2021-06-13T00:24:57Z
45143,5,2.1,1.4747881203752626,2022-06-08T13:12:51Z,2023-02-23T16:37:22Z
45171,11,3.409090909090909,0.7006490497453707,2022-01-11T01:47:24Z,2022-01-11T04:17:02Z
45200,5,3.6,0.9617692030835673,2019-02-09T16:38:29Z,2019-02-25T18:03:21Z
45223,6,3.6666666666666665,0.408248290463863,2018-06-27T04:03:34Z,2022-12-28T22:07:13Z
45459,5,4.4,0.5477225575051661,2021-07-16T08:47:34Z,2021-07-16T09:03:49Z
45585,7,2.357142857142857,0.6900655593423543,2023-08-11T09:53:45Z,2023-08-11T09:53:59Z
45719,7,4.428571428571429,0.3450327796711771,2020-09-17T21:27:11Z,2022-05-05T01:09:55Z
45784,6,3.4166666666666665,0.5845225972250061,2017-02-22T16:47:29Z,2022-09-29T20:35:24Z
45897,9,3.611111111111111,0.6972166887783963,2016-11-22T11:42:34Z,2023-01-02T13:58:56Z
46509,9,4.388888888888889,0.485912657903775,2020-11-15T19:24:46Z,2023-09-30T01:46:29Z
46824,5,3.7,0.27386127875258304,2023-08-26T23:40:32Z,2023-08-27T00:16:34Z
46944,5,3.1,1.2942179105544784,2020-11-29T14:38:28Z,2020-11-29T14:38:32Z
46954,6,3.1666666666666665,0.752772652709081,2019-06-15T13:17:44Z,2023-08-31T20:39:00Z
47118,9,3.4444444444444446,0.8819171036881969,2023-01-26T01:07:51Z,2023-07-23T00:31:17Z
47278,8,1.75,1.0,2020-05-06T09:11:31Z,2022-10-14T20:56:29Z
47440,6,2.4166666666666665,0.3763863263545405,2023-09-07T05:57:21Z,2023-09-10T23:37:50Z
47481,15,3.6,0.760638829255665,2021-09-10T15:28:59Z,2021-09-10T15:29:01Z
47557,10,3.2,0.7149203529842405,2018-11-15T00:46:57Z,2023-03-22T23:33:06Z
47985,5,3.3,1.1510864433221337,2018-04-08T21:28:31Z,2022-08-31T23:03:12Z
48111,11,3.6363636363636362,0.6360388781713383,2017-04-24T18:36:20Z,2023-03-19T20:59:16Z
48242,5,3.2,0.27386127875258304,2022-02-14T21:41:25Z,2023-03-20T23:46:46Z
48297,5,4.2,0.4472135954999579,2023-08-07T22:07:12Z,2023-08-08T20:36:29Z
48470,5,2.5,1.118033988749895,2019-08-04T10:48:23Z,2023-03-12T13:18:03Z
48556,12,3.875,0.9564375187500369,2019-07-30T22:09:40Z,2021-03-23T04:22:31Z
48605,5,3.6,0.22360679774997896,2019-08-24T13:43:46Z,2020-11-20T19:21:43Z
48690,5,4.8,0.27386127875258304,2018-12-30T11:02:23Z,2023-05-03T02:15:40Z
48931,10,2.75,1.4577379737113252,2023-01-06T15:56:14Z,2023-03-26T20:17:48Z
49048,6,3.25,0.6123724356957945,2018-05-26T06:46:37Z,2023-01-22T15:05:04Z
49095,8,3.5625,0.5629958132298016,2017-04-24T13:37:14Z,2019-08-09T19:46:05Z
49128,5,4.0,0.7071067811865476,2018-05-31T09:04:27Z,2022-08-28T09:55:52Z
49297,7,3.9285714285714284,0.7319250547113999,2021-04-15T20:13:43Z,2021-10-20T14:53:47Z
49492,5,3.1,0.5477225575051661,2017-05-19T04:27:49Z,2022-12-11T23:42:02Z
49521,7,4.5,0.28867513459481287,2020-10-05T17:33:37Z,2022-08-12T16:42:51Z
49786,14,3.0357142857142856,0.9085975184587786,2018-06-01T19:03:09Z,2019-08-19T18:37:57Z
49999,9,2.9444444444444446,1.044163673845139,2022-08-29T22:52:36Z,2023-09-01T16:50:34Z
50288,18,3.75,0.6473929618545629,2019-06-01T23:23:11Z,2022-12-23T00:17:21Z
50683,8,1.75,0.8864052604279183,2022-10-03T15:42:13Z,2022-10-03T16:11:36Z
50845,6,3.5833333333333335,1.0206207261596576,2019-08-22T05:07:06Z,2022-08-31T09:07:01Z
50875,6,4.166666666666667,1.3291601358251257,2018-04-24T07:20:26Z,2023-03-11T05:11:18Z
50911,10,3.9,0.31622776601683794,2021-05-12T03:13:10Z,2021-07-19T15:36:54Z
50991,10,3.55,0.3689323936863109,2020-09-30T01:32:58Z,2023-10-13T00:10:59Z
51158,11,3.409090909090909,0.6640098575390962,2020-01-15T10:26:38Z,2023-10-09T07:49:14Z
51582,7,4.428571428571429,0.7319250547113999,2023-02-18T09:08:33Z,2023-04-28T08:21:13Z
51667,6,3.3333333333333335,1.602081978759722,2018-04-12T18:36:06Z,2020-11-27T14:41:18Z
51720,5,2.7,1.2041594578792296,2020-12-14T03:38:42Z,2020-12-14T03:38:48Z
51940,5,3.3,0.8366600265340756,2021-07-30T13:06:33Z,2021-10-08T13:34:04Z
52068,14,1.6428571428571428,1.2314558524297639,2021-03-22T00:41:35Z,2023-07-23T18:52:17Z
52123,5,4.6,0.5477225575051661,2016-12-07T06:13:31Z,2023-06-26T00:11:29Z
52161,7,2.642857142857143,1.1073348527841413,2021-12-26T21:03:43Z,2023-07-23T20:24:32Z
52313,7,3.9285714285714284,0.7867957924694432,2017-09-20T03:47:34Z,2020-03-23T22:09:39Z
52591,6,3.5833333333333335,0.3763863263545405,2017-10-02T03:20:39Z,2023-02-13T16:23:44Z
52603,6,3.9166666666666665,0.2041241452319315,2019-05-30T11:04:12Z,2019-05-30T11:04:28Z
52649,5,3.4,1.710263137648707,2022-09-11T22:13:48Z,2023-07-03T23:07:52Z
52786,5,3.5,0.7905694150420949,2020-07-17T16:33:29Z,2023-02-14T23:16:36Z
52801,13,2.5,1.5,2022-07-04T21:06:13Z,2022-07-05T01:19:22Z
52859,5,4.2,0.27386127875258304,2022-08-26T03:13:53Z,2023-01-04T14:18:23Z
52881,16,3.5625,1.1528949070347507,2022-05-25T00:13:37Z,2023-09-23T15:17:46Z
52927,7,3.2857142857142856,0.5669467095138409,2023-05-14T08:44:24Z,2023-09-09T17:31:36Z
52954,10,3.5,0.7453559924999299,2019-01-12T20:32:05Z,2019-01-12T20:32:13Z
52977,5,4.5,0.5,2020-01-31T19:36:59Z,2020-01-31T19:47:49Z
53000,7,4.142857142857143,0.37796447300922725,2017-11-08T05:51:16Z,2021-10-23T00:00:30Z
53479,6,3.5833333333333335,0.801040989379861,2022-11-09T18:52:11Z,2022-12-20T14:22:23Z
53661,20,3.3,0.3402785236893603,2016-02-17T01:18:53Z,2023-03-29T01:32:31Z
53998,6,3.0,1.949358868961793,2020-06-09T23:43:19Z,2023-03-06T07:07:46Z
54224,7,3.9285714285714284,0.3450327796711771,2017-03-29T07:49:25Z,2021-09-16T19:51:19Z
54231,5,3.9,1.4317821063276353,2020-01-10T03:40:23Z,2021-01-09T17:43:06Z
54281,5,3.7,0.27386127875258304,2019-08-23T12:32:42Z,2019-08-23T12:32:43Z
54441,5,3.6,0.6519202405202649,2018-01-29T19:33:57Z,2022-12-23T13:42:52Z
54625,6,3.8333333333333335,0.6055300708194983,2023-05-17T02:40:26Z,2023-05-17T03:23:37Z
54798,9,3.1666666666666665,0.3535533905932738,2017-02-19T22:31:54Z,2018-03-23T22:36:32Z
54805,6,3.5833333333333335,0.2041241452319315,2021-12-19T13:42:11Z,2023-04-21T21:11:03Z
54831,16,3.5,0.7071067811865476,2020-10-22T22:59:41Z,2023-07-16T23:35:06Z
55059,5,4.3,0.6708203932499369,2023-10-02T11:03:25Z,2023-10-02T11:09:05Z
55241,6,4.75,0.4183300132670378,2017-04-18T15:55:47Z,2021-09-05T02:59:14Z
55473,5,4.8,0.27386127875258304,2022-06-10T02:00:56Z,2022-09-27T04:14:59Z
55535,5,4.3,0.570087712549569,2017-11-18T19:50:18Z,2022-06-06T08:56:39Z
55729,5,3.2,0.4472135954999579,2022-11-11T17:25:12Z,2022-11-13T14:28:54Z
55855,11,3.272727272727273,0.847456086285194,2016-10-14T02:53:27Z,2023-08-04T19:56:45Z
56120,6,3.8333333333333335,0.408248290463863,2015-10-31T02:07:39Z,2021-11-25T08:35:59Z
56131,6,3.75,1.036822067666386,2020-04-26T01:07:17Z,2020-05-01T03:23:29Z
56205,13,2.8461538461538463,1.0485032066517366,2019-02-08T17:08:51Z,2023-08-03T20:38:23Z
56207,5,3.6,0.8944271909999159,2018-10-06T05:53:27Z,2023-03-05T21:38:30Z
56305,15,3.1333333333333333,0.8957571949925673,2020-01-07T20:35:33Z,2022-07-06T12:16:36Z
56317,5,4.0,0.5,2021-12-24T08:59:40Z,2021-12-24T08:59:52Z
56463,6,3.0833333333333335,0.801040989379861,2017-08-18T14:57:58Z,2023-04-08T16:55:17Z
56599,7,3.5,0.5,2021-06-24T02:31:51Z,2023-01-31T04:47:58Z
56703,10,2.75,0.7168604389202189,2016-11-05T21:03:31Z,2022-08-18T03:46:13Z
56793,6,4.0,1.140175425099138,2023-09-26T20:09:01Z,2023-09-26T20:09:21Z
56835,10,4.15,0.4116363011742823,2020-01-23T08:41:33Z,2020-01-23T08:41:37Z
56938,7,4.5,0.5773502691896257,2023-09-10T17:44:56Z,2023-09-10T18:34:35Z
56956,7,3.7857142857142856,0.9063269671749657,2017-03-22T14:30:04Z,2020-09-22T21:24:58Z
57285,5,3.9,0.6519202405202649,2023-07-03T04:32:40Z,2023-07-05T12:42:17Z
57304,79,3.2721518987341773,0.34712619033368736,2017-06-21T05:56:03Z,2023-09-27T15:52:43Z
57389,5,4.0,0.7071067811865476,2022-11-18T00:46:28Z,2023-03-12T20:29:22Z
57515,9,3.4444444444444446,0.8819171036881969,2019-02-24T16:46:47Z,2019-02-24T16:46:51Z
57536,5,3.4,0.8944271909999159,2020-01-17T01:26:32Z,2020-02-20T23:59:31Z
57618,13,3.3461538461538463,0.42742520713255516,2019-09-10T12:22:57Z,2019-09-10T12:23:11Z
57673,5,3.7,1.2041594578792296,2021-06-20T10:58:48Z,2023-10-08T23:58:22Z
57719,5,3.0,1.3693063937629153,2021-01-17T23:25:18Z,2022-12-10T14:49:02Z
57770,12,3.5416666666666665,1.1766349038549286,2021-10-31T16:24:57Z,2023-08-27T23:02:34Z
57907,6,3.6666666666666665,0.408248290463863,2023-09-10T14:37:49Z,2023-10-01T14:04:48Z
57913,9,3.8333333333333335,0.3535533905932738,2022-02-21T13:23:13Z,2023-09-18T06:49:46Z
57927,10,3.35,0.944281031614353,2021-09-29T21:05:34Z,2023-08-06T00:37:29Z
58089,5,4.1,0.8215838362577492,2018-01-05T19:40:32Z,2023-06-10T00:59:34Z
58120,6,3.5833333333333335,0.4915960401250875,2015-10-22T11:05:51Z,2021-02-05T20:16:06Z
58289,14,4.0,0.9198662110077999,2018-08-04T19:31:58Z,2022-03-23T10:25:26Z
58367,11,4.2727272727272725,1.3849844108082294,2017-04-17T05:22:59Z,2023-02-12T19:45:04Z
58537,7,4.5,0.5,2020-04-30T23:49:19Z,2022-04-20T22:41:51Z
58800,12,4.25,0.8660254037844386,2017-05-01T08:50:02Z,2023-05-01T15:21:04Z
58804,5,3.3,0.27386127875258304,2020-07-24T02:34:30Z,2022-01-14T02:52:39Z
59050,5,3.9,0.22360679774997896,2021-01-28T11:55:20Z,2023-04-28T11:41:56Z
59210,5,2.6,0.8944271909999159,2020-04-25T01:06:45Z,2022-10-09T21:33:03Z
59256,5,2.7,0.8366600265340756,2017-05-23T03:36:20Z,2023-06-26T23:23:33Z
59335,6,3.3333333333333335,0.5163977794943223,2017-01-14T20:11:54Z,2023-03-19T22:15:31Z
59419,7,3.642857142857143,0.8017837257372732,2018-02-21T21:43:57Z,2022-11-07T10:34:14Z
59527,11,3.1363636363636362,0.9770084209183945,2020-12-20T18:18:08Z,2020-12-20T18:43:58Z
59672,7,4.428571428571429,0.6074928962939559,2022-11-05T13:36:12Z,2023-04-21T16:14:31Z
59694,8,3.5,0.0,2022-08-29T08:25:04Z,2023-03-31T09:33:35Z
59810,20,3.675,0.3725799101852973,2016-10-05T08:06:28Z,2023-09-05T18:17:22Z
59893,5,4.0,1.7320508075688772,2022-01-07T01:13:57Z,2022-01-07T12:43:52Z
59899,7,3.0,0.5,2019-05-29T09:11:33Z,2022-04-14T10:41:07Z
59909,5,4.6,0.6519202405202649,2018-04-04T14:12:00Z,2020-05-08T10:12:41Z
60076,5,4.3,0.570087712549569,2018-11-16T02:03:59Z,2018-11-19T03:47:30Z
60095,10,4.05,0.28382310609877337,2023-08-25T06:38:34Z,2023-08-25T06:39:00Z
60239,21,3.2857142857142856,0.7837638128197258,2017-03-17T17:24:27Z,2023-07-19T19:48:48Z
60248,6,4.666666666666667,0.408248290463863,2019-01-20T08:59:22Z,2022-06-06T12:22:26Z
60249,6,3.75,0.27386127875258304,2021-06-21T15:06:59Z,2021-06-21T15:07:06Z
60283,5,3.2,1.2549900398011133,2019-11-27T07:13:04Z,2022-12-06T06:12:10Z
60326,22,3.340909090909091,1.0843734600523018,2017-06-08T15:46:30Z,2023-07-29T19:55:23Z
60478,5,3.7,0.4472135954999579,2023-02-12T20:18:30Z,2023-02-13T19:49:11Z
60563,6,3.1666666666666665,0.752772652709081,2017-12-30T22:54:03Z,2020-08-08T20:58:29Z
60568,12,3.4166666666666665,0.5573204290227127,2017-02-19T05:28:52Z,2022-12-30T07:13:54Z
60569,5,2.2,1.3038404810405297,2021-12-13T21:07:35Z,2022-03-21T21:49:49Z
60730,8,3.625,0.5824823725107175,2018-12-31T01:45:20Z,2023-03-05T14:39:28Z
61352,11,3.8181818181818183,0.9293203772845852,2020-03-22T14:36:42Z,2020-03-26T17:50:14Z
61358,8,3.75,0.37796447300922725,2019-04-11T01:24:58Z,2019-04-11T01:25:01Z
61624,7,2.0,1.3228756555322954,2017-08-29T12:45:06Z,2022-08-09T20:26:19Z
61737,7,4.071428571428571,1.0177004891982149,2020-06-03T05:47:39Z,2022-08-11T05:14:06Z
61874,6,1.3333333333333333,1.0327955589886446,2020-12-15T20:58:00Z,2022-10-27T19:13:51Z
62002,14,3.8214285714285716,0.4209486930705477,2017-01-14T17:04:07Z,2023-07-28T18:04:58Z
62017,5,4.1,0.7416198487095663,2018-08-04T21:20:08Z,2023-08-19T23:34:56Z
62135,5,3.9,0.22360679774997896,2020-07-23T23:44:10Z,2022-10-14T02:35:22Z
62181,6,2.9166666666666665,0.3763863263545405,2020-05-06T16:20:23Z,2020-06-07T15:21:51Z
62377,8,4.125,0.7905694150420949,2021-07-25T18:18:58Z,2023-07-25T17:21:19Z
62440,6,3.9166666666666665,0.5845225972250061,2015-12-13T15:01:30Z,2022-09-29T04:58:29Z
62623,6,3.6666666666666665,0.752772652709081,2019-03-17T10:34:33Z,2019-03-17T10:34:37Z
63204,8,3.0625,0.3204349722308279,2019-01-28T08:09:58Z,2020-03-19T11:07:41Z
63275,5,2.4,0.8215838362577492,2019-08-15T21:17:03Z,2020-09-07T04:55:52Z
63287,17,4.205882352941177,0.7512244906112404,2022-08-30T02:15:46Z,2023-08-06T22:04:13Z
63433,7,4.0,0.5773502691896257,2019-12-16T11:37:41Z,2022-10-30T14:27:57Z
63535,10,3.65,0.8181958472422385,2018-03-12T21:35:12Z,2022-11-28T10:50:10Z
63763,7,4.428571428571429,0.8380817098475257,2020-06-28T13:29:26Z,2023-08-31T05:37:03Z
63863,7,4.214285714285714,0.5669467095138409,2021-10-18T15:27:09Z,2023-02-11T01:32:47Z
64161,8,2.125,0.9543135154205277,2022-06-24T11:39:00Z,2022-10-24T06:53:39Z
64319,5,1.9,0.7416198487095663,2022-01-09T20:34:00Z,2022-04-24T08:19:47Z
64567,10,4.05,0.3689323936863109,2018-10-15T00:35:50Z,2020-04-19T19:23:55Z
64588,6,3.6666666666666665,0.6831300510639732,2017-05-21T17:07:01Z,2023-02-06T11:25:37Z
64639,5,3.8,0.8366600265340756,2021-06-09T00:48:59Z,2021-08-10T01:20:42Z
64710,11,2.5,1.0723805294763609,2023-02-04T12:47:21Z,2023-02-04T18:26:47Z
64711,8,4.25,0.4629100498862757,2020-08-05T09:25:37Z,2023-04-21T09:27:18Z
64737,7,3.0714285714285716,1.4556948921555022,2019-08-17T01:16:15Z,2023-05-13T09:44:26Z
64819,10,2.9,0.6582805886043833,2017-02-14T18:57:52Z,2023-07-29T20:24:13Z
65079,6,3.6666666666666665,0.816496580927726,2018-07-11T18:58:48Z,2021-04-25T20:19:02Z
65278,5,3.8,0.27386127875258304,2017-03-12T18:52:19Z,2019-09-18T20:55:32Z
65925,31,3.370967741935484,0.795484568627658,2023-09-10T11:00:11Z,2023-09-10T11:00:20Z
66166,6,3.5,0.5477225575051661,2017-06-06T16:11:09Z,2023-05-16T21:17:23Z
66242,5,4.4,0.4183300132670378,2021-06-04T11:26:36Z,2021-11-04T01:53:45Z
66255,12,3.4583333333333335,0.6200562046860728,2023-02-19T03:59:25Z,2023-02-19T17:08:28Z
66264,5,3.8,1.0954451150103321,2019-11-09T23:36:53Z,2020-06-28T20:03:20Z
66336,5,4.1,0.5477225575051661,2020-01-17T13:34:52Z,2021-12-29T03:24:49Z
66366,17,3.735294117647059,0.7729336780010528,2017-05-22T01:11:34Z,2022-09-04T01:50:28Z
66537,16,3.46875,0.8459462157844315,2017-03-20T07:29:34Z,2023-08-26T06:16:12Z
66750,5,4.4,0.8215838362577492,2019-12-19T03:46:53Z,2023-04-09T22:10:37Z
66899,8,4.25,0.4629100498862757,2017-05-10T23:26:27Z,2022-06-14T00:45:13Z
66933,7,3.857142857142857,0.2439750182371333,2021-03-15T05:43:30Z,2021-03-15T15:56:41Z
67072,20,3.225,0.41278897374094825,2017-11-26T23:07:45Z,2023-03-16T13:17:25Z
67087,5,3.1,1.2942179105544784,2022-01-07T20:13:09Z,2023-03-20T06:38:48Z
67189,10,2.9,0.45946829173634074,2023-04-20T00:13:15Z,2023-04-20T00:15:05Z
67227,6,3.6666666666666665,0.5163977794943223,2021-09-06T03:02:42Z,2023-10-13T01:03:51Z
67352,7,4.071428571428571,0.6074928962939559,2021-06-06T07:43:02Z,2021-06-06T10:54:41Z
67513,30,3.9,0.8136762043449725,2020-07-21T15:18:54Z,2022-09-11T20:48:20Z
67754,8,2.5,1.224744871391589,2021-04-14T13:28:43Z,2021-04-14T13:28:53Z
67854,8,3.9375,0.9038607667745545,2017-07-07T21:49:09Z,2022-09-03T20:45:04Z
68065,8,3.625,1.3024701806293193,2020-04-25T22:23:17Z,2020-11-15T23:17:48Z
68068,6,4.666666666666667,0.6055300708194983,2020-02-06T15:29:14Z,2021-04-24T06:21:01Z
68110,12,3.625,0.856127645538062,2017-10-21T21:31:05Z,2023-08-07T17:24:03Z
68410,13,3.769230769230769,0.9919548170024475,2016-10-27T21:20:30Z,2020-10-24T23:25:19Z
68413,5,4.1,0.8944271909999159,2019-08-27T23:16:25Z,2021-08-27T03:53:10Z
68448,8,3.5625,1.208230701716948,2017-05-21T02:40:28Z,2021-02-13T04:51:04Z
68518,6,3.3333333333333335,0.752772652709081,2019-11-13T11:40:31Z,2021-03-29T20:29:11Z
68560,6,3.1666666666666665,1.5383974345619102,2017-06-17T09:01:41Z,2019-06-17T13:11:06Z
68639,7,3.5,0.7637626158259734,2017-03-27T21:52:31Z,2023-01-01T17:23:39Z
68808,5,3.5,0.3535533905932738,2016-12-28T20:17:28Z,2019-10-05T17:07:48Z
69240,8,3.625,0.3535533905932738,2021-10-10T09:17:56Z,2022-11-08T06:24:30Z
69279,13,2.3461538461538463,0.8752289077867806,2021-03-21T13:50:26Z,2023-09-02T18:57:51Z
69453,5,3.7,0.570087712549569,2018-07-17T19:26:58Z,2022-06-11T10:23:43Z
69632,5,1.7,1.680773631397161,2019-04-09T09:17:10Z,2019-04-09T09:17:16Z
69659,6,3.25,0.689202437604511,2020-05-20T02:56:46Z,2022-03-11T22:07:02Z
69722,6,4.0,0.0,2023-04-16T19:25:48Z,2023-05-07T20:08:28Z
69728,6,3.4166666666666665,0.4915960401250875,2019-04-03T00:27:25Z,2019-04-03T01:43:30Z
70117,5,4.1,0.4183300132670378,2018-09-29T22:05:36Z,2023-04-01T22:27:37Z
70154,6,3.9166666666666665,0.2041241452319315,2017-05-21T14:36:11Z,2020-05-31T20:38:49Z
70192,6,3.4166666666666665,0.3763863263545405,2017-05-30T00:35:41Z,2023-01-12T19:28:57Z
70313,8,4.5625,0.6781013409302687,2018-10-29T18:27:00Z,2018-10-29T18:35:22Z
70362,5,3.3,0.758287544405155,2018-12-13T06:27:34Z,2020-01-23T13:06:59Z
70418,5,4.1,0.7416198487095663,2017-04-11T04:23:46Z,2017-10-03T02:21:18Z
70484,7,3.5,0.5,2017-07-02T16:05:02Z,2022-08-03T21:16:49Z
70719,5,3.3,0.758287544405155,2022-06-05T13:21:15Z,2022-06-09T06:07:08Z
70740,15,2.7333333333333334,0.9036961141150639,2020-06-25T06:31:00Z,2022-11-24T23:59:23Z
70861,6,3.3333333333333335,1.3291601358251257,2018-05-05T16:57:19Z,2020-12-04T00:12:05Z
71026,5,3.9,0.6519202405202649,2020-08-23T12:36:42Z,2021-03-02T07:51:33Z
71074,9,3.9444444444444446,0.6821127309893709,2018-01-19T14:06:11Z,2023-06-09T06:27:46Z
71234,10,4.05,0.43779751788545657,2017-05-01T21:38:26Z,2021-01-29T13:40:40Z
71362,5,4.4,0.8944271909999159,2019-01-11T23:23:35Z,2023-06-07T14:46:14Z
71523,21,3.2857142857142856,1.670115479326419,2022-07-15T21:21:19Z,2022-07-15T23:02:05Z
71543,6,3.3333333333333335,0.983192080250175,2017-03-21T07:53:09Z,2022-10-21T22:34:37Z
71591,6,3.8333333333333335,0.816496580927726,2020-04-15T17:39:19Z,2020-04-15T17:39:20Z
71689,6,3.9166666666666665,1.6253204812179862,2019-01-16T13:52:10Z,2019-02-11T13:41:23Z
71720,15,3.7666666666666666,0.6510065466717856,2022-06-13T16:08:30Z,2022-06-13T16:17:59Z
71831,5,3.5,0.5,2019-08-07T20:11:06Z,2023-07-04T17:24:57Z
71952,11,3.1363636363636362,1.0022701504811238,2018-08-25T00:38:48Z,2023-09-18T12:35:40Z
72096,7,3.7142857142857144,0.9940297973880049,2019-05-05T04:03:38Z,2019-05-05T16:16:43Z
72149,17,4.764705882352941,0.5337850415553393,2021-10-23T13:44:53Z,2021-10-23T13:50:26Z
72453,15,2.5,0.8017837257372732,2022-02-09T22:52:15Z,2022-02-16T23:20:44Z
72477,5,3.6,1.2449899597988732,2020-04-30T23:42:01Z,2020-05-22T05:10:10Z
72551,5,3.4,0.9617692030835673,2020-01-03T17:47:52Z,2020-07-26T20:30:39Z
72590,5,4.4,0.4183300132670378,2020-02-15T01:34:25Z,2020-05-13T19:27:55Z
72795,6,4.166666666666667,0.816496580927726,2020-03-31T07:30:23Z,2023-02-19T08:03:42Z
72871,5,3.7,1.2549900398011133,2017-05-20T14:29:00Z,2023-04-07T01:07:14Z
72952,5,4.4,0.6519202405202649,2021-04-28T21:44:06Z,2022-02-13T00:38:11Z
72955,5,3.6,0.5477225575051661,2019-07-26T19:15:37Z,2023-04-08T05:26:13Z
73054,9,2.9444444444444446,1.1577036657874837,2020-09-29T18:31:37Z,2020-09-29T18:31:44Z
73206,17,3.7941176470588234,1.0905678499268707,2021-12-28T14:38:47Z,2023-02-18T20:17:16Z
73375,10,4.2,0.8232726023485646,2021-07-04T18:26:28Z,2023-08-20T14:51:38Z
73435,12,3.9583333333333335,1.1171866722289792,2023-07-16T03:27:16Z,2023-08-12T06:33:58Z
73522,14,3.9285714285714284,0.9972489631508746,2019-06-01T11:07:04Z,2022-10-09T14:47:27Z
73645,7,4.0,0.6454972243679028,2019-04-13T22:05:58Z,2022-12-21T14:58:13Z
73646,6,1.6666666666666667,1.3291601358251257,2021-08-04T05:55:31Z,2022-04-10T07:43:11Z
73761,11,3.909090909090909,1.0681334611878288,2019-10-03T12:51:14Z,2019-10-07T15:40:10Z
73800,21,4.0476190476190474,0.4718252299517774,2022-08-17T05:51:14Z,2023-08-24T09:58:25Z
73858,5,4.3,0.8366600265340756,2022-10-16T14:46:03Z,2022-10-17T00:07:18Z
73859,14,3.2857142857142856,0.825420305855557,2020-11-18T10:32:07Z,2021-12-24T02:04:05Z
74223,7,3.0714285714285716,0.5345224838248488,2017-12-21T22:12:10Z,2023-07-01T02:09:50Z
74341,13,4.153846153846154,0.7741827783921407,2016-11-25T23:03:14Z,2021-05-25T13:42:12Z
74348,6,3.75,0.689202437604511,2020-03-03T22:35:39Z,2021-03-25T10:24:11Z
74364,6,4.5,1.224744871391589,2018-02-21T14:32:41Z,2019-10-10T20:19:08Z
74502,6,4.25,0.5244044240850758,2019-12-30T03:44:53Z,2022-07-25T15:48:22Z
74587,14,3.25,0.42742520713255516,2022-01-26T09:48:19Z,2023-06-25T19:28:28Z
74606,7,3.0714285714285716,0.6074928962939559,2021-05-18T22:27:52Z,2022-10-17T00:27:07Z
74617,14,4.071428571428571,0.8052028616141701,2023-04-17T16:15:43Z,2023-05-01T19:28:58Z
74645,7,4.785714285714286,0.3933978962347216,2020-03-22T14:57:18Z,2023-02-04T17:33:29Z
74758,8,3.5625,0.7763237542601485,2022-08-12T13:26:39Z,2022-08-31T11:54:26Z
74904,6,4.083333333333333,0.6645800679125629,2017-03-20T03:48:18Z,2023-05-14T15:11:53Z
74973,11,4.090909090909091,0.7354652207338501,2022-09-06T02:10:49Z,2023-03-18T01:26:03Z
75060,6,2.5,1.6431676725154984,2022-02-15T20:38:40Z,2022-02-15T20:38:51Z
75189,36,3.875,0.4204589329360411,2022-12-10T19:32:33Z,2023-03-01T17:54:01Z
75202,5,4.0,1.1726039399558574,2019-07-18T16:07:14Z,2019-09-27T23:57:23Z
75264,6,3.75,0.5244044240850758,2021-08-24T08:58:29Z,2021-08-24T08:58:30Z
75369,12,3.8333333333333335,0.937436866561092,2021-06-26T20:14:26Z,2022-05-05T01:26:18Z
75393,30,1.5166666666666666,1.3096678529525994,2020-07-27T11:13:10Z,2023-04-02T00:14:53Z
75602,5,3.3,1.396424004376894,2019-09-27T16:21:35Z,2019-09-27T17:05:30Z
75772,6,3.6666666666666665,1.2110601416389966,2017-05-26T20:16:46Z,2023-01-29T23:25:46Z
75916,20,3.45,0.45595475306449573,2021-10-30T14:39:36Z,2021-10-30T14:39:55Z
76136,6,4.25,0.4183300132670378,2021-05-18T21:06:14Z,2023-07-26T19:47:45Z
76230,5,2.9,0.6519202405202649,2018-09-01T12:28:14Z,2022-11-28T03:07:01Z
76344,26,3.2884615384615383,0.42832410446009045,2018-12-14T15:38:42Z,2022-11-13T18:48:35Z
76454,7,3.7142857142857144,0.5669467095138409,2023-05-02T14:32:18Z,2023-05-02T14:32:23Z
76532,5,3.8,1.5247950681976907,2019-08-11T20:48:03Z,2019-12-08T20:46:06Z
76646,5,4.1,0.8215838362577492,2023-05-20T19:40:32Z,2023-05-20T19:40:36Z
76793,5,3.6,0.4183300132670378,2015-12-28T23:57:47Z,2019-01-08T23:33:49Z
77054,9,3.8333333333333335,0.4330127018922193,2023-09-22T22:57:04Z,2023-09-22T22:57:25Z
77114,14,3.357142857142857,0.6021937915964948,2017-03-17T06:46:06Z,2021-09-13T21:20:53Z
77295,5,2.5,1.5,2018-11-13T03:37:33Z,2022-04-26T05:39:19Z
77356,5,4.0,0.7905694150420949,2020-04-13T20:17:24Z,2020-04-13T20:21:58Z
77404,6,3.6666666666666665,0.8755950357709131,2019-07-10T19:34:20Z,2023-02-10T17:34:02Z
77536,7,2.857142857142857,0.8997354108424374,2017-10-30T22:33:09Z,2022-12-23T06:54:14Z
77581,5,3.8,0.758287544405155,2022-09-13T21:42:14Z,2022-09-13T23:52:14Z
77787,5,5.0,0.0,2021-08-29T21:20:33Z,2023-02-09T21:41:26Z
77863,11,3.3636363636363638,0.45226701686664544,2019-02-14T15:14:42Z,2019-02-14T15:14:50Z
77947,5,4.1,0.6519202405202649,2020-10-14T21:00:38Z,2023-07-24T00:30:03Z
77949,6,3.5,0.31622776601683794,2019-02-13T22:52:45Z,2022-04-16T10:49:18Z
78213,6,3.8333333333333335,0.5163977794943223,2017-12-05T05:26:09Z,2022-12-07T04:24:11Z
78217,7,3.9285714285714284,0.5345224838248488,2021-02-26T03:35:57Z,2022-08-14T21:24:52Z
78394,10,3.4,0.6146362971528592,2015-10-20T12:57:33Z,2023-01-06T19:43:49Z
78465,5,3.8,0.8366600265340756,2022-01-27T02:59:24Z,2022-01-27T21:22:41Z
78701,9,4.222222222222222,0.6666666666666666,2016-12-11T01:06:15Z,2023-04-08T15:19:42Z
78718,5,3.1,0.7416198487095663,2017-06-08T04:11:08Z,2020-03-24T03:56:51Z
78842,10,3.05,0.6851601597031488,2020-05-27T02:05:30Z,2023-07-28T19:54:46Z
79014,7,3.642857142857143,0.47559486560567094,2019-07-23T22:13:35Z,2023-10-02T01:37:44Z
79091,6,3.0833333333333335,0.7359800721939872,2020-10-20T21:37:24Z,2021-10-16T01:25:42Z
79115,8,3.125,1.4078859531733587,2020-04-10T22:45:48Z,2023-08-05T01:07:39Z
79164,5,3.8,0.4472135954999579,2019-05-20T08:10:53Z,2019-10-10T19:19:00Z
79211,5,3.8,0.570087712549569,2019-08-06T04:52:18Z,2023-07-31T13:28:00Z
79307,5,3.4,0.4183300132670378,2020-05-19T18:18:17Z,2023-09-27T18:29:35Z
79486,6,3.9166666666666665,0.6645800679125629,2016-02-28T15:10:04Z,2023-02-05T09:49:46Z
79555,14,2.9285714285714284,1.0163498575623617,2017-09-12T07:44:30Z,2023-09-07T08:19:54Z
79565,12,3.7083333333333335,0.9876126709792599,2023-09-27T18:53:17Z,2023-09-27T20:50:11Z
79662,6,3.9166666666666665,0.7359800721939872,2017-12-22T19:10:17Z,2022-08-16T19:32:45Z
79716,5,3.6,0.4183300132670378,2023-04-14T21:11:10Z,2023-04-14T21:11:17Z
79721,11,4.181818181818182,1.2504544628399563,2020-04-26T05:01:38Z,2022-10-14T09:14:28Z
79726,9,3.8333333333333335,0.9013878188659973,2022-11-09T02:23:10Z,2022-11-09T04:21:34Z
79742,9,4.333333333333333,0.7071067811865476,2022-03-29T21:06:08Z,2022-11-18T03:26:06Z
79849,8,2.875,1.2747548783981961,2019-08-17T19:32:00Z,2023-04-14T18:10:18Z
80105,12,3.4583333333333335,0.3342789617107607,2019-03-03T23:48:24Z,2022-05-01T19:17:46Z
80116,5,3.1,0.4183300132670378,2020-08-22T23:41:30Z,2022-07-15T06:35:17Z
80190,6,3.9166666666666665,0.8612007121842542,2018-09-22T19:33:47Z,2019-08-26T10:58:36Z
80266,30,4.116666666666666,0.7390969948633886,2019-01-15T22:34:48Z,2022-04-24T22:06:16Z
80278,5,3.4,1.5572411502397436,2021-02-23T21:20:48Z,2022-03-28T11:36:17Z
80449,5,3.6,0.22360679774997896,2020-01-11T10:57:55Z,2023-08-29T15:05:17Z
80472,5,5.0,0.0,2021-12-11T07:48:06Z,2021-12-11T07:48:10Z
81102,13,2.8846153846153846,1.5021352323976216,2018-11-16T18:40:09Z,2022-09-25T06:57:00Z
81117,5,3.7,0.8366600265340756,2022-01-13T03:50:38Z,2023-08-25T12:45:00Z
81184,7,3.642857142857143,0.8017837257372732,2019-02-01T00:26:32Z,2020-06-11T08:32:11Z
81266,8,3.1875,1.9809359259847712,2017-07-17T05:14:38Z,2018-06-20T14:06:12Z
81267,10,3.75,0.42491829279939874,2017-11-04T14:34:01Z,2023-08-30T02:37:05Z
81271,6,2.6666666666666665,0.983192080250175,2017-04-09T02:46:02Z,2020-04-12T01:08:45Z
81290,5,3.1,1.2942179105544784,2018-03-31T02:43:59Z,2022-01-06T23:14:36Z
81295,7,3.4285714285714284,0.7867957924694432,2018-03-04T14:59:11Z,2023-04-01T15:23:57Z
81466,5,3.9,0.4183300132670378,2019-01-15T17:21:17Z,2019-01-15T18:53:31Z
81778,6,3.25,0.5244044240850758,2020-04-19T10:52:34Z,2023-07-20T19:09:26Z
81850,6,4.0,0.4472135954999579,2021-01-21T00:13:53Z,2021-01-23T00:20:31Z
82050,21,1.4523809523809523,1.6874889770363086,2017-08-09T01:50:03Z,2023-06-02T01:55:26Z
82151,26,3.2884615384615383,0.5132850460139458,2022-04-29T07:45:56Z,2023-08-05T12:37:30Z
82245,6,3.8333333333333335,0.6055300708194983,2018-07-29T19:04:28Z,2023-09-30T15:26:27Z
82286,7,3.2857142857142856,0.9511897312113419,2019-10-14T16:19:22Z,2019-10-14T16:19:25Z
82318,11,4.363636363636363,0.6360388781713383,2020-01-11T12:21:00Z,2022-02-26T12:34:40Z
82367,6,3.9166666666666665,0.5845225972250061,2018-10-11T17:15:51Z,2022-11-07T09:02:59Z
82424,5,4.1,0.4183300132670378,2017-04-04T00:38:51Z,2022-09-25T19:11:09Z
82436,8,3.1875,0.5303300858899106,2019-09-03T16:30:27Z,2023-06-12T09:38:23Z
82445,13,3.076923076923077,1.2885093753079215,2021-04-11T08:46:46Z,2023-10-06T19:58:06Z
82457,5,3.5,1.1726039399558574,2018-11-13T04:17:57Z,2020-09-26T03:34:43Z
82514,5,4.2,0.8366600265340756,2023-03-03T01:03:29Z,2023-03-03T01:16:01Z
82599,10,3.5,1.2909944487358056,2020-07-13T19:33:02Z,2020-07-21T18:45:51Z
82778,44,2.8068181818181817,0.8085006873974806,2016-05-29T04:51:23Z,2022-09-11T13:55:02Z
83026,5,1.8,1.036822067666386,2020-01-10T14:15:02Z,2020-03-02T16:10:22Z
83029,5,3.7,0.4472135954999579,2023-06-07T00:53:34Z,2023-07-18T21:20:24Z
83284,6,3.6666666666666665,0.5163977794943223,2017-10-04T05:39:45Z,2023-01-31T01:39:36Z
83310,8,2.125,1.7268882005337975,2022-08-07T14:49:13Z,2022-10-23T11:26:50Z
83625,6,3.5,0.4472135954999579,2017-05-22T21:15:51Z,2023-04-02T07:29:39Z
83693,12,3.3333333333333335,0.8876253645985945,2018-12-30T07:01:22Z,2023-06-28T21:49:45Z
83707,8,3.75,0.5345224838248488,2017-08-17T11:57:31Z,2022-12-21T16:28:35Z
83863,5,3.2,0.4472135954999579,2021-05-28T16:27:38Z,2023-10-02T18:21:08Z
83924,27,3.537037037037037,0.436901809201096,2017-08-01T08:11:43Z,2023-08-21T06:39:02Z
83952,5,4.0,0.7905694150420949,2023-02-13T22:28:31Z,2023-02-16T20:15:50Z
84038,5,3.5,0.7071067811865476,2019-08-12T21:05:33Z,2023-01-03T16:08:23Z
84155,5,3.2,0.9746794344808964,2017-04-13T03:22:43Z,2020-07-23T03:17:56Z
84343,6,4.083333333333333,0.8612007121842542,2021-05-31T08:50:57Z,2021-10-01T08:51:22Z
84346,9,2.888888888888889,0.5464532103585,2023-09-02T03:54:37Z,2023-09-02T03:54:47Z
84441,17,2.911764705882353,0.8702602720890289,2016-07-05T12:48:26Z,2023-02-22T16:31:29Z
84923,5,4.1,0.5477225575051661,2019-11-18T23:50:45Z,2019-11-19T00:31:53Z
84997,5,4.0,1.1726039399558574,2022-03-21T22:28:51Z,2022-03-21T22:28:55Z
85014,9,3.388888888888889,0.6972166887783963,2020-04-05T18:31:26Z,2022-10-31T14:14:26Z
85103,38,3.789473684210526,0.6110644119116893,2018-01-01T21:23:21Z,2021-12-29T11:37:39Z
85191,9,4.0,0.8660254037844386,2021-07-26T14:22:02Z,2022-06-19T18:06:11Z
85225,7,3.642857142857143,0.9880235200593538,2020-05-09T19:15:27Z,2022-08-25T15:00:09Z
85312,8,2.5,1.3627702877384937,2017-11-12T17:06:21Z,2017-11-12T23:59:39Z
85418,8,4.3125,0.45806269065645216,2017-01-24T00:24:05Z,2023-09-25T17:16:50Z
85509,5,3.2,1.6431676725154984,2020-05-03T19:22:51Z,2020-05-03T21:21:13Z
85584,5,3.4,0.22360679774997896,2018-11-05T15:51:40Z,2019-12-27T03:53:24Z
85634,9,3.388888888888889,0.7406828681096324,2020-03-05T18:50:24Z,2020-04-20T21:00:33Z
85714,17,3.6176470588235294,0.781213234429025,2017-03-06T15:18:25Z,2023-10-10T00:19:50Z
85742,8,2.875,1.1572751247156894,2017-09-21T01:46:08Z,2019-06-09T21:53:02Z
85946,8,3.5625,0.9425459443140463,2020-11-10T01:15:02Z,2020-11-10T11:12:21Z
86062,12,3.9166666666666665,0.6685579234215214,2017-05-08T16:03:08Z,2020-09-22T19:40:49Z
86100,8,4.8125,0.37201190457142247,2022-01-23T21:00:42Z,2023-03-07T18:48:26Z
86402,11,3.227272727272727,0.6842381297339533,2021-06-29T12:21:58Z,2022-12-16T10:47:10Z
86418,15,2.8333333333333335,0.9574271077563381,2022-12-14T02:24:55Z,2023-10-01T05:21:13Z
86459,6,4.166666666666667,0.983192080250175,2023-06-27T09:59:43Z,2023-06-27T10:04:42Z
86736,8,3.5625,0.3204349722308279,2020-08-11T22:38:50Z,2022-01-28T00:13:50Z
86788,5,3.3,1.3509256086106296,2023-02-25T15:59:45Z,2023-05-08T16:52:45Z
86841,6,3.3333333333333335,0.8755950357709131,2018-04-02T22:31:37Z,2021-11-19T07:35:03Z
86889,25,3.36,0.7973915809270458,2017-07-31T01:50:20Z,2022-06-27T01:25:07Z
86939,7,4.642857142857143,0.37796447300922725,2021-01-15T23:20:02Z,2021-01-25T04:42:57Z
87007,7,5.0,0.0,2019-05-24T22:51:46Z,2019-05-24T22:51:59Z
87117,6,3.75,0.4183300132670378,2017-08-09T20:26:32Z,2023-05-27T21:54:31Z
87147,5,4.0,0.6123724356957945,2023-02-18T08:55:39Z,2023-04-13T04:45:09Z
87150,11,3.3181818181818183,0.7833494518006403,2018-04-01T22:55:43Z,2022-09-26T23:33:06Z
87159,7,3.7857142857142856,0.9511897312113419,2019-07-02T22:26:41Z,2019-07-04T19:06:56Z
87222,14,3.4642857142857144,0.45843738412659496,2017-03-06T23:53:07Z,2023-03-14T14:19:25Z
87324,27,3.111111111111111,0.5773502691896257,2017-12-11T07:47:58Z,2023-01-30T20:28:31Z
87329,10,3.05,1.0124228365658294,2017-05-21T03:06:43Z,2023-06-24T02:15:13Z
87391,6,3.5,0.6324555320336759,2021-11-24T21:48:41Z,2022-01-02T19:14:52Z
87505,16,1.125,0.4654746681256314,2020-06-15T20:41:14Z,2020-06-15T20:41:21Z
87606,7,4.071428571428571,0.18898223650461363,2017-03-28T00:30:37Z,2023-04-16T03:43:15Z
87686,13,3.6538461538461537,0.47366546671567095,2020-09-20T20:14:14Z,2023-06-16T02:39:28Z
87787,7,4.0,0.408248290463863,2022-10-30T17:20:04Z,2022-10-30T17:20:14Z
87857,6,3.3333333333333335,0.816496580927726,2022-04-22T23:56:14Z,2022-11-16T13:47:41Z
87956,7,2.857142857142857,1.3451854182690985,2017-03-12T06:22:11Z,2022-12-05T06:04:58Z
87997,10,3.35,0.4743416490252569,2019-09-29T14:13:12Z,2023-09-18T21:39:10Z
88033,5,2.7,0.9746794344808964,2018-01-22T14:19:18Z,2022-04-20T11:17:27Z
88213,5,3.8,0.6708203932499369,2021-06-08T11:44:34Z,2022-08-24T19:11:39Z
88290,9,3.5,0.7905694150420949,2017-11-12T02:04:51Z,2023-02-13T14:09:33Z
88325,8,4.0,0.37796447300922725,2019-03-17T06:27:59Z,2019-03-17T06:33:24Z
88400,6,3.4166666666666665,0.2041241452319315,2018-12-18T21:45:23Z,2019-10-03T21:44:50Z
88456,8,3.4375,0.7763237542601485,2022-11-29T06:41:07Z,2022-12-09T14:44:08Z
88574,32,3.328125,0.5329373109657034,2022-10-16T08:57:10Z,2022-10-16T08:57:33Z
88670,5,3.5,1.224744871391589,2021-08-22T02:49:07Z,2023-01-19T18:44:56Z
88812,9,4.166666666666667,0.7071067811865476,2022-04-16T18:45:33Z,2023-09-12T16:51:39Z
88935,5,3.6,0.4183300132670378,2023-05-11T23:01:09Z,2023-05-11T23:06:48Z
89080,5,3.6,0.6519202405202649,2017-12-24T14:23:26Z,2023-07-03T12:48:40Z
89193,8,3.3125,0.7039429765866794,2017-07-26T18:15:15Z,2022-10-23T20:22:59Z
89198,5,3.3,0.4472135954999579,2017-06-30T18:14:14Z,2020-01-10T16:32:25Z
89263,6,3.6666666666666665,0.6055300708194983,2019-06-24T22:01:32Z,2019-10-15T16:46:57Z
89307,5,4.8,0.4472135954999579,2017-10-07T21:55:13Z,2019-04-19T17:08:22Z
89409,7,3.5714285714285716,1.5923926292577109,2021-02-15T05:14:47Z,2021-02-15T05:14:54Z
89435,7,3.5,0.408248290463863,2020-07-02T05:06:40Z,2021-07-09T01:40:58Z
89462,5,3.1,0.8215838362577492,2020-10-09T15:13:10Z,2020-11-16T11:49:29Z
89519,9,3.5,0.5590169943749475,2016-11-03T18:34:52Z,2023-02-27T03:17:53Z
89530,5,3.8,0.9082951062292475,2022-08-21T02:27:42Z,2023-07-09T01:23:54Z
89543,5,4.4,0.8215838362577492,2022-02-19T01:06:04Z,2023-06-11T04:25:33Z
89685,5,2.9,0.5477225575051661,2019-11-19T09:44:40Z,2019-11-19T10:08:32Z
89940,7,3.0,1.118033988749895,2022-07-15T04:14:22Z,2023-09-10T06:20:18Z
89944,5,3.8,0.27386127875258304,2023-08-03T10:12:27Z,2023-08-24T08:16:20Z
89954,19,3.0526315789473686,0.4970674233862172,2015-09-20T12:56:23Z,2018-11-10T21:54:34Z
90013,6,2.1666666666666665,0.752772652709081,2022-09-15T01:16:58Z,2022-09-15T01:17:05Z
90026,5,4.6,0.4183300132670378,2021-03-01T20:03:00Z,2023-04-08T20:52:20Z
90347,7,3.4285714285714284,0.7319250547113999,2018-07-30T16:57:58Z,2022-10-23T01:52:03Z
90716,5,3.1,0.9617692030835673,2019-03-13T20:09:39Z,2022-03-27T23:20:39Z
90928,5,4.3,0.570087712549569,2018-11-04T22:21:10Z,2022-10-29T14:01:35Z
90934,5,3.5,0.6123724356957945,2017-10-16T23:21:07Z,2023-02-02T21:40:06Z
90943,6,0.6666666666666666,0.408248290463863,2020-05-31T22:03:49Z,2020-05-31T22:44:45Z
91097,5,3.0,1.1726039399558574,2017-10-01T23:25:17Z,2022-12-15T10:10:35Z
91104,11,3.9545454545454546,0.8501336793277118,2020-07-30T03:45:17Z,2020-07-31T04:51:58Z
91195,8,2.6875,0.6512350903146596,2017-05-13T15:09:58Z,2022-10-01T20:34:11Z
91496,8,5.0,0.0,2017-09-04T19:11:27Z,2023-03-04T11:17:56Z
91562,8,0.5,0.0,2020-04-15T18:03:54Z,2020-04-17T07:26:12Z
91670,5,3.8,0.570087712549569,2023-03-21T10:39:44Z,2023-04-10T14:52:18Z
91893,5,4.1,0.6519202405202649,2021-07-03T22:50:41Z,2023-02-01T17:07:12Z
92060,6,3.0833333333333335,1.2006942436218584,2021-02-16T21:51:03Z,2021-02-17T12:41:33Z
92088,7,3.857142857142857,0.9880235200593538,2023-08-10T15:39:38Z,2023-10-03T17:31:17Z
92616,14,3.4642857142857144,0.4143709650823724,2015-11-23T20:32:48Z,2023-09-30T15:05:21Z
92639,9,3.6666666666666665,0.6123724356957945,2017-09-24T09:02:06Z,2021-05-24T01:54:48Z
92653,12,3.25,0.5,2018-04-28T01:15:42Z,2022-12-13T16:39:33Z
92679,5,3.4,0.7416198487095663,2018-03-25T01:52:50Z,2023-05-17T22:32:17Z
92963,9,3.9444444444444446,0.982485510212633,2018-06-20T23:03:16Z,2023-07-22T10:50:23Z
92986,8,3.4375,0.6232117273791125,2017-03-26T12:01:52Z,2022-10-28T21:21:18Z
93131,10,3.95,0.5502524673073059,2023-01-20T22:13:50Z,2023-01-20T22:39:09Z
93211,11,3.0,0.8062257748298549,2017-05-04T02:31:28Z,2023-06-17T03:17:46Z
93228,6,4.083333333333333,0.917423929634859,2017-07-01T23:17:01Z,2020-08-25T17:55:18Z
93265,18,3.0,0.641688947919748,2017-03-17T16:43:04Z,2023-10-04T13:37:19Z
93277,7,3.357142857142857,0.47559486560567094,2018-05-02T22:04:45Z,2023-07-18T13:04:56Z
93506,10,4.1,0.6582805886043833,2016-06-10T19:13:33Z,2019-06-16T00:04:20Z
93588,5,3.9,0.4183300132670378,2017-11-06T22:21:11Z,2019-06-03T21:55:47Z
93609,11,3.8181818181818183,0.873862897505303,2017-05-19T21:51:49Z,2022-11-26T19:28:42Z
93768,6,4.0,0.31622776601683794,2021-05-22T23:58:24Z,2021-05-23T00:46:01Z
93918,10,3.6,0.3944053188733077,2018-12-30T11:56:58Z,2023-08-27T11:48:33Z
93930,6,3.0833333333333335,0.5845225972250061,2018-11-23T00:11:06Z,2023-04-23T20:58:57Z
93946,7,3.5,1.0,2022-01-25T16:27:50Z,2022-02-10T15:17:34Z
94272,50,3.36,1.01035455486211,2021-09-25T20:22:18Z,2021-09-25T20:23:43Z
94561,6,4.416666666666667,0.4915960401250875,2021-05-22T14:02:48Z,2023-06-05T04:42:05Z
94659,5,3.0,1.4142135623730951,2018-05-25T12:31:01Z,2022-06-13T10:11:17Z
94762,6,4.083333333333333,0.917423929634859,2021-06-14T21:21:57Z,2022-12-15T05:21:24Z
95057,5,3.5,0.6123724356957945,2022-10-08T13:50:00Z,2023-07-14T06:25:32Z
95130,10,1.55,1.0394977419675118,2021-04-17T22:21:36Z,2023-08-05T10:54:48Z
95267,10,3.2,0.5868938953886337,2021-11-16T07:29:15Z,2023-06-18T11:57:56Z
95481,29,2.103448275862069,1.2054882705540315,2017-07-03T09:57:14Z,2023-05-07T17:32:20Z
95484,5,3.5,0.7071067811865476,2022-09-21T17:04:59Z,2022-10-19T16:52:58Z
95558,5,3.5,0.5,2023-02-20T20:06:46Z,2023-02-20T20:06:50Z
95567,18,3.25,0.3535533905932738,2019-09-15T04:06:58Z,2023-06-16T02:02:18Z
95847,5,4.4,0.8215838362577492,2018-09-08T17:02:31Z,2020-06-06T18:48:39Z
95987,25,3.78,0.8175165645620481,2016-10-06T03:30:49Z,2023-04-02T23:22:34Z
96171,5,3.0,0.7071067811865476,2019-07-31T14:45:24Z,2023-01-08T13:59:47Z
96387,6,3.9166666666666665,0.6645800679125629,2020-04-10T17:23:44Z,2022-12-13T03:56:17Z
96414,7,3.9285714285714284,0.7319250547113999,2019-10-19T01:30:48Z,2019-11-27T15:53:02Z
96457,7,3.5714285714285716,1.2724180205607036,2017-01-28T13:19:22Z,2022-11-20T07:48:16Z
96472,6,5.0,0.0,2020-09-26T14:02:40Z,2020-09-26T14:10:48Z
96513,10,4.05,0.5502524673073059,2021-11-12T00:59:45Z,2023-07-28T22:29:07Z
96646,7,4.142857142857143,0.47559486560567094,2020-10-19T15:40:58Z,2023-07-16T12:31:15Z
96774,5,4.2,0.6708203932499369,2021-01-02T15:18:06Z,2021-01-02T15:18:15Z
96789,6,3.3333333333333335,1.5383974345619102,2019-10-02T22:45:05Z,2022-05-11T18:10:31Z
96881,5,4.5,0.8660254037844386,2019-09-29T03:42:19Z,2022-10-07T01:58:51Z
97100,13,4.269230769230769,0.6650621717611762,2023-09-02T20:55:58Z,2023-09-14T03:30:03Z
97140,7,3.4285714285714284,0.8864052604279183,2020-09-06T21:32:28Z,2021-04-26T17:47:47Z
97225,6,3.75,1.1291589790636214,2022-03-02T05:46:55Z,2022-09-14T10:01:06Z
97245,12,3.8333333333333335,0.49236596391733095,2017-05-20T19:01:08Z,2023-02-14T22:56:15Z
97419,5,3.1,0.7416198487095663,2021-06-13T17:02:43Z,2021-10-31T18:14:15Z
97879,5,2.8,1.1510864433221337,2022-11-15T21:36:28Z,2022-11-15T22:32:35Z
98015,7,4.857142857142857,0.37796447300922725,2021-01-09T20:22:20Z,2023-02-11T11:29:11Z
98184,6,3.9166666666666665,0.5845225972250061,2020-05-04T04:58:37Z,2020-05-04T05:27:22Z
98190,12,3.0833333333333335,0.9731236802019038,2018-03-13T15:02:23Z,2023-01-03T20:31:26Z
98273,10,4.0,0.6236095644623235,2017-04-02T19:52:14Z,2020-07-16T22:25:07Z
98335,24,3.4375,0.37044333017286896,2016-02-29T21:29:13Z,2023-09-11T18:08:41Z
98430,5,4.0,1.1726039399558574,2020-03-04T00:41:49Z,2020-08-31T23:51:20Z
98546,9,1.5555555555555556,0.7264831572567789,2018-10-13T21:49:56Z,2022-11-23T16:24:24Z
98743,7,4.571428571428571,0.3450327796711771,2020-11-12T04:53:50Z,2023-04-16T16:18:30Z
98865,7,3.4285714285714284,0.5345224838248488,2016-09-27T22:41:30Z,2021-05-04T15:08:09Z
98875,8,2.8125,0.8425090080061035,2023-07-14T13:14:07Z,2023-07-14T13:14:41Z
98900,13,3.6923076923076925,0.8046340145904207,2020-08-30T12:25:43Z,2023-08-09T21:11:20Z
99011,10,2.25,0.5400617248673217,2019-10-31T00:30:03Z,2020-01-14T22:46:29Z
99058,6,3.5833333333333335,0.5845225972250061,2019-08-30T03:48:39Z,2019-09-01T09:45:13Z
99084,19,3.3421052631578947,0.5540916385036406,2023-05-08T11:58:05Z,2023-05-08T11:58:23Z
99562,6,4.083333333333333,0.2041241452319315,2023-03-22T22:07:29Z,2023-03-22T22:29:48Z
99571,22,3.75,0.592613260221602,2017-05-22T06:25:04Z,2023-09-03T02:53:11Z
99774,5,3.1,0.8944271909999159,2017-02-25T02:19:04Z,2017-02-25T02:19:07Z
99868,10,3.55,0.83166499665831,2021-03-21T14:04:36Z,2023-04-30T15:45:04Z
99920,9,4.444444444444445,0.5833333333333334,2022-03-09T03:20:05Z,2023-07-05T05:10:57Z
99965,9,3.9444444444444446,0.8819171036881969,2017-07-29T21:10:17Z,2022-12-31T22:36:51Z
100073,7,3.9285714285714284,0.4498677054212187,2020-05-16T12:25:21Z,2022-08-20T14:50:37Z
100226,8,3.5625,1.3211872366495652,2017-03-05T23:31:05Z,2018-03-03T02:18:02Z
100299,6,3.9166666666666665,1.3197221929886103,2017-12-31T18:03:02Z,2023-01-03T20:43:40Z
100529,7,4.285714285714286,0.3933978962347216,2023-05-28T08:59:35Z,2023-05-29T11:22:13Z
100592,5,3.9,0.8215838362577492,2017-04-05T09:11:37Z,2019-05-10T12:04:15Z
100657,5,3.7,0.6708203932499369,2019-06-20T00:05:55Z,2023-05-02T20:58:22Z
100666,6,3.5,0.6324555320336759,2017-10-12T15:26:31Z,2022-10-14T05:08:18Z
100743,13,4.230769230769231,0.8320502943378437,2021-08-18T22:37:10Z,2023-03-10T20:30:33Z
100769,5,3.1,0.22360679774997896,2020-03-26T19:24:56Z,2023-05-21T02:01:18Z
100887,5,3.7,0.4472135954999579,2023-05-06T22:39:34Z,2023-05-06T22:39:48Z
101235,7,4.071428571428571,0.7867957924694432,2023-05-19T00:45:08Z,2023-05-19T04:39:45Z
101310,11,3.8636363636363638,1.0975178606954215,2018-08-28T15:45:29Z,2022-10-10T19:52:56Z
101386,6,4.166666666666667,0.6831300510639732,2020-04-30T20:52:36Z,2023-05-19T03:48:07Z
101466,6,2.5,0.31622776601683794,2018-01-27T03:39:06Z,2023-04-24T03:42:50Z
101639,6,3.4166666666666665,1.2812754062521714,2018-05-05T12:48:13Z,2022-03-08T20:28:25Z
102006,17,3.911764705882353,0.4755028298301395,2018-07-02T12:42:26Z,2023-03-04T22:49:16Z
102025,6,3.3333333333333335,0.6831300510639732,2017-09-08T20:04:55Z,2022-09-19T02:24:08Z
102114,5,4.7,0.27386127875258304,2020-05-12T22:24:46Z,2021-01-16T03:05:38Z
102232,6,3.4166666666666665,0.7359800721939872,2020-10-16T00:03:46Z,2020-10-16T00:03:57Z
102276,5,4.3,0.4472135954999579,2022-12-27T17:42:07Z,2022-12-27T18:55:21Z
102277,5,3.1,0.6519202405202649,2016-05-16T18:48:13Z,2018-10-07T10:21:31Z
102393,7,3.7142857142857144,0.5669467095138409,2023-02-19T17:53:53Z,2023-02-23T19:40:45Z
102585,17,3.0588235294117645,0.6819629970986437,2021-04-26T10:58:21Z,2023-10-03T06:52:21Z
102599,6,2.5833333333333335,0.6645800679125629,2021-03-16T15:20:22Z,2022-08-19T15:17:38Z
102772,6,4.25,0.5244044240850758,2023-08-02T11:08:27Z,2023-08-03T15:12:01Z
103322,6,2.75,0.689202437604511,2019-03-16T22:57:07Z,2023-06-22T03:37:06Z
103546,6,3.6666666666666665,0.6055300708194983,2023-02-24T01:17:36Z,2023-02-24T01:56:46Z
103839,8,4.75,0.4629100498862757,2020-09-09T14:58:25Z,2020-09-09T21:26:47Z
103925,19,1.4473684210526316,1.8848425873126298,2017-09-06T01:40:00Z,2023-08-10T02:16:46Z
104107,14,3.2142857142857144,0.7262730392025629,2016-05-02T23:57:22Z,2023-07-01T16:17:41Z
104108,12,2.5,1.0660035817780522,2021-09-06T11:43:21Z,2021-09-06T12:16:11Z
104122,6,1.0,1.224744871391589,2020-03-27T21:49:10Z,2020-04-09T16:21:29Z
104130,8,2.625,1.093813773650968,2018-11-01T14:48:55Z,2018-11-01T14:49:01Z
104296,11,3.772727272727273,0.7862453931068965,2021-01-08T20:56:20Z,2023-07-15T22:49:20Z
104388,5,4.3,0.8366600265340756,2020-10-23T05:20:15Z,2023-04-09T04:28:44Z
104632,5,3.7,0.6708203932499369,2017-10-16T16:44:58Z,2018-01-20T04:29:02Z
104647,12,2.375,0.6077155435054972,2016-08-27T15:49:29Z,2020-01-18T08:30:30Z
104826,7,4.142857142857143,1.313845682030609,2017-02-06T21:48:04Z,2023-01-18T19:59:13Z
104907,5,3.9,1.3416407864998738,2020-05-08T03:07:24Z,2020-05-08T03:38:57Z
104931,5,3.1,1.08397416943394,2019-05-06T04:38:39Z,2019-06-25T14:53:52Z
104959,16,2.78125,0.7063698275926947,2023-04-12T18:23:24Z,2023-04-12T18:23:44Z
105009,6,3.1666666666666665,0.983192080250175,2017-03-12T20:14:34Z,2019-04-02T20:04:00Z
105053,6,2.0,1.4142135623730951,2017-06-04T18:11:20Z,2023-07-02T10:14:49Z
105088,9,3.8333333333333335,0.6123724356957945,2019-06-07T19:42:11Z,2023-04-03T12:16:59Z
105101,9,4.0,0.7071067811865476,2023-02-07T14:38:57Z,2023-02-07T14:49:09Z
105133,8,3.375,0.5175491695067657,2018-05-01T14:53:04Z,2021-04-13T07:28:36Z
105291,6,3.25,0.9354143466934853,2017-10-21T12:27:25Z,2022-12-19T06:32:52Z
105382,7,3.4285714285714284,0.7867957924694432,2020-06-24T23:29:54Z,2022-11-17T01:24:38Z
105398,9,3.6666666666666665,0.4330127018922193,2020-01-22T18:11:49Z,2022-10-22T13:07:12Z
105482,9,3.0,0.7071067811865476,2017-05-11T16:33:29Z,2023-03-19T00:49:35Z
105648,29,3.3275862068965516,0.7230375171673508,2021-05-22T12:56:38Z,2023-10-05T02:10:32Z
105746,5,4.7,0.27386127875258304,2017-11-06T05:47:18Z,2023-10-04T18:04:35Z
105850,8,3.625,0.7440238091428449,2021-05-03T19:08:00Z,2023-01-25T02:56:16Z
105880,5,3.1,0.4183300132670378,2018-08-05T15:09:17Z,2021-06-17T10:44:34Z
105979,7,4.0,0.408248290463863,2017-01-23T19:08:50Z,2023-01-01T10:42:36Z
106068,6,3.6666666666666665,1.2516655570345725,2018-06-25T15:50:48Z,2019-01-30T21:55:56Z
106077,5,3.9,0.22360679774997896,2017-11-05T16:29:42Z,2019-12-23T12:41:54Z
106146,21,3.4523809523809526,0.567995640492995,2018-06-03T19:36:24Z,2022-09-25T22:37:45Z
106157,8,3.5625,1.208230701716948,2017-09-24T18:53:43Z,2020-01-05T20:40:52Z
106205,7,3.357142857142857,0.9880235200593538,2018-10-23T01:38:09Z,2020-07-17T03:07:34Z
106267,6,3.4166666666666665,0.3763863263545405,2016-09-23T01:09:47Z,2018-11-04T00:06:57Z
106348,14,3.892857142857143,0.525451140543915,2020-07-23T01:25:54Z,2020-07-23T01:26:00Z
106355,6,4.25,0.8215838362577492,2023-06-23T19:26:14Z,2023-06-25T00:31:17Z
106357,29,3.0,1.164964745021435,2016-05-04T13:30:06Z,2023-06-05T08:29:37Z
106426,6,4.583333333333333,0.5845225972250061,2019-12-23T11:30:55Z,2023-09-02T03:30:09Z
106566,5,2.5,1.2747548783981961,2023-07-11T18:37:18Z,2023-08-13T18:31:38Z
106726,12,3.2916666666666665,0.9159777025207281,2020-10-22T10:11:18Z,2022-11-16T18:08:29Z
106728,9,3.6666666666666665,1.0606601717798212,2022-03-16T02:00:12Z,2023-09-09T13:19:01Z
106825,6,2.9166666666666665,0.8612007121842542,2018-03-27T22:49:35Z,2021-07-18T13:51:29Z
106916,6,3.8333333333333335,0.5163977794943223,2020-04-20T10:52:20Z,2020-06-23T02:51:49Z
106999,6,4.333333333333333,0.752772652709081,2022-04-23T01:32:04Z,2022-04-26T00:18:10Z
107315,7,4.071428571428571,0.4498677054212187,2018-03-05T03:03:16Z,2023-04-19T01:33:27Z
107372,5,2.5,0.8660254037844386,2017-03-01T00:23:10Z,2023-05-08T17:12:27Z
107439,6,3.25,0.5244044240850758,2019-12-07T17:11:51Z,2021-08-06T23:25:50Z
107544,7,1.8571428571428572,2.1547290184283368,2019-06-16T15:44:50Z,2022-10-02T22:53:36Z
107568,6,3.9166666666666665,1.0206207261596576,2018-06-16T10:00:26Z,2023-06-28T20:10:34Z
107635,6,3.9166666666666665,0.3763863263545405,2020-09-21T15:28:57Z,2021-10-07T04:59:25Z
107678,5,3.4,1.1937336386313322,2019-02-26T18:44:33Z,2020-01-11T09:54:15Z
107955,5,4.0,1.0,2017-05-08T00:59:22Z,2020-11-10T00:45:05Z
108145,6,3.3333333333333335,0.5163977794943223,2021-05-01T01:42:40Z,2022-10-16T09:44:44Z
108329,5,4.4,0.4183300132670378,2019-11-16T20:03:50Z,2023-02-11T18:06:37Z
108381,6,2.3333333333333335,1.834847859269718,2022-12-24T20:39:55Z,2022-12-30T20:31:46Z
108412,46,1.0543478260869565,1.4229400739687812,2023-01-13T00:30:53Z,2023-04-05T01:34:03Z
108488,14,3.642857142857143,0.36313651960128146,2016-08-12T16:22:14Z,2023-09-22T16:44:09Z
108528,5,3.2,1.036822067666386,2019-04-26T22:20:39Z,2022-01-18T18:36:37Z
108778,7,4.142857142857143,0.8997354108424374,2019-01-15T16:15:03Z,2019-11-09T04:28:14Z
109220,6,4.75,0.4183300132670378,2019-04-02T02:15:27Z,2019-10-13T00:49:24Z
109242,5,3.6,0.22360679774997896,2018-01-18T18:08:00Z,2018-01-30T22:15:19Z
109258,7,2.857142857142857,0.5563486402641868,2020-03-07T00:34:30Z,2023-09-15T11:03:14Z
109263,10,3.2,0.9486832980505138,2016-10-17T11:22:43Z,2021-08-30T23:30:51Z
109301,5,4.2,0.570087712549569,2021-05-22T02:48:28Z,2021-05-22T03:44:14Z
109515,8,3.75,0.4629100498862757,2022-01-18T20:53:19Z,2023-04-07T20:33:23Z
109548,5,3.7,0.27386127875258304,2019-07-17T19:32:15Z,2022-12-04T17:24:37Z
109599,5,4.2,0.27386127875258304,2023-02-21T04:40:26Z,2023-02-21T04:52:16Z
109831,8,3.3125,1.0999188281738923,2020-03-08T08:47:31Z,2022-01-03T19:14:40Z
109881,6,3.0833333333333335,1.1583033569262702,2020-03-13T16:07:27Z,2022-02-24T04:31:14Z
109956,9,4.333333333333333,0.4330127018922193,2021-01-19T07:55:57Z,2023-05-06T21:07:10Z
109985,7,4.714285714285714,0.5669467095138409,2020-10-08T05:33:15Z,2020-10-08T05:40:34Z
110021,6,4.833333333333333,0.408248290463863,2019-06-09T22:56:10Z,2020-02-25T20:01:56Z
110096,6,2.6666666666666665,1.4375905768565216,2020-11-10T18:05:30Z,2021-08-03T20:13:52Z
110168,10,4.0,0.7071067811865476,2015-12-18T17:50:13Z,2021-04-16T01:01:21Z
110271,6,3.5833333333333335,1.0684880283216405,2022-09-09T19:52:43Z,2023-02-03T16:24:27Z
110462,39,3.4358974358974357,0.5640488871529803,2021-05-07T22:01:42Z,2021-10-26T19:19:33Z
110495,7,4.0,0.6454972243679028,2017-08-22T13:27:33Z,2022-09-11T18:38:45Z
110504,6,4.333333333333333,0.25819888974716115,2021-02-18T18:07:51Z,2021-02-18T18:17:18Z
110754,8,0.5,0.0,2022-04-23T13:07:29Z,2023-01-20T17:15:20Z
110941,11,3.6363636363636362,0.3233348953414316,2016-06-27T15:16:14Z,2023-01-17T21:57:14Z
110966,5,2.2,2.3345235059857505,2023-07-25T02:39:33Z,2023-08-10T00:56:50Z
111045,9,4.0,0.7071067811865476,2020-08-28T10:04:52Z,2023-08-25T21:16:29Z
111091,20,3.45,0.5104177855340404,2016-02-25T21:26:04Z,2023-08-08T21:59:30Z
111253,5,3.9,0.7416198487095663,2021-07-22T23:04:32Z,2022-11-18T21:58:29Z
111385,5,4.2,0.8366600265340756,2018-03-10T08:19:12Z,2022-09-07T07:04:02Z
111497,6,3.5833333333333335,0.4915960401250875,2021-04-09T06:10:35Z,2023-01-29T18:06:26Z
111654,5,3.4,0.6519202405202649,2020-06-09T08:41:12Z,2022-09-10T10:16:15Z
111765,6,3.8333333333333335,0.408248290463863,2020-08-27T13:35:46Z,2023-06-06T21:20:36Z
111801,6,4.5,0.6324555320336759,2020-05-13T16:22:15Z,2022-09-06T17:50:09Z
111862,8,3.9375,1.1475906437899734,2020-09-01T02:52:06Z,2022-09-09T23:18:23Z
112015,18,2.9722222222222223,0.9621089308239695,2017-06-13T09:03:09Z,2023-02-03T07:14:10Z
112133,13,3.730769230769231,0.6956826568014751,2020-01-11T22:00:59Z,2021-10-31T02:52:42Z
112199,10,3.55,0.5986094998689324,2022-01-18T21:56:40Z,2023-05-04T01:14:18Z
112311,5,3.8,1.2549900398011133,2020-08-15T02:06:03Z,2020-08-15T16:17:13Z
112569,14,3.75,0.5459642140991688,2017-03-27T05:18:08Z,2022-08-07T01:41:14Z
112570,8,3.3125,1.334634781503914,2021-11-27T22:06:15Z,2023-06-03T13:26:20Z
112602,10,4.0,0.6236095644623235,2017-04-06T02:27:36Z,2022-11-10T22:53:47Z
112765,26,2.9038461538461537,0.7485884152086615,2015-10-03T14:43:07Z,2021-08-16T23:54:19Z
112826,6,2.0,0.4472135954999579,2017-05-06T00:42:24Z,2022-11-04T23:15:04Z
112964,12,2.7916666666666665,0.8649312461728161,2017-07-23T21:50:19Z,2022-09-27T23:57:23Z
113060,7,4.357142857142857,0.6900655593423543,2020-07-18T22:57:55Z,2020-07-18T23:05:52Z
113334,6,4.083333333333333,0.8612007121842542,2019-09-21T03:17:16Z,2019-09-28T14:38:38Z
113477,14,2.0357142857142856,2.1524966337352907,2020-12-13T01:13:11Z,2020-12-13T07:47:58Z
113480,5,3.9,0.4183300132670378,2020-10-27T05:27:28Z,2023-06-10T14:46:21Z
113495,6,3.3333333333333335,0.25819888974716115,2020-03-26T10:51:06Z,2022-11-12T21:44:10Z
113506,6,4.5,0.8366600265340756,2023-08-18T03:59:48Z,2023-08-18T04:37:25Z
113654,14,2.857142857142857,0.36313651960128146,2021-02-10T21:32:59Z,2022-12-05T16:17:17Z
113689,9,3.7777777777777777,0.754615428178118,2017-09-12T15:20:14Z,2019-11-12T16:03:24Z
113739,6,4.083333333333333,0.9703951085339758,2021-01-18T20:41:19Z,2022-10-21T17:55:34Z
113763,5,3.1,1.4747881203752626,2016-09-18T19:56:27Z,2022-09-27T13:12:38Z
113814,7,3.857142857142857,0.8997354108424374,2019-07-16T18:40:43Z,2023-01-10T13:51:08Z
113821,7,3.5714285714285716,0.3450327796711771,2020-01-21T11:45:57Z,2023-02-21T11:14:58Z
113994,11,3.090909090909091,0.9438798074485389,2019-01-09T23:24:17Z,2022-10-28T22:42:37Z
114188,5,4.1,0.6519202405202649,2020-07-18T19:47:00Z,2023-01-13T03:56:41Z
114258,10,3.1,0.699205898780101,2015-12-02T09:05:32Z,2023-09-06T18:12:17Z
114536,7,3.7142857142857144,0.6362090102803518,2018-01-30T09:42:05Z,2022-08-16T20:41:42Z
114578,7,4.714285714285714,0.3933978962347216,2022-10-30T05:17:02Z,2022-11-01T13:57:39Z
114647,6,3.8333333333333335,0.6055300708194983,2020-12-05T13:01:11Z,2023-07-04T14:37:59Z
114787,5,4.0,0.3535533905932738,2021-04-07T22:38:40Z,2022-09-05T00:12:22Z
114790,9,3.6666666666666665,0.4330127018922193,2019-07-16T22:56:03Z,2019-07-18T02:52:50Z
114853,7,4.571428571428571,0.5345224838248488,2022-01-15T21:58:11Z,2022-01-17T03:42:50Z
115247,5,3.7,0.570087712549569,2021-03-16T03:06:51Z,2021-04-01T04:30:42Z
115251,8,3.8125,0.9977653603356423,2020-04-08T23:55:31Z,2020-04-08T23:55:42Z
115312,6,4.583333333333333,0.801040989379861,2019-06-29T23:10:25Z,2019-07-08T03:51:22Z
115454,6,3.5,0.8366600265340756,2020-01-24T21:21:46Z,2020-01-24T21:21:47Z
115748,13,3.4615384615384617,0.43115824925128815,2017-04-02T06:07:42Z,2023-08-21T08:02:12Z
115755,5,4.0,1.0,2017-03-25T13:43:42Z,2022-12-04T23:40:33Z
115861,17,3.2941176470588234,0.8112263773411942,2018-08-09T20:45:15Z,2023-09-05T21:34:07Z
116172,7,3.2857142857142856,1.0350983390135313,2019-02-07T17:31:24Z,2019-02-08T02:05:05Z
116198,18,3.7777777777777777,0.39191168806483695,2022-05-15T12:33:26Z,2023-07-29T06:54:10Z
116253,10,4.1,0.45946829173634074,2018-09-12T20:25:11Z,2023-08-19T17:14:40Z
116334,5,3.4,1.1937336386313322,2021-11-16T04:44:03Z,2021-11-16T06:19:10Z
116422,8,2.1875,0.7989949043284676,2017-09-10T02:53:03Z,2022-12-30T15:23:58Z
116449,10,3.95,0.6851601597031488,2020-03-08T17:03:30Z,2023-02-12T07:07:17Z
116630,16,3.375,0.4654746681256314,2022-07-26T19:11:39Z,2022-07-26T19:11:49Z
116828,8,3.1875,1.6677080080157918,2018-10-05T20:39:42Z,2020-04-13T23:23:25Z
116900,12,3.5833333333333335,0.6336522323129238,2022-06-29T12:30:00Z,2023-03-01T22:28:22Z
116907,6,3.0833333333333335,0.4915960401250875,2017-07-04T03:50:10Z,2023-01-19T01:11:19Z
116930,23,3.6956521739130435,0.8493196533212843,2021-01-13T04:51:08Z,2021-12-26T20:38:46Z
116948,10,3.6,0.9660917830792959,2020-10-14T06:37:53Z,2021-10-05T04:31:16Z
117151,12,3.375,0.7423855895936853,2017-03-23T21:11:25Z,2023-10-09T14:15:50Z
117166,5,4.0,0.3535533905932738,2020-08-25T09:50:40Z,2020-08-26T22:07:21Z
117347,6,3.8333333333333335,0.6831300510639732,2020-07-07T22:37:33Z,2020-07-08T18:27:24Z
117463,13,3.230769230769231,0.6956826568014751,2017-02-08T01:43:03Z,2023-05-27T06:12:16Z
117579,30,3.433333333333333,0.4301830671520763,2019-11-13T03:59:37Z,2023-04-20T02:34:48Z
117613,12,3.125,1.0686652677735224,2016-01-01T16:43:17Z,2023-10-11T08:29:56Z
117624,5,4.5,0.3535533905932738,2022-08-28T05:19:31Z,2022-08-28T05:46:33Z
117695,13,3.730769230769231,0.8567230351603481,2023-06-05T06:16:36Z,2023-07-04T20:06:57Z
117892,11,4.318181818181818,0.873862897505303,2017-12-20T02:27:43Z,2022-10-15T01:42:26Z
117951,16,3.40625,0.7792892060504025,2020-10-19T05:58:17Z,2021-06-05T21:24:05Z
118020,7,1.5,0.7071067811865476,2022-10-05T05:43:09Z,2022-10-08T19:43:09Z
118142,6,2.5,1.3416407864998738,2020-07-21T19:53:57Z,2023-08-18T08:23:12Z
118375,7,3.0,0.28867513459481287,2017-02-18T15:49:48Z,2023-04-02T08:07:56Z
118419,12,3.0833333333333335,1.1043989178267832,2020-12-05T13:13:12Z,2022-09-20T11:44:45Z
118471,5,3.3,1.6046806535881213,2019-12-02T05:38:11Z,2020-03-20T20:57:12Z
118475,11,3.227272727272727,1.0574411653523887,2021-11-26T13:56:13Z,2021-11-26T14:22:52Z
119227,5,3.5,0.7905694150420949,2019-08-12T20:36:41Z,2023-06-22T02:06:18Z
119247,47,1.925531914893617,1.2378923330835856,2018-05-16T11:50:52Z,2023-01-29T02:23:16Z
119429,5,3.6,0.4183300132670378,2016-12-17T16:57:29Z,2020-05-09T16:43:16Z
119724,5,3.3,0.8366600265340756,2018-02-19T05:09:48Z,2020-10-10T06:21:01Z
119764,6,3.8333333333333335,0.25819888974716115,2018-02-11T00:47:25Z,2022-12-22T06:32:58Z
119937,5,4.6,0.8944271909999159,2020-12-05T07:01:50Z,2021-10-25T06:50:42Z
120035,8,3.4375,0.6232117273791125,2018-11-09T22:51:22Z,2023-08-09T11:28:02Z
120080,19,2.8157894736842106,0.5580354010024183,2017-09-19T16:37:50Z,2022-05-17T22:42:18Z
120498,7,3.9285714285714284,0.3450327796711771,2022-06-13T08:35:13Z,2023-09-29T05:53:44Z
120892,7,1.0714285714285714,0.3450327796711771,2020-08-13T08:18:15Z,2023-07-09T22:45:20Z
120976,5,2.9,1.08397416943394,2018-12-21T18:10:17Z,2022-12-22T11:58:42Z
121064,5,3.4,0.22360679774997896,2019-07-15T14:22:28Z,2019-07-15T15:11:00Z
121258,7,3.142857142857143,1.0690449676496976,2022-10-12T00:51:27Z,2023-10-06T17:15:42Z
121261,9,2.7777777777777777,1.0639287779003088,2018-03-07T01:07:59Z,2018-03-07T01:12:54Z
121294,5,2.2,1.3509256086106296,2016-12-27T21:42:51Z,2019-08-17T20:30:19Z
121730,8,2.75,0.8864052604279183,2017-08-04T09:54:22Z,2023-03-08T20:02:38Z
121783,6,3.8333333333333335,0.408248290463863,2020-11-10T02:55:33Z,2023-04-18T19:43:33Z
121969,6,2.6666666666666665,0.816496580927726,2019-08-24T20:42:17Z,2021-12-14T22:13:26Z
122366,5,3.3,1.1510864433221337,2021-05-05T14:09:09Z,2023-04-24T03:28:30Z
122411,16,3.46875,0.42695628191498325,2020-03-30T18:55:34Z,2022-09-21T07:10:05Z
122544,19,2.5789473684210527,0.651134861750724,2017-05-07T07:29:44Z,2023-05-05T06:35:28Z
122661,5,4.0,0.3535533905932738,2017-07-14T10:52:22Z,2022-12-29T16:08:44Z
122881,8,3.1875,0.5303300858899106,2017-07-15T22:21:49Z,2023-02-02T08:38:26Z
122915,6,3.0,0.9486832980505138,2023-07-12T22:11:00Z,2023-07-13T14:19:01Z
123049,15,2.066666666666667,1.0997835284835873,2019-03-05T16:51:56Z,2021-03-15T18:03:26Z
123239,13,3.4615384615384617,0.9004984374763989,2020-04-13T07:54:28Z,2020-10-31T21:08:40Z
123263,9,3.888888888888889,0.485912657903775,2023-06-12T00:03:34Z,2023-06-12T00:27:59Z
123332,7,4.071428571428571,0.8864052604279183,2018-12-30T11:06:54Z,2021-04-17T12:19:29Z
123465,12,3.0833333333333335,1.1838560518556094,2017-05-20T04:10:15Z,2023-01-17T16:48:17Z
123683,6,3.5,0.5477225575051661,2017-07-26T13:29:02Z,2017-07-26T13:29:05Z
123807,34,4.0,0.8438727464026861,2021-09-06T23:36:34Z,2023-02-04T04:37:01Z
123959,9,4.166666666666667,0.6123724356957945,2019-01-31T05:18:14Z,2023-01-16T08:15:54Z
124002,11,3.6818181818181817,1.0787197799411874,2023-06-18T23:25:54Z,2023-10-07T23:11:39Z
124242,12,3.25,0.753778361444409,2017-10-10T10:02:29Z,2019-01-10T20:36:37Z
124349,6,3.6666666666666665,0.6055300708194983,2023-04-17T20:24:57Z,2023-04-17T20:31:36Z
124363,5,4.0,0.3535533905932738,2017-05-04T14:05:15Z,2021-02-18T13:34:21Z
124401,38,3.4078947368421053,0.7430330751604274,2017-06-01T06:59:24Z,2023-10-01T01:29:05Z
124620,5,0.5,0.0,2020-06-22T04:00:09Z,2020-06-23T09:43:45Z
124806,5,2.2,1.036822067666386,2017-09-28T17:37:44Z,2023-09-27T17:41:37Z
124858,5,3.1,0.9617692030835673,2016-04-22T12:33:05Z,2020-03-14T15:56:24Z
124897,6,4.583333333333333,0.3763863263545405,2017-09-22T21:31:58Z,2021-10-26T00:50:34Z
125054,10,3.5,0.8498365855987975,2017-05-14T21:17:09Z,2023-02-25T18:34:03Z
125138,11,3.1363636363636362,0.8090398349558905,2017-06-07T09:29:21Z,2023-08-11T20:34:59Z
125304,5,4.7,0.27386127875258304,2021-03-25T23:12:51Z,2021-03-25T23:57:19Z
125305,6,4.25,0.5244044240850758,2019-03-06T02:27:17Z,2019-03-26T00:58:04Z
125531,6,3.6666666666666665,0.6831300510639732,2020-05-18T02:10:48Z,2022-09-27T23:53:09Z
125615,7,3.642857142857143,1.2149857925879117,2019-09-28T15:00:49Z,2020-09-13T13:44:02Z
125635,11,3.8636363636363638,0.45226701686664544,2018-12-16T01:32:27Z,2022-09-03T23:14:40Z
125801,5,3.3,0.570087712549569,2022-02-21T01:55:48Z,2022-02-21T01:55:52Z
125889,8,3.6875,0.7039429765866794,2022-05-25T21:57:30Z,2022-05-25T21:57:34Z
126019,6,3.8333333333333335,0.816496580927726,2017-04-30T14:10:47Z,2020-05-07T07:56:36Z
126318,6,2.6666666666666665,0.983192080250175,2023-05-12T21:29:00Z,2023-05-12T21:53:39Z
126678,10,3.25,1.0069204977995476,2015-12-09T02:42:11Z,2023-09-27T07:44:27Z
127125,8,3.4375,1.0835622468770048,2017-05-13T11:46:23Z,2022-11-13T14:36:11Z
127138,5,3.7,0.27386127875258304,2017-12-26T17:00:28Z,2023-01-14T03:57:26Z
127257,7,3.9285714285714284,0.6074928962939559,2018-09-22T23:22:28Z,2019-07-28T13:14:07Z
127335,17,3.411764705882353,0.5372177781649362,2016-01-30T09:41:29Z,2019-07-27T12:17:05Z
127417,7,4.285714285714286,0.4879500364742666,2019-05-04T09:36:06Z,2019-05-04T11:55:56Z
127521,31,3.0,0.9036961141150639,2019-06-22T06:49:15Z,2023-09-19T01:44:06Z
127535,9,3.0555555555555554,0.9166666666666666,2020-01-27T00:43:41Z,2022-05-02T18:16:36Z
127622,11,3.909090909090909,0.7354652207338501,2018-06-09T08:51:43Z,2022-08-13T02:44:46Z
127637,14,3.392857142857143,1.0410529327518407,2022-11-11T22:57:58Z,2023-09-10T20:29:10Z
128072,11,2.6363636363636362,0.7775252115175781,2020-01-08T09:31:47Z,2023-10-05T04:51:08Z
128214,7,3.857142857142857,0.5563486402641868,2021-05-29T14:12:06Z,2023-05-07T16:12:52Z
128416,9,3.9444444444444446,0.3004626062886658,2023-01-15T01:46:03Z,2023-01-15T02:30:00Z
128596,5,4.1,0.7416198487095663,2021-03-30T17:21:19Z,2023-01-17T22:41:10Z
128712,9,3.388888888888889,0.6009252125773316,2017-05-12T13:20:15Z,2023-10-01T08:32:48Z
128751,7,3.7857142857142856,0.7559289460184545,2017-04-26T12:51:58Z,2022-06-03T18:21:32Z
128942,8,4.0625,0.9797047660246573,2020-06-26T06:29:40Z,2023-05-25T18:08:02Z
129109,13,3.923076923076923,0.5717718748968657,2022-06-29T13:07:15Z,2022-06-29T13:07:18Z
129262,5,3.5,0.6123724356957945,2016-07-16T22:10:45Z,2017-08-22T20:13:18Z
129338,5,2.8,0.570087712549569,2018-01-17T22:36:20Z,2023-04-27T02:01:01Z
129436,6,3.6666666666666665,0.752772652709081,2019-07-11T04:22:49Z,2019-07-13T00:44:40Z
129705,17,3.6176470588235294,1.008238125467917,2017-09-17T07:29:08Z,2023-04-18T05:51:55Z
129834,5,3.8,0.4472135954999579,2020-03-31T01:04:04Z,2023-02-16T23:27:50Z
129858,9,3.3333333333333335,1.0897247358851685,2020-05-02T10:24:02Z,2023-09-18T08:08:50Z
129909,12,3.2083333333333335,1.137348058450273,2017-10-26T18:09:55Z,2023-07-05T19:47:00Z
130078,6,3.3333333333333335,1.2909944487358056,2019-06-12T05:13:31Z,2023-03-31T02:37:14Z
130136,6,4.083333333333333,0.3763863263545405,2023-01-06T19:11:45Z,2023-08-08T10:40:34Z
130496,15,3.433333333333333,0.5300494136893097,2023-05-01T06:53:16Z,2023-05-09T05:17:31Z
130642,9,3.0555555555555554,0.8079466429027216,2020-01-06T15:42:24Z,2022-05-13T23:38:24Z
130842,5,4.2,0.570087712549569,2020-05-20T00:58:50Z,2020-09-12T19:39:03Z
130843,5,3.5,0.0,2021-08-23T08:07:09Z,2021-08-23T08:07:09Z
130932,5,3.8,0.758287544405155,2019-01-06T21:21:25Z,2019-07-18T19:08:24Z
131116,10,2.55,0.9264628073124864,2016-09-12T00:58:16Z,2020-12-31T15:22:30Z
131143,5,4.2,0.4472135954999579,2017-08-19T15:01:55Z,2018-10-16T19:59:23Z
131473,6,3.3333333333333335,0.25819888974716115,2022-10-10T09:14:59Z,2022-10-29T13:47:20Z
131523,16,3.09375,0.5543389456520863,2021-01-01T23:08:25Z,2023-09-07T16:32:43Z
131628,6,4.166666666666667,0.6055300708194983,2020-09-14T19:48:09Z,2020-09-14T19:48:10Z
131675,6,2.6666666666666665,1.96638416050035,2020-02-19T00:30:21Z,2021-05-18T23:41:41Z
131703,9,3.3333333333333335,0.6614378277661477,2020-01-02T23:47:44Z,2020-01-02T23:47:45Z
132046,7,3.4285714285714284,0.5345224838248488,2022-04-18T13:26:07Z,2023-08-07T17:39:28Z
132180,7,2.5714285714285716,1.3047532151257388,2019-11-11T14:41:03Z,2023-02-04T17:50:53Z
132183,10,3.7,0.6324555320336759,2018-04-27T21:02:14Z,2022-03-03T10:45:47Z
132226,19,2.236842105263158,2.050531239111733,2020-01-13T23:54:49Z,2021-05-10T06:00:13Z
132239,8,3.3125,0.5938674695827104,2023-08-03T03:42:45Z,2023-08-03T07:23:14Z
132245,15,3.7,1.1148350294358098,2017-07-10T19:42:32Z,2022-12-24T15:27:44Z
132395,9,3.8333333333333335,0.7071067811865476,2018-06-10T17:23:26Z,2018-06-10T17:23:27Z
132423,9,4.611111111111111,0.485912657903775,2020-04-05T05:09:21Z,2020-06-19T20:09:47Z
132525,6,4.083333333333333,0.4915960401250875,2016-05-29T15:12:59Z,2017-09-01T20:28:19Z
132558,5,4.3,0.4472135954999579,2017-11-02T20:19:19Z,2022-11-05T22:16:48Z
132575,6,3.0,0.7071067811865476,2022-03-19T21:50:23Z,2022-03-19T22:45:53Z
132579,14,3.857142857142857,0.4127101529277785,2017-06-09T19:36:12Z,2019-06-03T19:49:36Z
132664,9,3.2777777777777777,0.7949493345141214,2021-04-04T09:29:54Z,2021-04-04T09:29:55Z
132721,6,3.5,0.4472135954999579,2017-07-31T02:27:17Z,2017-07-31T02:27:22Z
132839,17,2.4411764705882355,1.1974237050483696,2019-10-12T20:18:35Z,2023-07-24T08:28:37Z
133113,10,2.8,0.8881941729649485,2020-11-02T21:44:32Z,2020-11-02T21:44:37Z
133145,5,3.6,0.5477225575051661,2017-07-31T18:41:59Z,2022-11-16T20:38:14Z
133247,10,3.35,0.8834905520465715,2018-03-01T04:22:58Z,2023-07-16T07:33:31Z
133425,9,2.9444444444444446,1.0137937550497034,2019-06-08T23:59:33Z,2023-09-29T23:35:36Z
133464,8,3.3125,1.0669549461635468,2017-11-21T23:49:24Z,2022-11-23T03:45:40Z
133495,14,4.214285714285714,0.6419407387663694,2023-08-17T04:30:34Z,2023-08-18T04:34:08Z
133610,8,3.6875,0.45806269065645216,2020-03-27T18:59:49Z,2023-09-11T22:20:52Z
133756,5,3.4,1.08397416943394,2018-08-19T14:33:52Z,2018-08-19T14:34:01Z
133941,6,3.0833333333333335,0.4915960401250875,2018-10-21T16:16:23Z,2021-07-26T12:11:19Z
133975,5,3.0,1.2747548783981961,2023-08-09T19:17:56Z,2023-08-09T20:57:49Z
133982,6,3.25,0.27386127875258304,2017-09-04T01:39:20Z,2022-09-28T15:39:58Z
134253,7,4.428571428571429,0.3450327796711771,2021-02-28T23:53:01Z,2023-06-03T16:40:53Z
134356,8,3.25,1.0690449676496976,2019-04-23T07:30:16Z,2023-02-27T18:29:14Z
134394,5,2.5,1.0,2019-11-19T01:54:35Z,2023-07-30T01:05:09Z
134435,7,4.357142857142857,0.37796447300922725,2018-10-08T18:16:08Z,2023-10-12T17:34:36Z
134520,6,3.1666666666666665,0.408248290463863,2023-08-22T14:28:44Z,2023-08-22T18:22:55Z
134905,6,3.4166666666666665,1.5302505241517372,2019-04-03T02:55:19Z,2019-04-03T04:22:59Z
134969,6,3.75,0.4183300132670378,2018-03-17T23:21:13Z,2020-01-02T20:22:08Z
135076,5,4.2,0.9746794344808964,2023-01-21T14:45:08Z,2023-05-03T16:27:33Z
135312,5,4.4,0.5477225575051661,2023-02-07T06:28:50Z,2023-02-07T07:16:41Z
135340,10,3.4,0.7378647873726218,2020-04-21T00:46:29Z,2020-05-17T22:16:19Z
135365,5,3.5,1.0,2020-08-08T23:10:25Z,2020-08-08T23:10:28Z
135448,7,4.5,0.8660254037844386,2022-08-24T08:40:57Z,2023-04-26T05:08:30Z
135470,5,1.0,0.0,2020-04-03T00:02:27Z,2020-04-03T00:43:06Z
135553,22,3.090909090909091,0.8111773283374345,2017-12-07T22:22:23Z,2023-09-06T05:03:22Z
135555,6,3.4166666666666665,0.8612007121842542,2016-11-28T04:41:21Z,2019-08-25T18:59:04Z
135592,5,3.1,0.22360679774997896,2017-09-11T18:24:03Z,2023-01-31T19:36:06Z
135819,5,4.2,0.27386127875258304,2022-12-06T13:55:03Z,2022-12-06T23:12:14Z
135882,5,3.3,0.27386127875258304,2018-04-21T18:01:45Z,2022-10-09T20:22:51Z
136070,12,3.25,0.45226701686664544,2017-05-21T16:50:37Z,2020-06-21T22:41:12Z
136146,5,3.9,1.08397416943394,2019-01-02T14:13:35Z,2022-10-14T10:42:51Z
136275,5,3.6,1.02469507659596,2020-08-30T05:38:55Z,2022-11-13T01:39:38Z
136349,6,3.5833333333333335,0.917423929634859,2020-08-10T00:13:45Z,2023-03-30T17:02:56Z
136428,9,4.111111111111111,0.6009252125773316,2020-12-02T10:21:53Z,2022-01-02T18:06:01Z
136791,12,3.3333333333333335,0.6853444168423419,2019-11-18T00:48:20Z,2023-10-06T21:52:34Z
136842,6,1.5833333333333333,1.1583033569262702,2019-05-22T23:12:09Z,2021-07-16T04:27:59Z
136914,6,4.166666666666667,0.5163977794943223,2021-01-01T03:46:33Z,2021-01-03T23:00:52Z
137064,6,3.6666666666666665,0.5163977794943223,2019-12-30T09:56:38Z,2019-12-30T21:03:55Z
137323,5,3.9,0.6519202405202649,2022-04-08T12:47:49Z,2023-03-31T11:44:03Z
137483,5,4.2,0.4472135954999579,2021-08-04T00:09:35Z,2023-03-19T03:18:12Z
137495,6,3.5,0.8366600265340756,2018-11-25T05:21:08Z,2023-08-06T02:18:01Z
137659,7,3.857142857142857,0.6900655593423543,2018-05-12T19:27:09Z,2022-11-11T19:09:43Z
137740,5,4.3,0.27386127875258304,2021-01-14T21:16:07Z,2021-01-15T04:21:44Z
137870,6,3.5833333333333335,1.0206207261596576,2017-06-06T19:54:58Z,2019-12-03T21:44:36Z
137909,14,3.7857142857142856,0.9749612559222293,2021-11-13T21:50:49Z,2023-07-15T00:31:46Z
137988,5,4.3,0.27386127875258304,2020-04-02T17:26:26Z,2020-06-16T04:02:10Z
138059,8,1.375,1.0606601717798212,2021-01-30T08:00:29Z,2021-02-01T19:55:49Z
138109,9,4.722222222222222,0.36324157862838946,2019-05-05T11:55:09Z,2020-04-29T00:03:51Z
138191,7,2.357142857142857,0.9880235200593538,2022-02-03T22:17:09Z,2022-08-08T07:00:01Z
138225,7,3.0714285714285716,1.3363062095621219,2017-07-13T10:40:39Z,2022-10-02T15:21:56Z
138378,5,3.7,0.6708203932499369,2022-06-19T10:17:08Z,2022-06-19T23:08:17Z
138397,5,4.0,0.7905694150420949,2020-03-25T21:41:29Z,2020-03-26T03:13:28Z
138683,5,4.1,0.6519202405202649,2018-01-23T14:45:04Z,2022-06-17T17:01:09Z
138789,20,4.575,0.3725799101852973,2018-04-22T00:42:34Z,2023-10-10T16:29:42Z
138940,5,4.0,0.7905694150420949,2019-04-29T20:42:58Z,2020-01-24T02:55:27Z
139018,21,2.2142857142857144,0.435069780938316,2021-12-29T23:26:48Z,2021-12-29T23:27:44Z
139055,7,3.7857142857142856,0.4879500364742666,2019-01-22T15:52:30Z,2023-09-19T15:36:38Z
139084,8,3.25,0.7071067811865476,2021-03-14T21:04:40Z,2022-02-11T20:56:16Z
139166,7,3.142857142857143,1.0293317295817757,2017-10-19T01:02:47Z,2022-09-11T14:02:42Z
139212,6,3.4166666666666665,0.9703951085339758,2017-07-05T04:44:22Z,2022-09-09T00:50:56Z
139296,7,3.357142857142857,0.8017837257372732,2021-04-05T20:34:29Z,2023-10-04T02:23:58Z
139369,16,3.46875,0.8055795015597985,2021-04-19T21:41:14Z,2023-09-17T15:29:16Z
139459,6,3.0,0.31622776601683794,2017-06-07T07:51:21Z,2023-02-18T21:33:18Z
139878,5,3.9,0.4183300132670378,2022-09-19T20:14:31Z,2022-09-21T18:19:03Z
139949,7,4.0,0.5,2016-12-12T22:50:25Z,2023-06-06T08:20:33Z
139952,9,4.055555555555555,1.102396379610246,2017-04-08T02:11:59Z,2022-12-08T07:49:25Z
140147,8,4.25,0.7071067811865476,2020-02-11T03:27:18Z,2020-12-22T02:22:31Z
140377,7,3.5,0.408248290463863,2017-06-19T09:35:44Z,2022-08-28T06:17:02Z
140400,10,3.75,0.26352313834736496,2018-06-11T17:54:33Z,2023-10-07T23:47:13Z
140675,5,3.6,0.5477225575051661,2017-09-29T17:15:21Z,2017-09-29T17:15:23Z
140752,13,3.6538461538461537,0.6253204306798563,2023-01-04T15:49:09Z,2023-01-04T15:49:32Z
140832,8,3.375,1.620185174601965,2019-09-18T20:28:50Z,2019-09-18T20:41:39Z
141098,12,2.5416666666666665,1.137348058450273,2023-06-27T19:08:29Z,2023-06-27T21:00:23Z
141136,9,3.111111111111111,1.024017143953709,2020-01-04T10:32:27Z,2022-11-16T06:41:26Z
141242,10,2.35,1.0814085465005556,2020-10-21T20:13:07Z,2023-02-26T21:23:54Z
141283,5,3.3,0.4472135954999579,2017-05-01T00:01:50Z,2022-03-20T21:58:03Z
141289,9,3.111111111111111,0.3333333333333333,2018-03-03T12:27:29Z,2023-07-15T14:33:04Z
141385,5,3.7,0.9082951062292475,2022-09-16T01:24:51Z,2022-10-30T06:27:51Z
141401,5,4.6,0.5477225575051661,2022-10-18T19:31:16Z,2023-02-05T17:16:13Z
141526,13,3.6538461538461537,0.6577935144802719,2017-07-01T23:15:35Z,2023-09-24T22:35:33Z
141557,7,4.071428571428571,1.1700630833624395,2018-10-28T19:22:29Z,2023-09-12T09:52:57Z
141567,9,3.7777777777777777,0.6180165405913053,2023-10-09T00:37:48Z,2023-10-09T00:38:09Z
141590,9,3.888888888888889,0.961046882889233,2017-09-23T04:24:27Z,2023-05-07T18:08:22Z
141605,7,2.5,0.7071067811865476,2022-11-16T15:34:20Z,2022-11-17T14:38:40Z
141676,11,3.4545454545454546,0.8201995322647244,2020-06-22T17:49:13Z,2020-09-18T16:41:07Z
142004,5,4.3,0.27386127875258304,2019-07-21T16:02:17Z,2020-06-21T19:05:38Z
142078,6,4.083333333333333,0.4915960401250875,2020-05-16T20:00:09Z,2022-01-19T21:23:40Z
142189,18,3.8333333333333335,0.9235481451827989,2017-05-13T10:04:38Z,2023-05-17T19:00:44Z
142278,6,4.0,0.0,2018-09-11T20:38:33Z,2019-02-25T14:18:42Z
142299,7,2.857142857142857,1.1443442705426587,2022-01-05T00:22:54Z,2022-01-06T12:31:21Z
142656,9,3.1666666666666665,0.7071067811865476,2020-10-09T15:21:29Z,2023-10-12T10:04:00Z
142848,6,4.5,0.6324555320336759,2017-03-11T13:40:50Z,2022-05-29T17:00:12Z
142999,6,4.083333333333333,0.4915960401250875,2019-08-17T20:56:39Z,2020-08-16T20:56:07Z
143019,5,3.0,0.3535533905932738,2017-12-11T15:04:09Z,2023-06-23T01:34:36Z
143060,5,3.5,0.7905694150420949,2021-10-23T00:29:20Z,2021-10-23T02:03:29Z
143105,7,4.285714285714286,0.2672612419124244,2017-08-07T01:45:44Z,2022-05-28T04:24:46Z
143109,12,3.4583333333333335,0.8382431122004613,2020-04-26T08:50:22Z,2023-10-03T16:40:08Z
143196,6,4.833333333333333,0.408248290463863,2022-02-16T19:54:28Z,2022-02-16T20:17:49Z
143337,10,3.3,0.6324555320336759,2019-11-05T11:12:01Z,2019-11-05T11:12:10Z
143361,5,3.4,0.8215838362577492,2022-06-07T01:11:13Z,2022-07-01T21:49:45Z
143468,8,3.0625,0.9038607667745545,2017-05-28T00:56:01Z,2023-02-17T13:07:30Z
143501,6,4.0,0.6324555320336759,2017-11-08T20:09:03Z,2022-08-02T22:23:45Z
143551,6,4.25,0.27386127875258304,2023-05-08T01:14:43Z,2023-07-17T00:55:48Z
143779,5,3.9,0.4183300132670378,2019-10-13T00:15:32Z,2019-10-13T00:15:33Z
143886,7,3.2857142857142856,0.6362090102803518,2019-01-27T12:57:19Z,2021-04-30T17:17:22Z
143888,5,0.9,0.22360679774997896,2022-08-23T02:27:44Z,2022-08-23T02:32:14Z
143932,15,3.3333333333333335,0.816496580927726,2016-09-10T10:09:42Z,2022-09-21T12:36:09Z
144023,6,1.8333333333333333,1.505545305418162,2019-09-01T04:26:39Z,2023-04-16T02:13:33Z
144221,5,3.6,1.140175425099138,2021-08-22T16:57:30Z,2022-12-25T16:34:32Z
144253,6,3.0833333333333335,1.2812754062521714,2019-05-14T18:52:54Z,2023-06-06T11:32:09Z
144258,5,3.4,0.7416198487095663,2020-08-05T11:15:34Z,2023-06-11T09:41:01Z
144355,7,4.0,1.2909944487358056,2021-09-01T15:39:06Z,2021-09-03T14:33:10Z
144408,9,3.611111111111111,1.3176156917368247,2020-05-10T21:56:59Z,2020-05-10T21:57:11Z
144409,7,3.142857142857143,0.8521681032463467,2020-12-06T11:05:55Z,2021-08-04T06:29:01Z
144466,7,3.357142857142857,0.8017837257372732,2020-06-30T18:17:12Z,2023-01-30T04:52:22Z
144480,20,4.275,0.7859791077978707,2018-11-12T23:29:28Z,2022-11-17T20:37:57Z
144482,5,4.2,0.27386127875258304,2019-04-09T03:24:32Z,2023-04-08T01:16:36Z
144491,6,4.333333333333333,0.5163977794943223,2019-01-21T04:54:52Z,2019-07-18T14:21:04Z
144582,5,3.8,0.4472135954999579,2019-04-19T05:40:57Z,2023-09-06T04:54:43Z
144639,33,3.6515151515151514,0.384968515044747,2017-09-30T22:58:55Z,2018-07-27T13:20:50Z
144664,10,3.3,0.5868938953886337,2021-01-02T23:11:30Z,2021-01-02T23:11:40Z
144665,14,2.607142857142857,0.8809647558778394,2022-12-25T17:49:39Z,2022-12-25T17:49:58Z
144895,6,4.416666666666667,0.3763863263545405,2019-09-06T16:52:12Z,2020-03-19T16:45:52Z
144923,5,2.2,0.758287544405155,2021-02-01T22:02:14Z,2021-02-01T22:02:19Z
144977,7,3.7142857142857144,0.4879500364742666,2017-12-11T12:35:34Z,2019-06-14T13:07:56Z
145266,8,4.125,0.6408699444616558,2017-08-03T19:06:18Z,2023-02-24T19:24:22Z
145391,5,3.6,0.9617692030835673,2021-12-20T16:53:31Z,2021-12-20T17:22:27Z
145435,6,3.4166666666666665,1.5302505241517372,2020-07-04T20:37:22Z,2022-12-28T23:07:10Z
145705,13,3.769230769230769,0.9919548170024475,2020-01-17T01:21:07Z,2023-06-28T09:29:39Z
145829,15,3.6,0.6035608621222174,2020-11-09T20:45:00Z,2023-03-02T19:10:11Z
146268,6,1.9166666666666667,1.0684880283216405,2019-11-06T08:51:59Z,2023-02-18T15:30:25Z
146382,5,3.4,0.22360679774997896,2020-04-06T04:59:14Z,2020-11-15T08:19:31Z
146622,5,3.3,0.6708203932499369,2022-03-25T10:53:31Z,2022-03-25T19:48:32Z
146655,12,3.9583333333333335,0.3342789617107607,2018-09-16T11:38:56Z,2023-01-29T11:12:50Z
146668,15,1.4333333333333333,0.9611501047232549,2020-10-22T13:24:53Z,2020-12-25T21:20:55Z
146744,10,3.65,0.5296749527356901,2016-06-09T21:57:05Z,2019-05-22T02:25:18Z
146909,11,3.3636363636363638,0.9244162777371754,2018-11-10T14:56:30Z,2018-11-15T20:08:35Z
146926,5,3.7,0.6708203932499369,2021-03-27T13:10:45Z,2021-03-27T13:10:48Z
147259,5,3.2,0.6708203932499369,2017-06-04T12:09:06Z,2018-03-24T16:18:06Z
147560,5,2.9,0.6519202405202649,2017-01-11T23:52:27Z,2019-12-26T01:15:52Z
147603,6,3.0833333333333335,0.5845225972250061,2017-11-08T14:53:58Z,2023-05-24T14:55:11Z
147713,5,3.5,1.1726039399558574,2020-05-04T08:19:02Z,2022-10-21T08:40:29Z
147804,5,3.8,0.570087712549569,2020-08-27T17:49:03Z,2022-02-08T10:11:31Z
147948,5,4.0,0.0,2018-07-17T08:51:26Z,2023-01-12T03:54:14Z
148020,6,3.9166666666666665,0.9703951085339758,2023-02-15T19:37:23Z,2023-02-18T23:26:26Z
148073,8,3.8125,0.37201190457142247,2019-12-20T21:36:42Z,2023-03-15T21:33:01Z
148454,5,5.0,0.0,2022-11-07T19:49:14Z,2022-11-07T19:59:22Z
148686,12,3.3333333333333335,0.3256694736394648,2017-01-01T16:48:13Z,2023-07-26T20:05:35Z
148734,7,2.857142857142857,1.2149857925879117,2017-09-14T19:41:01Z,2022-09-24T22:39:40Z
148749,12,2.5,1.4142135623730951,2020-04-11T18:28:46Z,2023-08-07T00:18:34Z
148898,7,4.928571428571429,0.18898223650461363,2021-06-23T15:34:01Z,2021-06-25T12:57:38Z
148968,9,3.0,0.7905694150420949,2017-08-10T08:07:55Z,2023-09-27T16:06:13Z
149053,8,3.9375,0.4172614801981401,2019-08-25T12:39:33Z,2021-12-21T21:23:07Z
149200,5,4.0,0.7071067811865476,2019-12-20T08:36:24Z,2020-07-16T12:14:44Z
149475,14,3.7857142857142856,0.6712298045747451,2020-04-10T04:31:49Z,2023-04-29T18:11:08Z
149521,6,1.3333333333333333,1.0327955589886446,2020-06-01T02:35:16Z,2022-11-05T03:35:11Z
149703,12,3.9166666666666665,0.5967081414398551,2021-09-12T18:32:01Z,2022-02-02T10:15:10Z
149746,5,3.1,1.140175425099138,2023-04-07T08:55:27Z,2023-04-07T08:55:34Z
149788,5,3.7,0.758287544405155,2022-09-13T06:48:43Z,2023-04-15T09:18:50Z
149932,5,2.4,0.4183300132670378,2017-05-02T12:22:34Z,2019-09-21T08:17:19Z
149949,5,3.9,0.4183300132670378,2018-12-02T09:41:17Z,2023-07-07T06:38:07Z
150150,5,4.3,0.27386127875258304,2018-12-16T13:12:52Z,2022-12-26T07:49:32Z
150442,25,3.38,0.8326663997864531,2022-01-18T20:54:08Z,2023-08-27T20:57:23Z
150534,14,3.75,0.5095246653650681,2021-11-09T05:29:16Z,2023-06-14T22:43:54Z
150604,11,3.909090909090909,0.4369314487526515,2020-11-11T05:45:33Z,2022-08-16T08:42:12Z
150991,6,3.0,0.6324555320336759,2017-09-23T17:30:54Z,2023-03-16T08:53:25Z
151320,5,3.0,0.3535533905932738,2020-08-19T11:15:45Z,2022-10-17T18:52:59Z
151777,9,3.388888888888889,0.4166666666666667,2019-01-28T22:12:34Z,2020-11-20T18:01:49Z
152045,10,4.15,0.4743416490252569,2022-01-14T22:30:15Z,2023-08-21T04:54:05Z
152184,6,3.3333333333333335,1.3291601358251257,2016-12-18T04:34:55Z,2020-09-24T17:13:04Z
152189,5,2.9,0.22360679774997896,2019-03-13T11:01:39Z,2019-03-13T11:01:41Z
152237,6,3.75,0.9354143466934853,2020-07-23T02:32:35Z,2023-03-06T01:24:03Z
152344,7,3.5714285714285716,0.3450327796711771,2020-11-20T12:03:03Z,2020-11-20T12:03:06Z
152354,5,4.2,0.27386127875258304,2018-10-27T00:45:57Z,2023-03-04T22:21:59Z
152423,7,4.214285714285714,0.4879500364742666,2019-02-03T13:06:45Z,2023-04-07T17:16:56Z
152433,9,4.0,0.25,2023-01-18T01:14:53Z,2023-07-01T00:22:51Z
152457,6,3.3333333333333335,0.8755950357709131,2018-03-26T03:08:12Z,2023-03-28T00:40:16Z
152572,7,3.2857142857142856,0.6362090102803518,2018-03-25T00:05:01Z,2023-05-14T00:18:55Z
152604,17,3.411764705882353,0.9558257901816997,2023-02-23T10:33:59Z,2023-04-25T12:20:32Z
152657,7,3.2142857142857144,0.2672612419124244,2021-02-21T00:40:10Z,2023-05-07T11:08:15Z
152773,6,4.583333333333333,0.4915960401250875,2021-01-16T16:10:00Z,2021-03-01T02:21:42Z
152941,6,3.75,0.4183300132670378,2019-03-11T13:17:26Z,2023-03-15T02:21:20Z
153052,7,3.142857142857143,0.5563486402641868,2017-09-22T19:39:48Z,2023-09-05T17:26:15Z
153379,5,3.5,1.0,2020-10-05T17:06:37Z,2022-12-06T19:34:38Z
153408,11,3.9545454545454546,0.5680909018170179,2019-07-14T05:04:15Z,2019-07-15T13:10:51Z
153630,8,3.6875,0.6512350903146596,2020-05-07T14:43:48Z,2020-05-07T14:43:51Z
153685,10,3.25,1.1606990230986767,2017-06-28T13:48:14Z,2023-04-26T04:09:58Z
153754,5,3.9,0.6519202405202649,2019-12-20T15:31:16Z,2019-12-27T01:13:14Z
154002,15,2.966666666666667,0.9536895771286428,2017-07-24T16:10:31Z,2021-02-20T14:00:41Z
154100,9,4.0,0.5,2020-07-16T22:58:55Z,2022-08-17T21:36:42Z
154271,6,3.25,1.1726039399558574,2019-10-01T01:20:20Z,2022-12-12T20:29:27Z
154279,6,4.0,0.6324555320336759,2020-04-20T19:34:49Z,2020-04-22T20:39:24Z
154392,13,3.1538461538461537,0.8752289077867806,2020-03-21T05:36:02Z,2023-02-13T16:43:17Z
154496,6,3.8333333333333335,0.6055300708194983,2020-06-10T16:24:56Z,2020-06-10T16:25:02Z
155061,8,4.0,0.37796447300922725,2020-08-14T21:46:58Z,2023-07-23T18:37:24Z
155156,5,3.2,0.4472135954999579,2020-09-20T22:42:10Z,2020-10-23T19:05:08Z
155157,5,2.5,1.8371173070873836,2022-09-20T17:26:22Z,2022-09-21T19:00:17Z
155270,5,3.7,0.8366600265340756,2022-03-21T17:38:51Z,2023-02-24T05:52:10Z
155435,5,2.7,0.8366600265340756,2018-03-04T13:19:35Z,2023-01-10T18:27:18Z
155539,5,3.5,1.5811388300841898,2018-10-13T07:01:56Z,2019-05-20T16:44:49Z
155701,5,3.1,0.7416198487095663,2022-10-09T20:16:03Z,2022-10-12T08:43:21Z
155790,13,2.5384615384615383,1.4643192169847288,2023-01-29T01:02:01Z,2023-07-23T03:48:38Z
155834,5,3.0,0.7071067811865476,2019-03-29T10:03:48Z,2021-11-01T07:11:24Z
155861,6,3.6666666666666665,0.983192080250175,2022-11-09T00:13:00Z,2023-08-13T23:40:50Z
155954,8,3.9375,0.7763237542601485,2021-09-05T09:56:19Z,2023-06-07T21:39:57Z
156023,8,4.1875,0.5303300858899106,2020-06-16T06:17:39Z,2021-12-22T01:40:46Z
156063,5,3.9,1.3874436925511608,2020-02-17T21:59:10Z,2023-03-27T19:46:47Z
156429,6,2.5,0.5477225575051661,2018-09-14T02:46:04Z,2023-06-06T04:17:28Z
156587,5,3.4,1.08397416943394,2021-09-04T07:44:56Z,2021-09-05T08:19:27Z
156617,11,4.409090909090909,0.30151134457776363,2020-07-14T16:09:48Z,2020-07-14T21:56:29Z
156865,9,3.6666666666666665,1.0,2019-11-03T18:25:38Z,2019-11-20T06:50:38Z
156882,11,2.0,1.2041594578792296,2019-10-03T17:51:53Z,2023-08-12T20:14:09Z
156934,13,4.461538461538462,0.37977726265637496,2022-04-13T22:46:37Z,2022-06-11T00:33:44Z
157004,7,3.357142857142857,0.2439750182371333,2017-03-27T15:31:23Z,2023-01-14T03:51:45Z
157091,8,3.625,0.6408699444616558,2020-11-05T06:47:18Z,2021-05-29T04:38:38Z
157132,10,4.0,0.6236095644623235,2023-05-06T12:45:43Z,2023-05-06T12:45:50Z
157163,12,3.8333333333333335,0.44381268229929727,2017-07-05T01:17:58Z,2023-06-03T08:49:32Z
157509,6,3.0833333333333335,0.4915960401250875,2018-12-11T00:08:01Z,2021-05-18T08:17:30Z
157575,10,3.75,0.5400617248673217,2022-06-18T07:12:53Z,2023-04-28T02:56:44Z
157644,6,3.5,0.8944271909999159,2020-04-16T10:53:10Z,2020-04-16T10:53:13Z
157668,5,4.7,0.4472135954999579,2017-07-06T13:40:53Z,2020-04-03T13:00:23Z
157901,5,3.3,0.570087712549569,2021-04-22T16:38:05Z,2023-09-27T17:50:42Z
158152,5,4.0,0.7071067811865476,2019-05-19T12:53:34Z,2019-05-27T02:43:29Z
158240,5,4.0,1.0,2021-04-16T07:37:33Z,2022-07-31T17:23:10Z
158298,6,3.1666666666666665,0.9309493362512627,2021-04-21T21:55:04Z,2022-11-16T16:23:55Z
158553,17,3.0294117647058822,0.8379772564651986,2021-06-08T01:25:55Z,2023-09-18T21:58:49Z
158731,8,3.875,0.5175491695067657,2018-06-24T02:15:47Z,2022-11-13T16:55:43Z
158863,7,4.285714285714286,0.6986381310057719,2021-05-30T04:24:28Z,2021-05-30T05:43:27Z
159164,8,3.25,0.5345224838248488,2023-03-17T12:17:11Z,2023-03-17T12:17:31Z
159300,17,3.0294117647058822,0.7800358211985788,2016-07-02T21:25:07Z,2022-09-07T13:20:00Z
159306,5,1.7,1.5247950681976907,2019-03-22T07:18:29Z,2020-02-18T12:37:31Z
159337,6,3.75,0.8215838362577492,2023-06-10T19:07:04Z,2023-06-10T19:07:14Z
159486,8,3.625,0.9161253813129043,2022-12-21T01:52:32Z,2023-03-29T04:23:24Z
159534,5,3.6,1.6733200530681511,2020-12-01T18:45:23Z,2020-12-01T20:33:17Z
159655,10,3.85,0.24152294576982397,2020-01-10T01:33:50Z,2020-01-10T01:47:00Z
159663,28,3.107142857142857,0.9164862737363227,2017-08-23T22:23:31Z,2023-09-17T15:30:01Z
159685,6,3.75,0.4183300132670378,2018-07-15T08:03:48Z,2023-05-30T23:19:57Z
159776,11,2.6363636363636362,1.026910636104941,2020-08-11T06:32:10Z,2023-01-16T20:08:10Z
160104,8,3.5625,0.8634441002668988,2016-02-24T20:26:56Z,2022-12-15T04:51:38Z
160272,7,4.714285714285714,0.3933978962347216,2020-04-17T12:46:06Z,2021-09-05T01:02:09Z
160354,9,4.166666666666667,0.4330127018922193,2020-09-06T16:24:45Z,2021-09-08T17:20:11Z
160428,5,3.9,0.4183300132670378,2017-04-24T17:21:53Z,2022-04-29T15:32:48Z
160450,6,3.6666666666666665,0.25819888974716115,2021-05-05T02:42:45Z,2021-05-10T14:51:30Z
160471,6,3.1666666666666665,1.2110601416389966,2019-10-05T17:22:29Z,2023-09-23T22:42:46Z
160503,9,3.7222222222222223,0.36324157862838946,2019-04-03T12:07:17Z,2022-01-27T14:09:35Z
160721,9,3.0555555555555554,0.4639803635691685,2016-12-12T00:57:52Z,2023-05-24T19:46:54Z
160806,5,4.0,0.3535533905932738,2021-07-11T05:03:24Z,2021-07-11T05:13:06Z
160885,6,4.583333333333333,0.4915960401250875,2018-08-22T12:16:34Z,2018-09-18T12:19:32Z
161012,5,4.2,0.27386127875258304,2018-05-31T00:38:20Z,2018-05-31T01:00:48Z
161052,5,4.5,0.5,2021-04-25T03:14:07Z,2023-09-23T09:51:29Z
161075,14,3.75,0.5459642140991688,2015-08-21T00:25:42Z,2022-08-28T00:06:28Z
161169,5,4.0,0.0,2016-01-01T23:10:56Z,2022-10-20T05:04:14Z
161180,9,1.3333333333333333,0.5,2022-11-17T06:14:56Z,2023-04-06T09:48:40Z
161248,7,3.642857142857143,0.8997354108424374,2023-02-07T01:10:34Z,2023-02-07T01:10:39Z
161308,5,2.3,1.753567791675018,2023-04-28T13:40:57Z,2023-04-28T18:05:38Z
161578,8,4.4375,0.49551560448255744,2021-08-15T00:25:46Z,2022-11-23T04:36:30Z
161612,5,4.1,0.22360679774997896,2019-03-20T19:40:23Z,2022-12-28T21:36:20Z
161727,5,4.3,0.570087712549569,2019-11-23T14:29:40Z,2022-11-24T15:59:29Z
161773,6,2.8333333333333335,0.752772652709081,2019-05-23T14:02:15Z,2019-05-23T14:07:05Z
161949,13,4.1923076923076925,0.5219539227133918,2018-04-02T22:34:50Z,2023-05-13T23:16:44Z
162283,10,4.55,0.5986094998689324,2021-08-28T14:44:09Z,2023-01-10T03:55:23Z
162428,5,3.7,0.570087712549569,2021-01-27T04:34:33Z,2021-04-26T07:09:24Z
162553,7,3.357142857142857,1.2488089563755578,2018-09-05T02:03:26Z,2021-01-22T00:05:30Z
162621,17,3.5588235294117645,0.3001225239993905,2018-01-02T08:47:50Z,2023-03-19T16:48:04Z
162700,7,4.142857142857143,0.37796447300922725,2023-01-06T15:33:02Z,2023-01-25T08:36:06Z
162919,5,2.6,0.4183300132670378,2021-11-28T10:41:16Z,2021-11-28T10:55:54Z
163021,14,5.0,0.0,2021-12-09T11:10:40Z,2021-12-09T11:10:54Z
163298,17,2.676470588235294,0.6108696789871653,2016-12-25T20:50:28Z,2023-02-12T00:36:28Z
163355,11,4.090909090909091,0.4369314487526515,2017-01-08T21:09:07Z,2021-12-23T23:32:44Z
163417,6,2.75,0.27386127875258304,2017-03-29T19:28:20Z,2019-09-01T12:30:39Z
163439,5,4.3,0.27386127875258304,2019-05-09T08:07:22Z,2022-01-20T21:52:22Z
163674,5,4.4,0.6519202405202649,2019-07-13T21:43:43Z,2021-06-18T13:09:02Z
163697,7,3.2142857142857144,0.6362090102803518,2017-06-25T01:46:18Z,2023-04-23T12:35:22Z
163945,5,3.8,0.27386127875258304,2020-11-06T10:24:59Z,2020-11-06T10:48:20Z
164193,7,2.642857142857143,0.8017837257372732,2018-12-09T19:28:47Z,2023-04-30T08:50:48Z
164287,7,4.214285714285714,0.3933978962347216,2017-02-02T00:22:44Z,2023-06-23T06:31:01Z
164683,6,3.9166666666666665,1.5625833311112296,2022-11-16T21:21:15Z,2022-12-08T15:58:16Z
164718,8,3.6875,0.25877458475338283,2019-05-24T18:07:10Z,2019-05-24T18:07:11Z
164746,8,2.9375,1.1160357137142674,2018-08-04T17:53:52Z,2023-04-24T06:46:28Z
164873,5,3.1,0.8215838362577492,2016-12-12T19:02:19Z,2022-09-17T17:21:00Z
164923,8,4.125,0.9543135154205277,2022-01-14T22:36:41Z,2022-01-15T19:30:54Z
164962,6,3.5,0.31622776601683794,2022-12-03T11:01:37Z,2022-12-20T21:56:21Z
164988,20,3.725,0.6781359900879996,2017-09-20T19:14:46Z,2023-08-23T09:00:13Z
165016,7,4.071428571428571,0.3450327796711771,2021-08-22T05:34:30Z,2021-08-23T16:33:25Z
165124,5,0.5,0.0,2019-04-20T22:21:49Z,2019-04-21T01:11:56Z
165161,9,2.6666666666666665,1.5612494995995996,2021-12-13T11:55:38Z,2021-12-13T12:09:55Z
165256,5,2.3,0.9746794344808964,2022-11-07T14:10:42Z,2023-03-02T23:33:04Z
165332,10,3.3,1.0593499054713802,2018-04-20T23:59:21Z,2023-04-23T05:27:20Z
165364,26,2.8653846153846154,1.0913999478439818,2022-06-24T02:28:34Z,2023-09-27T22:42:16Z
165383,5,3.1,0.7416198487095663,2021-07-05T22:30:10Z,2022-12-29T04:14:19Z
165445,7,3.0,1.118033988749895,2021-02-23T21:53:39Z,2021-02-23T23:00:31Z
165759,8,3.4375,1.0835622468770048,2021-06-26T20:18:50Z,2021-06-27T01:20:55Z
165840,7,4.5,0.6454972243679028,2019-08-17T09:16:40Z,2020-08-30T12:23:38Z
165991,6,3.75,0.6123724356957945,2023-04-30T03:30:22Z,2023-05-12T04:13:23Z
166007,17,3.235294117647059,1.3360114036145931,2022-11-10T12:05:52Z,2022-11-10T14:04:37Z
166010,11,3.3181818181818183,0.7833494518006403,2021-12-28T18:31:46Z,2023-04-09T12:43:14Z
166358,12,3.5833333333333335,0.9494815172056544,2023-03-29T21:06:26Z,2023-03-29T21:06:44Z
166662,10,3.4,0.8432740427115678,2020-06-22T09:26:42Z,2020-06-22T11:34:48Z
166762,9,3.5,1.4361406616345072,2022-01-17T06:52:22Z,2022-10-07T10:19:08Z
166820,7,3.2857142857142856,0.5669467095138409,2019-01-20T09:44:29Z,2022-09-04T00:07:45Z
166910,8,3.4375,0.8634441002668988,2019-11-27T15:34:35Z,2021-07-24T14:27:11Z
167072,6,3.9166666666666665,0.3763863263545405,2019-03-29T19:55:28Z,2019-03-29T23:16:02Z
167074,9,3.8333333333333335,0.7071067811865476,2019-08-16T19:56:38Z,2023-04-23T13:37:11Z
167083,23,4.086956521739131,0.5570248467006631,2019-08-05T17:45:11Z,2022-05-08T13:23:42Z
167210,14,3.0,1.1929278784054478,2017-09-25T16:13:45Z,2022-08-03T03:15:52Z
167557,5,3.3,0.27386127875258304,2021-01-27T11:27:33Z,2023-10-02T15:58:14Z
167846,11,4.2272727272727275,0.7198484689028783,2020-05-24T01:41:12Z,2023-06-12T13:06:31Z
167916,6,3.1666666666666665,1.1690451944500122,2020-04-05T17:46:54Z,2022-09-17T18:28:24Z
167981,11,4.045454545454546,0.8501336793277118,2019-08-24T15:46:48Z,2022-12-02T04:24:18Z
168045,7,3.0,1.0,2023-06-11T09:33:08Z,2023-08-26T20:01:23Z
168259,18,3.3055555555555554,0.3887721580176147,2022-03-16T18:14:21Z,2023-09-09T18:38:01Z
168354,10,1.7,1.1595018087284057,2019-08-03T18:17:13Z,2019-08-03T18:59:02Z
168427,13,4.423076923076923,0.5340940088190563,2020-04-28T23:23:29Z,2020-04-29T09:30:08Z
168476,12,3.75,0.753778361444409,2016-06-22T22:29:56Z,2019-02-27T12:56:23Z
168760,7,4.0,0.5,2018-01-23T23:38:50Z,2022-11-18T20:23:55Z
168828,6,3.6666666666666665,0.408248290463863,2018-12-06T15:39:59Z,2020-04-18T20:01:47Z
168921,6,4.0,0.6324555320336759,2019-12-23T12:02:18Z,2023-06-11T11:27:12Z
168929,7,4.357142857142857,0.7480132415430957,2021-08-01T06:04:32Z,2023-10-02T06:11:48Z
169086,18,3.4444444444444446,0.820489253055203,2019-01-06T13:26:47Z,2022-10-30T14:24:07Z
169154,6,2.5833333333333335,0.917423929634859,2020-09-04T13:23:07Z,2020-09-04T13:23:24Z
169291,23,3.217391304347826,0.5997364375010102,2016-07-14T05:51:21Z,2022-04-16T05:48:34Z
169431,14,3.75,0.8933515114874565,2017-08-30T04:58:30Z,2023-10-05T05:15:15Z
169685,5,3.4,0.6519202405202649,2020-10-16T10:14:26Z,2022-12-25T14:11:01Z
169694,5,3.8,1.1510864433221337,2016-01-09T14:52:40Z,2018-02-20T13:30:08Z
169773,12,3.6666666666666665,1.051694159944138,2019-11-03T05:16:15Z,2023-02-17T08:33:01Z
169810,13,3.1923076923076925,0.434859246311452,2017-12-03T20:28:17Z,2023-08-26T20:32:12Z
169979,9,3.3333333333333335,1.14564392373896,2019-05-11T07:08:02Z,2022-11-29T08:57:59Z
170022,6,4.833333333333333,0.408248290463863,2016-12-31T20:25:35Z,2017-04-16T14:34:50Z
170149,12,2.6666666666666665,0.8071648849616486,2017-03-28T19:42:08Z,2023-07-02T18:34:14Z
170276,7,3.5714285714285716,0.7867957924694432,2021-02-05T10:26:07Z,2023-04-25T09:13:39Z
170358,5,4.4,0.4183300132670378,2019-05-25T01:33:51Z,2019-05-25T02:03:42Z
170367,15,3.7666666666666666,0.41690469391639595,2017-06-10T21:39:54Z,2023-01-07T12:52:57Z
170570,12,3.3333333333333335,0.778498944161523,2016-06-04T16:56:49Z,2023-01-31T20:24:58Z
170897,18,3.138888888888889,1.2343795244808284,2021-01-20T05:22:07Z,2021-01-23T06:48:27Z
171100,6,4.5,0.5477225575051661,2020-11-03T17:53:02Z,2023-03-29T18:23:50Z
171144,5,4.2,0.27386127875258304,2017-03-18T10:29:36Z,2020-03-22T18:15:57Z
171212,6,3.75,0.689202437604511,2021-12-13T22:21:02Z,2023-08-29T08:38:59Z
171229,7,3.4285714285714284,0.9322272357358045,2020-07-06T23:12:51Z,2022-12-09T22:45:06Z
171290,7,3.9285714285714284,0.7319250547113999,2017-12-19T09:27:44Z,2018-06-22T03:09:18Z
171457,5,3.2,0.758287544405155,2017-12-25T16:54:37Z,2019-11-23T21:06:58Z
171502,5,4.1,0.5477225575051661,2020-04-26T20:39:41Z,2023-02-13T23:43:57Z
171525,6,3.8333333333333335,0.752772652709081,2020-04-23T19:26:30Z,2020-04-23T19:47:25Z
171795,30,3.1666666666666665,0.33044727612563335,2016-08-18T23:55:07Z,2020-04-07T23:23:19Z
171818,5,3.9,0.22360679774997896,2017-12-26T11:48:38Z,2017-12-30T13:02:03Z
171882,13,3.230769230769231,0.2594372608313854,2019-09-19T06:42:04Z,2019-09-19T06:44:06Z
171903,28,3.875,0.48352486626470026,2021-09-13T02:47:58Z,2023-09-09T22:52:29Z
172015,7,3.5714285714285716,0.8864052604279183,2017-06-27T16:45:06Z,2023-02-04T19:31:30Z
172034,21,0.7380952380952381,0.9825864798969048,2022-01-09T16:37:59Z,2023-02-15T12:47:41Z
172165,8,3.8125,0.45806269065645216,2019-06-24T02:21:20Z,2023-05-11T23:08:51Z
172277,6,3.8333333333333335,0.5163977794943223,2020-06-06T13:52:47Z,2023-07-04T20:23:27Z
172400,7,3.857142857142857,0.6267831705280087,2020-07-15T22:22:36Z,2020-07-15T22:22:38Z
172433,7,2.5714285714285716,0.6074928962939559,2021-10-29T23:31:16Z,2021-10-29T23:31:38Z
172565,7,4.071428571428571,0.6725927091345493,2023-09-17T03:38:31Z,2023-09-24T20:03:19Z
172633,8,3.5,0.5976143046671968,2017-10-16T00:38:30Z,2019-12-10T01:27:04Z
172740,26,3.6923076923076925,0.5670436151994497,2016-12-15T12:04:16Z,2022-12-17T19:34:17Z
172806,5,3.6,0.5477225575051661,2017-09-29T17:11:37Z,2017-09-29T17:11:39Z
172866,9,4.0,0.5,2023-02-06T17:22:24Z,2023-02-06T17:22:28Z
172951,5,4.2,0.4472135954999579,2020-06-15T00:38:14Z,2020-06-16T20:21:56Z
172958,6,3.8333333333333335,0.25819888974716115,2021-08-23T00:15:34Z,2022-05-17T04:43:34Z
172961,6,4.75,0.27386127875258304,2020-09-20T04:56:46Z,2023-09-22T04:02:00Z
173025,12,2.9583333333333335,0.7216878364870322,2021-09-25T12:49:38Z,2021-09-25T12:49:48Z
173082,5,3.3,0.758287544405155,2019-11-18T21:26:00Z,2019-11-18T21:26:03Z
173149,5,3.9,0.8944271909999159,2021-02-14T19:40:56Z,2023-04-23T16:01:24Z
173221,11,3.590909090909091,0.5393598899705937,2020-03-25T11:39:38Z,2020-06-09T16:47:30Z
173254,8,4.6875,0.45806269065645216,2020-11-22T02:34:55Z,2021-01-11T04:21:41Z
173499,12,2.7083333333333335,1.3048568945104728,2022-11-19T05:40:22Z,2023-07-31T02:54:32Z
173527,10,3.95,0.4972144630058766,2020-02-22T20:08:37Z,2022-10-17T20:02:04Z
173557,5,2.5,1.224744871391589,2019-10-04T19:57:05Z,2022-09-29T18:55:11Z
173966,5,3.2,1.0954451150103321,2022-07-12T10:38:32Z,2022-08-31T23:06:23Z
173987,6,3.6666666666666665,0.408248290463863,2020-03-17T00:36:18Z,2021-09-26T16:38:23Z
174040,8,2.75,1.0690449676496976,2020-01-16T21:25:58Z,2020-01-17T01:04:48Z
174106,17,3.6470588235294117,0.6315829785733063,2022-07-15T04:44:46Z,2022-07-15T05:56:00Z
174451,6,3.8333333333333335,0.983192080250175,2017-10-30T00:20:20Z,2023-08-07T15:56:40Z
174495,5,3.2,0.8366600265340756,2023-07-07T16:20:51Z,2023-08-17T23:19:28Z
174514,11,3.1818181818181817,0.873862897505303,2017-02-18T03:36:44Z,2023-08-15T07:21:39Z
174566,17,3.2941176470588234,0.39760311278222865,2016-11-16T16:29:45Z,2023-09-02T01:30:16Z
174941,6,3.75,0.4183300132670378,2017-06-06T16:35:42Z,2023-02-26T03:52:59Z
174948,6,3.8333333333333335,0.6831300510639732,2018-03-04T23:10:35Z,2023-04-17T02:54:52Z
175039,5,3.9,0.6519202405202649,2021-07-30T04:55:49Z,2022-07-22T02:46:58Z
175084,5,2.8,0.758287544405155,2020-10-28T18:21:35Z,2022-09-07T08:13:39Z
175271,17,3.9705882352941178,0.6488111299545818,2016-09-25T23:44:04Z,2021-02-12T21:08:29Z
175325,174,3.307471264367816,0.5524526886149888,2016-01-02T10:19:56Z,2020-06-12T15:34:59Z
175333,6,4.0,0.7071067811865476,2020-01-13T19:42:18Z,2022-08-25T19:21:00Z
176173,5,3.4,0.5477225575051661,2022-07-23T15:29:31Z,2022-07-23T16:40:31Z
176193,5,3.6,1.140175425099138,2017-06-02T01:50:58Z,2018-07-07T04:19:49Z
176476,8,3.3125,1.032939633141398,2019-12-04T17:33:26Z,2022-06-17T05:34:44Z
176922,6,3.8333333333333335,0.6055300708194983,2021-02-17T20:51:43Z,2022-09-15T06:14:18Z
177126,5,3.9,0.22360679774997896,2019-07-11T23:23:16Z,2021-08-05T00:58:14Z
177195,5,3.5,0.3535533905932738,2021-01-16T19:45:21Z,2022-05-14T11:10:25Z
177246,6,3.6666666666666665,0.6055300708194983,2020-03-22T15:12:29Z,2023-09-13T13:25:07Z
177267,6,3.3333333333333335,0.6055300708194983,2020-01-03T22:47:40Z,2020-01-03T22:47:45Z
177319,5,4.3,0.570087712549569,2020-04-18T02:40:05Z,2022-03-18T02:47:12Z
177399,5,3.3,0.9746794344808964,2017-11-01T20:29:02Z,2020-08-11T17:30:43Z
177777,13,3.3846153846153846,1.1929278784054478,2021-07-10T03:17:31Z,2021-09-20T20:57:39Z
177794,6,3.3333333333333335,0.408248290463863,2017-12-23T17:06:45Z,2023-08-23T21:20:32Z
177831,6,3.0,0.4472135954999579,2016-03-24T11:44:03Z,2020-03-31T10:59:38Z
177834,16,3.53125,0.5313112709765027,2023-07-29T13:50:48Z,2023-09-21T16:52:58Z
177859,5,3.5,1.3693063937629153,2023-06-18T23:34:11Z,2023-06-19T00:41:24Z
177931,6,3.4166666666666665,0.8612007121842542,2023-01-11T23:06:10Z,2023-03-23T06:02:11Z
177974,13,3.076923076923077,0.7025594235292439,2018-08-28T00:33:43Z,2021-04-25T13:47:33Z
178077,6,3.9166666666666665,1.0684880283216405,2022-08-06T18:00:32Z,2022-08-06T21:34:43Z
178310,17,2.4411764705882355,0.9663454503498036,2018-08-27T19:44:11Z,2023-09-04T17:08:02Z
178538,16,3.3125,0.704154339142587,2017-09-27T17:48:29Z,2017-10-16T15:22:35Z
178573,6,4.583333333333333,0.4915960401250875,2021-06-15T22:31:14Z,2021-06-22T05:14:02Z
178826,7,3.0714285714285716,0.7319250547113999,2016-03-25T01:18:47Z,2023-03-26T00:06:07Z
178868,7,2.5714285714285716,1.0578504710249077,2023-04-16T04:32:33Z,2023-04-16T08:20:44Z
178880,8,3.75,1.1952286093343936,2018-10-09T22:12:51Z,2021-08-20T19:32:01Z
179003,9,2.6666666666666665,1.3919410907075054,2017-11-04T20:27:18Z,2022-10-15T02:00:16Z
179189,8,3.5625,0.7288689868556626,2020-03-29T18:58:37Z,2022-10-30T23:06:59Z
179194,8,3.125,1.4330287605527772,2018-02-07T01:44:01Z,2022-08-17T02:31:40Z
179218,10,3.0,0.816496580927726,2017-03-31T12:02:41Z,2021-05-02T11:43:32Z
179238,6,3.1666666666666665,0.25819888974716115,2020-10-14T09:12:27Z,2020-10-14T09:12:32Z
179347,5,3.9,1.1937336386313322,2023-03-24T08:20:44Z,2023-03-24T08:39:14Z
179356,5,4.0,1.1726039399558574,2023-02-27T12:22:45Z,2023-02-27T12:47:12Z
179360,7,3.4285714285714284,1.096531327587567,2016-02-12T03:21:27Z,2018-05-12T15:34:10Z
179414,5,3.9,0.4183300132670378,2022-07-06T22:08:43Z,2023-04-25T21:06:49Z
179455,24,3.0416666666666665,1.0312156889329454,2018-10-27T03:54:39Z,2023-08-14T21:22:41Z
179571,11,3.590909090909091,1.1361818036340359,2019-11-11T07:19:21Z,2019-11-11T07:19:24Z
179618,9,3.7222222222222223,0.6666666666666666,2021-08-16T11:52:43Z,2023-09-09T06:16:25Z
179708,9,4.055555555555555,0.6821127309893709,2017-10-01T01:23:43Z,2023-06-19T08:45:39Z
179842,7,3.0,0.5773502691896257,2021-03-21T13:12:23Z,2021-05-01T21:05:46Z
179912,5,4.4,0.4183300132670378,2019-03-31T14:25:05Z,2019-04-02T22:29:34Z
180001,12,4.833333333333333,0.44381268229929727,2021-02-19T02:56:58Z,2021-09-29T01:22:32Z
180322,5,3.7,0.4472135954999579,2017-09-03T23:51:04Z,2023-09-05T02:07:27Z
180410,58,3.7327586206896552,0.5557949675707864,2020-07-11T23:40:13Z,2023-10-01T05:53:38Z
180503,9,3.1666666666666665,0.5590169943749475,2017-11-12T18:55:59Z,2022-11-11T21:48:03Z
180520,6,2.0833333333333335,0.5845225972250061,2018-05-31T22:18:04Z,2022-12-13T09:38:55Z
180647,5,3.3,1.036822067666386,2020-02-12T04:35:55Z,2023-05-31T03:41:05Z
180749,8,3.125,0.5824823725107175,2018-03-07T21:38:14Z,2022-11-03T20:02:52Z
180797,7,4.142857142857143,0.8997354108424374,2022-02-25T06:58:45Z,2022-03-23T04:40:21Z
180911,5,4.3,1.0954451150103321,2023-06-15T21:20:56Z,2023-06-28T23:37:33Z
180939,7,3.7142857142857144,1.1126972805283737,2023-03-06T23:12:04Z,2023-05-20T01:15:13Z
181059,23,3.152173913043478,0.38242000377665597,2016-12-06T18:37:34Z,2023-07-01T16:37:00Z
181107,6,3.25,0.5244044240850758,2023-06-25T23:38:55Z,2023-06-25T23:38:58Z
181118,22,2.8181818181818183,0.6994122455158254,2015-08-16T14:28:56Z,2022-08-20T19:16:38Z
181184,8,3.75,0.6546536707079772,2023-01-01T16:05:24Z,2023-09-23T09:55:04Z
181204,12,3.5,0.8790490729915326,2021-10-27T14:09:54Z,2022-07-22T15:45:45Z
181295,6,4.333333333333333,0.25819888974716115,2021-09-07T01:55:31Z,2022-05-21T05:53:41Z
181363,16,2.78125,0.5764474535173754,2017-07-04T23:37:47Z,2022-10-21T22:39:34Z
181756,6,3.6666666666666665,0.408248290463863,2018-10-03T23:34:48Z,2023-08-22T18:22:37Z
181807,7,3.7857142857142856,0.3933978962347216,2021-04-07T23:05:48Z,2022-08-30T05:58:46Z
181820,16,2.96875,1.024186669183569,2020-07-31T04:55:09Z,2021-03-07T07:03:41Z
181844,5,4.8,0.4472135954999579,2022-04-01T08:24:22Z,2022-04-01T08:37:18Z
182004,5,3.4,1.2449899597988732,2021-08-18T18:08:09Z,2021-08-18T20:10:48Z
182009,5,2.9,0.4183300132670378,2017-05-24T14:27:15Z,2018-08-01T10:30:18Z
182043,21,3.5,1.02469507659596,2016-03-14T17:13:23Z,2022-10-06T21:17:59Z
182165,7,4.142857142857143,1.5735915849388864,2017-12-27T12:45:03Z,2020-10-17T16:10:27Z
182204,13,3.923076923076923,0.4493585171364586,2017-05-19T19:36:08Z,2023-01-16T00:38:48Z
182545,18,2.5833333333333335,0.8089572082044156,2017-07-04T09:39:07Z,2023-04-10T09:32:21Z
182633,5,3.6,1.140175425099138,2021-10-12T08:55:52Z,2021-10-12T09:18:38Z
182695,5,4.3,0.6708203932499369,2017-06-16T20:14:37Z,2018-03-15T23:18:07Z
182710,6,3.5,0.7071067811865476,2020-02-11T06:55:02Z,2022-12-02T21:30:13Z
183045,5,3.7,0.9746794344808964,2020-11-29T03:07:27Z,2020-11-29T04:02:50Z
183153,8,4.3125,0.7039429765866794,2022-05-05T02:42:08Z,2023-05-28T00:17:57Z
183393,16,3.53125,0.7846177413237608,2022-08-30T07:28:22Z,2022-08-30T07:28:27Z
183422,6,3.0833333333333335,2.131118642090737,2021-03-17T02:42:23Z,2021-06-12T09:59:48Z
183585,5,3.1,0.4183300132670378,2015-09-22T15:20:03Z,2017-11-23T17:37:50Z
183824,7,3.357142857142857,0.6900655593423543,2017-01-18T00:02:49Z,2023-07-15T02:14:13Z
184169,7,4.428571428571429,0.8380817098475257,2021-02-07T09:10:28Z,2022-07-07T12:39:42Z
184320,8,3.6875,1.032939633141398,2022-10-23T18:37:19Z,2022-10-23T19:41:42Z
184325,8,4.0625,0.9038607667745545,2023-09-02T18:41:18Z,2023-09-02T18:41:57Z
184473,8,3.875,0.5824823725107175,2023-01-25T23:22:58Z,2023-02-09T03:29:56Z
184881,7,2.642857142857143,0.8521681032463467,2022-01-04T08:38:38Z,2022-02-03T10:06:22Z
185004,19,4.026315789473684,0.8074941384466707,2021-03-28T16:24:19Z,2023-07-01T23:16:16Z
185023,9,4.333333333333333,0.8660254037844386,2019-04-04T19:57:22Z,2019-08-13T16:45:17Z
185042,5,4.1,0.22360679774997896,2018-08-11T21:31:04Z,2022-11-12T20:35:49Z
185156,5,3.3,0.570087712549569,2017-08-26T04:07:22Z,2019-07-23T02:09:20Z
185266,6,3.0833333333333335,0.7359800721939872,2019-11-30T03:34:31Z,2019-11-30T03:34:36Z
185316,5,3.2,1.3509256086106296,2017-07-09T03:12:20Z,2020-04-16T04:12:09Z
185384,5,3.0,1.224744871391589,2018-01-20T19:55:42Z,2021-03-21T11:46:17Z
185398,7,3.5,0.7071067811865476,2020-05-18T05:02:29Z,2023-02-19T06:36:17Z
185558,6,4.333333333333333,0.6055300708194983,2017-12-08T23:36:42Z,2017-12-08T23:39:43Z
185871,8,2.9375,0.9797047660246573,2017-05-21T04:48:05Z,2023-08-01T21:40:06Z
185942,5,3.8,0.758287544405155,2019-04-10T03:49:06Z,2020-11-22T20:59:09Z
185962,9,3.9444444444444446,0.6821127309893709,2019-05-18T14:28:12Z,2023-03-08T03:06:07Z
186540,7,3.4285714285714284,1.5660079668957474,2022-05-18T00:56:08Z,2023-06-02T16:57:33Z
186740,19,3.789473684210526,0.8385799748795614,2020-02-10T09:21:41Z,2020-02-10T09:21:47Z
186772,9,3.1666666666666665,0.9682458365518543,2016-11-22T09:35:38Z,2023-07-13T21:34:36Z
186838,10,3.9,0.699205898780101,2020-04-11T16:16:23Z,2023-03-29T12:40:28Z
187255,11,3.8181818181818183,1.031327476428493,2019-03-27T09:22:23Z,2022-10-07T14:08:31Z
187488,9,4.0,0.4330127018922193,2019-08-04T04:40:50Z,2022-05-02T01:11:42Z
187617,5,3.7,1.6431676725154984,2020-11-23T09:06:54Z,2020-11-24T03:28:40Z
187665,29,3.7758620689655173,1.573134989306792,2022-12-11T19:01:46Z,2023-05-22T17:25:37Z
187828,10,2.65,0.8834905520465715,2021-04-02T18:55:36Z,2023-01-05T02:40:31Z
187935,6,3.6666666666666665,0.6831300510639732,2017-06-20T19:15:29Z,2019-09-09T16:07:46Z
188210,5,5.0,0.0,2022-01-10T17:50:42Z,2022-01-11T08:56:05Z
188330,9,3.3333333333333335,0.6123724356957945,2020-05-22T02:22:30Z,2023-02-19T00:36:52Z
188428,5,3.7,1.3509256086106296,2021-04-19T19:32:18Z,2022-01-02T16:05:40Z
188438,5,3.8,0.4472135954999579,2020-04-01T22:58:05Z,2020-04-01T22:58:07Z
188512,12,4.333333333333333,0.44381268229929727,2020-03-20T14:09:35Z,2023-10-09T21:14:20Z
188533,6,2.75,1.036822067666386,2019-04-20T17:26:26Z,2023-05-05T11:01:44Z
188703,5,3.1,0.6519202405202649,2018-07-19T18:45:58Z,2018-07-21T20:17:22Z
188823,16,3.5,0.816496580927726,2016-11-05T20:23:59Z,2020-04-02T23:18:57Z
189107,5,4.0,0.3535533905932738,2019-12-30T01:03:35Z,2021-03-16T19:44:51Z
189602,6,4.083333333333333,0.7359800721939872,2017-12-23T21:33:46Z,2022-08-13T11:02:55Z
189663,7,3.5,0.408248290463863,2017-10-08T10:17:31Z,2017-10-08T10:17:32Z
189801,11,3.3636363636363638,0.5954371961386478,2017-11-20T15:57:05Z,2022-09-19T13:43:22Z
189825,7,3.2142857142857144,0.6986381310057719,2022-04-06T07:11:16Z,2022-04-06T07:11:19Z
189975,5,4.1,0.5477225575051661,2015-11-01T13:22:16Z,2016-02-05T21:50:08Z
189985,7,3.7857142857142856,0.8591246929842246,2022-02-08T11:19:20Z,2022-04-09T04:48:50Z
189992,12,3.2083333333333335,0.45016831868926,2021-10-02T02:00:26Z,2021-10-02T02:00:32Z
189993,6,3.8333333333333335,0.983192080250175,2019-08-11T16:08:27Z,2023-06-17T15:21:57Z
190130,13,3.8076923076923075,1.1996260100975487,2023-03-14T02:27:38Z,2023-03-14T05:53:04Z
190163,5,4.0,0.7071067811865476,2018-12-29T20:27:12Z,2022-11-01T15:17:03Z
190209,36,3.4444444444444446,0.6184979244425017,2016-07-03T22:55:03Z,2023-07-29T01:56:31Z
190394,6,3.5,0.7071067811865476,2017-12-11T20:52:21Z,2023-04-30T00:21:39Z
190425,8,3.25,1.1019463300386794,2020-04-18T17:20:40Z,2022-10-25T18:53:16Z
190510,18,3.7222222222222223,1.0602749674192764,2018-09-16T10:46:48Z,2018-09-16T15:00:21Z
190533,15,3.533333333333333,1.0768118728560758,2020-04-14T09:51:40Z,2021-03-04T10:41:13Z
190752,7,2.857142857142857,1.0690449676496976,2018-06-19T23:00:48Z,2023-05-02T06:50:55Z
190778,5,3.8,1.1510864433221337,2023-01-17T01:00:23Z,2023-02-11T17:42:02Z
190784,17,2.5588235294117645,0.8269362305593853,2020-02-27T12:37:47Z,2020-10-17T10:08:04Z
190789,11,3.772727272727273,0.753778361444409,2019-10-21T16:35:06Z,2019-10-21T16:35:11Z
190920,20,3.6,0.41675437673324534,2018-04-06T07:06:56Z,2023-09-19T18:53:10Z
191289,7,4.714285714285714,0.3933978962347216,2016-10-02T17:41:06Z,2022-04-02T18:21:49Z
191426,5,3.6,0.4183300132670378,2022-04-03T23:04:30Z,2023-01-03T03:37:04Z
191598,5,3.6,1.140175425099138,2021-11-06T04:31:37Z,2021-11-06T04:37:22Z
191639,5,3.6,0.22360679774997896,2022-08-14T02:21:58Z,2022-08-14T02:22:16Z
191740,5,3.9,0.6519202405202649,2023-02-23T12:54:41Z,2023-04-15T18:33:10Z
192016,7,1.5,1.8027756377319946,2023-05-07T11:53:43Z,2023-05-07T12:19:48Z
192037,5,4.8,0.27386127875258304,2021-09-18T06:45:44Z,2023-03-28T01:37:26Z
192085,5,4.0,0.3535533905932738,2020-12-09T02:37:43Z,2020-12-09T03:26:21Z
192090,5,3.3,0.9746794344808964,2020-04-03T14:58:24Z,2022-12-31T19:11:12Z
192098,7,3.5714285714285716,1.0578504710249077,2022-01-11T20:41:44Z,2022-04-12T19:26:08Z
192146,6,2.5,0.7745966692414834,2019-03-10T21:06:12Z,2021-09-16T18:30:20Z
192185,7,4.571428571428571,0.4498677054212187,2023-01-20T22:10:47Z,2023-02-27T18:27:53Z
192190,7,3.142857142857143,0.5563486402641868,2018-05-15T21:54:37Z,2023-03-27T07:54:45Z
192323,16,3.71875,0.4460474563690879,2017-06-17T19:06:19Z,2023-01-07T23:27:09Z
192994,5,3.0,1.1726039399558574,2017-11-26T05:29:08Z,2023-03-26T00:41:49Z
193114,10,3.6,0.7378647873726218,2018-03-06T10:30:09Z,2022-12-21T07:51:05Z
193248,5,2.5,0.8660254037844386,2017-12-04T13:30:11Z,2022-01-11T13:02:30Z
193321,12,3.6666666666666665,1.0298573010888745,2019-01-22T07:05:08Z,2023-10-05T05:40:26Z
193496,5,3.5,1.695582495781317,2023-05-11T16:46:32Z,2023-05-11T16:48:07Z
193539,7,2.2142857142857144,0.6986381310057719,2019-06-11T02:06:25Z,2023-08-16T12:27:01Z
193590,5,3.4,0.5477225575051661,2019-09-30T19:53:09Z,2023-04-02T16:23:34Z
193877,5,3.4,0.6519202405202649,2023-10-05T00:54:36Z,2023-10-05T13:52:10Z
194136,8,3.5625,0.8210402808980464,2023-08-22T22:45:04Z,2023-08-22T23:09:00Z
194304,7,4.071428571428571,0.3450327796711771,2021-01-27T13:10:06Z,2022-09-24T14:42:57Z
194314,5,4.1,0.22360679774997896,2018-11-25T00:49:07Z,2023-05-01T20:24:31Z
194353,14,3.8214285714285716,0.6963405128887087,2021-11-11T23:21:35Z,2022-02-03T04:37:26Z
194392,7,3.4285714285714284,1.0578504710249077,2021-07-17T18:16:48Z,2021-07-18T11:50:58Z
194431,5,3.0,0.7071067811865476,2015-10-23T16:49:25Z,2019-11-03T15:32:30Z
194435,5,3.6,0.22360679774997896,2020-06-09T18:09:18Z,2020-07-19T09:57:49Z
194454,5,3.6,1.140175425099138,2017-04-06T10:22:50Z,2017-05-05T21:38:42Z
194534,5,3.8,0.570087712549569,2021-06-11T01:31:03Z,2022-05-11T03:22:36Z
194667,8,3.125,0.6943650748294136,2017-05-17T02:49:21Z,2019-06-02T05:05:02Z
194889,6,4.333333333333333,0.6055300708194983,2022-08-03T19:51:56Z,2022-11-10T00:53:15Z
194997,5,2.3,1.2549900398011133,2019-01-03T10:37:45Z,2021-08-19T13:32:49Z
195066,5,3.9,0.4183300132670378,2017-08-07T13:44:34Z,2020-12-31T18:23:07Z
195220,9,2.9444444444444446,1.9913005242247535,2022-11-10T22:18:34Z,2023-02-03T16:00:52Z
195448,11,2.909090909090909,0.30151134457776363,2020-11-30T21:53:11Z,2022-11-29T15:17:49Z
195510,9,3.1666666666666665,0.5590169943749475,2017-05-21T00:23:51Z,2023-08-31T03:27:39Z
195512,6,3.3333333333333335,1.0801234497346435,2017-06-25T12:00:33Z,2017-07-07T11:19:19Z
195592,8,4.0625,0.6232117273791125,2018-07-18T04:03:41Z,2022-11-22T06:10:12Z
195599,8,2.875,0.3535533905932738,2016-09-24T21:33:44Z,2023-09-17T14:51:02Z
195613,5,3.6,0.4183300132670378,2018-04-27T20:58:07Z,2018-04-27T20:58:10Z
195736,19,3.3947368421052633,0.45883146774112354,2021-04-28T10:28:22Z,2021-09-20T04:25:08Z
195763,8,3.4375,1.2659694196261502,2018-05-26T17:59:13Z,2023-01-10T18:22:30Z
196013,10,3.0,0.8498365855987975,2018-07-14T20:35:06Z,2023-08-25T20:45:15Z
196215,14,2.2857142857142856,0.6992932067530679,2017-04-29T15:19:44Z,2020-04-09T13:11:04Z
196428,6,4.083333333333333,0.3763863263545405,2019-10-05T22:27:09Z,2022-03-25T09:50:42Z
196581,5,3.7,1.1510864433221337,2019-12-28T12:51:31Z,2023-03-03T10:01:59Z
196606,7,3.142857142857143,0.37796447300922725,2020-07-08T00:56:28Z,2020-09-16T02:21:49Z
196649,9,3.388888888888889,1.1395661942647786,2021-07-27T22:37:15Z,2022-04-06T04:57:52Z
196652,10,3.7,0.5868938953886337,2020-04-06T18:18:57Z,2022-12-03T05:27:31Z
196963,8,3.5625,0.9425459443140463,2017-05-21T00:51:55Z,2022-12-31T21:28:19Z
197249,6,3.1666666666666665,1.3662601021279464,2017-11-06T23:55:04Z,2019-08-16T12:14:38Z
197286,19,3.710526315789474,0.8710751573914627,2016-05-02T18:44:11Z,2022-09-26T00:22:35Z
197412,6,4.333333333333333,0.5163977794943223,2020-12-25T02:09:21Z,2020-12-25T02:58:35Z
197441,7,3.857142857142857,0.6267831705280087,2019-04-06T19:40:17Z,2023-03-30T15:29:20Z
197474,20,3.475,0.4993416718672275,2021-08-27T18:01:29Z,2023-08-13T08:16:05Z
197496,7,2.2857142857142856,1.409998311380279,2017-04-09T03:38:41Z,2021-09-10T11:25:24Z
197509,5,3.5,0.8660254037844386,2020-10-15T15:56:41Z,2020-10-15T15:56:43Z
197578,7,3.9285714285714284,0.5345224838248488,2021-08-19T09:26:49Z,2022-06-03T00:09:21Z
197735,12,3.375,1.0686652677735224,2019-12-01T09:52:52Z,2019-12-01T09:53:01Z
198149,5,3.1,0.5477225575051661,2016-12-16T03:59:17Z,2022-12-04T03:32:46Z
198152,5,3.9,1.140175425099138,2017-01-13T17:00:12Z,2022-08-29T21:58:07Z
198394,6,3.3333333333333335,1.632993161855452,2020-07-06T06:25:05Z,2020-07-11T23:12:42Z
198471,7,3.5714285714285716,0.5345224838248488,2019-04-29T22:22:20Z,2023-08-22T04:02:55Z
198511,23,3.0434782608695654,0.7964843700780676,2021-10-22T08:28:10Z,2022-12-29T16:25:02Z
198515,16,2.6875,0.873212459828649,2016-11-19T06:21:09Z,2023-06-03T03:56:59Z
198676,25,3.42,0.7455423082115014,2018-04-14T22:32:47Z,2022-11-20T20:36:32Z
198721,6,3.5,0.6324555320336759,2017-05-26T22:56:09Z,2022-09-13T14:26:02Z
198746,6,3.3333333333333335,1.7795130420052185,2020-05-28T21:24:12Z,2020-06-21T22:30:49Z
198801,24,3.75,0.8469895538599198,2021-09-19T21:45:34Z,2021-09-19T23:06:26Z
198833,7,3.2142857142857144,0.809173593712687,2020-06-03T21:01:29Z,2022-05-15T18:44:22Z
199004,8,3.25,1.0350983390135313,2019-10-07T19:26:12Z,2019-10-07T19:26:40Z
199143,12,2.875,1.0252494153309055,2021-03-12T09:36:04Z,2021-03-12T09:36:38Z
199168,5,3.8,1.036822067666386,2020-01-17T19:54:57Z,2023-08-08T13:51:54Z
199212,7,3.642857142857143,0.7480132415430957,2021-03-23T04:38:38Z,2022-02-11T08:36:32Z
199478,15,1.1,0.6324555320336759,2019-06-27T00:22:33Z,2019-07-08T00:22:35Z
199718,15,2.3,1.2071217242444348,2017-07-24T21:10:40Z,2023-08-13T17:56:34Z
199762,5,4.8,0.4472135954999579,2019-02-25T17:47:57Z,2019-02-26T21:05:09Z
200283,6,2.0833333333333335,2.267524347535582,2017-11-07T16:14:28Z,2020-10-03T19:59:12Z
200322,8,3.0,0.5345224838248488,2017-08-11T10:28:56Z,2021-07-22T23:03:53Z
200323,6,3.4166666666666665,0.4915960401250875,2022-01-14T00:32:44Z,2023-01-15T19:00:20Z
200513,5,3.5,1.1726039399558574,2019-02-17T06:04:28Z,2019-05-07T07:47:09Z
200533,7,3.4285714285714284,0.7867957924694432,2019-02-09T14:55:55Z,2020-01-04T12:45:57Z
200548,6,3.6666666666666665,1.0327955589886446,2020-01-01T03:11:42Z,2020-01-03T21:14:09Z
200705,5,4.1,0.6519202405202649,2021-03-05T18:56:45Z,2021-03-29T20:02:07Z
200729,9,4.333333333333333,0.9682458365518543,2019-10-24T22:21:48Z,2020-02-09T20:38:42Z
200930,5,3.0,0.0,2018-01-03T23:37:30Z,2022-05-03T01:37:32Z
